{"type": "FeatureCollection", "features": [{"type": "Feature", "geometry": {"type": "Polygon", "coordinates": [[[-47.60714511112914, -14.4290219854582], [-47.60700453863301, -14.42896815324781], [-47.6068312998713, -14.42906631485192], [-47.60681176007554, -14.42937972639045], [-47.60711571313065, -14.42937972673082], [-47.60714511112914, -14.4290219854582]]]}, "properties": {"data_infracao": "2018-08-24", "numero_processo": "76482018", "autuado": "AGROPECUARIA NOVA ERA LTDA", "descricao": "Supressão em APP.", "area_ha": 0.15}}, {"type": "Feature", "geometry": {"type": "Polygon", "coordinates": [[[-47.60663167095642, -14.41879788283429], [-47.60668492256023, -14.41880684649526], [-47.60681945059894, -14.41830196261066], [-47.6068839114833, -14.41783822984563], [-47.60678581625715, -14.41752878581311], [-47.60647471759554, -14.41718405471365], [-47.60676059282095, -14.41779625989972], [-47.60663166963255, -14.41832014367844], [-47.60663167095642, -14.41879788283429]]]}, "properties": {"data_infracao": "2018-08-24", "numero_processo": "76522018", "autuado": "AGROPECUARIA NOVA ERA LTDA", "descricao": "Supressão vegetal sem licença.", "area_ha": 0.2}}, {"type": "Feature", "geometry": {"type": "Polygon", "coordinates": [[[-47.4933249433374, -14.2859008485316], [-47.494153766292, -14.2854693874249], [-47.4941963225123, -14.2845207485815], [-47.4937186527562, -14.284832902184], [-47.4935036927593, -14.2850781139102], [-47.4933249433374, -14.2859008485316]]]}, "properties": {"data_infracao": "2020-08-24", "numero_processo": "33902020", "descricao": "Vegetação - Desmatamento / Supressão de vegetação nativa", "area_ha": 0.815}}, {"type": "Feature", "geometry": {"type": "Polygon", "coordinates": [[[-47.4702025370152, -14.2881707832059], [-47.4631791520687, -14.2888380803611], [-47.462898978519, -14.2910999950289], [-47.4613534784876, -14.292859794159], [-47.4652307387347, -14.2943652758638], [-47.4660849619841, -14.2944356827893], [-47.4669750664334, -14.2940697655896], [-47.4679533583269, -14.2943370372315], [-47.4694966625713, -14.2942417531806], [-47.4730609263175, -14.2931346633592], [-47.4725996380876, -14.2918316179906], [-47.4702025370152, -14.2881707832059]]]}, "properties": {"data_infracao": "2020-08-24", "numero_processo": "33872020", "descricao": "Vegetação - Desmatamento / Supressão de vegetação nativa", "area_ha": 62.4}}, {"type": "Feature", "geometry": {"type": "Polygon", "coordinates": [[[-47.4945125067812, -14.2773179575093], [-47.48702729, -14.27766934], [-47.4866079731194, -14.2780229882838], [-47.4852655794252, -14.2782082198243], [-47.4852866253491, -14.2798252682773], [-47.47661593, -14.28062734], [-47.4776932911706, -14.2822464024626], [-47.4776491357412, -14.2826892811298], [-47.47734226, -14.28296197], [-47.47443694, -14.28254693], [-47.47298428, -14.28213188], [-47.47251735, -14.28124991], [-47.4711950165375, -14.28134271922], [-47.4708958384388, -14.2810236721171], [-47.4706789650075, -14.2810816314236], [-47.4706868107538, -14.2813832561768], [-47.469376663437, -14.2814736377043], [-47.4692477092267, -14.2811933332545], [-47.4689765472472, -14.2811792088928], [-47.4687251593522, -14.2815480096314], [-47.466438115797, -14.2816845537448], [-47.46766651, -14.28394771], [-47.46994926, -14.28446651], [-47.47077935, -14.28410335], [-47.47264706, -14.28726807], [-47.47373655, -14.28936924], [-47.4750042998808, -14.2891184690714], [-47.47583772, -14.28955082], [-47.47666781, -14.28939518], [-47.4787622382677, -14.2926278967177], [-47.4782362888919, -14.2931408330919], [-47.4783994276971, -14.2935684380436], [-47.48522812, -14.28981022], [-47.4834532679961, -14.2861577367573], [-47.4836736579841, -14.2861501869674], [-47.484269319232, -14.2865911266539], [-47.4845114669519, -14.2873163215657], [-47.4865676064297, -14.2888601798115], [-47.4873801330435, -14.2889955437425], [-47.4933257081664, -14.2858947153381], [-47.4935036927593, -14.2850781139102], [-47.4937186527562, -14.284832902184], [-47.4941937330938, -14.284521750669], [-47.4943098846741, -14.282296785635], [-47.4944446454708, -14.2789854181782], [-47.4943019010916, -14.2821672823247], [-47.4938202550123, -14.2817754619809], [-47.4936868742791, -14.2812325131987], [-47.4938802234333, -14.2804107949178], [-47.4942269368285, -14.2796959160592], [-47.494445031803, -14.2789759253035], [-47.4945125067812, -14.2773179575093]]]}, "properties": {"data_infracao": "2020-08-24", "numero_processo": "33872020", "descricao": "Vegetação - Desmatamento / Supressão de vegetação nativa", "area_ha": 273.022}}, {"type": "Feature", "geometry": {"type": "Polygon", "coordinates": [[[-47.4943019010916, -14.2821672823247], [-47.4944450773774, -14.2789757908245], [-47.4942269368285, -14.2796959160592], [-47.4938802234333, -14.2804107949178], [-47.4936868742791, -14.2812325131987], [-47.4938202550123, -14.2817754619809], [-47.4943019010916, -14.2821672823247]]]}, "properties": {"data_infracao": "2020-08-24", "numero_processo": "33902020", "descricao": "Vegetação - Desmatamento / Supressão de vegetação nativa", "area_ha": 1.504}}, {"type": "Feature", "geometry": {"type": "Polygon", "coordinates": [[[-47.2248274591076, -14.1417807815], [-47.2250826127598, -14.142693610747], [-47.2254732816909, -14.1428733615429], [-47.2258386743126, -14.143161556149], [-47.2270022484559, -14.1432166017196], [-47.2278063367212, -14.1431607571498], [-47.2284554004752, -14.1429240092645], [-47.2291681558284, -14.1423005561824], [-47.2286209674845, -14.1418948564857], [-47.2281722201811, -14.1418716645123], [-47.2280859984036, -14.1416536220372], [-47.2276379174679, -14.1416988110502], [-47.2272153360085, -14.1414838874197], [-47.2270611708654, -14.141485316861], [-47.2267290711027, -14.1419260807845], [-47.2258014160974, -14.1416611257429], [-47.2250105115619, -14.1416782298257], [-47.2248274591076, -14.1417807815]]]}, "properties": {"data_infracao": "2020-08-25", "numero_processo": "33962020", "descricao": "Vegetação - Desmatamento / Supressão de vegetação nativa", "area_ha": 6.302}}, {"type": "Feature", "geometry": {"type": "Polygon", "coordinates": [[[-47.2145351845697, -14.1409159130406], [-47.2142761551438, -14.1408376138588], [-47.2138225504801, -14.1408390636623], [-47.2135111721538, -14.1410868906153], [-47.2133468020053, -14.141394602035], [-47.2133120791946, -14.1421297942648], [-47.212958075271, -14.142296361097], [-47.2127534500202, -14.1427677481937], [-47.21273707528, -14.1432374009045], [-47.2129719002528, -14.1437251521967], [-47.2128927755353, -14.1441953830498], [-47.2126658496335, -14.1445240838936], [-47.212165620508, -14.1447124104638], [-47.2121589666905, -14.1450972558974], [-47.2127241787705, -14.1447660541894], [-47.2130497566808, -14.1443518560795], [-47.2132230765871, -14.1437266707638], [-47.2130330706612, -14.1435612835821], [-47.2130273428927, -14.1429693558795], [-47.2133501211372, -14.1428612080384], [-47.2135024083984, -14.1418059673779], [-47.2143502871483, -14.1413997386378], [-47.2146665319237, -14.1413298044742], [-47.2145351845697, -14.1409159130406]]]}, "properties": {"data_infracao": "2020-08-25", "numero_processo": "33962020", "descricao": "Vegetação - Desmatamento / Supressão de vegetação nativa", "area_ha": 2.272}}, {"type": "Feature", "geometry": {"type": "Polygon", "coordinates": [[[-47.2121544694139, -14.1453573732055], [-47.2121522069394, -14.1454882328921], [-47.2146872430933, -14.1444050341386], [-47.2129526429497, -14.1450840832119], [-47.2121544694139, -14.1453573732055]]]}, "properties": {"data_infracao": "2020-08-25", "numero_processo": "33952020", "descricao": "Vegetação - Desmatamento / Supressão de vegetação nativa", "area_ha": 0.182}}, {"type": "Feature", "geometry": {"type": "Polygon", "coordinates": [[[-47.2080284667635, -14.1449973399068], [-47.2081268403077, -14.1458938017761], [-47.2085229115343, -14.1462622380048], [-47.2099619584207, -14.1457154701822], [-47.2088914359731, -14.144854979185], [-47.2080284667635, -14.1449973399068]]]}, "properties": {"data_infracao": "2020-08-25", "numero_processo": "33962020", "descricao": "Vegetação - Desmatamento / Supressão de vegetação nativa", "area_ha": 1.997}}, {"type": "Feature", "geometry": {"type": "Polygon", "coordinates": [[[-47.2133501211372, -14.1428612080384], [-47.2136779931567, -14.1427513529875], [-47.2138086134542, -14.1419006739984], [-47.2146797863994, -14.1414760226074], [-47.2146665319237, -14.1413298044742], [-47.2143502871483, -14.1413997386378], [-47.2135024083984, -14.1418059673779], [-47.2133501211372, -14.1428612080384]]]}, "properties": {"data_infracao": "2020-08-25", "numero_processo": "33962020", "descricao": "Vegetação - Desmatamento / Supressão de vegetação nativa", "area_ha": 0.675}}, {"type": "Feature", "geometry": {"type": "Polygon", "coordinates": [[[-47.2196333681402, -14.1420142603939], [-47.2204912729365, -14.141930151451], [-47.2212339383159, -14.1420375535596], [-47.2212779793428, -14.1419379169615], [-47.2205275235231, -14.1417399591455], [-47.2200228614204, -14.141692688629], [-47.219478104939, -14.141832616367], [-47.2196333681402, -14.1420142603939]]]}, "properties": {"data_infracao": "2020-08-25", "numero_processo": "33952020", "descricao": "Vegetação - Desmatamento / Supressão de vegetação nativa", "area_ha": 0.44}}, {"type": "Feature", "geometry": {"type": "Polygon", "coordinates": [[[-47.2219192132843, -14.1404348538716], [-47.2201829346394, -14.1403237124798], [-47.2201954354847, -14.1405540044111], [-47.2203369353717, -14.1404993032199], [-47.2209523725634, -14.1407156666796], [-47.2215144336655, -14.1406401924479], [-47.2219192132843, -14.1404348538716]]]}, "properties": {"data_infracao": "2020-08-25", "numero_processo": "33962020", "descricao": "Vegetação - Desmatamento / Supressão de vegetação nativa", "area_ha": 0.506}}, {"type": "Feature", "geometry": {"type": "Polygon", "coordinates": [[[-47.2121589666905, -14.1450972558974], [-47.2121544694139, -14.1453573732055], [-47.2152771009541, -14.1441529880115], [-47.2153337220791, -14.1435196598909], [-47.2143756997097, -14.1439571700979], [-47.2134971919521, -14.1439652687136], [-47.2132230765871, -14.1437266707638], [-47.21296952452, -14.144510682199], [-47.2127241787705, -14.1447660541894], [-47.2121589666905, -14.1450972558974]]]}, "properties": {"data_infracao": "2020-08-25", "numero_processo": "33962020", "descricao": "Vegetação - Desmatamento / Supressão de vegetação nativa", "area_ha": 2.416}}, {"type": "Feature", "geometry": {"type": "Polygon", "coordinates": [[[-47.2230387108145, -14.1409829143208], [-47.2222627070804, -14.1404568398279], [-47.2219192132843, -14.1404348538716], [-47.2215144336655, -14.1406401924479], [-47.221123947238, -14.1407223143735], [-47.2203369353717, -14.1404993032199], [-47.2201954354847, -14.1405540044111], [-47.2203373340996, -14.1411507360352], [-47.2202701421903, -14.141265626175], [-47.2200355051825, -14.1412201827892], [-47.2199172164194, -14.1410974845285], [-47.2182078440285, -14.1409228274948], [-47.218084138539, -14.1412477325793], [-47.2185720035605, -14.1412432270074], [-47.2189345014533, -14.1413922374546], [-47.2189877218307, -14.1418488223587], [-47.2194162124002, -14.141759161581], [-47.219478104939, -14.141832616367], [-47.2200228614204, -14.141692688629], [-47.2205275235231, -14.1417399591455], [-47.2212779793428, -14.1419379169615], [-47.2214917446701, -14.1414543020183], [-47.222171609598, -14.1411242513135], [-47.2230387108145, -14.1409829143208]]]}, "properties": {"data_infracao": "2020-08-25", "numero_processo": "33962020", "descricao": "Vegetação - Desmatamento / Supressão de vegetação nativa", "area_ha": 4.042}}, {"type": "Feature", "geometry": {"type": "Polygon", "coordinates": [[[-47.49959162773705, -14.13666566921118], [-47.49937444161782, -14.13621319584748], [-47.49922423439595, -14.13612231168476], [-47.49841961745474, -14.137390967852], [-47.4987014017725, -14.13761203267204], [-47.49828436981286, -14.13827429791781], [-47.49838292370864, -14.13851025966465], [-47.49959162773705, -14.13666566921118]]]}, "properties": {"data_infracao": "2020-08-27", "numero_processo": "32852020", "autuado": "PIERCY EMPREENDIMENTOS LTDA - ME", "descricao": "Poluição ou Degradação Ambiental - Implantação de loteamento/parcelamento irregular do solo", "area_ha": 1.2}}, {"type": "Feature", "geometry": {"type": "Polygon", "coordinates": [[[-47.4975129157524, -14.13730320545081], [-47.49783468300365, -14.13693224400162], [-47.49771142093666, -14.13679144191675], [-47.49739197494065, -14.13698077774918], [-47.4975129157524, -14.13730320545081]]]}, "properties": {"data_infracao": "2020-08-27", "numero_processo": "32852020", "autuado": "PIERCY EMPREENDIMENTOS LTDA - ME", "descricao": "Poluição ou Degradação Ambiental - Implantação de loteamento/parcelamento irregular do solo", "area_ha": 0.1}}, {"type": "Feature", "geometry": {"type": "Polygon", "coordinates": [[[-47.49713479426335, -14.13670862452784], [-47.49672620235857, -14.13655071844094], [-47.49620995026292, -14.13655759014306], [-47.49587423237486, -14.13695880715189], [-47.49572113897827, -14.13731100497738], [-47.49620226843525, -14.13739321596712], [-47.49658578944398, -14.13727782875908], [-47.49713479426335, -14.13670862452784]]]}, "properties": {"data_infracao": "2020-08-27", "numero_processo": "32852020", "autuado": "PIERCY EMPREENDIMENTOS LTDA - ME", "descricao": "Poluição ou Degradação Ambiental - Implantação de loteamento/parcelamento irregular do solo", "area_ha": 1.0}}, {"type": "Feature", "geometry": {"type": "Polygon", "coordinates": [[[-47.49850999421012, -14.13684529433254], [-47.49869204036848, -14.1365223371544], [-47.49864698766688, -14.13640345208611], [-47.49852897603252, -14.13637861161571], [-47.49831726070674, -14.13668702126894], [-47.49850999421012, -14.13684529433254]]]}, "properties": {"data_infracao": "2020-08-27", "numero_processo": "32852020", "autuado": "PIERCY EMPREENDIMENTOS LTDA - ME", "descricao": "Poluição ou Degradação Ambiental - Implantação de loteamento/parcelamento irregular do solo", "area_ha": 0.1}}, {"type": "Feature", "geometry": {"type": "Polygon", "coordinates": [[[-47.49615631455878, -14.13250267872893], [-47.49713514838741, -14.13181930009305], [-47.49671595972811, -14.13066713341493], [-47.49641793593556, -14.13041455860544], [-47.49632259747216, -14.1300275530706], [-47.49581226035541, -14.12952326163545], [-47.49564981008576, -14.12910834499878], [-47.49549521329323, -14.12829903246584], [-47.49487399588015, -14.12825049110654], [-47.49413164580255, -14.12905536144013], [-47.49387631270756, -14.12902802462264], [-47.49383424521555, -14.12912798934757], [-47.49458772423791, -14.13020948284151], [-47.49399404203167, -14.13035770766196], [-47.49373314598753, -14.13100414553229], [-47.49190894263787, -14.13176123614978], [-47.49257256140827, -14.13284937876939], [-47.49360584664686, -14.13420093455722], [-47.49407470976409, -14.13367161622939], [-47.49506467160525, -14.13290643814666], [-47.49615631455878, -14.13250267872893]]]}, "properties": {"data_infracao": "2020-08-29", "numero_processo": "32842020", "descricao": "Poluição ou Degradação Ambiental - Implantação de loteamento/parcelamento irregular do solo", "area_ha": 17.19}}, {"type": "Feature", "geometry": {"type": "Polygon", "coordinates": [[[-47.84632048561692, -14.18982597864808], [-47.8355477719178, -14.17468868136995], [-47.83388150267552, -14.17679113153822], [-47.8451158443052, -14.19105684681512], [-47.84632048561692, -14.18982597864808]]]}, "properties": {"data_infracao": "2020-09-01", "numero_processo": "33712020", "descricao": "Poluição ou Degradação Ambiental - Implantação de loteamento/parcelamento irregular do solo", "area_ha": 48.0}}, {"type": "Feature", "geometry": {"type": "Polygon", "coordinates": [[[-47.4439797538496, -14.2106811064632], [-47.44383616845051, -14.2106825740909], [-47.44279649116481, -14.2115876105254], [-47.44171678787911, -14.2128809904533], [-47.440601226678, -14.212892381702], [-47.4392501798292, -14.213606615378], [-47.4392740032205, -14.2137680133896], [-47.4403937825684, -14.215179025191], [-47.4404709839112, -14.2151674609254], [-47.44083843022349, -14.2144093847745], [-47.4422649404989, -14.2135219543826], [-47.443589898716, -14.2134653104007], [-47.4440749599802, -14.2133741433994], [-47.4439797538496, -14.2106811064632]]]}, "properties": {"data_infracao": "2020-09-02", "numero_processo": "33742020", "descricao": "Vegetação - Desmatamento / Supressão de vegetação nativa", "area_ha": 9.39}}, {"type": "Feature", "geometry": {"type": "Polygon", "coordinates": [[[-47.4499843969594, -14.2073309414235], [-47.4498157296715, -14.207898006767], [-47.4480185219767, -14.2084279073608], [-47.4459531644917, -14.2079734389653], [-47.445356420505, -14.2082424233047], [-47.447537952659, -14.2118300713601], [-47.44846381037539, -14.2139062283631], [-47.44816198081319, -14.2143883727373], [-47.44816849271109, -14.2146720103808], [-47.44664469151211, -14.2166797566344], [-47.4451792059638, -14.2172690663735], [-47.4442758829847, -14.2170988337637], [-47.44361382696179, -14.2171235510145], [-47.4420296670809, -14.2169423223622], [-47.4422834584056, -14.2183037238122], [-47.44278445526, -14.2200492501944], [-47.4444641018495, -14.2189407851948], [-47.445457433989, -14.2217670050469], [-47.444693372876, -14.2221242638279], [-47.44392561168531, -14.2212555506374], [-47.4434695759635, -14.2211445586637], [-47.4445904297945, -14.2230035202332], [-47.44300856859201, -14.2241471276208], [-47.44381286577911, -14.2322151717091], [-47.4449542533117, -14.2322752757976], [-47.450567157635, -14.2221493612796], [-47.45473181260619, -14.2142457572486], [-47.45686855733911, -14.2110830574536], [-47.4554381887135, -14.2098055564829], [-47.4549502377625, -14.2089132088136], [-47.4546171923943, -14.2087371561113], [-47.4536612336439, -14.2088008084954], [-47.4527273435118, -14.209205227295], [-47.4526878457247, -14.208954371827], [-47.453103000387, -14.2082142788156], [-47.45241233173189, -14.2072881088853], [-47.4514135954405, -14.206795826799], [-47.45047680939139, -14.2069310576669], [-47.4499843969594, -14.2073309414235]], [[-47.4449792482622, -14.2179652080157], [-47.4458783558206, -14.2180209339481], [-47.44668444977209, -14.2187106369246], [-47.446738377758, -14.2190834091076], [-47.4466236629617, -14.2192468985372], [-47.4457916236427, -14.2192391842619], [-47.44517447280699, -14.219099416315], [-47.44490129655149, -14.2184529508655], [-47.4449792482622, -14.2179652080157]]]}, "properties": {"data_infracao": "2020-09-02", "numero_processo": "33742020", "descricao": "Vegetação - Desmatamento / Supressão de vegetação nativa", "area_ha": 187.83}}, {"type": "Feature", "geometry": {"type": "Polygon", "coordinates": [[[-47.61993632, -14.35655472], [-47.6202711205502, -14.3622030929918], [-47.6208077066368, -14.3625177548369], [-47.62170026, -14.35717729], [-47.62232283, -14.35230051], [-47.62066265, -14.3515223], [-47.61822426, -14.35141854], [-47.61786109, -14.35219675], [-47.61651219, -14.35214487], [-47.61635655, -14.35458326], [-47.61993632, -14.35655472]]]}, "properties": {"data_infracao": "2020-09-02", "numero_processo": "33922020", "descricao": "Vegetação - Desmatamento / Supressão de vegetação nativa", "area_ha": 36.93}}, {"type": "Feature", "geometry": {"type": "Polygon", "coordinates": [[[-47.4439472552645, -14.2164900478731], [-47.4422966381244, -14.2164742684951], [-47.442364877007, -14.2166567640338], [-47.44299538671611, -14.2167365285332], [-47.4432731404457, -14.216884553922], [-47.4450970097326, -14.2169952144267], [-47.44629585067, -14.2165088018334], [-47.4466790746574, -14.2161923746353], [-47.4463156599304, -14.2152693565887], [-47.4452575178313, -14.2154849282534], [-47.444303414136, -14.216324556747], [-47.4431455299702, -14.2137766819221], [-47.44206987183659, -14.213832541137], [-47.4408643325244, -14.2146435092106], [-47.4406224413551, -14.2152472143522], [-47.4403582065408, -14.2154832274005], [-47.4398692762346, -14.215353613699], [-47.4397871691901, -14.2154172674469], [-47.4412521791376, -14.2164970954842], [-47.44234354864379, -14.2161898153088], [-47.4438161717578, -14.2162644993893], [-47.4439472552645, -14.2164900478731]]]}, "properties": {"data_infracao": "2020-09-02", "numero_processo": "33742020", "descricao": "Vegetação - Desmatamento / Supressão de vegetação nativa", "area_ha": 12.53}}, {"type": "Feature", "geometry": {"type": "Polygon", "coordinates": [[[-47.48645571, -14.35646526], [-47.48624027, -14.35622773], [-47.48581878, -14.35605606], [-47.48538133, -14.35600133], [-47.48439569, -14.35528715], [-47.4834616, -14.35489422], [-47.48309838, -14.35461314], [-47.48255686, -14.35443279], [-47.48078232, -14.35444088], [-47.48056106, -14.35457543], [-47.48063118, -14.35483837], [-47.48113682, -14.35505265], [-47.48132463, -14.35524842], [-47.48124233, -14.35531267], [-47.48123443, -14.35559168], [-47.48134339, -14.3556312], [-47.48144797, -14.35549836], [-47.48180021, -14.3558034], [-47.48176485, -14.35603031], [-47.48147772, -14.35630861], [-47.48158528, -14.35643772], [-47.4817149, -14.35651201], [-47.48202953, -14.35650979], [-47.48212003, -14.3563733], [-47.48224425, -14.35634068], [-47.48291479, -14.35686066], [-47.48301823, -14.3570276], [-47.48317547, -14.35782252], [-47.48392832, -14.35759937], [-47.48533092, -14.35696546], [-47.48552466, -14.35678225], [-47.48645571, -14.35646526]], [[-47.4844145, -14.35634536], [-47.48442627, -14.35649715], [-47.48421155, -14.35666627], [-47.4837488, -14.35687305], [-47.48343781, -14.35686843], [-47.48316264, -14.3563819], [-47.48309825, -14.35552633], [-47.48338932, -14.35544795], [-47.48382591, -14.35555781], [-47.48397946, -14.35568415], [-47.4839741, -14.35580124], [-47.48411823, -14.35585162], [-47.4844145, -14.35634536]], [[-47.48109063, -14.35484176], [-47.48092684, -14.35491858], [-47.48085019, -14.35462108], [-47.4809537, -14.35455715], [-47.48097922, -14.35473327], [-47.48109063, -14.35484176]]]}, "properties": {"data_infracao": "2020-09-02", "numero_processo": "33762020", "autuado": "AGROPECUARIA DOIS IRMAOS E SANTA CLARA LTDA", "descricao": "Vegetação - Desmatamento / Supressão de vegetação nativa", "area_ha": 9.53}}, {"type": "Feature", "geometry": {"type": "Polygon", "coordinates": [[[-47.445356420505, -14.2082424233047], [-47.44515900145301, -14.208373754406], [-47.44584791087149, -14.2097783692441], [-47.44554004119421, -14.2099108305679], [-47.4479623560044, -14.2143149850432], [-47.44816198081319, -14.2143883727373], [-47.44845498186509, -14.2139004514251], [-47.447537952659, -14.2118300713601], [-47.445356420505, -14.2082424233047]]]}, "properties": {"data_infracao": "2020-09-02", "numero_processo": "33742020", "descricao": "Vegetação - Desmatamento / Supressão de vegetação nativa", "area_ha": 5.12}}, {"type": "Feature", "geometry": {"type": "Polygon", "coordinates": [[[-47.6232908926963, -14.3633568041495], [-47.6234586342844, -14.3633957163946], [-47.6233525102365, -14.363858963051], [-47.6237564209704, -14.363827306358], [-47.623898497566, -14.3628608197191], [-47.624287034113, -14.3615110729878], [-47.6246648062225, -14.3616291984718], [-47.6254057553408, -14.3594193556356], [-47.6257787564595, -14.3579338777719], [-47.6229704654864, -14.3573942032149], [-47.6229517724738, -14.3581826490327], [-47.6244329058529, -14.3596747647146], [-47.6244495382532, -14.3599056156183], [-47.6232908926963, -14.3633568041495]]]}, "properties": {"data_infracao": "2020-09-02", "numero_processo": "33922020", "descricao": "Vegetação - Desmatamento / Supressão de vegetação nativa", "area_ha": 8.051}}, {"type": "Feature", "geometry": {"type": "MultiPolygon", "coordinates": [[[[-47.226435044645996, -13.876085191009066], [-47.22587317099993, -13.87523809299995], [-47.225589061756736, -13.87501823107439], [-47.226435044645996, -13.876085191009066]]], [[[-47.21794370136139, -13.872009405283617], [-47.21773222999997, -13.87086059099994], [-47.217708269421536, -13.87048511132208], [-47.21712524223575, -13.87103797614382], [-47.21775689372316, -13.87205021799528], [-47.21794370136139, -13.872009405283617]]]]}, "properties": {"data_infracao": "2020-09-02", "numero_processo": "34652020", "descricao": "Vegetação - Desmatamento / Supressão de vegetação nativa", "area_ha": 96.587}}, {"type": "Feature", "geometry": {"type": "Polygon", "coordinates": [[[-47.90602390296954, -14.20147353563143], [-47.90486158421652, -14.20226434604319], [-47.90508638574027, -14.20342542107061], [-47.90627790018871, -14.20271562448381], [-47.90602390296954, -14.20147353563143]]]}, "properties": {"data_infracao": "2020-09-13", "numero_processo": "34242020", "descricao": "Vegetação - Desmatamento / Supressão de vegetação nativa", "area_ha": 2.0}}, {"type": "Feature", "geometry": {"type": "Polygon", "coordinates": [[[-47.41973666, -14.30743009], [-47.42052707, -14.30804086], [-47.42049114, -14.30879534], [-47.42146119, -14.30954982], [-47.42153305, -14.30987317], [-47.42318572, -14.30962168], [-47.42361686, -14.30983724], [-47.4241208886215, -14.3096126652642], [-47.42350907, -14.30915462], [-47.42164083, -14.30915462], [-47.42070671, -14.30739416], [-47.41973666, -14.30743009]]]}, "properties": {"data_infracao": "2020-09-22", "numero_processo": "36422020", "descricao": "Vegetação - Desmatamento / Supressão de vegetação nativa", "area_ha": 3.44}}, {"type": "Feature", "geometry": {"type": "Polygon", "coordinates": [[[-47.41236073812837, -14.29810242455376], [-47.41043328054918, -14.29760354163197], [-47.40905429563526, -14.2974940649163], [-47.4067130098794, -14.29714532003286], [-47.40695456365351, -14.29773895490311], [-47.40893731067455, -14.29803387624271], [-47.41031621202352, -14.29814165759371], [-47.41186358209863, -14.29850998640945], [-47.41228993302195, -14.29867297104397], [-47.41258631728108, -14.29892278589947], [-47.41286080653973, -14.29892779107371], [-47.41311285197939, -14.29874197728089], [-47.41320231031347, -14.29842470066478], [-47.41306131981219, -14.29816386316652], [-47.41269752935533, -14.29804448786246], [-47.41236073812837, -14.29810242455376]]]}, "properties": {"data_infracao": "2020-09-23", "numero_processo": "36432020", "descricao": "Vegetação - Outro", "area_ha": 4.44}}, {"type": "Feature", "geometry": {"type": "Polygon", "coordinates": [[[-47.3928897299548, -14.303877016619], [-47.39383277, -14.30387324], [-47.39480282, -14.30448401], [-47.3964268635307, -14.3044192831749], [-47.39807224, -14.30376546], [-47.3993206755543, -14.3025443638725], [-47.4000842, -14.30347804], [-47.4008382142171, -14.3039371735674], [-47.4021293058151, -14.3033388421315], [-47.4004410459555, -14.3021142557618], [-47.3998195002321, -14.3023019253613], [-47.3986955213385, -14.3018204705054], [-47.3984772828322, -14.301482689883], [-47.39771297, -14.30143015], [-47.3972091662933, -14.3008504385185], [-47.3964938591891, -14.3014524132678], [-47.39738962, -14.30214871], [-47.3972272046206, -14.3025342164928], [-47.395922811283, -14.3018438615821], [-47.394559305315, -14.3024493688885], [-47.39401241, -14.30204093], [-47.39379684, -14.302005], [-47.39293458, -14.30293912], [-47.3928897299548, -14.303877016619]]]}, "properties": {"data_infracao": "2020-09-23", "numero_processo": "36442020", "descricao": "Vegetação - Desmatamento / Supressão de vegetação nativa", "area_ha": 19.011}}, {"type": "Feature", "geometry": {"type": "Polygon", "coordinates": [[[-47.41524451734325, -14.29463471486636], [-47.41619164907272, -14.29369860693197], [-47.41574388083552, -14.29339105525327], [-47.41528552631778, -14.29383615911642], [-47.41483762785509, -14.29384393641639], [-47.4146333393014, -14.29396610184994], [-47.41451916661265, -14.29418228612014], [-47.41500072054981, -14.29401630508942], [-47.41531598102314, -14.29400450272109], [-47.41548566129054, -14.29404872916891], [-47.41558187211911, -14.29417475521081], [-47.41548391582654, -14.29436308012106], [-47.41473070605269, -14.29464961296677], [-47.41487798701988, -14.29472036947015], [-47.41524451734325, -14.29463471486636]]]}, "properties": {"data_infracao": "2020-09-23", "numero_processo": "36432020", "descricao": "Vegetação - Outro", "area_ha": 0.75}}, {"type": "Feature", "geometry": {"type": "Polygon", "coordinates": [[[-47.86823337, -14.19891768], [-47.86714613, -14.19740763], [-47.86479044, -14.19831366], [-47.86562097, -14.19988412], [-47.86823337, -14.19891768]]]}, "properties": {"data_infracao": "2020-09-24", "numero_processo": "36462020", "descricao": "Vegetação - Desmatamento / Supressão de vegetação nativa", "area_ha": 5.706}}, {"type": "Feature", "geometry": {"type": "Polygon", "coordinates": [[[-47.59328875, -14.27978849], [-47.59338048, -14.28079513], [-47.59406942, -14.28078763], [-47.59464856, -14.28180901], [-47.59885473, -14.28440138], [-47.59880931, -14.28348336], [-47.59945873, -14.28346066], [-47.59949529, -14.28335958], [-47.59685422, -14.28275723], [-47.59668047, -14.28190005], [-47.59602889, -14.28133565], [-47.59500367, -14.28088828], [-47.59476134, -14.28044091], [-47.59399708, -14.2801613], [-47.5936802, -14.27980713], [-47.59328875, -14.27978849]]]}, "properties": {"data_infracao": "2020-09-25", "numero_processo": "36362020", "descricao": "Vegetação - Desmatamento / Supressão de vegetação nativa", "area_ha": 6.652}}, {"type": "Feature", "geometry": {"type": "Polygon", "coordinates": [[[-47.22736146, -14.12887983], [-47.2293171, -14.12905689], [-47.22936539, -14.12846134], [-47.23002531, -14.12817162], [-47.23037942, -14.12821991], [-47.23104739, -14.12797847], [-47.23149003, -14.12794628], [-47.23194071, -14.12805895], [-47.23226262, -14.12797847], [-47.23231091, -14.12775313], [-47.23264892, -14.12757608], [-47.23301912, -14.12768875], [-47.23372734, -14.12686786], [-47.23326861, -14.1259665], [-47.23807319, -14.12480761], [-47.23865264, -14.12455007], [-47.23845949, -14.12403501], [-47.23882969, -14.12273125], [-47.23758227, -14.12284392], [-47.235015, -14.12348775], [-47.23233505, -14.1236809], [-47.23119225, -14.12129873], [-47.22602552, -14.123697], [-47.22736146, -14.12887983]]]}, "properties": {"data_infracao": "2020-09-25", "numero_processo": "37092020", "autuado": "ALPHATUR VIAGENS LTDA", "descricao": "Vegetação - Desmatamento / Supressão de vegetação nativa", "area_ha": 60.277}}, {"type": "Feature", "geometry": {"type": "Polygon", "coordinates": [[[-47.2496152552721, -14.1165222164802], [-47.2517394858941, -14.1180442627937], [-47.2527463060469, -14.1166627715503], [-47.2531508333, -14.1151074995], [-47.2496152552721, -14.1165222164802]]]}, "properties": {"data_infracao": "2020-09-25", "numero_processo": "37092020", "autuado": "ALPHATUR VIAGENS LTDA", "descricao": "Vegetação - Desmatamento / Supressão de vegetação nativa", "area_ha": 5.666}}, {"type": "Feature", "geometry": {"type": "Polygon", "coordinates": [[[-47.2377399541277, -14.1351820372933], [-47.2377054636446, -14.1335525302375], [-47.2370326975729, -14.133069844976], [-47.2364767501629, -14.133147456129], [-47.2362851828894, -14.1325335252956], [-47.2371191017996, -14.1324171090799], [-47.2371505485496, -14.1318373215898], [-47.2374329259001, -14.132011916502], [-47.2374353561011, -14.1317112450024], [-47.2371641482416, -14.1313301370609], [-47.2368978307331, -14.130662574755], [-47.2364818647013, -14.129947191427], [-47.235939430109, -14.1300324953748], [-47.2358483593307, -14.1302078164508], [-47.2359886366258, -14.1306710342543], [-47.236463126252, -14.1317531730669], [-47.2361888689999, -14.1321722370256], [-47.2359670921535, -14.1322648465113], [-47.2356285015865, -14.1317971563681], [-47.2353312665445, -14.1317637025062], [-47.2348081882442, -14.1314063820273], [-47.2341757253331, -14.1312492786473], [-47.2340649251671, -14.1313046362822], [-47.2347572963285, -14.1318958046549], [-47.2355221229796, -14.1323052042729], [-47.2358437511118, -14.1329360353061], [-47.2353061291923, -14.1329751632984], [-47.2343579222703, -14.1328049798449], [-47.2343614577507, -14.1331671317973], [-47.2354993282426, -14.1335124173862], [-47.2363498717822, -14.1334564935514], [-47.2367315943725, -14.1345394938895], [-47.2365472802173, -14.1346679739082], [-47.2366376253188, -14.1351374311876], [-47.2377399541277, -14.1351820372933]]]}, "properties": {"data_infracao": "2020-09-25", "numero_processo": "37092020", "autuado": "ALPHATUR VIAGENS LTDA", "descricao": "Vegetação - Desmatamento / Supressão de vegetação nativa", "area_ha": 9.47}}, {"type": "Feature", "geometry": {"type": "Polygon", "coordinates": [[[-47.5874377103385, -14.2817342952074], [-47.5872070522572, -14.2817461809883], [-47.5866921167007, -14.2821269063459], [-47.5865749413171, -14.2828127886735], [-47.5875135184587, -14.283318386171], [-47.5878600975536, -14.2833521302227], [-47.5879539641057, -14.2823101299874], [-47.5878146335266, -14.2818990045378], [-47.5874377103385, -14.2817342952074]]]}, "properties": {"data_infracao": "2020-09-25", "numero_processo": "36362020", "descricao": "Vegetação - Desmatamento / Supressão de vegetação nativa", "area_ha": 1.973}}, {"type": "Feature", "geometry": {"type": "Polygon", "coordinates": [[[-47.6098030806927, -14.2749257847055], [-47.60957582, -14.27498392], [-47.60947796, -14.27600449], [-47.60926825, -14.27706699], [-47.61054046, -14.2774864], [-47.6114570914072, -14.276845864019], [-47.6103525878286, -14.2755226328916], [-47.6100806743393, -14.2753454430499], [-47.6098030806927, -14.2749257847055]]]}, "properties": {"data_infracao": "2020-09-25", "numero_processo": "36362020", "descricao": "Vegetação - Desmatamento / Supressão de vegetação nativa", "area_ha": 3.694}}, {"type": "Feature", "geometry": {"type": "Polygon", "coordinates": [[[-47.60362194, -14.29984593], [-47.60362194, -14.30109117], [-47.60349742, -14.30275197], [-47.60316439, -14.30392915], [-47.6027329, -14.30464154], [-47.60185544, -14.30543647], [-47.60180911, -14.30569999], [-47.60273869, -14.30584045], [-47.6043128, -14.30536018], [-47.60498142, -14.30534297], [-47.60508103, -14.30343472], [-47.6063387, -14.30352963], [-47.60799493, -14.30303714], [-47.61039675, -14.3030503], [-47.61050994, -14.30407674], [-47.61317563, -14.30324704], [-47.6157963, -14.30203242], [-47.62066101, -14.30033849], [-47.62041671, -14.29986285], [-47.61952234, -14.29963555], [-47.61940459, -14.29945788], [-47.61862268, -14.29933327], [-47.61830415, -14.29999073], [-47.61801456, -14.30000231], [-47.61728479, -14.29970114], [-47.61555884, -14.29963164], [-47.61456265, -14.30014132], [-47.61409931, -14.29989806], [-47.61507233, -14.2993768], [-47.61606665, -14.29912425], [-47.61428464, -14.29834586], [-47.61342166, -14.29878603], [-47.61306836, -14.29866441], [-47.60899094, -14.30095217], [-47.60615875, -14.30116791], [-47.60362194, -14.29984593]]]}, "properties": {"data_infracao": "2020-09-25", "numero_processo": "36362020", "descricao": "Vegetação - Desmatamento / Supressão de vegetação nativa", "area_ha": 61.896}}, {"type": "Feature", "geometry": {"type": "Polygon", "coordinates": [[[-47.6011711166991, -14.269982483393], [-47.6019455703524, -14.2691251036821], [-47.6020854882157, -14.268712796157], [-47.6019159342905, -14.2687885202006], [-47.6011618932384, -14.2696198610573], [-47.6011711166991, -14.269982483393]]]}, "properties": {"data_infracao": "2020-09-25", "numero_processo": "36302020", "descricao": "Vegetação - Desmatamento / Supressão de vegetação nativa", "area_ha": 0.417}}, {"type": "Feature", "geometry": {"type": "Polygon", "coordinates": [[[-47.6259774371126, -14.2648246108037], [-47.6257793707485, -14.2647399532182], [-47.6255826619131, -14.2647807679047], [-47.6252568379189, -14.2651299942964], [-47.6252157918126, -14.2653588215684], [-47.6249112252837, -14.2655150324068], [-47.6251466393784, -14.2654875361723], [-47.6257615642073, -14.2648135558614], [-47.6259774371126, -14.2648246108037]]]}, "properties": {"data_infracao": "2020-09-25", "numero_processo": "36832020", "descricao": "Vegetação - Desmatamento / Supressão de vegetação nativa", "area_ha": 0.167}}, {"type": "Feature", "geometry": {"type": "Polygon", "coordinates": [[[-47.6051508685254, -14.2688782095282], [-47.6033781346559, -14.2683805887767], [-47.6024557129077, -14.2685474504998], [-47.6020854882157, -14.268712796157], [-47.6019455703524, -14.2691251036821], [-47.6011711166992, -14.269982483393], [-47.6017377449134, -14.2707698375102], [-47.6017603126075, -14.2709851659976], [-47.6015645683294, -14.2714380521897], [-47.6016291207567, -14.2718097038818], [-47.6028156299722, -14.2736389237087], [-47.6029332079472, -14.2751270643286], [-47.6032230613605, -14.2758686080725], [-47.6041687582352, -14.2759758518783], [-47.603999230692, -14.2752133961371], [-47.6044767150469, -14.2747966219732], [-47.6047972908061, -14.2747147243307], [-47.6051589525499, -14.2747107674652], [-47.6052603158358, -14.2747880490785], [-47.6053271305102, -14.2753556505622], [-47.6047083239277, -14.2757151794753], [-47.6046299827886, -14.2758924156973], [-47.6055533322904, -14.2758039216376], [-47.6064152755695, -14.2756181080572], [-47.6064780337338, -14.2758329952496], [-47.6066985989121, -14.2757913851144], [-47.607355104482, -14.2752158645165], [-47.6079380074457, -14.2752290779897], [-47.6083012489984, -14.2753622823472], [-47.6092844177231, -14.2752339237624], [-47.6096601337992, -14.2746976054917], [-47.6094317396385, -14.2743325525176], [-47.609067343657, -14.2740098517092], [-47.6087845568279, -14.2732468875219], [-47.6083100640867, -14.2726381144356], [-47.6083196839421, -14.2724687473388], [-47.6082018172427, -14.2722222382409], [-47.6082299452664, -14.2719665708279], [-47.6084483347354, -14.271449982165], [-47.6086946838267, -14.2711383771626], [-47.6083909636556, -14.2708389024159], [-47.6082599170277, -14.2705138810731], [-47.608132464547, -14.2705200523422], [-47.6080799810953, -14.2706928955322], [-47.607748176591, -14.2709588707538], [-47.6067033951525, -14.2709703086168], [-47.6058832312681, -14.2712928470067], [-47.6054157060124, -14.2708276180007], [-47.6051143264589, -14.2708309148741], [-47.6049055202644, -14.2701472797943], [-47.6051508685254, -14.2688782095282]]]}, "properties": {"data_infracao": "2020-09-25", "numero_processo": "36362020", "descricao": "Vegetação - Desmatamento / Supressão de vegetação nativa", "area_ha": 44.574}}, {"type": "Feature", "geometry": {"type": "Polygon", "coordinates": [[[-47.5949747504731, -14.2862827084739], [-47.5952006132845, -14.2869080218055], [-47.595056124149, -14.2871084145289], [-47.5939330296893, -14.2865957858986], [-47.5921423276074, -14.2861779049889], [-47.5920892144695, -14.2858126602163], [-47.5927334573345, -14.2858135934312], [-47.5920332391623, -14.285432783826], [-47.5913214801078, -14.2857096853027], [-47.5902091008472, -14.2854195952893], [-47.5901410865814, -14.2858895446459], [-47.5905540584907, -14.2863463047125], [-47.5935987222788, -14.2865994304954], [-47.5940173940945, -14.2868413989224], [-47.594582341875, -14.2877497954228], [-47.5951207711581, -14.2877677806066], [-47.5956224797256, -14.2874282953827], [-47.5955122835365, -14.2870636751154], [-47.5959985946557, -14.2868038840056], [-47.5959364090172, -14.2863592134941], [-47.5949747504731, -14.2862827084739]]]}, "properties": {"data_infracao": "2020-09-25", "numero_processo": "36362020", "descricao": "Vegetação - Desmatamento / Supressão de vegetação nativa", "area_ha": 4.263}}, {"type": "Feature", "geometry": {"type": "Polygon", "coordinates": [[[-47.5931176942782, -14.2859013467392], [-47.5934451176824, -14.2860046542673], [-47.5942137675359, -14.2859648559326], [-47.5941243864686, -14.285504183493], [-47.5946854483571, -14.2853628703817], [-47.5944175985168, -14.2847613881455], [-47.5923378390745, -14.2847363394008], [-47.5936863923677, -14.2854916739117], [-47.5931176942782, -14.2859013467392]]]}, "properties": {"data_infracao": "2020-09-25", "numero_processo": "36362020", "descricao": "Vegetação - Desmatamento / Supressão de vegetação nativa", "area_ha": 1.829}}, {"type": "Feature", "geometry": {"type": "Polygon", "coordinates": [[[-47.6161588713382, -14.2602319837388], [-47.6167298640686, -14.260095800934], [-47.6171536428825, -14.259725794438], [-47.6174121441329, -14.2597216145162], [-47.6176597899283, -14.2596129346938], [-47.6177781341246, -14.259340802171], [-47.6175128192305, -14.2593838778688], [-47.6170821984675, -14.2597198253615], [-47.6169543439877, -14.2597235825684], [-47.6168290567825, -14.2599438531637], [-47.6161588713382, -14.2602319837388]]]}, "properties": {"data_infracao": "2020-09-25", "numero_processo": "36832020", "descricao": "Vegetação - Desmatamento / Supressão de vegetação nativa", "area_ha": 0.249}}, {"type": "Feature", "geometry": {"type": "Polygon", "coordinates": [[[-47.6013350192467, -14.29878464554], [-47.5931772317147, -14.2936435832528], [-47.5924087622015, -14.2936370559157], [-47.5923173344914, -14.2928023247127], [-47.59290616, -14.29113168], [-47.59392557, -14.28989523], [-47.59272208, -14.28921662], [-47.5929350706974, -14.2880540220591], [-47.5934145471426, -14.2881722990941], [-47.59370349, -14.28875174], [-47.5940115278283, -14.2886775104295], [-47.5947894151914, -14.2882861402873], [-47.5959087191697, -14.2886549541763], [-47.5959239241393, -14.2893930583277], [-47.59837904, -14.28945135], [-47.59839181, -14.28879902], [-47.59573048, -14.28823517], [-47.5908585, -14.28700234], [-47.58947911, -14.28676467], [-47.58802516, -14.28791572], [-47.58791144, -14.28855752], [-47.5839977507152, -14.2882716784263], [-47.5831481944904, -14.2923532600316], [-47.5825651301535, -14.2934626779319], [-47.5829744653313, -14.2949690826987], [-47.5827242771012, -14.2959622596664], [-47.5821775407835, -14.2967830632453], [-47.5814862832672, -14.2966959513204], [-47.5806624914089, -14.2996638734168], [-47.5808817124747, -14.3004715184282], [-47.5825714740811, -14.3044323754559], [-47.5835863540693, -14.3059297762281], [-47.5844549242178, -14.3065014852484], [-47.5853239937417, -14.3065970162063], [-47.5890008691559, -14.3058690255089], [-47.5948838959609, -14.3058263561321], [-47.596715563042, -14.3059708621562], [-47.59844213, -14.30419912], [-47.59937522, -14.30426797], [-47.59887296, -14.30289002], [-47.59931333, -14.30241088], [-47.60023593, -14.30332967], [-47.60038602, -14.30052163], [-47.60077264, -14.30065574], [-47.60117566, -14.3004537], [-47.6013350192467, -14.29878464554]], [[-47.5900514844156, -14.2874508986545], [-47.5905381639553, -14.2876256606552], [-47.590634337572, -14.2879622276041], [-47.5904118122324, -14.2886848944671], [-47.5897653934547, -14.2886694249919], [-47.5898004703765, -14.2877012151861], [-47.5900514844156, -14.2874508986545]], [[-47.590954419773, -14.2981128959443], [-47.5913830728408, -14.2980827154434], [-47.5916117182265, -14.2979475784281], [-47.5919852208712, -14.2972139610351], [-47.5921624321292, -14.2971559101506], [-47.5923559796873, -14.2971537999101], [-47.5927350695751, -14.2973639382884], [-47.5928161673509, -14.2975926310588], [-47.5927398177175, -14.2986903323685], [-47.5925773382253, -14.2991206483931], [-47.5923134789968, -14.2993786116051], [-47.5915974075101, -14.2994374362821], [-47.5906444437796, -14.2979989342877], [-47.590954419773, -14.2981128959443]]]}, "properties": {"data_infracao": "2020-09-25", "numero_processo": "36362020", "descricao": "Vegetação - Desmatamento / Supressão de vegetação nativa", "area_ha": 317.459}}, {"type": "Feature", "geometry": {"type": "Polygon", "coordinates": [[[-47.61017697, -14.27483014], [-47.6098030806927, -14.2749257847055], [-47.6100806743393, -14.2753454430499], [-47.6103525878286, -14.2755226328916], [-47.6114570914073, -14.276845864019], [-47.61170083, -14.27667554], [-47.61084803, -14.27575284], [-47.6105350334654, -14.275110036547], [-47.61028881, -14.27501188], [-47.61017697, -14.27483014]]]}, "properties": {"data_infracao": "2020-09-25", "numero_processo": "36302020", "descricao": "Vegetação - Desmatamento / Supressão de vegetação nativa", "area_ha": 0.92}}, {"type": "Feature", "geometry": {"type": "Polygon", "coordinates": [[[-47.6004137, -14.28971075], [-47.60037004, -14.28767559], [-47.60008227, -14.287323], [-47.59939558, -14.28752813], [-47.5996346, -14.28892872], [-47.5993525, -14.28907015], [-47.59933791, -14.2895644], [-47.6004137, -14.28971075]]]}, "properties": {"data_infracao": "2020-09-25", "numero_processo": "36362020", "descricao": "Vegetação - Desmatamento / Supressão de vegetação nativa", "area_ha": 2.444}}, {"type": "Feature", "geometry": {"type": "Polygon", "coordinates": [[[-47.6269898499581, -14.2648466242948], [-47.6274486623478, -14.2648339300784], [-47.6276537057746, -14.2647231901113], [-47.62817406, -14.26283051], [-47.6285171932185, -14.2626121526059], [-47.6285079812948, -14.2630914739614], [-47.62795418, -14.26452671], [-47.6306774850795, -14.264631422417], [-47.63068695, -14.26519682], [-47.6307973790618, -14.2654160959037], [-47.6322674680694, -14.2654641194194], [-47.6324481506941, -14.265280335778], [-47.6327177439008, -14.2652571129484], [-47.6326354549888, -14.2652595993821], [-47.633426156269, -14.263701528668], [-47.6334748509397, -14.2631805449567], [-47.6348173249316, -14.2620499628709], [-47.6355379434381, -14.2620785266894], [-47.6355534392167, -14.2626248009459], [-47.63541433, -14.26275722], [-47.63419977, -14.26329121], [-47.63354013, -14.26409743], [-47.63325743, -14.26458954], [-47.63319984, -14.26497171], [-47.6336539764757, -14.2650530791936], [-47.6339641366423, -14.2653269504197], [-47.6347938057072, -14.2654440517019], [-47.6355380738156, -14.2660514562497], [-47.636824366903, -14.2667114660017], [-47.6376047185693, -14.2668588208694], [-47.6376453442659, -14.2659025050289], [-47.6385904714979, -14.2661672202101], [-47.6392768155683, -14.2667640609468], [-47.6407118207605, -14.2672578121319], [-47.6419093026255, -14.2670938356127], [-47.6425224486929, -14.2671422890295], [-47.6431702523598, -14.2675529479577], [-47.6437602884924, -14.2675343653081], [-47.6437782368437, -14.2670084705996], [-47.6442821448263, -14.2663607963191], [-47.6451700192674, -14.266309737059], [-47.6453704693176, -14.2666766392952], [-47.6466353818699, -14.2668653159178], [-47.6469274612605, -14.2673012961173], [-47.64701029, -14.26783798], [-47.64688464, -14.26799503], [-47.6471693973683, -14.2693410465769], [-47.6477152261476, -14.2693286941059], [-47.6487037537656, -14.2700433091369], [-47.6498072604025, -14.2698537327236], [-47.6497852599926, -14.2702439806334], [-47.6495657110832, -14.2704888785622], [-47.6495631368791, -14.2710415794591], [-47.6499334856906, -14.2717012805504], [-47.6499661596279, -14.2721804833639], [-47.6501085928861, -14.2722145115604], [-47.6486518864695, -14.2575782829597], [-47.6464280927873, -14.257441459305], [-47.64595278, -14.2587078], [-47.64525126, -14.25907426], [-47.64469633, -14.2588125], [-47.64484404, -14.25742012], [-47.64149597, -14.25720755], [-47.6393841162026, -14.2572256752778], [-47.6391575, -14.25781781], [-47.63961819, -14.25834133], [-47.63930408, -14.25922084], [-47.63909991, -14.25946952], [-47.63818898, -14.25941716], [-47.6378595999974, -14.2586745534446], [-47.6379540494389, -14.2572042578149], [-47.6297119625889, -14.2574032631584], [-47.6177781341246, -14.259340802171], [-47.6176597899283, -14.2596129346938], [-47.6174121441329, -14.2597216145162], [-47.6171536428825, -14.259725794438], [-47.6167298640686, -14.260095800934], [-47.6160416724938, -14.2602471946083], [-47.6157105146815, -14.2605624987167], [-47.6152677406761, -14.2608311597418], [-47.6147113972117, -14.2610663616714], [-47.6137992650175, -14.2611365487389], [-47.6132396118594, -14.261299091053], [-47.6128766562247, -14.2615651874493], [-47.61243706, -14.26207141], [-47.61187166, -14.26217611], [-47.6106068754722, -14.2626316128694], [-47.61026969, -14.26285669], [-47.6099918866818, -14.2629381064446], [-47.6095621842776, -14.2634300726506], [-47.6094023900823, -14.2644301264069], [-47.6090770128275, -14.2652588934832], [-47.6086748108083, -14.2657836570851], [-47.6086462007634, -14.2661072403655], [-47.6087248510357, -14.2664344594532], [-47.6075417056873, -14.2683210640604], [-47.6075530726659, -14.268479195113], [-47.6076298253145, -14.2686825622184], [-47.6080363757842, -14.2686397978235], [-47.6088067510624, -14.2682611821766], [-47.608982519509, -14.2682920423325], [-47.60947394, -14.26845835], [-47.6103446088995, -14.2689359977115], [-47.6104875514132, -14.2693926365338], [-47.6122160831616, -14.2694894526706], [-47.6129157049984, -14.2694326102111], [-47.6141920953081, -14.2687879404268], [-47.6144095903532, -14.2692003021012], [-47.615420116146, -14.2690536657107], [-47.6173567611637, -14.2680675867068], [-47.6184200833511, -14.2680616255061], [-47.6185588784621, -14.267915692495], [-47.6190988048401, -14.2677122504421], [-47.6193628408228, -14.2671846020843], [-47.620096946019, -14.2671568339158], [-47.620343566176, -14.2668649634054], [-47.6206351607148, -14.2667320600566], [-47.6209695801431, -14.2668353379965], [-47.6222036801968, -14.2667065573177], [-47.6224175123301, -14.2664110020116], [-47.6225998228897, -14.2663205473704], [-47.6227760395227, -14.2663575462627], [-47.62399113, -14.26541146], [-47.62445707, -14.26537482], [-47.6247068095921, -14.2655389078548], [-47.6252157918126, -14.2653588215684], [-47.6252568379189, -14.2651299942964], [-47.6256282567095, -14.2647566964193], [-47.6264496172427, -14.264848790654], [-47.6267196538557, -14.2647512906457], [-47.6269898499581, -14.2648466242948]], [[-47.6358080436014, -14.2636378967402], [-47.6364022174734, -14.2630556817261], [-47.6363112669999, -14.2626171074774], [-47.6367592383234, -14.2623818942853], [-47.6370167520253, -14.2623790445753], [-47.6367877587971, -14.2629886183191], [-47.6369440632068, -14.2635101985155], [-47.636219671378, -14.263968261241], [-47.6357676801549, -14.2638581336179], [-47.6358080436014, -14.2636378967402]]]}, "properties": {"data_infracao": "2020-09-25", "numero_processo": "36852020", "descricao": "Vegetação - Desmatamento / Supressão de vegetação nativa", "area_ha": 400.36}}, {"type": "Feature", "geometry": {"type": "Polygon", "coordinates": [[[-47.6053423, -14.29005208], [-47.60587917, -14.28915685], [-47.60578434, -14.28884168], [-47.60634967, -14.28865761], [-47.60650722, -14.28826062], [-47.60708336, -14.28813573], [-47.60721575, -14.28720533], [-47.60689141, -14.28681149], [-47.60535079, -14.28710108], [-47.60374067, -14.28663774], [-47.60409976, -14.28543304], [-47.60352059, -14.28485386], [-47.60413048, -14.28433676], [-47.60433553, -14.28382414], [-47.60433144, -14.28324374], [-47.60426194, -14.28313949], [-47.6025902, -14.28424213], [-47.60254605, -14.28501713], [-47.60235964, -14.28497985], [-47.60237828, -14.28538994], [-47.60259428, -14.2854773], [-47.60084977, -14.28757087], [-47.60148771, -14.28794006], [-47.6012785, -14.28835377], [-47.60145773, -14.28973886], [-47.6053423, -14.29005208]]]}, "properties": {"data_infracao": "2020-09-25", "numero_processo": "36362020", "descricao": "Vegetação - Desmatamento / Supressão de vegetação nativa", "area_ha": 25.064}}, {"type": "Feature", "geometry": {"type": "Polygon", "coordinates": [[[-47.58429474, -14.28697438], [-47.58666208, -14.28701166], [-47.58670868, -14.28670409], [-47.58733313, -14.28663885], [-47.58711877, -14.28566023], [-47.58595374, -14.28525946], [-47.5858885, -14.28515693], [-47.58435066, -14.28593051], [-47.58429474, -14.28697438]]]}, "properties": {"data_infracao": "2020-09-25", "numero_processo": "36362020", "descricao": "Vegetação - Desmatamento / Supressão de vegetação nativa", "area_ha": 4.986}}, {"type": "Feature", "geometry": {"type": "Polygon", "coordinates": [[[-47.6148749033057, -14.260953259364], [-47.6152976006209, -14.2608154721037], [-47.6160416724938, -14.2602471946083], [-47.6154697163849, -14.2606470298089], [-47.6151983267981, -14.2607295365582], [-47.6148749033057, -14.260953259364]]]}, "properties": {"data_infracao": "2020-09-25", "numero_processo": "36832020", "descricao": "Vegetação - Desmatamento / Supressão de vegetação nativa", "area_ha": 0.097}}, {"type": "Feature", "geometry": {"type": "Polygon", "coordinates": [[[-47.6397361692811, -14.2766024714623], [-47.6393941732514, -14.2766201689253], [-47.6384984397446, -14.2780623701707], [-47.6389880291687, -14.2784741094202], [-47.6389480141959, -14.2787109473597], [-47.638338053409, -14.2789819144361], [-47.6378726028168, -14.279418145399], [-47.6400014145554, -14.2810075855502], [-47.6415505435908, -14.2805732310777], [-47.642270500034, -14.2799533967508], [-47.642277291672, -14.2793136677041], [-47.6418780819734, -14.2780944133074], [-47.6409321147404, -14.2776738387475], [-47.6402680402813, -14.2769720227989], [-47.6397361692811, -14.2766024714623]]]}, "properties": {"data_infracao": "2020-09-25", "numero_processo": "36852020", "descricao": "Vegetação - Desmatamento / Supressão de vegetação nativa", "area_ha": 14.162}}, {"type": "Feature", "geometry": {"type": "Polygon", "coordinates": [[[-47.6087845568279, -14.2732468875219], [-47.6091132486606, -14.2740710782903], [-47.6094317396385, -14.2743325525176], [-47.6096601337992, -14.2746976054917], [-47.6098397754307, -14.274600713176], [-47.6087845568279, -14.2732468875219]]]}, "properties": {"data_infracao": "2020-09-25", "numero_processo": "36302020", "descricao": "Vegetação - Desmatamento / Supressão de vegetação nativa", "area_ha": 0.35}}, {"type": "Feature", "geometry": {"type": "Polygon", "coordinates": [[[-47.6082599170277, -14.2705138810731], [-47.6083909636556, -14.2708389024159], [-47.6086946838267, -14.2711383771626], [-47.6086096475921, -14.2707338622657], [-47.6084078259625, -14.270657682233], [-47.6083521097115, -14.2705094170465], [-47.6082599170277, -14.2705138810731]]]}, "properties": {"data_infracao": "2020-09-25", "numero_processo": "36302020", "descricao": "Vegetação - Desmatamento / Supressão de vegetação nativa", "area_ha": 0.128}}, {"type": "Feature", "geometry": {"type": "Polygon", "coordinates": [[[-47.608669484193, -14.271221280258], [-47.6084908806719, -14.2713719323441], [-47.6082040260882, -14.2720494292725], [-47.6083196839421, -14.2724687473388], [-47.6084635794534, -14.2720093085395], [-47.608479609632, -14.2716563755031], [-47.608669484193, -14.271221280258]]]}, "properties": {"data_infracao": "2020-09-25", "numero_processo": "36302020", "descricao": "Vegetação - Desmatamento / Supressão de vegetação nativa", "area_ha": 0.219}}, {"type": "Feature", "geometry": {"type": "Polygon", "coordinates": [[[-47.6269898499581, -14.2648466242948], [-47.626665327348, -14.2647496751407], [-47.6264496172427, -14.264848790654], [-47.6269134330765, -14.2648487384773], [-47.6269898499581, -14.2648466242948]]]}, "properties": {"data_infracao": "2020-09-25", "numero_processo": "36832020", "descricao": "Vegetação - Desmatamento / Supressão de vegetação nativa", "area_ha": 0.036}}, {"type": "Feature", "geometry": {"type": "Polygon", "coordinates": [[[-47.6327177439008, -14.2652571129484], [-47.6324481506941, -14.265280335778], [-47.6322674680694, -14.2654641194194], [-47.63262921, -14.26543502], [-47.6327177439008, -14.2652571129484]]]}, "properties": {"data_infracao": "2020-09-25", "numero_processo": "36832020", "descricao": "Vegetação - Desmatamento / Supressão de vegetação nativa", "area_ha": 0.074}}, {"type": "Feature", "geometry": {"type": "Polygon", "coordinates": [[[-47.7384593970856, -14.3321348789761], [-47.7383018050653, -14.3316844828296], [-47.7382571036746, -14.3307325548121], [-47.7379625639816, -14.3305556783911], [-47.7370485622188, -14.3302613646862], [-47.7359557204104, -14.3301724070551], [-47.7353904905225, -14.3309875486894], [-47.7353573518063, -14.331240414602], [-47.7354577327996, -14.3316151797153], [-47.7359151598054, -14.3323444603216], [-47.7375240936326, -14.3332764754551], [-47.7378843129191, -14.3335774051781], [-47.7376385689182, -14.3350404622351], [-47.737295836245, -14.3361346088524], [-47.7372234960399, -14.3368513325839], [-47.737458648995, -14.3373716339801], [-47.7383308381009, -14.3371158813958], [-47.7382374182192, -14.3361117184694], [-47.7384375417529, -14.3351299362779], [-47.7384593970856, -14.3321348789761]]]}, "properties": {"data_infracao": "2020-09-30", "numero_processo": "39872020", "descricao": "Vegetação - Desmatamento / Supressão de vegetação nativa", "area_ha": 12.49}}, {"type": "Feature", "geometry": {"type": "Polygon", "coordinates": [[[-47.738514296352, -14.343021028701], [-47.7356510579977, -14.3412987687675], [-47.7352259573229, -14.3414168241638], [-47.7347056036214, -14.3418040288933], [-47.7345415178921, -14.3424144947732], [-47.7339807930864, -14.3426133345993], [-47.734511139842, -14.3427313229647], [-47.73474530958, -14.3425060828125], [-47.7351178112813, -14.3424536802204], [-47.7355111290604, -14.3425281948722], [-47.7363651884018, -14.3433998248777], [-47.7369184801391, -14.3440962973621], [-47.7371668251893, -14.3442232361327], [-47.7373318413259, -14.344185196076], [-47.7387673949931, -14.3451195571301], [-47.7393277694246, -14.3449068228237], [-47.7392161961047, -14.342968114734], [-47.738514296352, -14.343021028701]]]}, "properties": {"data_infracao": "2020-09-30", "numero_processo": "39872020", "descricao": "Vegetação - Desmatamento / Supressão de vegetação nativa", "area_ha": 9.35}}, {"type": "Feature", "geometry": {"type": "Polygon", "coordinates": [[[-47.7417776114038, -14.32105101584274], [-47.74180758423557, -14.32122881903272], [-47.74217350666563, -14.32110265022468], [-47.7421024663568, -14.32087935800412], [-47.7417776114038, -14.32105101584274]]]}, "properties": {"data_infracao": "2020-11-18", "numero_processo": "42072020", "descricao": "Vegetação - Desmatamento / Supressão de vegetação nativa", "area_ha": 0.1}}, {"type": "Feature", "geometry": {"type": "Polygon", "coordinates": [[[-47.58778535604661, -14.1868658203597], [-47.58761320995869, -14.1870243806231], [-47.58759417418311, -14.1872380043273], [-47.5877485754743, -14.1875637275991], [-47.5881322574743, -14.187108265015], [-47.58778535604661, -14.1868658203597]]]}, "properties": {"data_infracao": "2021-01-29", "numero_processo": "7562021", "autuado": "INACIA COMERCIO E SERVICOS DE HOTELARIA LTDA -ME", "descricao": "Vegetação - Desmatamento / Supressão de vegetação nativa", "area_ha": 0.9}}, {"type": "Feature", "geometry": {"type": "Polygon", "coordinates": [[[-47.59005401941061, -14.1862111299869], [-47.5899366321276, -14.1860768220144], [-47.58937983927851, -14.1860459150943], [-47.5894071363318, -14.1863267988269], [-47.5897579073454, -14.1863348625284], [-47.59005401941061, -14.1862111299869]]]}, "properties": {"data_infracao": "2021-01-29", "numero_processo": "7562021", "autuado": "INACIA COMERCIO E SERVICOS DE HOTELARIA LTDA -ME", "descricao": "Vegetação - Desmatamento / Supressão de vegetação nativa", "area_ha": 0.9}}, {"type": "Feature", "geometry": {"type": "Polygon", "coordinates": [[[-47.5877472535454, -14.1875652808654], [-47.5875904727823, -14.1872366493502], [-47.58761003732939, -14.1870240831891], [-47.5875132125987, -14.1869121482353], [-47.5866855907386, -14.1870297922092], [-47.5866341529362, -14.1861875859504], [-47.5882938830447, -14.1853882985678], [-47.58829393722651, -14.1851825701871], [-47.58813312458039, -14.1851773816163], [-47.587922012541, -14.1849790922869], [-47.5875222572593, -14.184859392595], [-47.5873163308069, -14.1845805725061], [-47.5869619237816, -14.1844981146026], [-47.5859717348098, -14.1848207732496], [-47.5858622082823, -14.1849877102414], [-47.5859123315061, -14.1852657790632], [-47.5861023238241, -14.1856185671664], [-47.58645551456469, -14.1859678075563], [-47.5865315557264, -14.1862582975319], [-47.58629480771809, -14.1864219164159], [-47.58615293257981, -14.1868830807844], [-47.5853333600658, -14.1870634326591], [-47.5853798805829, -14.1865568303478], [-47.5853257285231, -14.1857743301296], [-47.5852731625051, -14.1857729611705], [-47.5854719198037, -14.1844848671495], [-47.5854031882882, -14.1844877785106], [-47.5851430783822, -14.1858960831181], [-47.58523139254301, -14.1870696294642], [-47.5851406884754, -14.187810197832], [-47.5853709041282, -14.187981809634], [-47.585579073714, -14.187960837164], [-47.5854232947961, -14.1877997714219], [-47.5854113193336, -14.1875897342229], [-47.5860840488327, -14.1873618232772], [-47.58612782740359, -14.1874646307534], [-47.5859379866757, -14.1875707078661], [-47.5858219651196, -14.1878380001679], [-47.58559348807359, -14.1879578250253], [-47.5865931835563, -14.1878634957614], [-47.5870745477698, -14.1879407663861], [-47.587521715435, -14.187876285584], [-47.5877472535454, -14.1875652808654]]]}, "properties": {"data_infracao": "2021-01-29", "numero_processo": "7592021", "autuado": "INACIA COMERCIO E SERVICOS DE HOTELARIA LTDA -ME", "descricao": "Vegetação - Desmatamento / Supressão de vegetação nativa", "area_ha": 6.12}}, {"type": "Feature", "geometry": {"type": "Polygon", "coordinates": [[[-47.5884317483104, -14.1848098853925], [-47.5882255274079, -14.1848437267714], [-47.58813352115899, -14.1850340845276], [-47.58790403430851, -14.1850192789244], [-47.58813352115899, -14.1851768528448], [-47.5882942677087, -14.1851821405602], [-47.5882952926656, -14.1853879892366], [-47.58835137503559, -14.1852223271976], [-47.5885237545593, -14.1852656864643], [-47.5884317483104, -14.1848098853925]]]}, "properties": {"data_infracao": "2021-01-29", "numero_processo": "7562021", "autuado": "INACIA COMERCIO E SERVICOS DE HOTELARIA LTDA -ME", "descricao": "Vegetação - Desmatamento / Supressão de vegetação nativa", "area_ha": 0.9}}, {"type": "Feature", "geometry": {"type": "Polygon", "coordinates": [[[-47.2155000360566, -13.8718766967633], [-47.2154868076011, -13.871513980799], [-47.215052063881, -13.8707616032571], [-47.2144377521025, -13.8708074800063], [-47.2142959878459, -13.8701927308131], [-47.2141636745398, -13.8701927308131], [-47.2141069688372, -13.871073564973], [-47.2139368517293, -13.8714038769209], [-47.2141211452628, -13.8713763509432], [-47.2141353216885, -13.8712478963374], [-47.2143999483008, -13.8710643896344], [-47.2142629095194, -13.8714268152331], [-47.2140266357585, -13.8714130522461], [-47.2141636745398, -13.8716057339909], [-47.2148913977235, -13.8720736747049], [-47.2155000360566, -13.8718766967633]]]}, "properties": {"data_infracao": "2021-08-13", "numero_processo": "27842021", "descricao": "Vegetação - Desmatamento / Supressão de vegetação nativa", "area_ha": 1.7537}}, {"type": "Feature", "geometry": {"type": "Polygon", "coordinates": [[[-47.2161170678585, -13.8714486066277], [-47.2162476091114, -13.8720484426317], [-47.2163704714671, -13.8719360451811], [-47.2163657459919, -13.8717685958171], [-47.2161170678585, -13.8714486066277]]]}, "properties": {"data_infracao": "2021-08-13", "numero_processo": "27852021", "descricao": "Vegetação - Desmatamento / Supressão de vegetação nativa", "area_ha": 0.0838}}, {"type": "Feature", "geometry": {"type": "Polygon", "coordinates": [[[-47.2130201095368, -13.8685319823122], [-47.2125097582131, -13.868366824353], [-47.2120183087903, -13.8688439470256], [-47.2124530525105, -13.869339419532], [-47.2130201095368, -13.869339419532], [-47.2130201095368, -13.8685319823122]]]}, "properties": {"data_infracao": "2021-08-13", "numero_processo": "27842021", "descricao": "Vegetação - Desmatamento / Supressão de vegetação nativa", "area_ha": 0.8458}}, {"type": "Feature", "geometry": {"type": "Polygon", "coordinates": [[[-47.2092231901983, -13.8687521927417], [-47.2091286807233, -13.8678438233569], [-47.2085238198658, -13.8677612441636], [-47.2082969970553, -13.8674951553988], [-47.2082875461049, -13.8678988761636], [-47.2077960966821, -13.8678988761636], [-47.2080701742448, -13.8684952805537], [-47.2092231901983, -13.8687521927417]]]}, "properties": {"data_infracao": "2021-08-13", "numero_processo": "27842021", "descricao": "Vegetação - Desmatamento / Supressão de vegetação nativa", "area_ha": 1.1907}}, {"type": "Feature", "geometry": {"type": "Polygon", "coordinates": [[[-47.2158010517032, -13.8714336967264], [-47.2157892380152, -13.8715208622897], [-47.215699453986, -13.8715208622897], [-47.2156900030355, -13.8718809933488], [-47.2159404532222, -13.8718764056955], [-47.2158648456187, -13.8716286722832], [-47.2161436486566, -13.8716286722832], [-47.2161082075924, -13.8714451658813], [-47.2158010517032, -13.8714336967264]]]}, "properties": {"data_infracao": "2021-08-16", "numero_processo": "27842021", "descricao": "Vegetação - Desmatamento / Supressão de vegetação nativa", "area_ha": 0.1536}}, {"type": "Feature", "geometry": {"type": "Polygon", "coordinates": [[[-47.4499844, -14.20733094], [-47.44981573, -14.20789801], [-47.44801852, -14.20842791], [-47.44595316, -14.20797344], [-47.44535642, -14.20824242], [-47.44753795, -14.21183007], [-47.44846381, -14.21390623], [-47.44816198, -14.21438837], [-47.44816849, -14.21467201], [-47.44664469, -14.21667976], [-47.44517921, -14.21726907], [-47.44427588, -14.21709883], [-47.44361383, -14.21712355], [-47.44202967, -14.21694232], [-47.44228346, -14.21830372], [-47.44278446, -14.22004925], [-47.4444641, -14.21894079], [-47.44545743, -14.22176701], [-47.44469337, -14.22212426], [-47.44392561, -14.22125555], [-47.44346958, -14.22114456], [-47.44459043, -14.22300352], [-47.44300857, -14.22414713], [-47.44381287, -14.23221517], [-47.44495425, -14.23227528], [-47.45056716, -14.22214936], [-47.45473181, -14.21424576], [-47.45686856, -14.21108306], [-47.45543819, -14.20980556], [-47.45495024, -14.20891321], [-47.45461719, -14.20873716], [-47.45366123, -14.20880081], [-47.45272734, -14.20920523], [-47.45268785, -14.20895437], [-47.453103, -14.20821428], [-47.45241233, -14.20728811], [-47.4514136, -14.20679583], [-47.45047681, -14.20693106], [-47.4499844, -14.20733094]], [[-47.44497925, -14.21796521], [-47.44587836, -14.21802093], [-47.44668445, -14.21871064], [-47.44673838, -14.21908341], [-47.44662366, -14.2192469], [-47.44579162, -14.21923918], [-47.44517447, -14.21909942], [-47.4449013, -14.21845295], [-47.44497925, -14.21796521]]]}, "properties": {"data_infracao": "2021-08-20", "numero_processo": "31872021", "descricao": "6514/08, art 49", "area_ha": 187.83}}, {"type": "Feature", "geometry": {"type": "Polygon", "coordinates": [[[-47.44535642, -14.20824242], [-47.445159, -14.20837375], [-47.44584791, -14.20977837], [-47.44554004, -14.20991083], [-47.44796236, -14.21431499], [-47.44816198, -14.21438837], [-47.44845498, -14.21390045], [-47.44753795, -14.21183007], [-47.44535642, -14.20824242]]]}, "properties": {"data_infracao": "2021-08-20", "numero_processo": "31872021", "descricao": "6514/08, art 79", "area_ha": 5.12}}, {"type": "Feature", "geometry": {"type": "Polygon", "coordinates": [[[-47.44394726, -14.21649005], [-47.44229664, -14.21647427], [-47.44236488, -14.21665676], [-47.44299539, -14.21673653], [-47.44327314, -14.21688455], [-47.44509701, -14.21699521], [-47.44629585, -14.2165088], [-47.44667907, -14.21619237], [-47.44631566, -14.21526936], [-47.44525752, -14.21548493], [-47.44430341, -14.21632456], [-47.44314553, -14.21377668], [-47.44206987, -14.21383254], [-47.44086433, -14.21464351], [-47.44062244, -14.21524721], [-47.44035821, -14.21548323], [-47.43986928, -14.21535361], [-47.43978717, -14.21541727], [-47.44125218, -14.2164971], [-47.44234355, -14.21618982], [-47.44381617, -14.2162645], [-47.44394726, -14.21649005]]]}, "properties": {"data_infracao": "2021-08-20", "numero_processo": "31872021", "descricao": "6514/08, art 79", "area_ha": 12.53}}, {"type": "Feature", "geometry": {"type": "Polygon", "coordinates": [[[-47.44397975, -14.21068111], [-47.44383617, -14.21068257], [-47.44279649, -14.21158761], [-47.44171679, -14.21288099], [-47.44060123, -14.21289238], [-47.43925018, -14.21360662], [-47.439274, -14.21376801], [-47.44039378, -14.21517903], [-47.44047098, -14.21516746], [-47.44083843, -14.21440938], [-47.44226494, -14.21352195], [-47.4435899, -14.21346531], [-47.44407496, -14.21337414], [-47.44397975, -14.21068111]]]}, "properties": {"data_infracao": "2021-08-20", "numero_processo": "31872021", "descricao": "6514/08, art 49", "area_ha": 9.39}}, {"type": "Feature", "geometry": {"type": "Polygon", "coordinates": [[[-47.4499844, -14.20733094], [-47.44981573, -14.20789801], [-47.44801852, -14.20842791], [-47.44595316, -14.20797344], [-47.44535642, -14.20824242], [-47.44753795, -14.21183007], [-47.44846381, -14.21390623], [-47.44816198, -14.21438837], [-47.44816849, -14.21467201], [-47.44664469, -14.21667976], [-47.44517921, -14.21726907], [-47.44427588, -14.21709883], [-47.44361383, -14.21712355], [-47.44202967, -14.21694232], [-47.44228346, -14.21830372], [-47.44278446, -14.22004925], [-47.4444641, -14.21894079], [-47.44545743, -14.22176701], [-47.44469337, -14.22212426], [-47.44392561, -14.22125555], [-47.44346958, -14.22114456], [-47.44459043, -14.22300352], [-47.44300857, -14.22414713], [-47.44381287, -14.23221517], [-47.44495425, -14.23227528], [-47.45056716, -14.22214936], [-47.45473181, -14.21424576], [-47.45686856, -14.21108306], [-47.45543819, -14.20980556], [-47.45495024, -14.20891321], [-47.45461719, -14.20873716], [-47.45366123, -14.20880081], [-47.45272734, -14.20920523], [-47.45268785, -14.20895437], [-47.453103, -14.20821428], [-47.45241233, -14.20728811], [-47.4514136, -14.20679583], [-47.45047681, -14.20693106], [-47.4499844, -14.20733094]], [[-47.44497925, -14.21796521], [-47.44587836, -14.21802093], [-47.44668445, -14.21871064], [-47.44673838, -14.21908341], [-47.44662366, -14.2192469], [-47.44579162, -14.21923918], [-47.44517447, -14.21909942], [-47.4449013, -14.21845295], [-47.44497925, -14.21796521]]]}, "properties": {"data_infracao": "2021-08-20", "numero_processo": "31872021", "descricao": "6514/08, art 49", "area_ha": 187.83}}, {"type": "Feature", "geometry": {"type": "Polygon", "coordinates": [[[-47.241861779827, -14.0999505868617], [-47.2415891709613, -14.100116326946], [-47.2414465053413, -14.100401583888], [-47.2411033695499, -14.1004693065433], [-47.2410094305211, -14.1003282160673], [-47.2407580908201, -14.1003176487898], [-47.2404688500919, -14.1004881161246], [-47.2408148852356, -14.1007172024943], [-47.2418910409709, -14.1025914434004], [-47.2422713458125, -14.1036203713342], [-47.2425534227114, -14.1040694494321], [-47.243179617338, -14.1038776953402], [-47.243790105, -14.102802940278], [-47.243550318889, -14.102097436111], [-47.2432072125, -14.101447379444], [-47.242691269444, -14.1007465475], [-47.241861779827, -14.0999505868617]]]}, "properties": {"data_infracao": "2021-08-22", "numero_processo": "31252021", "descricao": "Vegetação - Desmatamento / Supressão de vegetação nativa", "area_ha": 7.595}}, {"type": "Feature", "geometry": {"type": "Polygon", "coordinates": [[[-47.2421281099404, -14.0997886636255], [-47.241861779827, -14.0999505868617], [-47.242691269444, -14.1007465475], [-47.2432072125, -14.101447379444], [-47.243550318889, -14.102097436111], [-47.243790105, -14.102802940278], [-47.243179617338, -14.1038776953402], [-47.2438342828672, -14.1035189965134], [-47.2441251821731, -14.1038046555066], [-47.2433902564823, -14.1044552824005], [-47.243110085582, -14.1048773329493], [-47.2431148144974, -14.1058678130841], [-47.2434953267125, -14.1064942342425], [-47.2435005640093, -14.1069450835149], [-47.2480455838634, -14.1072317819103], [-47.2481457940212, -14.1066629903577], [-47.2481174522294, -14.1064696678418], [-47.2479317108894, -14.1064068732135], [-47.2477869006972, -14.1064727544129], [-47.2476842863441, -14.1067963578896], [-47.2473675886794, -14.10686384369], [-47.2464288200216, -14.1068726056855], [-47.2459218302499, -14.1064127262885], [-47.2458702057704, -14.106542266197], [-47.2460580956321, -14.1068244415198], [-47.2451691651424, -14.1068377749231], [-47.2446012580071, -14.1060324548568], [-47.2445255544305, -14.1056126803385], [-47.2447957649633, -14.1048487165106], [-47.2452406452077, -14.104578788672], [-47.2457017852674, -14.1045769078429], [-47.2457026618621, -14.1046664338838], [-47.2461681869677, -14.1044793932435], [-47.2461569689028, -14.1036635781948], [-47.24663689171, -14.1034789667839], [-47.2457714155391, -14.1027406525911], [-47.245675265841, -14.1028514486205], [-47.2453143514568, -14.1028636415583], [-47.2453145171584, -14.1031338559878], [-47.2451285448035, -14.1031315569681], [-47.2451301476364, -14.1030420077657], [-47.2449077237847, -14.1030817312548], [-47.2444694339329, -14.1025803303807], [-47.244780941148, -14.1019621784544], [-47.244209382222, -14.101512950833], [-47.243885939167, -14.100840676389], [-47.2429304969235, -14.100710414397], [-47.2421281099404, -14.0997886636255]]]}, "properties": {"data_infracao": "2021-08-22", "numero_processo": "31242021", "descricao": "Vegetação - Desmatamento / Supressão de vegetação nativa", "area_ha": 13.865}}, {"type": "Feature", "geometry": {"type": "Polygon", "coordinates": [[[-47.5962333579859, -14.2829295193136], [-47.5955126855913, -14.2834619079295], [-47.5957788798992, -14.2836761618846], [-47.5960645518394, -14.2837281022374], [-47.5965320150143, -14.2835138482822], [-47.5966358957198, -14.2833775048562], [-47.5964865672056, -14.2830074298428], [-47.5962333579859, -14.2829295193136]]]}, "properties": {"data_infracao": "2021-08-23", "numero_processo": "32352021", "descricao": "Vegetação - Desmatamento / Supressão de vegetação nativa", "area_ha": 0.643}}, {"type": "Feature", "geometry": {"type": "Polygon", "coordinates": [[[-47.6010531332956, -14.2973349884161], [-47.6009687302224, -14.2970493164759], [-47.6006570881058, -14.2966792414625], [-47.59944298236, -14.2963286440814], [-47.5990209669938, -14.2959455839797], [-47.5982808169669, -14.2957832703774], [-47.596352340692, -14.2956445467232], [-47.6003768010335, -14.2981807767963], [-47.6005077595916, -14.2972311077106], [-47.6008453718846, -14.2971531971815], [-47.6010531332956, -14.2973349884161]]]}, "properties": {"data_infracao": "2021-08-23", "numero_processo": "32352021", "descricao": "Vegetação - Desmatamento / Supressão de vegetação nativa", "area_ha": 4.981}}, {"type": "Feature", "geometry": {"type": "Polygon", "coordinates": [[[-47.59005148, -14.2874509], [-47.58980047, -14.28770122], [-47.58976539, -14.28866942], [-47.59041181, -14.28868489], [-47.59063434, -14.28796223], [-47.59053816, -14.28762566], [-47.59005148, -14.2874509]]]}, "properties": {"data_infracao": "2021-08-23", "numero_processo": "32352021", "descricao": "Vegetação - Desmatamento / Supressão de vegetação nativa", "area_ha": 1.009}}, {"type": "Feature", "geometry": {"type": "Polygon", "coordinates": [[[-47.6020270149099, -14.2971531971815], [-47.6008973122374, -14.2965688682129], [-47.6012089543539, -14.2971531971815], [-47.6014686561177, -14.2983348402068], [-47.6017283578816, -14.29895812444], [-47.6034813447873, -14.2997242446432], [-47.6043773158725, -14.2978933472083], [-47.6036891061984, -14.2977505112382], [-47.6020270149099, -14.2971531971815]]]}, "properties": {"data_infracao": "2021-08-23", "numero_processo": "32352021", "descricao": "Vegetação - Desmatamento / Supressão de vegetação nativa", "area_ha": 6.125}}, {"type": "Feature", "geometry": {"type": "Polygon", "coordinates": [[[-47.6008466038325, -14.2984768482907], [-47.6014491784855, -14.2987958108376], [-47.6013452977799, -14.2983737954714], [-47.6011829841776, -14.2982309595013], [-47.6008843271492, -14.2983543178391], [-47.6008466038325, -14.2984768482907]]]}, "properties": {"data_infracao": "2021-08-23", "numero_processo": "32352021", "descricao": "Vegetação - Desmatamento / Supressão de vegetação nativa", "area_ha": 0.221}}, {"type": "Feature", "geometry": {"type": "Polygon", "coordinates": [[[-47.77823374951066, -14.17393583332046], [-47.77887162149993, -14.17376543793783], [-47.77873736420658, -14.17352117119528], [-47.7774077166645, -14.1741574378231], [-47.77688735360132, -14.17432136256444], [-47.7765858214206, -14.17294848784116], [-47.77621348933008, -14.1731287608197], [-47.77632250685173, -14.1737799539465], [-47.77616395984202, -14.17420444329418], [-47.77633289654062, -14.17463151733894], [-47.77652841263495, -14.17473900384828], [-47.77702006032002, -14.17480852090974], [-47.77783441157199, -14.17413098481678], [-47.77823374951066, -14.17393583332046]]]}, "properties": {"data_infracao": "2022-01-17", "numero_processo": "2282022", "descricao": "Realizar parcelamento do solo sem o devido licenciamento ambiental", "area_ha": 1.7}}, {"type": "Feature", "geometry": {"type": "Polygon", "coordinates": [[[-47.6673028813335, -14.3220231232716], [-47.6674876251793, -14.3216442489392], [-47.6675791263001, -14.3210429420139], [-47.6678412998579, -14.3206761905325], [-47.6678906063026, -14.3185343828517], [-47.6673172163403, -14.3189514056322], [-47.6674174713133, -14.3202184007449], [-47.6671813709084, -14.3218893609403], [-47.6673028813335, -14.3220231232716]]]}, "properties": {"data_infracao": "2022-02-01", "numero_processo": "4212022", "descricao": "DESMATAMENTO SEM LICENÇA", "area_ha": 1.6275}}, {"type": "Feature", "geometry": {"type": "Polygon", "coordinates": [[[-47.6685133714809, -14.3200397737177], [-47.6687484425154, -14.3198604259896], [-47.6686478505279, -14.3187909305497], [-47.6684345512029, -14.3187829335597], [-47.6684412012476, -14.3197963158265], [-47.6685133714809, -14.3200397737177]]]}, "properties": {"data_infracao": "2022-02-01", "numero_processo": "4212022", "descricao": "DESMATAMENTO SEM LICENÇA", "area_ha": 0.3715}}, {"type": "Feature", "geometry": {"type": "Polygon", "coordinates": [[[-47.6712075522157, -14.313715657921], [-47.6712620934926, -14.3142711455842], [-47.6718960947219, -14.3142484218634], [-47.6719844174484, -14.31405513161], [-47.6722880636463, -14.3140413207123], [-47.6722868951842, -14.3139425870055], [-47.6718008237699, -14.313854506153], [-47.6717888740084, -14.3137454992868], [-47.6712075522157, -14.313715657921]]]}, "properties": {"data_infracao": "2022-02-01", "numero_processo": "4212022", "descricao": "DESMATAMENTO SEM LICENÇA", "area_ha": 0.4789}}, {"type": "Feature", "geometry": {"type": "Polygon", "coordinates": [[[-47.6655446680079, -14.3144133449604], [-47.6663031495424, -14.3145503528412], [-47.6665656880102, -14.3142147827511], [-47.6665603491379, -14.3137626841859], [-47.665971610411, -14.3135562074277], [-47.6658524026936, -14.313391234262], [-47.6655446680079, -14.3144133449604]]]}, "properties": {"data_infracao": "2022-02-01", "numero_processo": "4202022", "descricao": "DESMATAMENTO SEM LICENÇA", "area_ha": 0.2142}}, {"type": "Feature", "geometry": {"type": "Polygon", "coordinates": [[[-47.6756449529617, -14.3139567499389], [-47.6760887930174, -14.3136295233974], [-47.6754482969155, -14.3135535845329], [-47.6756157545528, -14.3132918385062], [-47.6761167040326, -14.3132861944415], [-47.675931814885, -14.3129764462903], [-47.6754944475445, -14.3129501904647], [-47.675520020085, -14.3124093945043], [-47.6749647951363, -14.3123324931711], [-47.6749262237164, -14.3126759423397], [-47.6751486272043, -14.3134530163255], [-47.6756449529617, -14.3139567499389]]]}, "properties": {"data_infracao": "2022-02-01", "numero_processo": "4212022", "descricao": "DESMATAMENTO SEM LICENÇA", "area_ha": 1.0815}}, {"type": "Feature", "geometry": {"type": "Polygon", "coordinates": [[[-47.6629075585793, -14.3118079295292], [-47.6632774209318, -14.3115335263635], [-47.663253897838, -14.3113466895636], [-47.6630080166256, -14.3112870794348], [-47.6629240351713, -14.3113971629562], [-47.6626366838594, -14.3114367649007], [-47.6629075585793, -14.3118079295292]]]}, "properties": {"data_infracao": "2022-02-01", "numero_processo": "4212022", "descricao": "DESMATAMENTO SEM LICENÇA", "area_ha": 0.9075}}, {"type": "Feature", "geometry": {"type": "Polygon", "coordinates": [[[-47.6648433009322, -14.3195664734285], [-47.6650845286014, -14.3192311429977], [-47.6654374986718, -14.3193311249918], [-47.6654330805038, -14.3189569742719], [-47.664911900656, -14.3190563750013], [-47.6643637593132, -14.3186779320003], [-47.6642097645748, -14.3191785943029], [-47.6648433009322, -14.3195664734285]]]}, "properties": {"data_infracao": "2022-02-01", "numero_processo": "4212022", "descricao": "DESMATAMENTO SEM LICENÇA", "area_ha": 0.611}}, {"type": "Feature", "geometry": {"type": "Polygon", "coordinates": [[[-47.6285998771786, -14.1658064898126], [-47.6284756474797, -14.1658871584483], [-47.630767057992, -14.1711040297606], [-47.630961744828, -14.1709474164057], [-47.6285998771786, -14.1658064898126]]]}, "properties": {"data_infracao": "2022-02-01", "numero_processo": "4992022", "descricao": "art 66, 6514/08", "area_ha": 1.32}}, {"type": "Feature", "geometry": {"type": "Polygon", "coordinates": [[[-47.669239916615, -14.315671144165], [-47.6679731792065, -14.3153735464466], [-47.6676700606495, -14.3179131947509], [-47.6687220857934, -14.3176311172261], [-47.6689947058593, -14.3174721364759], [-47.669239916615, -14.315671144165]]]}, "properties": {"data_infracao": "2022-02-01", "numero_processo": "4202022", "descricao": "DESMATAMENTO SEM LICENÇA", "area_ha": 3.366}}, {"type": "Feature", "geometry": {"type": "GeometryCollection", "geometries": [{"type": "Polygon", "coordinates": [[[-47.630767057992, -14.1711040297606], [-47.6284756474797, -14.1658871584483], [-47.62875972, -14.16570306], [-47.6283791384574, -14.1659490532924], [-47.6305130600441, -14.1712183299801], [-47.630767057992, -14.1711040297606]]]}, {"type": "LineString", "coordinates": [[-47.6283791384574, -14.1659490532924], [-47.6284756474797, -14.1658871584483]]}]}, "properties": {"data_infracao": "2022-02-01", "numero_processo": "5012022", "descricao": "art 66 do Dec 6514/08", "area_ha": 1.33}}, {"type": "Feature", "geometry": {"type": "Polygon", "coordinates": [[[-47.62875972, -14.16570306], [-47.6285998771786, -14.1658064898126], [-47.630961744828, -14.1709474164057], [-47.63111778, -14.17078389], [-47.62875972, -14.16570306]]]}, "properties": {"data_infracao": "2022-02-01", "numero_processo": "5002022", "descricao": "art 66, 6514/08", "area_ha": 1.34}}, {"type": "Feature", "geometry": {"type": "Polygon", "coordinates": [[[-47.6618768423809, -14.3086959396386], [-47.6621127358015, -14.3088128330448], [-47.662284067469, -14.3084263172086], [-47.6626517818221, -14.3084221963247], [-47.6629615484653, -14.3075715743279], [-47.6624874358566, -14.3075924795398], [-47.6620612210947, -14.3085119702029], [-47.6618768423809, -14.3086959396386]]]}, "properties": {"data_infracao": "2022-02-01", "numero_processo": "4202022", "descricao": "DESMATAMENTO SEM LICENÇA", "area_ha": 0.5734}}, {"type": "Feature", "geometry": {"type": "Polygon", "coordinates": [[[-47.6623781229984, -14.309623227385], [-47.6625619199406, -14.3093898902471], [-47.6627120568369, -14.3094661660919], [-47.6626393467152, -14.3091759355872], [-47.6625262695044, -14.3090784553528], [-47.6624419821597, -14.3091625558461], [-47.6621967159369, -14.3091549099761], [-47.6617350042094, -14.3090977166038], [-47.6617310537063, -14.3089886187425], [-47.661470044839, -14.3090019374458], [-47.6616530749604, -14.3091558042234], [-47.6614675008844, -14.3093514806651], [-47.6623781229984, -14.309623227385]]]}, "properties": {"data_infracao": "2022-02-01", "numero_processo": "4202022", "descricao": "DESMATAMENTO SEM LICENÇA", "area_ha": 0.4885}}, {"type": "Feature", "geometry": {"type": "Polygon", "coordinates": [[[-47.6693657929969, -14.3136947880683], [-47.6682767756584, -14.3135511091692], [-47.6679783857298, -14.3153630935146], [-47.6692505752848, -14.315671024356], [-47.6693657929969, -14.3136947880683]]]}, "properties": {"data_infracao": "2022-02-01", "numero_processo": "4202022", "descricao": "DESMATAMENTO SEM LICENÇA", "area_ha": 2.7399}}, {"type": "Feature", "geometry": {"type": "Polygon", "coordinates": [[[-47.4568921358414, -14.269629749441], [-47.4566419674482, -14.2705227537831], [-47.4569893463754, -14.2704986223473], [-47.4591483939665, -14.2710962116506], [-47.4598782683831, -14.2716948464388], [-47.4602801373615, -14.2718379574285], [-47.4613230571437, -14.2718374554808], [-47.4615366039301, -14.2717770285903], [-47.4617164160962, -14.2718436639729], [-47.4621534097889, -14.2726336758473], [-47.4623405800986, -14.2727310567987], [-47.4630545455951, -14.2725113426343], [-47.4633537216873, -14.271929475237], [-47.463795762167, -14.2715687347457], [-47.4638530304545, -14.2713455373678], [-47.4636628178567, -14.2706454432367], [-47.4637320718704, -14.2705556848914], [-47.4645748594086, -14.2702353187952], [-47.4648000916055, -14.2702809337792], [-47.4653341063443, -14.2706281498873], [-47.4655938458943, -14.2709405324734], [-47.4656785894301, -14.2713060967113], [-47.4656203387823, -14.2720841037468], [-47.4657717968217, -14.2740620044598], [-47.4660613398181, -14.2748535331262], [-47.4661710810495, -14.2749345889899], [-47.4669815599258, -14.2751933186159], [-47.467812887043, -14.2751093609772], [-47.4684078078342, -14.274921686301], [-47.4691039518832, -14.2750000856009], [-47.4695804236251, -14.2752211730201], [-47.4700653755158, -14.2752538141762], [-47.4706137711208, -14.274500195648], [-47.470333180995, -14.2743713926135], [-47.4698617768967, -14.2743370693813], [-47.4694561721155, -14.274143655789], [-47.4684478385908, -14.2740128242056], [-47.4681660242643, -14.2740176192498], [-47.4672029762989, -14.2742952203871], [-47.4667965780909, -14.2741861414357], [-47.4666940137803, -14.2738755244461], [-47.4666102950086, -14.2730375627684], [-47.4665406577122, -14.2718529825881], [-47.4665969385799, -14.2712479846985], [-47.4664642463321, -14.2706283821888], [-47.4656788233312, -14.2697615710487], [-47.4649630426181, -14.2693846910103], [-47.4644798141369, -14.2693205868634], [-47.4642423441975, -14.2693832858413], [-47.4630871140656, -14.2698878872449], [-47.4627764798336, -14.2703759081479], [-47.4628497017789, -14.2711552266012], [-47.4625666787479, -14.271461553431], [-47.4621738489741, -14.271057436005], [-47.4618815461319, -14.2709411036265], [-47.4604363654812, -14.2709436618865], [-47.4597906041666, -14.2704038692167], [-47.4593181152223, -14.2701774898333], [-47.4573926112353, -14.2696630820554], [-47.4568921358414, -14.269629749441]]]}, "properties": {"data_infracao": "2022-02-02", "numero_processo": "4702022", "autuado": "AGROMCHELS HOLDING", "descricao": "Sem licença.", "area_ha": 21.643}}, {"type": "Feature", "geometry": {"type": "Polygon", "coordinates": [[[-47.6331039399388, -14.1688962581411], [-47.6322472294383, -14.1674896877762], [-47.6317982801856, -14.167905686625], [-47.632875346512, -14.1697550280419], [-47.6330236233293, -14.169670592632], [-47.6331039399388, -14.1688962581411]]]}, "properties": {"data_infracao": "2022-02-02", "numero_processo": "4922022", "descricao": "art 66, 6514/08", "area_ha": 1.44}}, {"type": "Feature", "geometry": {"type": "Polygon", "coordinates": [[[-47.44983486, -14.27116623], [-47.4476583811977, -14.2691220614951], [-47.4438993768258, -14.2725477220802], [-47.4457308577183, -14.2739024538], [-47.44785915, -14.27533002], [-47.44769584, -14.27602787], [-47.44774065, -14.27634157], [-47.44855008, -14.27670073], [-47.44916792, -14.2763903], [-47.45007455, -14.27719435], [-47.45039504, -14.2771947], [-47.45115132, -14.27696997], [-47.45180855, -14.27623207], [-47.45221284, -14.27599748], [-47.4529467, -14.27593823], [-47.45164515, -14.27548942], [-47.44853691, -14.27506435], [-47.44855202, -14.27232222], [-47.44953629, -14.27198825], [-47.45168922, -14.2721677], [-47.4524052878968, -14.2718745940415], [-47.44983486, -14.27116623]]]}, "properties": {"data_infracao": "2022-02-02", "numero_processo": "4692022", "autuado": "AGROMCHELS HOLDING", "descricao": "Sem licença.", "area_ha": 31.467}}, {"type": "Feature", "geometry": {"type": "Polygon", "coordinates": [[[-47.6304143632233, -14.164443834819], [-47.6299777703721, -14.1648165862627], [-47.6309024410806, -14.1663940868477], [-47.6313616873344, -14.1660151572033], [-47.6304143632233, -14.164443834819]]]}, "properties": {"data_infracao": "2022-02-02", "numero_processo": "4942022", "descricao": "art 66, dec 6514/08", "area_ha": 1.26}}, {"type": "Feature", "geometry": {"type": "Polygon", "coordinates": [[[-47.4424159981797, -14.2737639679057], [-47.4427322961661, -14.2732517596622], [-47.4439338447351, -14.2725608136671], [-47.4476280509659, -14.2691213094757], [-47.4445660703743, -14.2690848910779], [-47.4438102774148, -14.2691689907621], [-47.4436160217724, -14.268899536282], [-47.4437062887099, -14.2683981292481], [-47.4435331849669, -14.2676703901331], [-47.4431713166209, -14.2671821031169], [-47.4421254302689, -14.2669807583197], [-47.4413701902753, -14.267115740131], [-47.4410638710631, -14.2677466021306], [-47.4402346500628, -14.2682810280707], [-47.439609468683, -14.2691866031795], [-47.4416600390409, -14.2714135189728], [-47.4423027824165, -14.2713305841978], [-47.4423752833875, -14.2716012882482], [-47.442084711045, -14.2720793011149], [-47.4421842079111, -14.2732404155964], [-47.4424159981797, -14.2737639679057]]]}, "properties": {"data_infracao": "2022-02-03", "numero_processo": "4682022", "descricao": "Sem licença", "area_ha": 27.681}}, {"type": "Feature", "geometry": {"type": "Polygon", "coordinates": [[[-47.2005021815901, -14.0961852293226], [-47.2008725935676, -14.0978616563312], [-47.201465, -14.097729], [-47.206495, -14.098492], [-47.206693, -14.098843], [-47.206519, -14.099514], [-47.207104, -14.099529], [-47.207056, -14.098853], [-47.207329, -14.099061], [-47.207496, -14.099004], [-47.207753, -14.09843], [-47.207079, -14.09816], [-47.207043, -14.097567], [-47.207313, -14.096507], [-47.208037, -14.094987], [-47.208102, -14.094072], [-47.208350974774, -14.093476700672], [-47.2098224536891, -14.0933414171676], [-47.2120155336069, -14.0941776624868], [-47.2137995055798, -14.0945812269914], [-47.214512311098, -14.0950110942366], [-47.2147855895396, -14.0953544227335], [-47.2148353296233, -14.0952633881787], [-47.2148002362065, -14.0951237277172], [-47.2143410557567, -14.094749170668], [-47.2137983937935, -14.0944659569482], [-47.2118787382657, -14.0939895291279], [-47.2105741766034, -14.0934333335998], [-47.210210810013, -14.093370792429], [-47.2099978581077, -14.0931586533041], [-47.2079831669863, -14.0933253413879], [-47.207997345563, -14.0930452441203], [-47.2085218989458, -14.0923240499864], [-47.2084539388418, -14.0922752668572], [-47.2076811409706, -14.0933902127922], [-47.202839, -14.093453], [-47.202534, -14.09357], [-47.202516, -14.094055], [-47.202291, -14.094136], [-47.20212, -14.094091], [-47.20212, -14.093704], [-47.201815, -14.09366], [-47.201675, -14.093916], [-47.201456, -14.093902], [-47.201332, -14.093853], [-47.201429, -14.09366], [-47.201285, -14.09339], [-47.200699, -14.093265], [-47.2001559001619, -14.0943850648825], [-47.1996423463242, -14.0944968008243], [-47.2005021815901, -14.0961852293226]], [[-47.203687, -14.096845], [-47.203515, -14.097729], [-47.201932, -14.097477], [-47.201842, -14.096777], [-47.202237, -14.096849], [-47.202372, -14.096633], [-47.202785, -14.096579], [-47.203621, -14.096786], [-47.204932, -14.096831], [-47.206881, -14.097432], [-47.206718, -14.09825], [-47.206267, -14.098218], [-47.20363, -14.097675], [-47.203687, -14.096845]]]}, "properties": {"data_infracao": "2022-02-04", "numero_processo": "4672022", "descricao": "Sem licença.", "area_ha": 76000.0}}, {"type": "Feature", "geometry": {"type": "Polygon", "coordinates": [[[-47.5997965719398, -14.35210067772], [-47.5993673538509, -14.3521814661353], [-47.5994131546417, -14.3543352963386], [-47.5996730080859, -14.3555756855364], [-47.6006939316883, -14.3556387019411], [-47.6007383203036, -14.355526879674], [-47.6008297551974, -14.3555332980734], [-47.6008471234672, -14.3557186655281], [-47.6011299411445, -14.3558157613787], [-47.5997965719398, -14.35210067772]]]}, "properties": {"data_infracao": "2022-02-07", "numero_processo": "4222022", "autuado": "INSTITUTO NACIONAL DE COLONIZACAO E REFORMA AGRARIA NO DISTRITO FEDERAL", "descricao": "DESMATAMENTO EM RESERVA LEGAL", "area_ha": 4.1382}}, {"type": "Feature", "geometry": {"type": "Polygon", "coordinates": [[[-47.81227028, -14.18280694], [-47.81203528000001, -14.18255278000002], [-47.81078306000001, -14.18396888999998], [-47.80948, -14.18651027999998], [-47.81103778, -14.19085], [-47.81045721999998, -14.19356139000002], [-47.81018805999999, -14.19366528], [-47.8100125, -14.19363], [-47.80977694000001, -14.19486527999999], [-47.81067083, -14.19474722000002], [-47.81147083, -14.19091278], [-47.80999750000003, -14.18697556], [-47.81104667, -14.18419083], [-47.81227028, -14.18280694]]]}, "properties": {"data_infracao": "2022-02-10", "numero_processo": "4772022", "descricao": "realizar parcelamento do solo abaixo da FMP sem autorização do órgão competente.", "area_ha": 7.07}}, {"type": "Feature", "geometry": {"type": "Polygon", "coordinates": [[[-47.573962, -14.187497], [-47.573075, -14.187178], [-47.573318, -14.186623], [-47.573304, -14.186374], [-47.572904, -14.186388], [-47.572589, -14.187081], [-47.572346, -14.187275], [-47.573891, -14.18776], [-47.573962, -14.187497]]]}, "properties": {"data_infracao": "2022-02-10", "numero_processo": "4832022", "descricao": "supressão de vegetação nativa sem o devido licenciamento ambiental", "area_ha": 0.9}}, {"type": "Feature", "geometry": {"type": "Polygon", "coordinates": [[[-47.6531824787158, -14.1581321212146], [-47.6531471269958, -14.1581251069845], [-47.6531581393372, -14.1581453079674], [-47.6531824787158, -14.1581321212146]]]}, "properties": {"data_infracao": "2022-02-15", "numero_processo": "5342022", "descricao": "Por degradação em APP sem a devida autorização ambiental", "area_ha": 0.0008}}, {"type": "Feature", "geometry": {"type": "Polygon", "coordinates": [[[-47.6205057216702, -14.1930871267476], [-47.6208243963647, -14.1933715035333], [-47.620921221766, -14.1934201515614], [-47.6209617971279, -14.1933952026001], [-47.6208998948297, -14.1930389340106], [-47.6209206778184, -14.1934009526497], [-47.6206071647498, -14.193109263538], [-47.6205057216702, -14.1930871267476]]]}, "properties": {"data_infracao": "2022-02-15", "numero_processo": "5282022", "descricao": "Por danificação de vegetação nativa em APP através do plantio de espécie exótica (bambu), sem a devida licença ambiental competente", "area_ha": 0.0121}}, {"type": "Feature", "geometry": {"type": "Polygon", "coordinates": [[[-47.6530330756133, -14.1582571849384], [-47.6531172463753, -14.158240350786], [-47.6531295914204, -14.1581157780583], [-47.6534477569006, -14.1580248736354], [-47.6534253113641, -14.1579710043477], [-47.653051593181, -14.1581039941516], [-47.6530330756133, -14.1582571849384]]]}, "properties": {"data_infracao": "2022-02-15", "numero_processo": "5342022", "descricao": "Por degradação em APP sem a devida autorização ambiental", "area_ha": 0.0376}}, {"type": "Feature", "geometry": {"type": "Polygon", "coordinates": [[[-47.6234749760727, -14.1968426118134], [-47.6247928366971, -14.1966068636023], [-47.6248339595096, -14.1966704170455], [-47.624175161148, -14.1975284363343], [-47.6248739572882, -14.1966781332949], [-47.6246484018479, -14.1961243162112], [-47.6254345237332, -14.1959428987544], [-47.6246107379086, -14.1960967571346], [-47.624776901189, -14.1965731606354], [-47.6236348280199, -14.1968006141918], [-47.6236347850661, -14.1966056023209], [-47.6235964441954, -14.1968092080849], [-47.6234749760727, -14.1968426118134]]]}, "properties": {"data_infracao": "2022-02-15", "numero_processo": "5332022", "descricao": "Por danificação de vegetação nativa através do plantio de espécie exótica (eucalipto), sem a devida licença ambiental competente", "area_ha": 0.1775}}, {"type": "Feature", "geometry": {"type": "Polygon", "coordinates": [[[-47.6205057216702, -14.1930871267476], [-47.6208243963647, -14.1933715035333], [-47.620921221766, -14.1934201515614], [-47.6209617971279, -14.1933952026001], [-47.6208998948297, -14.1930389340106], [-47.6209206778184, -14.1934009526497], [-47.6206071647498, -14.193109263538], [-47.6205057216702, -14.1930871267476]]]}, "properties": {"data_infracao": "2022-02-15", "numero_processo": "5302022", "descricao": "Por danificação de vegetação nativa através do plantio de espécie exótica (bambu), sem a devida licença ambiental competente", "area_ha": 0.0207}}, {"type": "Feature", "geometry": {"type": "Polygon", "coordinates": [[[-47.65264972, -14.15828639], [-47.6529113085777, -14.1584709786738], [-47.653586919227, -14.1585091360859], [-47.6538674884336, -14.1590343616405], [-47.6545335597298, -14.1598553071388], [-47.6548427469954, -14.1600208429706], [-47.65435333, -14.15809861], [-47.65396889, -14.15777389], [-47.65387417, -14.15758139], [-47.65355222, -14.15743278], [-47.65327861, -14.15784639], [-47.65264972, -14.15828639]]]}, "properties": {"data_infracao": "2022-02-15", "numero_processo": "5382022", "descricao": "Parcelamento de solo sem licença.", "area_ha": 2.3173}}, {"type": "Feature", "geometry": {"type": "Polygon", "coordinates": [[[-47.65264972, -14.15828639], [-47.6529113085777, -14.1584709786738], [-47.653586919227, -14.1585091360859], [-47.6538674884336, -14.1590343616405], [-47.6545335597298, -14.1598553071388], [-47.6548427469954, -14.1600208429706], [-47.65435333, -14.15809861], [-47.65396889, -14.15777389], [-47.65387417, -14.15758139], [-47.65355222, -14.15743278], [-47.65327861, -14.15784639], [-47.65264972, -14.15828639]]]}, "properties": {"data_infracao": "2022-02-15", "numero_processo": "5362022", "descricao": "Por ser partícipe (aquisição de imóvel) de parcelamento de solos com características urbana em zona rural sem o devido licenciamento ambiental.", "area_ha": 2.3173}}, {"type": "Feature", "geometry": {"type": "Polygon", "coordinates": [[[-47.6531601965694, -14.1583055558418], [-47.6532300351963, -14.1582106104502], [-47.6531380084966, -14.1582774560636], [-47.6531601965694, -14.1583055558418]]]}, "properties": {"data_infracao": "2022-02-15", "numero_processo": "5342022", "descricao": "Por degradação de APP sem a devida autorização ambiental", "area_ha": 0.049}}, {"type": "Feature", "geometry": {"type": "Polygon", "coordinates": [[[-47.6224719970827, -14.1904511496261], [-47.6229214305977, -14.1894289965944], [-47.6227757289595, -14.1892776910469], [-47.6224125956456, -14.190089137094], [-47.6223913007907, -14.1903256220608], [-47.6224719970827, -14.1904511496261]]]}, "properties": {"data_infracao": "2022-02-15", "numero_processo": "5322022", "descricao": "Por supressão de vegetação nativa (corta raso) sem autorização do órgão ambiental competente.", "area_ha": 0.2271}}, {"type": "Feature", "geometry": {"type": "Polygon", "coordinates": [[[-47.6423739439718, -14.2862492882193], [-47.642650722596, -14.287282595083], [-47.6423370401552, -14.2885557767542], [-47.6417650309986, -14.2895521798012], [-47.6420418096228, -14.2902533523158], [-47.6448095958646, -14.2909360729221], [-47.6469500172249, -14.2925782927589], [-47.6493487653011, -14.2950693003766], [-47.649607092017, -14.2960841553319], [-47.6506219469724, -14.2964716454058], [-47.652116551543, -14.2981138652426], [-47.6521903591761, -14.2988888453903], [-47.6535558003887, -14.299073364473], [-47.6536472694258, -14.2962786850049], [-47.6552718278586, -14.2952169156428], [-47.6573937973107, -14.2928735232914], [-47.6576336721183, -14.2914711782622], [-47.6580949698252, -14.2907515538393], [-47.6579289026507, -14.2890908820943], [-47.65761522021, -14.2878361523313], [-47.6572277301361, -14.286692134018], [-47.6585562675322, -14.2851421737226], [-47.6585378156239, -14.2841457706756], [-47.6580027102839, -14.2831862714451], [-47.6573937973107, -14.2824666470222], [-47.6567110767043, -14.2823928393891], [-47.6558807408318, -14.2827249737381], [-47.6551242125924, -14.2828541370961], [-47.6545522034357, -14.2812857248924], [-47.6545891072523, -14.2802339661205], [-47.6551426645007, -14.2784441310175], [-47.6555301545745, -14.2780750928519], [-47.6562128751808, -14.2780935447602], [-47.6574491530355, -14.2784072272009], [-47.6590913728723, -14.2784072272009], [-47.6591836324137, -14.2775953432366], [-47.6594604110379, -14.2770971417131], [-47.6583717484494, -14.2753995661515], [-47.658740786615, -14.273646634865], [-47.6574122492189, -14.2722811936524], [-47.6560652599146, -14.2724288089186], [-47.6550135011427, -14.2722442898358], [-47.6547551744268, -14.2714139539633], [-47.6520796477264, -14.2716353768626], [-47.6513600233035, -14.271063367706], [-47.6505850431558, -14.2711187234308], [-47.650068389724, -14.272059770753], [-47.6496624477419, -14.2724472608269], [-47.6498100630081, -14.2732406928829], [-47.6499576782743, -14.2734805676905], [-47.6491642462183, -14.2744031631044], [-47.6488505637776, -14.2749936241693], [-47.6481862950796, -14.2754180180597], [-47.6476511897395, -14.2758793157667], [-47.6472267958491, -14.2766173920979], [-47.645233989755, -14.2776137951449], [-47.6440899714417, -14.2768019111806], [-47.6426876264125, -14.2799018317715], [-47.6422705, -14.2799534], [-47.64155054, -14.28057323], [-47.64000141, -14.28100759], [-47.6378726, -14.27941815], [-47.6376779333149, -14.2804553890198], [-47.63762257759, -14.2815809554248], [-47.6398552584917, -14.2835368577024], [-47.6412022477961, -14.284441001208], [-47.641460574512, -14.2854005004385], [-47.6423739439718, -14.2862492882193]]]}, "properties": {"data_infracao": "2022-04-07", "numero_processo": "15932022", "descricao": "Vegetação - Desmatamento / Supressão de vegetação nativa", "area_ha": 380.7}}, {"type": "Feature", "geometry": {"type": "Polygon", "coordinates": [[[-47.570871, -14.26365], [-47.570259, -14.263863], [-47.570077, -14.26339], [-47.570656, -14.263307], [-47.571257, -14.26248], [-47.571772, -14.262839], [-47.572002, -14.262246], [-47.57174, -14.261669], [-47.572185, -14.261747], [-47.572442, -14.261591], [-47.572308, -14.261342], [-47.572437, -14.260827], [-47.572981, -14.260423], [-47.572083, -14.259857], [-47.571696, -14.260189], [-47.571238, -14.260081], [-47.570672, -14.260549], [-47.569846, -14.260755], [-47.569567, -14.261052], [-47.569738, -14.26151], [-47.568804, -14.262336], [-47.568615, -14.262309], [-47.568498, -14.261743], [-47.568822, -14.261141], [-47.56937, -14.260917], [-47.56998, -14.260369], [-47.568693, -14.260889], [-47.568682, -14.261071], [-47.568451, -14.261186], [-47.567952, -14.261201], [-47.568011, -14.261846], [-47.568678, -14.262929], [-47.568762, -14.265257], [-47.568955, -14.265444], [-47.56917, -14.265028], [-47.569562, -14.264893], [-47.569427, -14.265381], [-47.569578, -14.266], [-47.569814, -14.266094], [-47.570404, -14.265704], [-47.57035, -14.265402], [-47.570618, -14.264941], [-47.571391, -14.26483], [-47.571455, -14.264565], [-47.570871, -14.26365]]]}, "properties": {"data_infracao": "2022-04-07", "numero_processo": "13122022", "descricao": "Vegetação - Desmatamento / Supressão de vegetação nativa", "area_ha": 16.629}}, {"type": "Feature", "geometry": {"type": "Polygon", "coordinates": [[[-47.573252, -14.258914], [-47.572255, -14.259335], [-47.572743, -14.259408], [-47.572625, -14.259772], [-47.57293, -14.259808], [-47.573304, -14.259471], [-47.573978, -14.259812], [-47.574384, -14.259678], [-47.574502, -14.259813], [-47.575146, -14.259803], [-47.576975, -14.259262], [-47.577206, -14.258726], [-47.577184, -14.2583], [-47.576951, -14.258096], [-47.577005, -14.257665], [-47.57683, -14.257104], [-47.576349, -14.256317], [-47.575285, -14.256012], [-47.573252, -14.258914]]]}, "properties": {"data_infracao": "2022-04-07", "numero_processo": "13122022", "descricao": "Vegetação - Desmatamento / Supressão de vegetação nativa", "area_ha": 12.472}}, {"type": "Feature", "geometry": {"type": "Polygon", "coordinates": [[[-47.5203875806543, -14.1724254726477], [-47.5207744226061, -14.170565701354], [-47.5216726563228, -14.1696241885589], [-47.5210478396075, -14.1692564497067], [-47.5195862212862, -14.1714325585851], [-47.5203875806543, -14.1724254726477]]]}, "properties": {"data_infracao": "2022-05-17", "numero_processo": "15672022", "autuado": "AGROJABORANDI EMPREENDIMENTOS IMOBILIARIOS E INVESTIMENTOS LTDA EPP", "descricao": "Vegetação - Desmatamento / Supressão de vegetação nativa", "area_ha": 2.4621}}, {"type": "Feature", "geometry": {"type": "Polygon", "coordinates": [[[-47.5195860672801, -14.1714324551438], [-47.5210474553646, -14.1692561405155], [-47.5206447395115, -14.169020762062], [-47.5193093352652, -14.1710857584698], [-47.5195860672801, -14.1714324551438]]]}, "properties": {"data_infracao": "2022-05-17", "numero_processo": "15672022", "autuado": "AGROJABORANDI EMPREENDIMENTOS IMOBILIARIOS E INVESTIMENTOS LTDA EPP", "descricao": "Vegetação - Desmatamento / Supressão de vegetação nativa", "area_ha": 1.2983}}, {"type": "Feature", "geometry": {"type": "Polygon", "coordinates": [[[-47.2302800748648, -14.1118673145277], [-47.2305656187699, -14.1131313831149], [-47.2309727235441, -14.1128475985641], [-47.2324484601722, -14.1149739916956], [-47.2328261646153, -14.1144771355335], [-47.233421654858, -14.1145982801676], [-47.2328678734327, -14.1138500588508], [-47.2324274297071, -14.1115873948951], [-47.2324982345573, -14.1109667150947], [-47.2317421337466, -14.1111870689116], [-47.2315417835532, -14.1114822710707], [-47.231154551199, -14.1125792360484], [-47.2309828808077, -14.1124874907529], [-47.2309234102295, -14.1111146565632], [-47.2302800748648, -14.1118673145277]]]}, "properties": {"data_infracao": "2022-05-19", "numero_processo": "16172022", "descricao": "Vegetação - Desmatamento / Supressão de vegetação nativa", "area_ha": 6.3595}}, {"type": "Feature", "geometry": {"type": "Polygon", "coordinates": [[[-47.5254110834183, -14.1080618474876], [-47.5289329359437, -14.1066169687566], [-47.5286738729744, -14.1054846195807], [-47.5281342110684, -14.1054516799853], [-47.5259820829915, -14.1063905672204], [-47.525920839454, -14.1065765279291], [-47.5253958464036, -14.1067982409687], [-47.5254110834183, -14.1080618474876]]]}, "properties": {"data_infracao": "2022-05-20", "numero_processo": "16162022", "descricao": "Vegetação - Desmatamento / Supressão de vegetação nativa", "area_ha": 5.7374}}, {"type": "Feature", "geometry": {"type": "Polygon", "coordinates": [[[-47.7786310940937, -14.1735664280569], [-47.7784354462654, -14.1732071308769], [-47.7780331797025, -14.1734046071896], [-47.7782160281402, -14.1737657328539], [-47.7786310940937, -14.1735664280569]]]}, "properties": {"data_infracao": "2022-09-19", "numero_processo": "30622022", "descricao": "Poluição ou Degradação Ambiental - Implantação de loteamento/parcelamento irregular do solo", "area_ha": 0.221}}, {"type": "Feature", "geometry": {"type": "Polygon", "coordinates": [[[-47.6199837991985, -14.3053042099465], [-47.6193537522266, -14.305452178516], [-47.6199409484179, -14.3075165131932], [-47.6220254153768, -14.3074192965448], [-47.6219829694067, -14.3070412307214], [-47.6217038722109, -14.3072595554309], [-47.6214677690541, -14.307247316015], [-47.6216458610607, -14.3068519722281], [-47.6210978072356, -14.3068505963425], [-47.6209735657196, -14.3069670116535], [-47.6207514789106, -14.3068507054049], [-47.6203139085392, -14.3068592424406], [-47.6199837991985, -14.3053042099465]]]}, "properties": {"data_infracao": "2022-09-21", "numero_processo": "28282022", "descricao": "Vegetação - Desmatamento / Supressão de vegetação nativa", "area_ha": 2.4754}}, {"type": "Feature", "geometry": {"type": "Polygon", "coordinates": [[[-47.6191355136423, -14.304682669431], [-47.6190212685694, -14.3046765062947], [-47.6187609402088, -14.3055292237464], [-47.619046559323, -14.306858370831], [-47.6189595326162, -14.3072304428692], [-47.6191880057146, -14.3075693481163], [-47.6199374873257, -14.3075462403601], [-47.6191355136423, -14.304682669431]]]}, "properties": {"data_infracao": "2022-09-21", "numero_processo": "28282022", "descricao": "Vegetação - Desmatamento / Supressão de vegetação nativa", "area_ha": 2.0857}}, {"type": "Feature", "geometry": {"type": "Polygon", "coordinates": [[[-47.5723329771585, -14.3458542481231], [-47.5731610248861, -14.3461043418186], [-47.5739430972949, -14.3441663739742], [-47.5727708033859, -14.3437768416492], [-47.5723329771585, -14.3458542481231]]]}, "properties": {"data_infracao": "2022-09-21", "numero_processo": "28262022", "descricao": "Vegetação - Exploração de árvores", "area_ha": 2.6323}}, {"type": "Feature", "geometry": {"type": "Polygon", "coordinates": [[[-47.5765183737099, -14.3513568729583], [-47.5795180013864, -14.3519242112058], [-47.5800254726007, -14.3464694743003], [-47.5780637523531, -14.3464567312091], [-47.577432828532, -14.3484612434389], [-47.578049090118, -14.348536355116], [-47.5776816508886, -14.3491215795522], [-47.5773920231476, -14.3497843634267], [-47.5769648973807, -14.3500429763395], [-47.5765183737099, -14.3513568729583]]]}, "properties": {"data_infracao": "2022-09-21", "numero_processo": "28272022", "descricao": "Vegetação - Exploração de árvores", "area_ha": 14.7652}}, {"type": "Feature", "geometry": {"type": "Polygon", "coordinates": [[[-47.7782433151122, -14.1717034494276], [-47.77797813198239, -14.1715876223134], [-47.7778805933599, -14.1717644110667], [-47.7777068526886, -14.1716973532637], [-47.7777099007705, -14.1716059108051], [-47.7775940736563, -14.1715967665593], [-47.7776336987217, -14.1717766033945], [-47.77809395909649, -14.1721484693927], [-47.7781579688175, -14.1721484693927], [-47.7781122475883, -14.1720265461146], [-47.7784871616684, -14.1718954785906], [-47.7784109596196, -14.171810132296], [-47.77825855552199, -14.1718832862628], [-47.7781579688175, -14.1718253727057], [-47.7782433151122, -14.1717034494276]]]}, "properties": {"data_infracao": "2022-12-16", "numero_processo": "62023", "descricao": "Vegetação - Desmatamento / Supressão de vegetação nativa", "area_ha": 0.259}}, {"type": "Feature", "geometry": {"type": "Polygon", "coordinates": [[[-47.7778028672701, -14.1720859837127], [-47.777680943992, -14.1722368637693], [-47.7775254918124, -14.1721819982942], [-47.7774553859275, -14.1720814115897], [-47.7776321746808, -14.1720326422785], [-47.7773822319607, -14.1719107190004], [-47.7773395588133, -14.1719869210492], [-47.7768701541926, -14.1720174018687], [-47.77680919255361, -14.1721210366551], [-47.7769494043234, -14.1722216233595], [-47.7773395588133, -14.1722886811625], [-47.77726945292839, -14.1723740274572], [-47.7769280677497, -14.1723008734903], [-47.7769951255527, -14.172450229506], [-47.7771810585518, -14.1725477681285], [-47.7776199823529, -14.1722460080152], [-47.7777861028193, -14.172317637941], [-47.7779110741794, -14.1721484693927], [-47.7778028672701, -14.1720859837127]]]}, "properties": {"data_infracao": "2022-12-16", "numero_processo": "62023", "descricao": "Vegetação - Desmatamento / Supressão de vegetação nativa", "area_ha": 0.369}}, {"type": "Feature", "geometry": {"type": "Polygon", "coordinates": [[[-47.5193328160168, -14.1229212274321], [-47.5191914675205, -14.1227063777177], [-47.5186656511141, -14.1223812761761], [-47.5180493716701, -14.1218356709803], [-47.5177949443767, -14.1211826409272], [-47.5137947819305, -14.1233537538309], [-47.5150047250591, -14.1247163533355], [-47.5157171214806, -14.1251460527644], [-47.5193328160168, -14.1229212274321]]]}, "properties": {"data_infracao": "2023-01-11", "numero_processo": "3072023", "autuado": "VALE DOS ETS EIRELI", "descricao": "Poluição ou Degradação Ambiental - Implantação de loteamento/parcelamento irregular do solo", "area_ha": 12.26}}, {"type": "Feature", "geometry": {"type": "Polygon", "coordinates": [[[-47.5160513873567, -14.1224363812328], [-47.5161284957202, -14.1224945245843], [-47.5162212991901, -14.1224461880758], [-47.5161359418713, -14.1223567226302], [-47.5158232053195, -14.1225091423487], [-47.5157383273563, -14.1223033750306], [-47.5158094689853, -14.1226831570274], [-47.5159985321921, -14.1230272896652], [-47.5157786617314, -14.1236778121527], [-47.5155945905651, -14.123538547282], [-47.5155508522106, -14.123269103226], [-47.515558763423, -14.1235408510779], [-47.5154634342993, -14.1236149456846], [-47.5155662522193, -14.1235751791156], [-47.5157009942576, -14.1237245670154], [-47.515391414165, -14.1240143551646], [-47.5158377803421, -14.1236719151236], [-47.5158977514673, -14.1237919734717], [-47.5155191780753, -14.1240926621599], [-47.5156080615557, -14.1243929626704], [-47.5155432789436, -14.1241215524402], [-47.5159226549586, -14.1238493083336], [-47.5158530750779, -14.1236386440706], [-47.5160159045114, -14.1230676810843], [-47.5161172996534, -14.1231978227032], [-47.5160905854034, -14.1237337577764], [-47.5162945977967, -14.1239159359706], [-47.5161218396015, -14.1237213878002], [-47.5161492031963, -14.1231946996631], [-47.5160290285616, -14.1230373948193], [-47.516211921163, -14.1228430925958], [-47.5165388895057, -14.1226983921193], [-47.5169034464963, -14.1228662425315], [-47.5171960080619, -14.1227483438394], [-47.5175598452131, -14.1237301592214], [-47.5172289217124, -14.1227197714118], [-47.5178605666225, -14.122415107419], [-47.5180006400666, -14.1225097007331], [-47.5178784864, -14.1223759335876], [-47.5180013895822, -14.1223001163835], [-47.5185202566792, -14.1222891230489], [-47.518081781974, -14.1222668046347], [-47.5181502688616, -14.1221345161212], [-47.517966724437, -14.12199642578], [-47.5181204500773, -14.1219351652266], [-47.5180488353366, -14.1218732471485], [-47.5179269746459, -14.1219588696198], [-47.5180481028616, -14.1222673587849], [-47.5169099367492, -14.1228343258333], [-47.5166533087012, -14.1226208268917], [-47.5167179725561, -14.122420953375], [-47.516960372993, -14.1223087844069], [-47.5170808219331, -14.1221641660957], [-47.5166965394777, -14.1223847998535], [-47.5164904707752, -14.1221826989756], [-47.5164414155116, -14.1222943041236], [-47.5166124528549, -14.1226663921193], [-47.5163306407504, -14.1227292751786], [-47.5160077645674, -14.1230059841837], [-47.515823235528, -14.1225459811221], [-47.5160513873567, -14.1224363812328]], [[-47.5166235344105, -14.1226081613211], [-47.5164720978026, -14.1222821235336], [-47.5164939990864, -14.1222183156657], [-47.5166860869239, -14.1224152864687], [-47.5166235344105, -14.1226081613211]]]}, "properties": {"data_infracao": "2023-01-11", "numero_processo": "3082023", "autuado": "VALE DOS ETS EIRELI", "descricao": "Vegetação - Desmatamento / Supressão de vegetação nativa", "area_ha": 0.475}}, {"type": "Feature", "geometry": {"type": "Polygon", "coordinates": [[[-47.5156409983025, -14.1224340423029], [-47.5155661128546, -14.1224821911561], [-47.5156301333077, -14.1225325303167], [-47.5156923827358, -14.122489614534], [-47.5156409983025, -14.1224340423029]]]}, "properties": {"data_infracao": "2023-01-11", "numero_processo": "3082023", "autuado": "VALE DOS ETS EIRELI", "descricao": "Vegetação - Desmatamento / Supressão de vegetação nativa", "area_ha": 0.007}}, {"type": "Feature", "geometry": {"type": "Polygon", "coordinates": [[[-47.22946839028005, -14.14225978137955], [-47.22920349773266, -14.14234284633222], [-47.228438234494426, -14.14301946338962], [-47.22763005741714, -14.14322655286865], [-47.227261107998, -14.14328447972789], [-47.22558046572909, -14.1432120994246], [-47.22523458643319, -14.14304000935635], [-47.22477290125811, -14.14195802077129], [-47.22463019214213, -14.14139419747578], [-47.22448706380183, -14.14123843372488], [-47.22419977600353, -14.14125243387123], [-47.223937572625005, -14.14109895492608], [-47.22360443334707, -14.14107769299605], [-47.22181193169088, -14.140003471775742], [-47.22122194075799, -14.13956111727088], [-47.22153137214811, -14.13955712012948], [-47.22140785610574, -14.13949547697353], [-47.22148114781711, -14.13919232640713], [-47.22200099520659, -14.13908641195501], [-47.22228475328634, -14.13889187344452], [-47.22254172027957, -14.13884681519096], [-47.22270112540824, -14.13890448972916], [-47.22267461331746, -14.13883925495738], [-47.22238561414585, -14.13873724868527], [-47.22218857905393, -14.13882454551076], [-47.22199425385703, -14.13874685102588], [-47.22111326326509, -14.13891941549243], [-47.22082764083706, -14.13874476701649], [-47.22036773836509, -14.13869737653127], [-47.21951763716688, -14.13815004079294], [-47.21926335717699, -14.13791840650334], [-47.21914809288861, -14.13768958107539], [-47.21856241964271, -14.1374188547557], [-47.21811004289015, -14.13699693273418], [-47.21782220346991, -14.13696747149482], [-47.21766303884291, -14.13680182597626], [-47.21638691945311, -14.13657158762506], [-47.21496913248897, -14.1368819292179], [-47.21430662078464, -14.13738967682828], [-47.21373627530721, -14.13798311032691], [-47.21341577592854, -14.13847277987015], [-47.2132584491586, -14.13915024527075], [-47.21299403519101, -14.13968046722079], [-47.21248507733031, -14.14062150179547], [-47.21222343072153, -14.14085877426605], [-47.21220647703142, -14.14165520211136], [-47.2120288886012, -14.14230955204463], [-47.211969616411565, -14.14321103318233], [-47.21175495100924, -14.143884067565322], [-47.21151159885847, -14.144124148552923], [-47.21044130031708, -14.14408658491342], [-47.20957604980774, -14.144192173439873], [-47.20843264414127, -14.14445660999602], [-47.20806636787452, -14.14445171423204], [-47.20746207763725, -14.14418319901174], [-47.20712141555482, -14.143909749876443], [-47.2066955375133, -14.1438016974456], [-47.20598008003386, -14.14393664880063], [-47.2045185729711, -14.14258720143943], [-47.20436542967191, -14.14214701961381], [-47.20436660983143, -14.14177068555682], [-47.20498664424927, -14.14077321121031], [-47.20519320783079, -14.14067362823778], [-47.20523637980557, -14.14048864428283], [-47.20449269048574, -14.14028738903926], [-47.20452664922818, -14.140193118453462], [-47.20475604910276, -14.140211133100161], [-47.20507867515671, -14.139954805856982], [-47.2063630930448, -14.139369087665521], [-47.2072613554386, -14.13930068874048], [-47.20794097161634, -14.13882041867434], [-47.20800197597222, -14.1382345980208], [-47.20775491430899, -14.13821060476317], [-47.20781715274973, -14.138477860988381], [-47.207655310704794, -14.13856104945539], [-47.20714723428884, -14.1383633896809], [-47.20655836436725, -14.1384206397894], [-47.20626525456143, -14.13853595918448], [-47.20599149665507, -14.13844840735054], [-47.20521738752166, -14.13874079824994], [-47.20453151585828, -14.13843919064574], [-47.20405861004939, -14.138421281976592], [-47.20345739306535, -14.13852228784804], [-47.20314451123852, -14.13845718800939], [-47.20332162793635, -14.138792532605832], [-47.20249368428585, -14.13944151040347], [-47.20211615547218, -14.13994135861155], [-47.2018565234643, -14.14005568539878], [-47.20155312765249, -14.14006941138202], [-47.20127195940195, -14.139774941178842], [-47.20090042172873, -14.13953669264551], [-47.20070456032984, -14.13945335870196], [-47.20022384465981, -14.139467017930972], [-47.19999583772478, -14.13976975533381], [-47.19988374950479, -14.14015594638494], [-47.19992011640495, -14.14019372844267], [-47.20006615790317, -14.13998887451523], [-47.20019776529805, -14.13997113152017], [-47.20023908043948, -14.139859848756801], [-47.20006062139718, -14.13977523710767], [-47.20026124717862, -14.13952897872367], [-47.20069101559293, -14.139541557208531], [-47.20095982298604, -14.139665022557862], [-47.20160300353012, -14.14020936103011], [-47.20219677698018, -14.14000934082274], [-47.20255081185237, -14.139507726505652], [-47.20273493638414, -14.139510952005342], [-47.20439009260813, -14.14068847990067], [-47.20458261190755, -14.14061579856339], [-47.20489216807758, -14.14074194934168], [-47.20432157136543, -14.14174586888061], [-47.20433085747449, -14.142309247163341], [-47.20443735071348, -14.14260322004347], [-47.20594242992517, -14.1439781936714], [-47.20665585778239, -14.14387328008541], [-47.20703538448446, -14.14393334762789], [-47.20728756871535, -14.144149216413552], [-47.20804583419412, -14.14452738016684], [-47.20845496285093, -14.14452490342706], [-47.208944472431625, -14.14437726542677], [-47.21057707790617, -14.14413368840812], [-47.21167716624, -14.144336575275252], [-47.21194601600311, -14.144200488760902], [-47.21213307063252, -14.14397272901584], [-47.212217565751075, -14.14371710276247], [-47.21260402517022, -14.14134383854481], [-47.21383946461615, -14.140667324438601], [-47.217508254637885, -14.13956926175736], [-47.2190833673449, -14.14013974652133], [-47.21941537005486, -14.14008196213817], [-47.21949785852074, -14.13997511919114], [-47.21935175820681, -14.13993357348085], [-47.21940836636512, -14.13984196222163], [-47.22001852783749, -14.13970669467382], [-47.22023379275386, -14.13942848790804], [-47.2203912078266, -14.13939935131941], [-47.22064583646289, -14.13961609423996], [-47.2206933271803, -14.13952919671114], [-47.22110180603648, -14.13962558531994], [-47.2237305608331, -14.14130679139924], [-47.224440798898, -14.141374096847912], [-47.22504098874978, -14.14300527575488], [-47.22544780488008, -14.14335937279767], [-47.22674966600872, -14.14346011945095], [-47.227367883704154, -14.14342965825891], [-47.22835389642622, -14.14320663336191], [-47.228710974840595, -14.14300970519672], [-47.22935315845814, -14.142463183819991], [-47.22951694276794, -14.14241922313121], [-47.22955359392488, -14.14233463772958], [-47.22946839028005, -14.14225978137955]]]}, "properties": {"data_infracao": "2023-01-24", "numero_processo": "6852023", "autuado": "LA EMPREENDIMENTOS LTDA", "descricao": "Poluição ou Degradação Ambiental - Implantação e/ou operação de atividade potencialmente poluidora", "area_ha": 0.0}}, {"type": "Feature", "geometry": {"type": "Polygon", "coordinates": [[[-47.5913, -14.1606], [-47.591714, -14.161089], [-47.592207, -14.159591], [-47.591435, -14.15932], [-47.5913, -14.1606]]]}, "properties": {"data_infracao": "2023-03-01", "numero_processo": "7672023", "autuado": "POUSADA FAZENDA SAO BENTO LTDA", "descricao": "Solo - Outro", "area_ha": 1.0}}, {"type": "Feature", "geometry": {"type": "Polygon", "coordinates": [[[-47.4489259591105, -14.0844668582566], [-47.4489509153025, -14.083954401879], [-47.4489688937742, -14.0842140322798], [-47.4498364907055, -14.0842720259152], [-47.4498036948073, -14.0847622920758], [-47.4491794325431, -14.084701826423], [-47.4495141325812, -14.0857785050482], [-47.4497586990566, -14.0855347647779], [-47.4500942405086, -14.084907803638], [-47.4504964746931, -14.0848294827626], [-47.4510174457852, -14.0844752948804], [-47.4510149902682, -14.0842452000435], [-47.4511437078637, -14.0841919287509], [-47.4512626037606, -14.0846435361093], [-47.451229494139, -14.0851041123149], [-47.4511558280462, -14.0853275579557], [-47.4508026251585, -14.0857245799754], [-47.4510477845048, -14.0858928212161], [-47.4511723053229, -14.0861587908186], [-47.4513175793863, -14.0862315456039], [-47.4513553600316, -14.0847836340143], [-47.4514752851398, -14.0846191036684], [-47.4514065685118, -14.0838811923269], [-47.4516345764512, -14.0838677388256], [-47.4516926390812, -14.0843199645289], [-47.4520657222297, -14.0843607091644], [-47.4523522264365, -14.0841276751118], [-47.4516680023975, -14.0834368523265], [-47.451940482441, -14.0818900522809], [-47.4503653915259, -14.0818095634356], [-47.4493589506633, -14.0815674001205], [-47.4493686192401, -14.0810476758625], [-47.4500912603664, -14.0796373441344], [-47.4496592514485, -14.0797753513012], [-47.4491379627359, -14.080812475495], [-47.4492094861218, -14.0811012549684], [-47.4490903519071, -14.0813400084618], [-47.4480410570568, -14.081358087632], [-47.4468106507659, -14.0793663016253], [-47.4465515974786, -14.0793206789452], [-47.4457406050079, -14.0795775844124], [-47.4456339702278, -14.0802764512502], [-47.4458511532554, -14.0806751037122], [-47.4461108008363, -14.0807763952433], [-47.4462508538418, -14.0803592726902], [-47.4464257490411, -14.0803574983036], [-47.4464925893613, -14.080920986658], [-47.4471335521999, -14.081122333042], [-47.4471098562441, -14.0817535489483], [-47.4479830604505, -14.0823385435784], [-47.4479931856832, -14.0832886148646], [-47.4483316398126, -14.0843615466594], [-47.4474138177376, -14.0845861405138], [-47.448697586843, -14.0851595386069], [-47.4486686012654, -14.0845808210534], [-47.4489259591105, -14.0844668582566]]]}, "properties": {"data_infracao": "2023-03-02", "numero_processo": "8572023", "descricao": "Vegetação - Desmatamento / Supressão de vegetação nativa", "area_ha": 18.9985}}, {"type": "Feature", "geometry": {"type": "Polygon", "coordinates": [[[-47.479424, -14.081862], [-47.479591, -14.08169], [-47.479333, -14.081398], [-47.479129, -14.08171], [-47.479424, -14.081862]]]}, "properties": {"data_infracao": "2023-03-02", "numero_processo": "7832023", "autuado": "MYCORHYZA PROJETOS E PESQUISAS EM MEIO AMBIENTE LTDA", "descricao": "Solo - Outro", "area_ha": 0.1}}, {"type": "Feature", "geometry": {"type": "Polygon", "coordinates": [[[-47.6053661423487, -14.3056759995911], [-47.6054496092957, -14.3063134045473], [-47.6059679955992, -14.3063819431512], [-47.6068162882893, -14.3060163669259], [-47.6067665141478, -14.3056606416014], [-47.6064174486556, -14.3057535384665], [-47.6053661423487, -14.3056759995911]]]}, "properties": {"data_infracao": "2023-03-03", "numero_processo": "8552023", "descricao": "Vegetação - Desmatamento / Supressão de vegetação nativa", "area_ha": 0.9069}}, {"type": "Feature", "geometry": {"type": "Polygon", "coordinates": [[[-47.5722632100017, -14.3458686411652], [-47.5704528996762, -14.3453360263601], [-47.5699988917279, -14.346468448264], [-47.568803026776, -14.3531152325316], [-47.5705551079846, -14.3529761784674], [-47.5722632100017, -14.3458686411652]]]}, "properties": {"data_infracao": "2023-03-03", "numero_processo": "8162023", "descricao": "Vegetação - Exploração de árvores", "area_ha": 17.2104}}, {"type": "Feature", "geometry": {"type": "Polygon", "coordinates": [[[-47.5985184628186, -14.3198163512886], [-47.5984230195361, -14.3201217125297], [-47.5987154939351, -14.3204005607104], [-47.5990556076426, -14.3201890115589], [-47.5985184628186, -14.3198163512886]]]}, "properties": {"data_infracao": "2023-03-03", "numero_processo": "7782023", "descricao": "Vegetação - Desmatamento / Supressão de vegetação nativa", "area_ha": 0.2129}}, {"type": "Feature", "geometry": {"type": "Polygon", "coordinates": [[[-47.6014599955191, -14.3220776406668], [-47.599462849921, -14.3205185586407], [-47.5988581364655, -14.3208888746054], [-47.5994593375132, -14.3215354591368], [-47.599051404511, -14.3218071304762], [-47.5986669084756, -14.3214699116316], [-47.5976600729253, -14.3219559622868], [-47.5982890644513, -14.3230327423502], [-47.6014599955191, -14.3220776406668]]]}, "properties": {"data_infracao": "2023-03-03", "numero_processo": "7782023", "descricao": "Vegetação - Desmatamento / Supressão de vegetação nativa", "area_ha": 5.1929}}, {"type": "Feature", "geometry": {"type": "Polygon", "coordinates": [[[-47.12996116777341, -14.09536804046172], [-47.13100991440724, -14.09169532377768], [-47.12731345597568, -14.09396898792496], [-47.12845189521911, -14.0980194980993], [-47.12836995022009, -14.09818775116599], [-47.12844788404382, -14.09827144669325], [-47.12856021445158, -14.09812987904699], [-47.130326329478, -14.0977120102473], [-47.13046057262843, -14.0977909494565], [-47.13071315331688, -14.09766163190699], [-47.12996116777341, -14.09536804046172]]]}, "properties": {"data_infracao": "2023-03-03", "numero_processo": "8302023", "descricao": "Vegetação - Desmatamento / Supressão de vegetação nativa", "area_ha": 15.6}}, {"type": "Feature", "geometry": {"type": "Polygon", "coordinates": [[[-47.6063312740904, -14.3113555526861], [-47.6074936171232, -14.3109526610368], [-47.6074831789467, -14.3107078392551], [-47.6073292480061, -14.3105610825451], [-47.6071639503765, -14.3107484546588], [-47.6069128769444, -14.3107586324417], [-47.6067023732165, -14.3106565661146], [-47.6061100035704, -14.3100729910583], [-47.6063312740904, -14.3113555526861]]]}, "properties": {"data_infracao": "2023-03-03", "numero_processo": "8552023", "descricao": "Vegetação - Desmatamento / Supressão de vegetação nativa", "area_ha": 0.9836}}, {"type": "Feature", "geometry": {"type": "Polygon", "coordinates": [[[-47.6065839726743, -14.3127639481057], [-47.6072420217016, -14.3125660649103], [-47.6074296036531, -14.3126604958461], [-47.6081696251976, -14.3123104808042], [-47.6081280120659, -14.3115084004665], [-47.6076372106399, -14.3115226028903], [-47.6070592597003, -14.3119000626062], [-47.6064640559695, -14.3121018943595], [-47.6065839726743, -14.3127639481057]]]}, "properties": {"data_infracao": "2023-03-03", "numero_processo": "8552023", "descricao": "Vegetação - Desmatamento / Supressão de vegetação nativa", "area_ha": 1.6392}}, {"type": "Feature", "geometry": {"type": "Polygon", "coordinates": [[[-47.627009, -14.293959], [-47.626894, -14.29373], [-47.626704, -14.293809], [-47.626833, -14.294038], [-47.627009, -14.293959]]]}, "properties": {"data_infracao": "2023-03-04", "numero_processo": "8692023", "autuado": "JF ASSESSORIA RURAL EIRELI", "descricao": "Solo - Outro", "area_ha": 0.1}}, {"type": "Feature", "geometry": {"type": "Polygon", "coordinates": [[[-47.451524, -14.064321], [-47.452382, -14.064935], [-47.452694, -14.064383], [-47.451835, -14.063863], [-47.451524, -14.064321]]]}, "properties": {"data_infracao": "2023-03-05", "numero_processo": "8682023", "descricao": "Solo - Outro", "area_ha": 1.0}}, {"type": "Feature", "geometry": {"type": "Polygon", "coordinates": [[[-47.32477998729771, -14.0640800606524], [-47.3247110534664, -14.0635244322536], [-47.32427385963901, -14.0625551302072], [-47.3237963649293, -14.0622970330456], [-47.3231988001184, -14.0626890985147], [-47.3228004462561, -14.0624302376685], [-47.32223375538229, -14.0627447410399], [-47.3225227165772, -14.0631437285265], [-47.3222277535125, -14.0637183117786], [-47.32287779973619, -14.063820225727], [-47.3231676998606, -14.0643119184812], [-47.32369127843641, -14.0644304995919], [-47.32477998729771, -14.0640800606524]]]}, "properties": {"data_infracao": "2023-11-07", "numero_processo": "6152024", "descricao": "Vegetação - Desmatamento / Supressão de vegetação nativa", "area_ha": 4.396}}, {"type": "Feature", "geometry": {"type": "Polygon", "coordinates": [[[-47.4606600543627, -14.2304284094132], [-47.4611007652554, -14.2299829927164], [-47.4613883069171, -14.2298615588915], [-47.4613071816381, -14.2297909709277], [-47.4611025004887, -14.2298982566412], [-47.4606065631798, -14.230401215425], [-47.4606600543627, -14.2304284094132]]]}, "properties": {"data_infracao": "2023-12-18", "numero_processo": "152024", "descricao": "Vegetação - Desmatamento / Supressão de vegetação nativa", "area_ha": 0.6203}}, {"type": "Feature", "geometry": {"type": "Polygon", "coordinates": [[[-47.46080614711, -14.2317364064861], [-47.4608585257223, -14.2318626023222], [-47.4611890495563, -14.2317695424686], [-47.4615855752298, -14.2314060419419], [-47.46080614711, -14.2317364064861]]]}, "properties": {"data_infracao": "2023-12-18", "numero_processo": "142024", "descricao": "Vegetação - Desmatamento / Supressão de vegetação nativa", "area_ha": 0.2978}}, {"type": "Feature", "geometry": {"type": "Polygon", "coordinates": [[[-47.4615880942328, -14.2313355742354], [-47.4615728358032, -14.2312148599139], [-47.4614268965143, -14.231075480847], [-47.461169434876, -14.2309436549462], [-47.4607752516533, -14.2309172994309], [-47.460624834231, -14.2310337268868], [-47.461058402118, -14.2309757510397], [-47.4615880942328, -14.2313355742354]]]}, "properties": {"data_infracao": "2023-12-18", "numero_processo": "142024", "descricao": "Vegetação - Desmatamento / Supressão de vegetação nativa", "area_ha": 0.2978}}, {"type": "Feature", "geometry": {"type": "Polygon", "coordinates": [[[-47.4604932194427, -14.2309668249837], [-47.4604862290157, -14.2307505770517], [-47.4606600543627, -14.2304284094132], [-47.4606065631798, -14.230401215425], [-47.4604450061816, -14.2305813011215], [-47.460407492958, -14.2307545902362], [-47.4604932194427, -14.2309668249837]]]}, "properties": {"data_infracao": "2023-12-18", "numero_processo": "142024", "descricao": "Vegetação - Desmatamento / Supressão de vegetação nativa", "area_ha": 0.2978}}, {"type": "Feature", "geometry": {"type": "Polygon", "coordinates": [[[-47.46080614711, -14.2317364064861], [-47.4615855752298, -14.2314060419419], [-47.4615880942328, -14.2313355742354], [-47.461058402118, -14.2309757510397], [-47.4606720085818, -14.2310423446294], [-47.4604932194427, -14.2309668249837], [-47.46080614711, -14.2317364064861]]]}, "properties": {"data_infracao": "2023-12-18", "numero_processo": "152024", "descricao": "Vegetação - Desmatamento / Supressão de vegetação nativa", "area_ha": 0.6203}}, {"type": "Feature", "geometry": {"type": "Polygon", "coordinates": [[[-47.45817606848866, -14.06388091940316], [-47.45826560448448, -14.06354070466966], [-47.45737179546922, -14.06335882744819], [-47.45725635357365, -14.06369204472402], [-47.45817606848866, -14.06388091940316]]]}, "properties": {"data_infracao": "2024-03-01", "numero_processo": "15202024", "descricao": "Poluição ou Degradação Ambiental - Implantação de loteamento/parcelamento irregular do solo", "area_ha": 0.404}}, {"type": "Feature", "geometry": {"type": "Polygon", "coordinates": [[[-47.45711681200156, -14.06447672905523], [-47.45688456671112, -14.06425880900235], [-47.45682556079399, -14.06434238667923], [-47.45673448425574, -14.06431778522571], [-47.45645089809968, -14.06408328225797], [-47.45583616587161, -14.06456243279789], [-47.45620878225746, -14.06522532405386], [-47.45643383608299, -14.06537346714663], [-47.4567636257318, -14.06501376125467], [-47.45643048669456, -14.06472009146538], [-47.45677773438643, -14.06436747793587], [-47.45676356805733, -14.06444059895736], [-47.45698274429836, -14.0646677860033], [-47.45711681200156, -14.06447672905523]]]}, "properties": {"data_infracao": "2024-03-01", "numero_processo": "11642024", "descricao": "Solo - Outro", "area_ha": 0.9}}, {"type": "Feature", "geometry": {"type": "Polygon", "coordinates": [[[-47.4399456302639, -14.1026557077885], [-47.43988854, -14.10172727], [-47.4397948209711, -14.1017138009172], [-47.4397870239663, -14.1019324069365], [-47.4395524744764, -14.1021369490081], [-47.4397043126744, -14.1025021967598], [-47.4397943345958, -14.1026196958703], [-47.4399456302639, -14.1026557077885]]]}, "properties": {"data_infracao": "2024-03-02", "numero_processo": "10642024", "descricao": "Vegetação - Exploração de árvores", "area_ha": 0.2601}}, {"type": "Feature", "geometry": {"type": "Polygon", "coordinates": [[[-47.44076245, -14.10564318], [-47.44011511, -14.10438713], [-47.4401840999088, -14.1036540104765], [-47.4400043266154, -14.1035836304728], [-47.439948119602, -14.1033069444755], [-47.4397015288096, -14.10321413667], [-47.4397408276933, -14.1035704163031], [-47.4396256460069, -14.1037304278453], [-47.4396065424423, -14.1040208734513], [-47.4400970375656, -14.1039538090332], [-47.4400276109485, -14.1045205761581], [-47.4405073064659, -14.1053850253681], [-47.440722584712, -14.1056825067605], [-47.44076245, -14.10564318]]]}, "properties": {"data_infracao": "2024-03-02", "numero_processo": "10642024", "descricao": "Vegetação - Desmatamento / Supressão de vegetação nativa", "area_ha": 0.6144}}, {"type": "Feature", "geometry": {"type": "Polygon", "coordinates": [[[-47.6306491780736, -14.1558802741176], [-47.6306748149513, -14.1561049099661], [-47.6308358677923, -14.1560512881596], [-47.6307037313738, -14.1557247331781], [-47.630804917361, -14.1555177094826], [-47.630280465034, -14.1549625375229], [-47.630307011403, -14.1550793224745], [-47.6302105647705, -14.1551553520962], [-47.6300527743421, -14.1552420504338], [-47.6299422004014, -14.1552032772138], [-47.6299713764464, -14.1550680071689], [-47.6302016453902, -14.1550479895108], [-47.6302538820209, -14.1549343973021], [-47.6302031862243, -14.1548807256221], [-47.6300384463816, -14.1548873383496], [-47.6298096804558, -14.1550379162245], [-47.6299854742336, -14.155402729163], [-47.6303644700816, -14.1558434103866], [-47.6302564103728, -14.1559493743125], [-47.6303219876613, -14.1560199427064], [-47.6306491780736, -14.1558802741176]]]}, "properties": {"data_infracao": "2024-03-03", "numero_processo": "20522024", "descricao": "Vegetação - Desmatamento / Supressão de vegetação nativa", "area_ha": 0.6653}}, {"type": "Feature", "geometry": {"type": "MultiPolygon", "coordinates": [[[[-47.42971611918173, -14.08504483207527], [-47.429714784496, -14.085042592758985], [-47.42967917053666, -14.08503446350825], [-47.42971611918173, -14.08504483207527]]], [[[-47.43201877788851, -14.08419115948526], [-47.43156087574055, -14.08441337340579], [-47.43127800387437, -14.0848299589057], [-47.43086302713175, -14.08500012612695], [-47.43035907589307, -14.08492244747494], [-47.43016330595832, -14.08501429693392], [-47.42966062142261, -14.08495171874277], [-47.429714784496, -14.085042592758985], [-47.43015513917136, -14.08511008166183], [-47.43042564482638, -14.08501617306153], [-47.43082672698658, -14.08506557839673], [-47.43107616638441, -14.08491945715081], [-47.43131349459961, -14.08489251311318], [-47.43151096206586, -14.08451726920461], [-47.43198280911645, -14.08429359490431], [-47.43207214739208, -14.08410682031101], [-47.43200698128066, -14.0840885999845], [-47.43201877788851, -14.08419115948526]]]]}, "properties": {"data_infracao": "2024-03-25", "numero_processo": "15502024", "descricao": "Vegetação - Desmatamento / Supressão de vegetação nativa", "area_ha": 0.179}}, {"type": "Feature", "geometry": {"type": "Polygon", "coordinates": [[[-47.4405782834286, -14.1011605586706], [-47.4405903091415, -14.1008629970763], [-47.4405313185796, -14.1010820423671], [-47.4402848395378, -14.1012984048452], [-47.4402862392096, -14.1014299733262], [-47.4404125109, -14.1014188249329], [-47.4405782834286, -14.1011605586706]]]}, "properties": {"data_infracao": "2024-03-26", "numero_processo": "16522024", "descricao": "Vegetação - Desmatamento / Supressão de vegetação nativa", "area_ha": 0.0725}}, {"type": "Feature", "geometry": {"type": "Polygon", "coordinates": [[[-47.4399373454947, -14.0992064715452], [-47.4398300997306, -14.0992634807151], [-47.4398765684545, -14.0995130171077], [-47.439986974431, -14.0994362384777], [-47.4402032851939, -14.0994932590103], [-47.440452176542, -14.0994446830397], [-47.4405990925458, -14.0993149011217], [-47.4399373454947, -14.0992064715452]]]}, "properties": {"data_infracao": "2024-03-26", "numero_processo": "16522024", "descricao": "Vegetação - Desmatamento / Supressão de vegetação nativa", "area_ha": 0.1857}}, {"type": "Feature", "geometry": {"type": "Polygon", "coordinates": [[[-47.43969953066, -14.1011618056563], [-47.4394255311517, -14.1010298684457], [-47.4393868790626, -14.1009057382995], [-47.43931112, -14.10115449], [-47.4394142370552, -14.1012657307855], [-47.4396289384716, -14.1013376478612], [-47.43969953066, -14.1011618056563]]]}, "properties": {"data_infracao": "2024-03-26", "numero_processo": "16522024", "descricao": "Vegetação - Desmatamento / Supressão de vegetação nativa", "area_ha": 0.1028}}, {"type": "Feature", "geometry": {"type": "Polygon", "coordinates": [[[-47.4399553136029, -14.0988681200239], [-47.4398563722058, -14.0988816246535], [-47.4398868022737, -14.0990951769279], [-47.4399553136029, -14.0988681200239]]]}, "properties": {"data_infracao": "2024-03-26", "numero_processo": "16522024", "descricao": "Vegetação - Desmatamento / Supressão de vegetação nativa", "area_ha": 0.0198}}, {"type": "Feature", "geometry": {"type": "Polygon", "coordinates": [[[-47.4405808940953, -14.1007723634128], [-47.4405187637511, -14.1006348313109], [-47.4403246314955, -14.1007618022261], [-47.4402432608026, -14.1007165728793], [-47.4403551126838, -14.1004588531984], [-47.4403200827679, -14.1003342046456], [-47.4400937424368, -14.0999680666429], [-47.4398837514763, -14.099871507234], [-47.4398621902779, -14.1000625206164], [-47.4399399107686, -14.1000814705829], [-47.4398286065848, -14.1002322736149], [-47.4400557104264, -14.1003533313827], [-47.4400144539899, -14.1005938878329], [-47.4402222303118, -14.1007990251644], [-47.4400026181963, -14.1007486174269], [-47.4400103378856, -14.1008406470927], [-47.4403952918473, -14.1009091166435], [-47.440380209737, -14.1011649578661], [-47.4405313185796, -14.1010820423671], [-47.4405808940953, -14.1007723634128]]]}, "properties": {"data_infracao": "2024-03-26", "numero_processo": "16522024", "descricao": "Vegetação - Desmatamento / Supressão de vegetação nativa", "area_ha": 0.4275}}, {"type": "Feature", "geometry": {"type": "Polygon", "coordinates": [[[-47.6505124372255, -14.1444309206036], [-47.6503928761726, -14.1446754162267], [-47.6504946966828, -14.1448378762979], [-47.650683234249, -14.1446942317485], [-47.6516438670778, -14.1455235649408], [-47.6516584625475, -14.1459480927925], [-47.6515124125396, -14.1461416024356], [-47.6513657121416, -14.1461400767953], [-47.6512797686476, -14.1463738185147], [-47.6514495737224, -14.1465606938693], [-47.6516242204712, -14.1466090984086], [-47.6515570528196, -14.1463770477696], [-47.6515898403117, -14.1462854561288], [-47.6516880258311, -14.1462733611889], [-47.6517109487553, -14.146026159189], [-47.651781224609, -14.1459703306771], [-47.6517172020132, -14.1454535463805], [-47.6505124372255, -14.1444309206036]]]}, "properties": {"data_infracao": "2024-03-26", "numero_processo": "16512024", "descricao": "Vegetação - Desmatamento / Supressão de vegetação nativa", "area_ha": 0.484}}, {"type": "Feature", "geometry": {"type": "Polygon", "coordinates": [[[-47.4398991559735, -14.0991015922756], [-47.4399972011411, -14.0991302050656], [-47.4399590309058, -14.0991891758318], [-47.4405991549152, -14.0993121173783], [-47.4404579829635, -14.0990400074912], [-47.4399553136029, -14.0988681200239], [-47.4398991559735, -14.0991015922756]]]}, "properties": {"data_infracao": "2024-03-26", "numero_processo": "16522024", "descricao": "Vegetação - Desmatamento / Supressão de vegetação nativa", "area_ha": 0.1997}}, {"type": "Feature", "geometry": {"type": "Polygon", "coordinates": [[[-47.4430496072222, -14.0968064360734], [-47.4429173379661, -14.0967288281081], [-47.4424698496066, -14.0974340430181], [-47.4420569265611, -14.0972704622168], [-47.4419471174494, -14.0974031580824], [-47.4424684403617, -14.097618272823], [-47.4429458222345, -14.0975048758047], [-47.4429811059865, -14.0973367502864], [-47.4428277411105, -14.0971771172308], [-47.4430496072222, -14.0968064360734]]]}, "properties": {"data_infracao": "2024-03-26", "numero_processo": "16522024", "descricao": "Vegetação - Desmatamento / Supressão de vegetação nativa", "area_ha": 0.3636}}, {"type": "Feature", "geometry": {"type": "Polygon", "coordinates": [[[-47.5997965719398, -14.35210067772], [-47.5993673538509, -14.3521814661353], [-47.5994131546417, -14.3543352963386], [-47.5996730080859, -14.3555756855364], [-47.6006939316883, -14.3556387019411], [-47.6007383203036, -14.355526879674], [-47.6008297551974, -14.3555332980734], [-47.6008471234672, -14.3557186655281], [-47.6011299411445, -14.3558157613787], [-47.5997965719398, -14.35210067772]]]}, "properties": {"data_infracao": "2024-04-08", "numero_processo": "13252024", "descricao": "Vegetação - Desmatamento / Supressão de vegetação nativa", "area_ha": 4.1382}}, {"type": "Feature", "geometry": {"type": "Polygon", "coordinates": [[[-47.4707370942488, -14.3019944886142], [-47.4696097139656, -14.3021681460512], [-47.4695000238124, -14.3027684699031], [-47.4691620821539, -14.3022375731058], [-47.4687473065644, -14.3022742697533], [-47.4686702300757, -14.3021546260781], [-47.4681976989871, -14.3020350404405], [-47.4678107481822, -14.3023386505699], [-47.4676242964463, -14.3027535380954], [-47.4674937590573, -14.3037265446067], [-47.4675369518573, -14.3038799409647], [-47.4679842342037, -14.3037781316864], [-47.4683248196103, -14.3037907889888], [-47.468693751492, -14.3033578115331], [-47.4690067748505, -14.3031278416327], [-47.4708211525651, -14.3027527158354], [-47.4709311046267, -14.3021766804072], [-47.4707370942488, -14.3019944886142]]]}, "properties": {"data_infracao": "2024-04-23", "numero_processo": "16242024", "descricao": "Vegetação - Desmatamento / Supressão de vegetação nativa", "area_ha": 4.0795}}, {"type": "Feature", "geometry": {"type": "Polygon", "coordinates": [[[-47.4348274556096, -14.2845961192644], [-47.4348477218248, -14.284122439608], [-47.4349853987801, -14.2837853602876], [-47.4346910173168, -14.2833643670698], [-47.4346785909119, -14.28321962578], [-47.4348821233534, -14.2829419402185], [-47.4349013894791, -14.2827120736945], [-47.4348242857398, -14.2826174613688], [-47.4346066931363, -14.2825984870764], [-47.434179955941, -14.2830091903879], [-47.4342115465514, -14.2835883411194], [-47.4339522901365, -14.2840750655032], [-47.4343086514184, -14.2841950886587], [-47.4342279876551, -14.2844432501538], [-47.4348274556096, -14.2845961192644]]]}, "properties": {"data_infracao": "2024-05-24", "numero_processo": "27682024", "autuado": "NASCENTE AGRO INDUSTRIAL LTDA", "descricao": "Vegetação - Desmatamento / Supressão de vegetação nativa", "area_ha": 1.4697}}, {"type": "Feature", "geometry": {"type": "Polygon", "coordinates": [[[-47.4366635996243, -14.2835667704626], [-47.4362645488639, -14.2828917413324], [-47.4361334456421, -14.2828294826469], [-47.4360181262332, -14.2828871970048], [-47.4355658646224, -14.2826091558295], [-47.4352113681019, -14.2826622505689], [-47.4351328080253, -14.2827690556418], [-47.4351511759996, -14.2831292719521], [-47.4349959558964, -14.2835195314131], [-47.4350965334725, -14.2841121092925], [-47.434913318967, -14.2845945230008], [-47.4349724997315, -14.2847069854499], [-47.4351617964316, -14.2847898494002], [-47.4347913313851, -14.2855480158038], [-47.4347096136362, -14.2859727113864], [-47.4366635996243, -14.2835667704626]]]}, "properties": {"data_infracao": "2024-05-24", "numero_processo": "27682024", "autuado": "NASCENTE AGRO INDUSTRIAL LTDA", "descricao": "Vegetação - Desmatamento / Supressão de vegetação nativa", "area_ha": 3.4501}}, {"type": "Feature", "geometry": {"type": "Polygon", "coordinates": [[[-47.4669960858494, -14.2768799637326], [-47.4667925914727, -14.2768361958651], [-47.4667760516653, -14.2769088036272], [-47.4669155501524, -14.2769870382586], [-47.4669960858494, -14.2768799637326]]]}, "properties": {"data_infracao": "2024-05-24", "numero_processo": "28992024", "autuado": "NASCENTE AGRO INDUSTRIAL LTDA", "descricao": "Vegetação - Desmatamento / Supressão de vegetação nativa", "area_ha": 0.0286}}, {"type": "Feature", "geometry": {"type": "Polygon", "coordinates": [[[-47.4607598488228, -14.2722433603608], [-47.4607600485113, -14.2724896430912], [-47.460835257984, -14.2725757899923], [-47.4608550221298, -14.2722870462464], [-47.4607598488228, -14.2722433603608]]]}, "properties": {"data_infracao": "2024-05-24", "numero_processo": "28992024", "autuado": "NASCENTE AGRO INDUSTRIAL LTDA", "descricao": "Vegetação - Desmatamento / Supressão de vegetação nativa", "area_ha": 0.0282}}, {"type": "Feature", "geometry": {"type": "Polygon", "coordinates": [[[-47.4584362431323, -14.2711237617869], [-47.4582385160133, -14.2711261044946], [-47.4582863137426, -14.2713670672484], [-47.4583971316913, -14.2713695452359], [-47.4585060599913, -14.2712549364892], [-47.4584362431323, -14.2711237617869]]]}, "properties": {"data_infracao": "2024-05-24", "numero_processo": "28992024", "autuado": "NASCENTE AGRO INDUSTRIAL LTDA", "descricao": "Vegetação - Desmatamento / Supressão de vegetação nativa", "area_ha": 0.0664}}, {"type": "Feature", "geometry": {"type": "Polygon", "coordinates": [[[-47.4573772293015, -14.2710381082397], [-47.4573726475877, -14.2713004373548], [-47.4573103272701, -14.2714894162287], [-47.4575472336562, -14.2712046189341], [-47.4575037957153, -14.2710374059793], [-47.4573772293015, -14.2710381082397]]]}, "properties": {"data_infracao": "2024-05-24", "numero_processo": "28992024", "autuado": "NASCENTE AGRO INDUSTRIAL LTDA", "descricao": "Vegetação - Desmatamento / Supressão de vegetação nativa", "area_ha": 0.0573}}, {"type": "Feature", "geometry": {"type": "Polygon", "coordinates": [[[-47.4343712139299, -14.2846219872299], [-47.4342259101249, -14.284923810638], [-47.4344599723986, -14.2851263520148], [-47.4345840333592, -14.2848706797141], [-47.4347930142848, -14.2847625403002], [-47.4343712139299, -14.2846219872299]]]}, "properties": {"data_infracao": "2024-05-24", "numero_processo": "27682024", "autuado": "NASCENTE AGRO INDUSTRIAL LTDA", "descricao": "Vegetação - Desmatamento / Supressão de vegetação nativa", "area_ha": 0.1756}}, {"type": "Feature", "geometry": {"type": "Polygon", "coordinates": [[[-47.4340077963504, -14.2845197033365], [-47.4338297484209, -14.2844720570989], [-47.4336131036904, -14.2845414069103], [-47.4339396475266, -14.2845840011624], [-47.4340077963504, -14.2845197033365]]]}, "properties": {"data_infracao": "2024-05-24", "numero_processo": "27682024", "autuado": "NASCENTE AGRO INDUSTRIAL LTDA", "descricao": "Vegetação - Desmatamento / Supressão de vegetação nativa", "area_ha": 0.0364}}, {"type": "Feature", "geometry": {"type": "Polygon", "coordinates": [[[-47.434106494089, -14.2829163072411], [-47.4337793759665, -14.2829885535246], [-47.433308143212, -14.2834421147651], [-47.43331555, -14.28426593], [-47.4335326307523, -14.2843019601305], [-47.4336622527964, -14.2842264336273], [-47.433987821573, -14.2838414991842], [-47.43399652421, -14.2836400076601], [-47.434105764592, -14.283522288917], [-47.434106494089, -14.2829163072411]]]}, "properties": {"data_infracao": "2024-05-24", "numero_processo": "27682024", "autuado": "NASCENTE AGRO INDUSTRIAL LTDA", "descricao": "Vegetação - Desmatamento / Supressão de vegetação nativa", "area_ha": 0.9338}}, {"type": "Feature", "geometry": {"type": "Polygon", "coordinates": [[[-47.4627584535121, -14.2743523372085], [-47.4626057584882, -14.2744263530077], [-47.4629172635687, -14.2744950606354], [-47.4631105293781, -14.274399401223], [-47.4627584535121, -14.2743523372085]]]}, "properties": {"data_infracao": "2024-05-24", "numero_processo": "28992024", "autuado": "NASCENTE AGRO INDUSTRIAL LTDA", "descricao": "Vegetação - Desmatamento / Supressão de vegetação nativa", "area_ha": 0.0574}}, {"type": "Feature", "geometry": {"type": "Polygon", "coordinates": [[[-47.7420207120157, -14.3306808053626], [-47.7425940423757, -14.3308200428461], [-47.7431028587095, -14.3308063645115], [-47.7443924064391, -14.3309577328113], [-47.746027689574, -14.3307695847879], [-47.7466337839145, -14.3304736591836], [-47.7471880646049, -14.3300911303025], [-47.7479593615809, -14.3291841567319], [-47.7480106483316, -14.328856541296], [-47.7479001039929, -14.3287052130059], [-47.7477906255576, -14.3287207374755], [-47.7470115099128, -14.3296305174405], [-47.7459496609121, -14.3302416284432], [-47.7443935462858, -14.3304153425618], [-47.7431194314679, -14.3302645975623], [-47.7426291355326, -14.3302802904974], [-47.7420203095404, -14.3301378427765], [-47.7413125990256, -14.3301968186545], [-47.7411859020054, -14.3303095999048], [-47.7411610081296, -14.3305413651271], [-47.7412924070888, -14.3307346908961], [-47.7420207120157, -14.3306808053626]]]}, "properties": {"data_infracao": "2024-06-18", "numero_processo": "20312024", "descricao": "Vegetação - Desmatamento / Supressão de vegetação nativa", "area_ha": 4.57}}, {"type": "Feature", "geometry": {"type": "Polygon", "coordinates": [[[-47.7401577180225, -14.3370550848179], [-47.7413956217452, -14.3379326679623], [-47.742949998657, -14.3395076755893], [-47.7431238205367, -14.3394532261499], [-47.743131944117, -14.3390699996681], [-47.7425391578187, -14.338407067609], [-47.7415533121326, -14.3374546344261], [-47.7406556287801, -14.3368551936388], [-47.7417261804513, -14.3365176689572], [-47.7433891241956, -14.3366055396937], [-47.743522065967, -14.336345992585], [-47.7433964047006, -14.336076981532], [-47.7417039039745, -14.3359761967388], [-47.7407517750611, -14.3362585943293], [-47.7386548450889, -14.3370783735436], [-47.7373840118027, -14.3376794980241], [-47.7372938561274, -14.3377818909381], [-47.7372684624986, -14.3380135114316], [-47.7373312810589, -14.3381604628344], [-47.7374733810908, -14.338201854293], [-47.7387351721116, -14.3376046868152], [-47.7401577180225, -14.3370550848179]]]}, "properties": {"data_infracao": "2024-06-18", "numero_processo": "20312024", "descricao": "Vegetação - Desmatamento / Supressão de vegetação nativa", "area_ha": 6.1}}, {"type": "Feature", "geometry": {"type": "Polygon", "coordinates": [[[-47.7400878529674, -14.3449293207054], [-47.7400011849491, -14.3443202783151], [-47.7404163134366, -14.3436238692395], [-47.7404937271942, -14.3430057495935], [-47.7408569966671, -14.3424068138509], [-47.7408536169554, -14.3421183521757], [-47.7407299515124, -14.3419969976739], [-47.7403945550504, -14.3423055981924], [-47.7401266800931, -14.3429495015321], [-47.7401061496107, -14.3433675040685], [-47.739671573403, -14.3441466332336], [-47.7396949499651, -14.3446822671835], [-47.739793950636, -14.3450251933904], [-47.7399222673086, -14.3451329447208], [-47.7400878529674, -14.3449293207054]]]}, "properties": {"data_infracao": "2024-06-18", "numero_processo": "20312024", "descricao": "Vegetação - Desmatamento / Supressão de vegetação nativa", "area_ha": 1.44}}, {"type": "Feature", "geometry": {"type": "Polygon", "coordinates": [[[-47.6294682072288, -14.155668680899], [-47.6293813008633, -14.1554193346001], [-47.6290886933025, -14.1556848194952], [-47.6290772490074, -14.1558393561636], [-47.6294682072288, -14.155668680899]]]}, "properties": {"data_infracao": "2024-06-28", "numero_processo": "22752024", "descricao": "Vegetação - Desmatamento / Supressão de vegetação nativa", "area_ha": 0.1137}}, {"type": "Feature", "geometry": {"type": "Polygon", "coordinates": [[[-47.6309555458064, -14.1574537837836], [-47.6311301691173, -14.1577968615424], [-47.6317176197562, -14.1575361748002], [-47.6311467857235, -14.1577322638716], [-47.6308601825014, -14.1567437750143], [-47.630620841149, -14.1566584026676], [-47.6301113144467, -14.1561907642071], [-47.6302794876606, -14.155983732393], [-47.6299909126262, -14.1561441273553], [-47.6297334552632, -14.1557691248625], [-47.6295986887636, -14.1557022822074], [-47.6296949907304, -14.1554601555891], [-47.62969083262, -14.155372852296], [-47.6295336468297, -14.1551811344127], [-47.6296769760248, -14.1554047241943], [-47.6295806943511, -14.1557058315507], [-47.6294229607015, -14.1557309276462], [-47.6291744477369, -14.1558411402247], [-47.6292858282354, -14.1558148017175], [-47.6293490961487, -14.1561193127002], [-47.6295180292163, -14.1561514122121], [-47.6295850451855, -14.1560418058944], [-47.6298765260893, -14.156050493066], [-47.6305353344387, -14.1566985416913], [-47.6307889843577, -14.1568251290981], [-47.6309555458064, -14.1574537837836]], [[-47.6297291718596, -14.1557972025801], [-47.6298654404012, -14.1560172351146], [-47.629580248033, -14.1560158200931], [-47.6294533931822, -14.1557446166016], [-47.6297291718596, -14.1557972025801]]]}, "properties": {"data_infracao": "2024-06-28", "numero_processo": "22752024", "descricao": "Vegetação - Desmatamento / Supressão de vegetação nativa", "area_ha": 0.4084}}, {"type": "Feature", "geometry": {"type": "Polygon", "coordinates": [[[-47.6333281257431, -14.1598832797981], [-47.6333281020741, -14.1596304393255], [-47.6325285892597, -14.1587229799647], [-47.6323298552891, -14.1585658176224], [-47.631733831, -14.1584037879999], [-47.6311318484553, -14.1578104267123], [-47.6312180003004, -14.1580553104981], [-47.631744553, -14.158493853], [-47.6323513093864, -14.1586754651666], [-47.6332422083942, -14.1596728680509], [-47.6333281257431, -14.1598832797981]]]}, "properties": {"data_infracao": "2024-06-28", "numero_processo": "22752024", "descricao": "Vegetação - Desmatamento / Supressão de vegetação nativa", "area_ha": 0.323}}, {"type": "Feature", "geometry": {"type": "Polygon", "coordinates": [[[-47.6308943652959, -14.1574057168918], [-47.6308963991969, -14.1574164406397], [-47.6309248342804, -14.1574343935807], [-47.6308943652959, -14.1574057168918]]]}, "properties": {"data_infracao": "2024-06-28", "numero_processo": "22752024", "descricao": "Vegetação - Desmatamento / Supressão de vegetação nativa", "area_ha": 0.0002}}, {"type": "Feature", "geometry": {"type": "Polygon", "coordinates": [[[-47.6320585083753, -14.1585919605345], [-47.6318689289999, -14.1585496069999], [-47.63192018045, -14.1585649917138], [-47.6320585083753, -14.1585919605345]]]}, "properties": {"data_infracao": "2024-06-28", "numero_processo": "22752024", "descricao": "Vegetação - Desmatamento / Supressão de vegetação nativa", "area_ha": 0.0006}}, {"type": "Feature", "geometry": {"type": "Polygon", "coordinates": [[[-47.6321718287418, -14.1585050707429], [-47.631892517, -14.1584766979999], [-47.6321755779999, -14.1585474629999], [-47.6321718287418, -14.1585050707429]]]}, "properties": {"data_infracao": "2024-06-28", "numero_processo": "22752024", "descricao": "Vegetação - Desmatamento / Supressão de vegetação nativa", "area_ha": 0.007}}, {"type": "Feature", "geometry": {"type": "Polygon", "coordinates": [[[-47.6318266074141, -14.158444658676], [-47.631560135, -14.1582665459999], [-47.631733831, -14.1584037879999], [-47.6318266074141, -14.158444658676]]]}, "properties": {"data_infracao": "2024-06-28", "numero_processo": "22752024", "descricao": "Vegetação - Desmatamento / Supressão de vegetação nativa", "area_ha": 0.0127}}, {"type": "Feature", "geometry": {"type": "Polygon", "coordinates": [[[-47.6290526698093, -14.155828945239], [-47.6289364804195, -14.1559551263973], [-47.6290161732281, -14.15608293986], [-47.6291196055216, -14.1560036688738], [-47.6291512738867, -14.1558432248044], [-47.6290526698093, -14.155828945239]]]}, "properties": {"data_infracao": "2024-06-28", "numero_processo": "22752024", "descricao": "Vegetação - Desmatamento / Supressão de vegetação nativa", "area_ha": 0.0439}}, {"type": "Feature", "geometry": {"type": "Polygon", "coordinates": [[[-47.6309616499082, -14.1574690435679], [-47.6310621473522, -14.1578187920573], [-47.6311277145973, -14.1579479518955], [-47.6311047638055, -14.1576878283705], [-47.6310404814807, -14.1575605694221], [-47.6309616499082, -14.1574690435679]]]}, "properties": {"data_infracao": "2024-06-28", "numero_processo": "22752024", "descricao": "Vegetação - Desmatamento / Supressão de vegetação nativa", "area_ha": 0.0218}}, {"type": "Feature", "geometry": {"type": "Polygon", "coordinates": [[[-47.6293490961487, -14.1561193127002], [-47.6294872429168, -14.1561969212423], [-47.6295180292163, -14.1561514122121], [-47.6293490961487, -14.1561193127002]]]}, "properties": {"data_infracao": "2024-06-28", "numero_processo": "22752024", "descricao": "Vegetação - Desmatamento / Supressão de vegetação nativa", "area_ha": 0.009}}, {"type": "Feature", "geometry": {"type": "MultiPolygon", "coordinates": [[[[-47.530172, -14.087627], [-47.529595, -14.088371], [-47.52952, -14.088379], [-47.529318, -14.08829], [-47.529299, -14.088209], [-47.529087, -14.088258], [-47.528534, -14.088081], [-47.528526, -14.08798], [-47.52875, -14.087622], [-47.52887, -14.087617], [-47.528783, -14.087495], [-47.528993, -14.087415], [-47.529027, -14.087324], [-47.528924, -14.087202], [-47.528615, -14.087473], [-47.528643, -14.087724], [-47.528398, -14.088116], [-47.52961, -14.088499], [-47.530172, -14.087627]]], [[[-47.530476, -14.087089], [-47.530247, -14.08751], [-47.530631, -14.086914], [-47.530476, -14.087089]]]]}, "properties": {"data_infracao": "2024-09-02", "numero_processo": "PR - 00377/2024", "descricao": "Desmatamento / Supressão de vegetação nativa", "area_ha": 0.352668215853185}}, {"type": "Feature", "geometry": {"type": "Polygon", "coordinates": [[[-47.530476, -14.087089], [-47.530131, -14.087613], [-47.530172, -14.087627], [-47.530476, -14.087089]]]}, "properties": {"data_infracao": "2024-09-02", "numero_processo": "PR - 00377/2024", "descricao": "Desmatamento / Supressão de vegetação nativa", "area_ha": 0.017583224768564}}, {"type": "Feature", "geometry": {"type": "MultiPolygon", "coordinates": [[[[-47.757343, -14.319719], [-47.757786, -14.31949], [-47.758476, -14.319562], [-47.758817, -14.319304], [-47.759357, -14.319169], [-47.757495, -14.315497], [-47.758972, -14.313564], [-47.761657, -14.314327], [-47.762647, -14.314874], [-47.76238, -14.314095], [-47.761306, -14.312663], [-47.761979, -14.311408], [-47.762, -14.311041], [-47.760985, -14.31014], [-47.760206, -14.309664], [-47.759637, -14.309499], [-47.759341, -14.309585], [-47.758538, -14.311264], [-47.758344, -14.312466], [-47.758392, -14.313392], [-47.75722, -14.314954], [-47.757007, -14.315527], [-47.756938, -14.316751], [-47.756806, -14.316858], [-47.756132, -14.316832], [-47.75599, -14.317316], [-47.75556, -14.317724], [-47.75681, -14.318621], [-47.757343, -14.319719]]], [[[-47.760845, -14.319188], [-47.762138, -14.318387], [-47.762884, -14.31702], [-47.762925, -14.315827], [-47.762618, -14.315716], [-47.76258, -14.316846], [-47.76224, -14.317597], [-47.760845, -14.319188]]]]}, "properties": {"data_infracao": "2024-10-29", "numero_processo": "PR - 01203/2024", "descricao": "Desmatamento / Supressão de vegetação nativa", "area_ha": 27.68755623562615}}, {"type": "Feature", "geometry": {"type": "Polygon", "coordinates": [[[-47.757002, -14.316885], [-47.756132, -14.316832], [-47.75599, -14.317316], [-47.75556, -14.317724], [-47.75681, -14.318621], [-47.75726, -14.319663], [-47.757343, -14.319719], [-47.757782, -14.319396], [-47.758476, -14.319562], [-47.758703, -14.319284], [-47.759179, -14.319254], [-47.759452, -14.319052], [-47.760191, -14.319426], [-47.760465, -14.319507], [-47.760627, -14.319446], [-47.760748, -14.319203], [-47.761173, -14.31889], [-47.7617, -14.318191], [-47.762034, -14.318404], [-47.762763, -14.317158], [-47.762894, -14.316531], [-47.762874, -14.315883], [-47.762692, -14.315761], [-47.762647, -14.314874], [-47.76238, -14.314095], [-47.761306, -14.312663], [-47.761315, -14.312345], [-47.761979, -14.311408], [-47.762054, -14.31112], [-47.760981, -14.310188], [-47.760515, -14.309955], [-47.760206, -14.309664], [-47.759637, -14.309499], [-47.759341, -14.309585], [-47.758865, -14.310411], [-47.758538, -14.311264], [-47.758344, -14.312466], [-47.758392, -14.313392], [-47.757898, -14.314172], [-47.757762, -14.314531], [-47.75722, -14.314954], [-47.757007, -14.315527], [-47.757002, -14.316885]]]}, "properties": {"data_infracao": "2024-10-29", "numero_processo": "PR - 01220/2024", "descricao": "Desmatamento / Supressão de vegetação nativa", "area_ha": 50.97746283036955}}, {"type": "Feature", "geometry": {"type": "MultiPolygon", "coordinates": [[[[-47.578891, -14.320536], [-47.57879596240976, -14.320583797497733], [-47.578796, -14.320584], [-47.578891, -14.320536]]], [[[-47.57879596240976, -14.320583797497733], [-47.578576, -14.320002], [-47.578696, -14.319676], [-47.578523, -14.319336], [-47.578255, -14.319105], [-47.578189, -14.31895], [-47.5782, -14.318753], [-47.578315, -14.318602], [-47.578322, -14.318301], [-47.578431, -14.318129], [-47.578158, -14.317756], [-47.57826, -14.317471], [-47.578217, -14.317156], [-47.575657, -14.31295], [-47.575479, -14.312894], [-47.574777, -14.314238], [-47.5748, -14.31461], [-47.578209, -14.320879], [-47.57879596240976, -14.320583797497733]]]]}, "properties": {"data_infracao": "2024-10-30", "numero_processo": "PR - 01268/2024", "descricao": "Desmatamento / Supressão de vegetação nativa", "area_ha": 13.550058891593924}}, {"type": "Feature", "geometry": {"type": "Polygon", "coordinates": [[[-47.578761, -14.319947], [-47.578886, -14.319639], [-47.578389, -14.318948], [-47.578599, -14.31813], [-47.578302, -14.317877], [-47.578363, -14.317617], [-47.57826, -14.317471], [-47.578158, -14.317756], [-47.578431, -14.318129], [-47.578322, -14.318301], [-47.578315, -14.318602], [-47.5782, -14.318753], [-47.578189, -14.31895], [-47.578255, -14.319105], [-47.578523, -14.319336], [-47.578696, -14.319676], [-47.578576, -14.320002], [-47.578769, -14.3203], [-47.578796, -14.320584], [-47.578891, -14.320536], [-47.578761, -14.319947]]]}, "properties": {"data_infracao": "2024-10-30", "numero_processo": "PR - 01268/2024", "descricao": "Desmatamento / Supressão de vegetação nativa", "area_ha": 0.671274114252321}}, {"type": "Feature", "geometry": {"type": "Polygon", "coordinates": [[[-47.438711, -14.261893], [-47.438903, -14.261873], [-47.439081, -14.261784], [-47.438994, -14.261741], [-47.438711, -14.261893]]]}, "properties": {"data_infracao": "2024-11-04", "numero_processo": "PR - 01317/2024", "descricao": "Desmatamento / Supressão de vegetação nativa", "area_ha": 0.026282203830755}}, {"type": "Feature", "geometry": {"type": "GeometryCollection", "geometries": [{"type": "MultiPolygon", "coordinates": [[[[-47.435308, -14.259561], [-47.435112, -14.259257], [-47.434929, -14.259271], [-47.43531, -14.259808], [-47.435308, -14.259561]]], [[[-47.450525, -14.251682], [-47.450666, -14.252547], [-47.450826, -14.25273], [-47.451198, -14.252816], [-47.451502, -14.25256], [-47.451662, -14.252671], [-47.451976, -14.253081], [-47.451993, -14.253597], [-47.452067, -14.253657], [-47.452534, -14.253614], [-47.452837, -14.253501], [-47.4526, -14.253304], [-47.452313, -14.252808], [-47.451627, -14.252072], [-47.451247, -14.251853], [-47.45104, -14.25185], [-47.450821, -14.251586], [-47.450745, -14.251576], [-47.450612, -14.251587], [-47.449189, -14.252042], [-47.448797, -14.252294], [-47.448588, -14.25277], [-47.448889, -14.252254], [-47.449475, -14.251962], [-47.450513, -14.251677], [-47.450525, -14.251682]]]]}, {"type": "MultiLineString", "coordinates": [[[-47.450636, -14.251635], [-47.450597, -14.251651]], [[-47.450597, -14.251651], [-47.450547, -14.251674]], [[-47.450547, -14.251674], [-47.450525, -14.251682]], [[-47.450752, -14.251577], [-47.450636, -14.251635]]]}]}, "properties": {"data_infracao": "2024-11-04", "numero_processo": "PR - 01317/2024", "descricao": "Desmatamento / Supressão de vegetação nativa", "area_ha": 2.165670507190109}}, {"type": "Feature", "geometry": {"type": "MultiPolygon", "coordinates": [[[[-47.435337, -14.259785], [-47.435531, -14.259636], [-47.43584, -14.259812], [-47.435945, -14.26002], [-47.436012, -14.259845], [-47.436149, -14.259776], [-47.435837, -14.259518], [-47.435549, -14.25951], [-47.43532, -14.259561], [-47.435337, -14.259785]]], [[[-47.438994, -14.261741], [-47.438409, -14.26123], [-47.438215, -14.261349], [-47.437975, -14.261317], [-47.437423, -14.261905], [-47.437831, -14.262013], [-47.438306, -14.261963], [-47.438711, -14.261893], [-47.438994, -14.261741]]], [[[-47.450484, -14.251405], [-47.450273, -14.251533], [-47.450208, -14.251663], [-47.450526, -14.251535], [-47.450558, -14.251461], [-47.450484, -14.251405]]]]}, "properties": {"data_infracao": "2024-11-04", "numero_processo": "PR - 01317/2024", "descricao": "Desmatamento / Supressão de vegetação nativa", "area_ha": 1.066179134683963}}, {"type": "Feature", "geometry": {"type": "MultiPolygon", "coordinates": [[[[-47.454329, -14.246898], [-47.454196, -14.246902], [-47.454196, -14.247045], [-47.454336, -14.247033], [-47.454329, -14.246898]]], [[[-47.437498, -14.248526], [-47.437344, -14.248533], [-47.43734, -14.248696], [-47.437497, -14.248692], [-47.437498, -14.248526]]], [[[-47.442877, -14.254049], [-47.44272, -14.254056], [-47.442722, -14.254203], [-47.442884, -14.254191], [-47.442877, -14.254049]]], [[[-47.443766, -14.261007], [-47.442812, -14.258249], [-47.441676, -14.257963], [-47.44118, -14.259689], [-47.441348, -14.259754], [-47.441788, -14.258203], [-47.442566, -14.258412], [-47.443517, -14.261101], [-47.443766, -14.261007]]], [[[-47.438293, -14.258285], [-47.437161, -14.258862], [-47.437241, -14.259001], [-47.438249, -14.258507], [-47.438942, -14.259834], [-47.439088, -14.259807], [-47.438293, -14.258285]]], [[[-47.435591, -14.259978], [-47.435531, -14.260032], [-47.435619, -14.260385], [-47.435781, -14.260435], [-47.435882, -14.260085], [-47.435591, -14.259978]]], [[[-47.460226, -14.251512], [-47.460093, -14.251511], [-47.460092, -14.251628], [-47.46023, -14.25163], [-47.460226, -14.251512]]], [[[-47.459134, -14.248908], [-47.459008, -14.248912], [-47.459007, -14.248994], [-47.459134, -14.248994], [-47.459134, -14.248908]]]]}, "properties": {"data_infracao": "2024-11-04", "numero_processo": "PR - 01317/2024", "descricao": "Exploração de árvores", "area_ha": 2.30051805525019}}, {"type": "Feature", "geometry": {"type": "MultiPolygon", "coordinates": [[[[-47.823718, -14.177075], [-47.82376, -14.177143], [-47.823772, -14.177084], [-47.823718, -14.177075]]], [[[-47.823333, -14.17694], [-47.823435, -14.176966], [-47.823452, -14.176907], [-47.823351, -14.176878], [-47.823333, -14.17694]]], [[[-47.821347, -14.1757], [-47.821134, -14.175758], [-47.821144, -14.175857], [-47.821252, -14.175841], [-47.821232, -14.175973], [-47.821392, -14.175965], [-47.821299, -14.175734], [-47.821351, -14.175762], [-47.821347, -14.1757]]]]}, "properties": {"data_infracao": "2024-11-11", "numero_processo": "PR - 01372/2024", "descricao": "Desmatamento / Supressão de vegetação nativa", "area_ha": 0.055268841882847}}, {"type": "Feature", "geometry": {"type": "MultiPolygon", "coordinates": [[[[-47.214212, -14.09618], [-47.214037, -14.096322], [-47.21405, -14.096596], [-47.21414, -14.096636], [-47.214212, -14.09618]]], [[[-47.214421, -14.093649], [-47.214014, -14.09392], [-47.214381, -14.094081], [-47.214852, -14.094071], [-47.214832, -14.093986], [-47.214608, -14.093903], [-47.214421, -14.093649]]], [[[-47.213081, -14.097483], [-47.212778, -14.097741], [-47.212185, -14.098017], [-47.210508, -14.098536], [-47.21023, -14.098521], [-47.209907, -14.098623], [-47.210198, -14.098755], [-47.210757, -14.098545], [-47.211356, -14.098485], [-47.212188, -14.098172], [-47.212425, -14.098182], [-47.212905, -14.098031], [-47.213156, -14.098076], [-47.213377, -14.097909], [-47.213441, -14.097763], [-47.213357, -14.097636], [-47.213192, -14.097666], [-47.213081, -14.097483]]], [[[-47.200778, -14.090832], [-47.200455, -14.091149], [-47.200434, -14.091388], [-47.200908, -14.092959], [-47.200891, -14.093304], [-47.201197, -14.093369], [-47.201443, -14.092862], [-47.201604, -14.09159], [-47.201448, -14.091356], [-47.200778, -14.090832]]]]}, "properties": {"data_infracao": "2024-11-14", "numero_processo": "PR - 01417/2024", "descricao": "Desmatamento / Supressão de vegetação nativa", "area_ha": 3.424539719308907}}, {"type": "Feature", "geometry": {"type": "Polygon", "coordinates": [[[-47.199592, -14.081853], [-47.199464, -14.082226], [-47.202462, -14.083322], [-47.20837, -14.083373], [-47.208374, -14.08316], [-47.203177, -14.083126], [-47.200927, -14.082679], [-47.199592, -14.081853]]]}, "properties": {"data_infracao": "2024-11-14", "numero_processo": "PR - 01417/2024", "descricao": "Desmatamento / Supressão de vegetação nativa", "area_ha": 2.198531907761609}}, {"type": "Feature", "geometry": {"type": "Polygon", "coordinates": [[[-47.588084, -14.19656], [-47.587527, -14.196573], [-47.587467, -14.197767], [-47.588008, -14.197792], [-47.588084, -14.19656]]]}, "properties": {"data_infracao": "2024-11-26", "numero_processo": "PR - 01561/2024", "descricao": "Desmatamento / Supressão de vegetação nativa", "area_ha": 0.823810798021115}}, {"type": "Feature", "geometry": {"type": "Polygon", "coordinates": [[[-47.588251, -14.197804], [-47.588352, -14.197653], [-47.588399, -14.197234], [-47.588286, -14.196887], [-47.588411, -14.196754], [-47.588573, -14.19673], [-47.588548, -14.196583], [-47.588084, -14.19656], [-47.588008, -14.197792], [-47.587467, -14.197767], [-47.588251, -14.197804]]]}, "properties": {"data_infracao": "2024-11-26", "numero_processo": "PR - 01561/2024", "descricao": "Desmatamento / Supressão de vegetação nativa", "area_ha": 0.480168563283235}}, {"type": "Feature", "geometry": {"type": "MultiPolygon", "coordinates": [[[[-47.778175, -14.17146], [-47.778481, -14.171845], [-47.778548, -14.171425], [-47.778268, -14.171327], [-47.778186, -14.171353], [-47.778175, -14.17146]]], [[[-47.78611, -14.17431], [-47.785922, -14.174171], [-47.786069, -14.17398], [-47.786002, -14.173862], [-47.785796, -14.173962], [-47.785614, -14.17419], [-47.785657, -14.174315], [-47.785937, -14.17454], [-47.786157, -14.174514], [-47.78611, -14.17431]]], [[[-47.786634, -14.174152], [-47.786379, -14.174306], [-47.786432, -14.174519], [-47.786526, -14.174538], [-47.786749, -14.174384], [-47.786634, -14.174152]]], [[[-47.790605, -14.18265], [-47.790332, -14.18283], [-47.789804, -14.183006], [-47.789776, -14.183092], [-47.79039, -14.182885], [-47.790623, -14.182713], [-47.790605, -14.18265]]], [[[-47.791771, -14.182228], [-47.791519, -14.182392], [-47.791492, -14.182521], [-47.791586, -14.18253], [-47.79178, -14.182356], [-47.791771, -14.182228]]], [[[-47.791381, -14.183584], [-47.790861, -14.183812], [-47.790656, -14.184188], [-47.791042, -14.18382], [-47.791413, -14.183675], [-47.791381, -14.183584]]]]}, "properties": {"data_infracao": "2024-11-28", "numero_processo": "PR - 01627/2024", "descricao": "Desmatamento / Supressão de vegetação nativa", "area_ha": 0.786061926261726}}]}