{
"type": "FeatureCollection",
"name": "desmatamento_alto",
"crs": { "type": "name", "properties": { "name": "urn:ogc:def:crs:OGC:1.3:CRS84" } },
"features": [
{ "type": "Feature", "properties": { "CODEALERTA": 1555877, "FONTE": "SAD-CERRADO", "BIOMA": "Cerrado", "ESTADO": "GOIÁS", "MUNICIPIO": "Alto Paraíso de Goiás", "AREAHA": 24.7033, "ANODETEC": 2025, "DATADETEC": "2025-12-01", "DTIMGANT": "2025-10-30", "DTIMGDEP": "2025-11-29", "DTPUBLI": "2026-03-10", "VPRESSAO": "agriculture", "MES_ANO": "2025-12" }, "geometry": { "type": "MultiPolygon", "coordinates": [ [ [ [ -47.260726, -14.117079 ], [ -47.261005, -14.117168 ], [ -47.261615, -14.11666 ], [ -47.2622, -14.116342 ], [ -47.262855, -14.116432 ], [ -47.262846, -14.116072 ], [ -47.263215, -14.115704 ], [ -47.26349, -14.1156 ], [ -47.263583, -14.115336 ], [ -47.263574, -14.114527 ], [ -47.263385, -14.114438 ], [ -47.263501, -14.113768 ], [ -47.26311, -14.113508 ], [ -47.262819, -14.113539 ], [ -47.26264, -14.11336 ], [ -47.262541, -14.112821 ], [ -47.262712, -14.111554 ], [ -47.262245, -14.110835 ], [ -47.26207, -14.110822 ], [ -47.262056, -14.110656 ], [ -47.26131, -14.110117 ], [ -47.261301, -14.109398 ], [ -47.261023, -14.109398 ], [ -47.261027, -14.110512 ], [ -47.261319, -14.110844 ], [ -47.261229, -14.111293 ], [ -47.261508, -14.111383 ], [ -47.261508, -14.111743 ], [ -47.261328, -14.112201 ], [ -47.261149, -14.112201 ], [ -47.261065, -14.112625 ], [ -47.261363, -14.1127 ], [ -47.261422, -14.113048 ], [ -47.261345, -14.113362 ], [ -47.261152, -14.113328 ], [ -47.261158, -14.113737 ], [ -47.261199, -14.113911 ], [ -47.261535, -14.114006 ], [ -47.261535, -14.114186 ], [ -47.261346, -14.114186 ], [ -47.261355, -14.114635 ], [ -47.260987, -14.114734 ], [ -47.260986, -14.115099 ], [ -47.260619, -14.115183 ], [ -47.260594, -14.115458 ], [ -47.260439, -14.115641 ], [ -47.260425, -14.115786 ], [ -47.260259, -14.115911 ], [ -47.260259, -14.116728 ], [ -47.260448, -14.116576 ], [ -47.260816, -14.11645 ], [ -47.260915, -14.116989 ], [ -47.260726, -14.117079 ] ], [ [ -47.261095, -14.116719 ], [ -47.260919, -14.115541 ], [ -47.260996, -14.115489 ], [ -47.261117, -14.115022 ], [ -47.261393, -14.115155 ], [ -47.261359, -14.116261 ], [ -47.26142, -14.116493 ], [ -47.261362, -14.116627 ], [ -47.261095, -14.116719 ] ] ], [ [ [ -47.260376, -14.109227 ], [ -47.260098, -14.109227 ], [ -47.260017, -14.110224 ], [ -47.260196, -14.109946 ], [ -47.260385, -14.110036 ], [ -47.260376, -14.109587 ], [ -47.260843, -14.109578 ], [ -47.260843, -14.109398 ], [ -47.260376, -14.109227 ] ] ], [ [ [ -47.257834, -14.114671 ], [ -47.257834, -14.114312 ], [ -47.257178, -14.113863 ], [ -47.256262, -14.114231 ], [ -47.25654, -14.115138 ], [ -47.257116, -14.115053 ], [ -47.257196, -14.115129 ], [ -47.257169, -14.11525 ], [ -47.256828, -14.115309 ], [ -47.256729, -14.115569 ], [ -47.257582, -14.116746 ], [ -47.25804, -14.116477 ], [ -47.258031, -14.116117 ], [ -47.258436, -14.116098 ], [ -47.258499, -14.115929 ], [ -47.258777, -14.115929 ], [ -47.259047, -14.115471 ], [ -47.259145, -14.11565 ], [ -47.259415, -14.11565 ], [ -47.259498, -14.115487 ], [ -47.259882, -14.115372 ], [ -47.259873, -14.114833 ], [ -47.260062, -14.114833 ], [ -47.260152, -14.114554 ], [ -47.260053, -14.114375 ], [ -47.259595, -14.114473 ], [ -47.259587, -14.114296 ], [ -47.259307, -14.114024 ], [ -47.259217, -14.113575 ], [ -47.259678, -14.11344 ], [ -47.259836, -14.113292 ], [ -47.259765, -14.113207 ], [ -47.259397, -14.113207 ], [ -47.259291, -14.113094 ], [ -47.259029, -14.113216 ], [ -47.25875, -14.113216 ], [ -47.25875, -14.113395 ], [ -47.258561, -14.113395 ], [ -47.25875, -14.113665 ], [ -47.25866, -14.114123 ], [ -47.257834, -14.114671 ] ] ], [ [ [ -47.265092, -14.109272 ], [ -47.26498, -14.109539 ], [ -47.265121, -14.109675 ], [ -47.265101, -14.109811 ], [ -47.26538, -14.109721 ], [ -47.26538, -14.110081 ], [ -47.265608, -14.110047 ], [ -47.265838, -14.109084 ], [ -47.266116, -14.108994 ], [ -47.266107, -14.108805 ], [ -47.266393, -14.108798 ], [ -47.266372, -14.108674 ], [ -47.266107, -14.108536 ], [ -47.266107, -14.108356 ], [ -47.265829, -14.108356 ], [ -47.265739, -14.108634 ], [ -47.265527, -14.108647 ], [ -47.265397, -14.108471 ], [ -47.264993, -14.108455 ], [ -47.264904, -14.108643 ], [ -47.264625, -14.108643 ], [ -47.264625, -14.108823 ], [ -47.264814, -14.108823 ], [ -47.265092, -14.109272 ] ] ], [ [ [ -47.264897, -14.107106 ], [ -47.26582, -14.107727 ], [ -47.265919, -14.108086 ], [ -47.266536, -14.108034 ], [ -47.266816, -14.108087 ], [ -47.266844, -14.107898 ], [ -47.266188, -14.107547 ], [ -47.265908, -14.107204 ], [ -47.265532, -14.107008 ], [ -47.265532, -14.106829 ], [ -47.265156, -14.106782 ], [ -47.265047, -14.106632 ], [ -47.26507, -14.106447 ], [ -47.264686, -14.106576 ], [ -47.26471, -14.106885 ], [ -47.264897, -14.107106 ] ] ] ] } },
{ "type": "Feature", "properties": { "CODEALERTA": 1306031, "FONTE": "DETER-CERRADO,SAD-CERRADO", "BIOMA": "Cerrado", "ESTADO": "GOIÁS", "MUNICIPIO": "Alto Paraíso de Goiás", "AREAHA": 144.8552, "ANODETEC": 2024, "DATADETEC": "2024-07-01", "DTIMGANT": "2024-03-19", "DTIMGDEP": "2024-08-31", "DTPUBLI": "2024-10-29", "VPRESSAO": "agriculture", "MES_ANO": "2024-07" }, "geometry": { "type": "MultiPolygon", "coordinates": [ [ [ [ -47.215056, -14.098146 ], [ -47.215008, -14.095812 ], [ -47.214913, -14.094957 ], [ -47.214961, -14.094634 ], [ -47.214579, -14.09468 ], [ -47.214436, -14.094865 ], [ -47.214245, -14.095258 ], [ -47.214126, -14.096182 ], [ -47.21415, -14.096552 ], [ -47.214388, -14.097291 ], [ -47.214436, -14.098123 ], [ -47.215056, -14.098146 ] ] ], [ [ [ -47.214866, -14.092331 ], [ -47.21343, -14.091962 ], [ -47.212307, -14.091423 ], [ -47.211559, -14.09066 ], [ -47.21078, -14.090075 ], [ -47.210617, -14.08921 ], [ -47.210789, -14.087964 ], [ -47.21069, -14.087111 ], [ -47.208247, -14.0864 ], [ -47.208414, -14.083225 ], [ -47.201571, -14.082968 ], [ -47.199641, -14.081901 ], [ -47.198653, -14.083428 ], [ -47.196138, -14.088009 ], [ -47.197329, -14.088412 ], [ -47.198114, -14.088997 ], [ -47.198949, -14.089483 ], [ -47.199764, -14.088906 ], [ -47.200613, -14.088622 ], [ -47.201562, -14.08861 ], [ -47.204049, -14.089028 ], [ -47.203861, -14.090502 ], [ -47.202695, -14.090794 ], [ -47.200899, -14.092052 ], [ -47.200899, -14.09304 ], [ -47.201285569805307, -14.093396788999135 ], [ -47.201487787232772, -14.09385455504235 ], [ -47.201825797694738, -14.093667964961746 ], [ -47.20201, -14.093664 ], [ -47.202221, -14.094004 ], [ -47.202455, -14.094012 ], [ -47.202542, -14.093453 ], [ -47.209855929236127, -14.093284111188414 ], [ -47.212159392788628, -14.094231029328711 ], [ -47.213459, -14.094401 ], [ -47.214131, -14.094103 ], [ -47.214823, -14.094207 ], [ -47.214866, -14.092331 ] ] ] ] } },
{ "type": "Feature", "properties": { "CODEALERTA": 1263155, "FONTE": "DETER-CERRADO,SAD-CERRADO", "BIOMA": "Cerrado", "ESTADO": "GOIÁS", "MUNICIPIO": "Alto Paraíso de Goiás", "AREAHA": 26.4254, "ANODETEC": 2024, "DATADETEC": "2024-06-01", "DTIMGANT": "2024-04-28", "DTIMGDEP": "2024-06-27", "DTPUBLI": "2024-10-01", "VPRESSAO": "agriculture", "MES_ANO": "2024-06" }, "geometry": { "type": "MultiPolygon", "coordinates": [ [ [ [ -47.213655, -14.094746 ], [ -47.213655, -14.094567 ], [ -47.213194, -14.094412 ], [ -47.21225, -14.094294 ], [ -47.209854, -14.093302 ], [ -47.20837, -14.093413 ], [ -47.20813, -14.094089 ], [ -47.208095, -14.094967 ], [ -47.207916, -14.095334 ], [ -47.208599, -14.095733 ], [ -47.20925, -14.096482 ], [ -47.210419, -14.097107 ], [ -47.211499, -14.097352 ], [ -47.211499, -14.097082 ], [ -47.212487, -14.096813 ], [ -47.212487, -14.096633 ], [ -47.212944, -14.096635 ], [ -47.212936, -14.096453 ], [ -47.212577, -14.095914 ], [ -47.212667, -14.095196 ], [ -47.213655, -14.094746 ] ] ], [ [ [ -47.213425, -14.097793 ], [ -47.213096, -14.097516 ], [ -47.212266, -14.097807 ], [ -47.21168, -14.09771 ], [ -47.211107, -14.097932 ], [ -47.210537, -14.097859 ], [ -47.209934, -14.097127 ], [ -47.208933, -14.096406 ], [ -47.208332, -14.096378 ], [ -47.208146, -14.096295 ], [ -47.207945, -14.095643 ], [ -47.207831, -14.095643 ], [ -47.207359, -14.096545 ], [ -47.207115, -14.09753 ], [ -47.207158, -14.098126 ], [ -47.207691973980424, -14.09839263739357 ], [ -47.207817, -14.098737 ], [ -47.208103, -14.098723 ], [ -47.208546, -14.098529 ], [ -47.208618, -14.09821 ], [ -47.208961, -14.098196 ], [ -47.209104, -14.098501 ], [ -47.210464, -14.098668 ], [ -47.210921, -14.098557 ], [ -47.211022, -14.098307 ], [ -47.211594, -14.098459 ], [ -47.212023, -14.098224 ], [ -47.212638, -14.098196 ], [ -47.212739, -14.098057 ], [ -47.213239, -14.098099 ], [ -47.213425, -14.097793 ] ] ] ] } },
{ "type": "Feature", "properties": { "CODEALERTA": 1143860, "FONTE": "SAD-CERRADO", "BIOMA": "Cerrado", "ESTADO": "GOIÁS", "MUNICIPIO": "Alto Paraíso de Goiás", "AREAHA": 12.0143, "ANODETEC": 2023, "DATADETEC": "2023-10-01", "DTIMGANT": "2023-06-11", "DTIMGDEP": "2023-11-13", "DTPUBLI": "2024-03-05", "VPRESSAO": "agriculture", "MES_ANO": "2023-10" }, "geometry": { "type": "MultiPolygon", "coordinates": [ [ [ [ -47.688271, -14.380809 ], [ -47.688196, -14.380325 ], [ -47.68797, -14.379967 ], [ -47.687922, -14.379426 ], [ -47.687745, -14.379348 ], [ -47.687557, -14.3798 ], [ -47.687359, -14.379795 ], [ -47.687305, -14.379073 ], [ -47.68679, -14.378429 ], [ -47.685884, -14.378517 ], [ -47.685551, -14.378413 ], [ -47.685503, -14.378013 ], [ -47.685202, -14.377784 ], [ -47.684805, -14.377634 ], [ -47.684344, -14.377135 ], [ -47.684285, -14.376792 ], [ -47.68392, -14.376839 ], [ -47.683888, -14.377649 ], [ -47.683668, -14.377602 ], [ -47.683314, -14.377239 ], [ -47.683083, -14.37728 ], [ -47.683008, -14.377665 ], [ -47.682745, -14.377696 ], [ -47.68304, -14.378397 ], [ -47.683432, -14.378782 ], [ -47.685744, -14.379977 ], [ -47.686093, -14.380289 ], [ -47.686871, -14.380694 ], [ -47.687075, -14.381027 ], [ -47.687606, -14.381255 ], [ -47.687992, -14.381229 ], [ -47.688206, -14.381079 ], [ -47.688271, -14.380809 ] ] ], [ [ [ -47.690717, -14.381598 ], [ -47.690642, -14.381245 ], [ -47.690438, -14.381136 ], [ -47.689982, -14.381209 ], [ -47.689928, -14.381489 ], [ -47.6898, -14.381656 ], [ -47.689419, -14.381759 ], [ -47.688872, -14.38177 ], [ -47.688834, -14.381936 ], [ -47.689167, -14.382056 ], [ -47.689735, -14.381957 ], [ -47.690132, -14.381697 ], [ -47.690223, -14.381479 ], [ -47.690384, -14.381479 ], [ -47.690492, -14.381666 ], [ -47.690991, -14.381884 ], [ -47.691092, -14.38165 ], [ -47.690717, -14.381598 ] ] ] ] } },
{ "type": "Feature", "properties": { "CODEALERTA": 1135713, "FONTE": "SAD-CERRADO", "BIOMA": "Cerrado", "ESTADO": "GOIÁS", "MUNICIPIO": "Alto Paraíso de Goiás", "AREAHA": 5.4375, "ANODETEC": 2023, "DATADETEC": "2023-09-01", "DTIMGANT": "2023-03-10", "DTIMGDEP": "2023-10-21", "DTPUBLI": "2024-04-16", "VPRESSAO": "agriculture", "MES_ANO": "2023-09" }, "geometry": { "type": "MultiPolygon", "coordinates": [ [ [ [ -47.256165, -14.103329 ], [ -47.256079, -14.103853 ], [ -47.257092, -14.103803 ], [ -47.257341, -14.103587 ], [ -47.257693, -14.103753 ], [ -47.258319, -14.103528 ], [ -47.258748, -14.103262 ], [ -47.259538, -14.102504 ], [ -47.259778, -14.102162 ], [ -47.259855, -14.101763 ], [ -47.259649, -14.101271 ], [ -47.259306, -14.101838 ], [ -47.25928, -14.102162 ], [ -47.258731, -14.10292 ], [ -47.258414, -14.103187 ], [ -47.258096, -14.103262 ], [ -47.257564, -14.102596 ], [ -47.257341, -14.102429 ], [ -47.257014, -14.102471 ], [ -47.256791, -14.102271 ], [ -47.256714, -14.102762 ], [ -47.256165, -14.103329 ] ] ], [ [ [ -47.256637, -14.108326 ], [ -47.255999, -14.107935 ], [ -47.25557, -14.109068 ], [ -47.255751, -14.109293 ], [ -47.256497, -14.109809 ], [ -47.256542, -14.11 ], [ -47.25692, -14.1097 ], [ -47.257023, -14.109092 ], [ -47.256972, -14.108776 ], [ -47.256534, -14.108909 ], [ -47.256637, -14.108326 ] ] ] ] } },
{ "type": "Feature", "properties": { "CODEALERTA": 963988, "FONTE": "SAD-CERRADO", "BIOMA": "Cerrado", "ESTADO": "GOIÁS", "MUNICIPIO": "Alto Paraíso de Goiás", "AREAHA": 56.5566, "ANODETEC": 2023, "DATADETEC": "2023-07-01", "DTIMGANT": "2023-01-17", "DTIMGDEP": "2023-10-21", "DTPUBLI": "2023-11-29", "VPRESSAO": "agriculture", "MES_ANO": "2023-07" }, "geometry": { "type": "Polygon", "coordinates": [ [ [ -47.410206, -14.278721 ], [ -47.408679, -14.278721 ], [ -47.408769, -14.280428 ], [ -47.408718, -14.281134 ], [ -47.408499, -14.281416 ], [ -47.407331, -14.281057 ], [ -47.406433, -14.27971 ], [ -47.405546, -14.279466 ], [ -47.404637, -14.27953 ], [ -47.404187, -14.280159 ], [ -47.405894, -14.280698 ], [ -47.406253, -14.281596 ], [ -47.407242, -14.282315 ], [ -47.407457, -14.283438 ], [ -47.40805, -14.284426 ], [ -47.407582, -14.284926 ], [ -47.40855, -14.285729 ], [ -47.408192, -14.286517 ], [ -47.408522, -14.287104 ], [ -47.410206, -14.287615 ], [ -47.412224, -14.287855 ], [ -47.413979, -14.289501 ], [ -47.415057, -14.289861 ], [ -47.415416, -14.291118 ], [ -47.414518, -14.292286 ], [ -47.415776, -14.292915 ], [ -47.416315, -14.291298 ], [ -47.415776, -14.287166 ], [ -47.413709, -14.287245 ], [ -47.41371, -14.28492 ], [ -47.413399, -14.284954 ], [ -47.412632, -14.284471 ], [ -47.411058, -14.282956 ], [ -47.411554, -14.282674 ], [ -47.410655, -14.281866 ], [ -47.410365, -14.281083 ], [ -47.410508, -14.280235 ], [ -47.410206, -14.278721 ] ] ] } },
{ "type": "Feature", "properties": { "CODEALERTA": 930281, "FONTE": "DETER-CERRADO,SAD-CERRADO", "BIOMA": "Cerrado", "ESTADO": "GOIÁS", "MUNICIPIO": "Alto Paraíso de Goiás", "AREAHA": 7.4081, "ANODETEC": 2023, "DATADETEC": "2023-05-08", "DTIMGANT": "2023-04-16", "DTIMGDEP": "2023-04-28", "DTPUBLI": "2023-08-01", "VPRESSAO": "agriculture", "MES_ANO": "2023-05" }, "geometry": { "type": "Polygon", "coordinates": [ [ [ -47.608223, -14.339343 ], [ -47.608588, -14.338777 ], [ -47.608604, -14.337997 ], [ -47.608443, -14.337451 ], [ -47.605487, -14.337342 ], [ -47.605299, -14.33846 ], [ -47.605149, -14.338834 ], [ -47.605133, -14.339213 ], [ -47.605621, -14.339307 ], [ -47.608223, -14.339343 ] ] ] } },
{ "type": "Feature", "properties": { "CODEALERTA": 961884, "FONTE": "DETER-CERRADO,SAD-CERRADO", "BIOMA": "Cerrado", "ESTADO": "GOIÁS", "MUNICIPIO": "Alto Paraíso de Goiás", "AREAHA": 0.6121, "ANODETEC": 2023, "DATADETEC": "2023-05-01", "DTIMGANT": "2022-04-27", "DTIMGDEP": "2023-05-29", "DTPUBLI": "2023-10-10", "VPRESSAO": "agriculture", "MES_ANO": "2023-05" }, "geometry": { "type": "Polygon", "coordinates": [ [ [ -47.605571, -14.339329 ], [ -47.605123838144259, -14.339214444533168 ], [ -47.605139913414504, -14.338832162684644 ], [ -47.605277467496784, -14.338488857839831 ], [ -47.605502, -14.337317 ], [ -47.605163, -14.337276 ], [ -47.605133, -14.338111 ], [ -47.60488, -14.339084 ], [ -47.604897, -14.339329 ], [ -47.605571, -14.339329 ] ] ] } },
{ "type": "Feature", "properties": { "CODEALERTA": 925713, "FONTE": "SAD-CERRADO", "BIOMA": "Cerrado", "ESTADO": "GOIÁS", "MUNICIPIO": "Alto Paraíso de Goiás", "AREAHA": 6.3183, "ANODETEC": 2023, "DATADETEC": "2023-03-01", "DTIMGANT": "2022-12-13", "DTIMGDEP": "2023-03-30", "DTPUBLI": "2023-07-25", "VPRESSAO": "agriculture", "MES_ANO": "2023-03" }, "geometry": { "type": "MultiPolygon", "coordinates": [ [ [ [ -47.601187916, -14.341693342 ], [ -47.600918422, -14.341962837 ], [ -47.601008253, -14.342501826 ], [ -47.60082859, -14.342501826 ], [ -47.60082859, -14.342681489 ], [ -47.601098085, -14.342771321 ], [ -47.601637074, -14.342501826 ], [ -47.601726905, -14.342861152 ], [ -47.602535389, -14.342771321 ], [ -47.602625221, -14.341873006 ], [ -47.601187916, -14.341693342 ] ] ], [ [ [ -47.599301454, -14.341064522 ], [ -47.598403139, -14.341154353 ], [ -47.598223476, -14.341334016 ], [ -47.598403139, -14.341873006 ], [ -47.598133644, -14.342591658 ], [ -47.600020106, -14.343040815 ], [ -47.600109938, -14.342681489 ], [ -47.599930275, -14.342591658 ], [ -47.599930275, -14.342232332 ], [ -47.59966078, -14.341962837 ], [ -47.59966078, -14.341603511 ], [ -47.599391286, -14.341513679 ], [ -47.599301454, -14.341064522 ] ] ], [ [ [ -47.601187916, -14.337561092 ], [ -47.600918422, -14.337650924 ], [ -47.600738759, -14.338100081 ], [ -47.600289601, -14.338100081 ], [ -47.600289601, -14.338279744 ], [ -47.601008253, -14.338369576 ], [ -47.60082859, -14.339267891 ], [ -47.601726905, -14.339267891 ], [ -47.601816737, -14.338998397 ], [ -47.601637074, -14.338908565 ], [ -47.601457411, -14.337830587 ], [ -47.601187916, -14.337561092 ] ] ] ] } },
{ "type": "Feature", "properties": { "CODEALERTA": 925408, "FONTE": "SAD-CERRADO", "BIOMA": "Cerrado", "ESTADO": "GOIÁS", "MUNICIPIO": "Alto Paraíso de Goiás", "AREAHA": 12.1336, "ANODETEC": 2023, "DATADETEC": "2023-02-01", "DTIMGANT": "2022-05-04", "DTIMGDEP": "2023-02-28", "DTPUBLI": "2023-08-29", "VPRESSAO": "agriculture", "MES_ANO": "2023-02" }, "geometry": { "type": "MultiPolygon", "coordinates": [ [ [ [ -47.252372, -14.091692 ], [ -47.252013, -14.091513 ], [ -47.252282, -14.090704 ], [ -47.251564, -14.090614 ], [ -47.251564, -14.089985 ], [ -47.251294, -14.089985 ], [ -47.251294, -14.090704 ], [ -47.250575, -14.091243 ], [ -47.251294, -14.092052 ], [ -47.252192, -14.092321 ], [ -47.252372, -14.091692 ] ] ], [ [ [ -47.250223, -14.097242 ], [ -47.249587, -14.095735 ], [ -47.249228, -14.095914 ], [ -47.248689, -14.095375 ], [ -47.249048, -14.094567 ], [ -47.247252, -14.094207 ], [ -47.245904, -14.094387 ], [ -47.245635, -14.095106 ], [ -47.245275, -14.095016 ], [ -47.245004, -14.095446 ], [ -47.245276, -14.095686 ], [ -47.245104, -14.09599 ], [ -47.245356884602657, -14.095815808362859 ], [ -47.245362651386202, -14.095727328110142 ], [ -47.24572742362902, -14.095727700665186 ], [ -47.245826005422892, -14.096444515863036 ], [ -47.246807, -14.096624 ], [ -47.247303392653066, -14.09707322619249 ], [ -47.247437343492628, -14.097075821569703 ], [ -47.247529335455695, -14.097251595596743 ], [ -47.247709338500592, -14.097254138572447 ], [ -47.247891, -14.097605 ], [ -47.24842, -14.096723 ], [ -47.247791, -14.096633 ], [ -47.247611, -14.095555 ], [ -47.24833, -14.095555 ], [ -47.249101, -14.096635 ], [ -47.250223, -14.097242 ] ] ] ] } },
{ "type": "Feature", "properties": { "CODEALERTA": 924913, "FONTE": "SAD-CERRADO", "BIOMA": "Cerrado", "ESTADO": "GOIÁS", "MUNICIPIO": "Alto Paraíso de Goiás", "AREAHA": 7.4536, "ANODETEC": 2023, "DATADETEC": "2023-01-01", "DTIMGANT": "2022-07-18", "DTIMGDEP": "2023-01-24", "DTPUBLI": "2023-08-01", "VPRESSAO": "agriculture", "MES_ANO": "2023-01" }, "geometry": { "type": "Polygon", "coordinates": [ [ [ -47.262105, -14.098208 ], [ -47.261381, -14.097037 ], [ -47.260737, -14.097911 ], [ -47.259815, -14.097828 ], [ -47.258656, -14.097578 ], [ -47.258248, -14.098328 ], [ -47.258742, -14.098661 ], [ -47.257862, -14.099202 ], [ -47.25769, -14.100117 ], [ -47.258785, -14.100409 ], [ -47.259257, -14.099805 ], [ -47.26033, -14.099139 ], [ -47.261102, -14.098348 ], [ -47.261478, -14.098437 ], [ -47.262105, -14.098208 ] ] ] } },
{ "type": "Feature", "properties": { "CODEALERTA": 841625, "FONTE": "SAD-CERRADO", "BIOMA": "Cerrado", "ESTADO": "GOIÁS", "MUNICIPIO": "Alto Paraíso de Goiás", "AREAHA": 8.2094, "ANODETEC": 2022, "DATADETEC": "2022-07-28", "DTIMGANT": "2022-06-13", "DTIMGDEP": "2022-07-28", "DTPUBLI": "2023-03-14", "VPRESSAO": "agriculture", "MES_ANO": "2022-07" }, "geometry": { "type": "Polygon", "coordinates": [ [ [ -47.248059558146181, -14.099147012003264 ], [ -47.247970450360469, -14.098607297241777 ], [ -47.247881257920511, -14.098607270161464 ], [ -47.247881228645142, -14.098518110928469 ], [ -47.247792058019186, -14.09851804644188 ], [ -47.247792041154185, -14.098339714106123 ], [ -47.247702932791576, -14.09833972077154 ], [ -47.247792058019186, -14.097800334526434 ], [ -47.247881257920511, -14.09780026893873 ], [ -47.247881255999971, -14.097532686092721 ], [ -47.247792058019186, -14.097532571472099 ], [ -47.247792041170285, -14.097349834001921 ], [ -47.247702932791576, -14.097349771832231 ], [ -47.247702871058088, -14.097260592154953 ], [ -47.247520062614782, -14.097260589361939 ], [ -47.247430908581656, -14.09708229711133 ], [ -47.24725253976797, -14.097082199955505 ], [ -47.247252478062663, -14.096993090943233 ], [ -47.247074142295901, -14.096993015466881 ], [ -47.247074125430572, -14.096903873576832 ], [ -47.246980547210832, -14.096903884251953 ], [ -47.246802088944563, -14.096631859627275 ], [ -47.246445433989201, -14.096631872792214 ], [ -47.246445353500292, -14.096542689439191 ], [ -47.245995051954829, -14.096542676700574 ], [ -47.245994990216126, -14.096453499589694 ], [ -47.245816733352186, -14.096453510107644 ], [ -47.24581672574331, -14.096275203042403 ], [ -47.245723066034159, -14.096275110269763 ], [ -47.245723004298185, -14.095735607178325 ], [ -47.245366218539509, -14.095735629489921 ], [ -47.245276961263514, -14.095913954955813 ], [ -47.245094128969107, -14.096003172672022 ], [ -47.245094099694043, -14.096275100431171 ], [ -47.245004986738174, -14.096275214027962 ], [ -47.245004979131714, -14.096453519314487 ], [ -47.244915813511206, -14.096453514077261 ], [ -47.244915784208175, -14.096542668359845 ], [ -47.244737411677256, -14.096542713311472 ], [ -47.244737394824277, -14.096721035877254 ], [ -47.244554626525293, -14.096814759373807 ], [ -47.244554609684243, -14.096993081932414 ], [ -47.244376238395631, -14.097082309034983 ], [ -47.244376221550638, -14.0972606316901 ], [ -47.244287057018902, -14.097260625247424 ], [ -47.244287027715394, -14.097349779569047 ], [ -47.244108702240482, -14.097349785278084 ], [ -47.244108640508088, -14.097443437823987 ], [ -47.243926057598308, -14.097443454528598 ], [ -47.243925977108489, -14.097349796517245 ], [ -47.243569186303148, -14.097349789817295 ], [ -47.243569086301811, -14.097443379427633 ], [ -47.243297120794445, -14.097443490732195 ], [ -47.243297142473345, -14.097621965178048 ], [ -47.243479968376917, -14.097621995107122 ], [ -47.243569115590454, -14.097800282547038 ], [ -47.243747471641285, -14.097800315288421 ], [ -47.24374753337036, -14.097889491173563 ], [ -47.244554609684236, -14.097889528767594 ], [ -47.244554671422058, -14.097978705604676 ], [ -47.244737394824284, -14.097978696984194 ], [ -47.244737456553125, -14.098161535607057 ], [ -47.245366156812182, -14.098161568726892 ], [ -47.245366218549194, -14.098250746677341 ], [ -47.24554447385642, -14.098250740504049 ], [ -47.245544554343269, -14.098429040357175 ], [ -47.246445233989199, -14.098429085611841 ], [ -47.246445295720115, -14.098518264957365 ], [ -47.246623629284997, -14.098518274465748 ], [ -47.246623709780089, -14.098701123927865 ], [ -47.24751986261478, -14.098701082818486 ], [ -47.247519924346989, -14.098790263550939 ], [ -47.247702732791566, -14.098790269712755 ], [ -47.247702762083826, -14.098968617753938 ], [ -47.247881057920502, -14.098968632282542 ], [ -47.24797028725137, -14.099146946897072 ], [ -47.248059558146181, -14.099147012003264 ] ] ] } },
{ "type": "Feature", "properties": { "CODEALERTA": 615445, "FONTE": "DETER-CERRADO,SAD-CAATINGA,SAD-CERRADO", "BIOMA": "Cerrado", "ESTADO": "GOIÁS", "MUNICIPIO": "Alto Paraíso de Goiás", "AREAHA": 50.5623, "ANODETEC": 2022, "DATADETEC": "2022-03-01", "DTIMGANT": "2021-08-02", "DTIMGDEP": "2021-10-15", "DTPUBLI": "2022-08-30", "VPRESSAO": "natural_cause", "MES_ANO": "2022-03" }, "geometry": { "type": "Polygon", "coordinates": [ [ [ -47.756806217527867, -14.316858382134955 ], [ -47.756131687882601, -14.316831756726643 ], [ -47.75599014934329, -14.317316290433492 ], [ -47.75556017109998, -14.317723884603664 ], [ -47.756809575295819, -14.318621450124768 ], [ -47.757260307835701, -14.319663422707315 ], [ -47.75734350079334, -14.319718989247942 ], [ -47.757785928816205, -14.319490382542865 ], [ -47.758476426381925, -14.319561509337865 ], [ -47.758817288805162, -14.319303587510493 ], [ -47.759356938340325, -14.319168776339946 ], [ -47.760187113834903, -14.319514132176394 ], [ -47.760607144535662, -14.319459756777817 ], [ -47.762240092790051, -14.317597462255344 ], [ -47.762579828258659, -14.316845835338047 ], [ -47.762647252766115, -14.31487406168123 ], [ -47.762379844486205, -14.31409540624032 ], [ -47.76130644124023, -14.312663273761585 ], [ -47.76197872430383, -14.311407997985302 ], [ -47.761999980016782, -14.311041051763514 ], [ -47.760985381095892, -14.31013996831717 ], [ -47.760206484668267, -14.309663564649934 ], [ -47.759637148179685, -14.309498857287753 ], [ -47.759340524986534, -14.309585149593557 ], [ -47.758537990388859, -14.311264218202654 ], [ -47.758344063480564, -14.312465585107736 ], [ -47.758391691661025, -14.313391572939363 ], [ -47.757219703570208, -14.314954453366985 ], [ -47.757006763423824, -14.315526822966135 ], [ -47.756938442932217, -14.31675070633092 ], [ -47.756806217527867, -14.316858382134955 ] ] ] } },
{ "type": "Feature", "properties": { "CODEALERTA": 563925, "FONTE": "DETER-CERRADO,SAD-CERRADO", "BIOMA": "Cerrado", "ESTADO": "GOIÁS", "MUNICIPIO": "Alto Paraíso de Goiás", "AREAHA": 61.0422, "ANODETEC": 2022, "DATADETEC": "2022-01-19", "DTIMGANT": "2019-02-01", "DTIMGDEP": "2019-03-15", "DTPUBLI": "2022-06-14", "VPRESSAO": "agriculture", "MES_ANO": "2022-01" }, "geometry": { "type": "Polygon", "coordinates": [ [ [ -47.649880372108484, -14.294432899157597 ], [ -47.651034611875438, -14.293182275213914 ], [ -47.651631306863003, -14.292752177388438 ], [ -47.651668199795147, -14.292622127826277 ], [ -47.65077158074422, -14.291665138419829 ], [ -47.649649003625257, -14.290792893988336 ], [ -47.648794460674402, -14.289039192508991 ], [ -47.648314715920264, -14.287396586939188 ], [ -47.646772025705815, -14.285936794086902 ], [ -47.645663427450707, -14.284551595026041 ], [ -47.644520981660932, -14.28354559750025 ], [ -47.643099256313896, -14.281548446712147 ], [ -47.642341623258936, -14.280871351269642 ], [ -47.640438831692748, -14.280392713740495 ], [ -47.639698615549953, -14.279949687546273 ], [ -47.638589242166908, -14.279959420133842 ], [ -47.638227390082754, -14.280967535289905 ], [ -47.63849714211095, -14.281725697088389 ], [ -47.641100787477725, -14.283543587815958 ], [ -47.641767924359648, -14.284875985280369 ], [ -47.644477383950139, -14.287463633862188 ], [ -47.645053072177923, -14.288701911178638 ], [ -47.646616447589949, -14.290839998579287 ], [ -47.64810386400687, -14.293256240662995 ], [ -47.648788840203316, -14.29412876306527 ], [ -47.649880372108484, -14.294432899157597 ] ] ] } },
{ "type": "Feature", "properties": { "CODEALERTA": 427144, "FONTE": "DETER-CERRADO", "BIOMA": "Cerrado", "ESTADO": "GOIÁS", "MUNICIPIO": "Alto Paraíso de Goiás", "AREAHA": 35.1288, "ANODETEC": 2021, "DATADETEC": "2021-09-20", "DTIMGANT": "2021-06-16", "DTIMGDEP": "2021-08-20", "DTPUBLI": "2021-11-09", "VPRESSAO": "agriculture", "MES_ANO": "2021-09" }, "geometry": { "type": "Polygon", "coordinates": [ [ [ -47.202284433098335, -14.094132667118345 ], [ -47.202137217566637, -14.094047982957228 ], [ -47.202079774535463, -14.093717746796596 ], [ -47.201831004027461, -14.093685227700298 ], [ -47.201664731947474, -14.093893698018679 ], [ -47.201489300773197, -14.093903727051995 ], [ -47.201270186211538, -14.093406833239007 ], [ -47.200731930862901, -14.09328735220922 ], [ -47.200188482863147, -14.094541149774305 ], [ -47.199658017331622, -14.094706327104269 ], [ -47.199712318751835, -14.095038448557601 ], [ -47.200523003379175, -14.096140797959828 ], [ -47.200723347234081, -14.097576413895432 ], [ -47.206445026385126, -14.098482771131367 ], [ -47.206679093337605, -14.098842611049946 ], [ -47.206556847669013, -14.099473994969976 ], [ -47.207060419997063, -14.099506122102508 ], [ -47.207103546343617, -14.099070065206709 ], [ -47.207494691236207, -14.098979515998236 ], [ -47.207718987068198, -14.098496765350125 ], [ -47.207678684641145, -14.098405183220772 ], [ -47.207103357040715, -14.098149016308419 ], [ -47.207048784629166, -14.097560701360681 ], [ -47.207318074243588, -14.096502812023662 ], [ -47.208037062915686, -14.094983556276215 ], [ -47.208105854815443, -14.094077838811716 ], [ -47.208330117435445, -14.093423132066714 ], [ -47.202859907125038, -14.093457219674232 ], [ -47.202548687692818, -14.093592907530399 ], [ -47.202502258459191, -14.094020083320629 ], [ -47.202284433098335, -14.094132667118345 ] ], [ [ -47.202793632636542, -14.096579103201409 ], [ -47.20369221734348, -14.096827181620126 ], [ -47.204933862527916, -14.09682955328001 ], [ -47.206775760564973, -14.097397931981268 ], [ -47.206856299276168, -14.097531125331098 ], [ -47.206724080712704, -14.098172444260513 ], [ -47.206616378971496, -14.098244395206914 ], [ -47.206263698553229, -14.098220289419871 ], [ -47.203747549712354, -14.097702185515734 ], [ -47.203608298510531, -14.097618145874213 ], [ -47.203388288504421, -14.097711763985421 ], [ -47.202029094721439, -14.09749529695809 ], [ -47.201935239303872, -14.097420310087744 ], [ -47.201887674074094, -14.096872624583524 ], [ -47.201986772306974, -14.096806663041958 ], [ -47.202222113687178, -14.096823651734043 ], [ -47.202406645950596, -14.096629619856275 ], [ -47.202793632636542, -14.096579103201409 ] ] ] } },
{ "type": "Feature", "properties": { "CODEALERTA": 982858, "FONTE": "PRODES-CERR", "BIOMA": "Cerrado", "ESTADO": "GOIÁS", "MUNICIPIO": "Alto Paraíso de Goiás", "AREAHA": 9.8966, "ANODETEC": 2021, "DATADETEC": "2021-07-19", "DTIMGANT": "2021-06-07", "DTIMGDEP": "2021-08-17", "DTPUBLI": "2024-08-06", "VPRESSAO": "agriculture", "MES_ANO": "2021-07" }, "geometry": { "type": "Polygon", "coordinates": [ [ [ -47.244682, -14.105497 ], [ -47.244826, -14.104992 ], [ -47.245095, -14.104691 ], [ -47.245706, -14.104451 ], [ -47.245899, -14.104514 ], [ -47.246189, -14.104399 ], [ -47.246168, -14.103681 ], [ -47.246532, -14.103546 ], [ -47.246538, -14.103455 ], [ -47.24576, -14.10281 ], [ -47.245433, -14.102857 ], [ -47.245363, -14.102997 ], [ -47.245245, -14.103039 ], [ -47.24495, -14.103008 ], [ -47.244628, -14.103299 ], [ -47.244558, -14.103528 ], [ -47.244188, -14.103601 ], [ -47.243566, -14.104407 ], [ -47.243367, -14.104542 ], [ -47.243196, -14.104891 ], [ -47.243147, -14.105692 ], [ -47.243614, -14.106743 ], [ -47.247723, -14.107164 ], [ -47.248083, -14.107102 ], [ -47.248201, -14.107008 ], [ -47.248244, -14.106426 ], [ -47.247847, -14.106452 ], [ -47.247723, -14.106779 ], [ -47.24746, -14.106816 ], [ -47.246489, -14.106785 ], [ -47.246323, -14.106322 ], [ -47.245755, -14.106363 ], [ -47.245272, -14.106275 ], [ -47.245143, -14.106337 ], [ -47.245127, -14.106488 ], [ -47.244993, -14.106509 ], [ -47.244698, -14.105825 ], [ -47.244682, -14.105497 ] ] ] } },
{ "type": "Feature", "properties": { "CODEALERTA": 985337, "FONTE": "PRODES-CERR", "BIOMA": "Cerrado", "ESTADO": "GOIÁS", "MUNICIPIO": "Alto Paraíso de Goiás", "AREAHA": 1.3241, "ANODETEC": 2021, "DATADETEC": "2021-07-19", "DTIMGANT": "2019-07-30", "DTIMGDEP": "2019-09-11", "DTPUBLI": "2024-08-06", "VPRESSAO": "agriculture", "MES_ANO": "2021-07" }, "geometry": { "type": "Polygon", "coordinates": [ [ [ -47.608240559, -14.339334222 ], [ -47.608802, -14.339416 ], [ -47.609333, -14.339385 ], [ -47.609113, -14.338379 ], [ -47.608824, -14.337522 ], [ -47.608473904, -14.33752045 ], [ -47.608613912, -14.337995673 ], [ -47.608597791, -14.338779032 ], [ -47.608240559, -14.339334222 ] ] ] } },
{ "type": "Feature", "properties": { "CODEALERTA": 983077, "FONTE": "PRODES-CERR", "BIOMA": "Cerrado", "ESTADO": "GOIÁS", "MUNICIPIO": "Alto Paraíso de Goiás", "AREAHA": 1.4858, "ANODETEC": 2021, "DATADETEC": "2021-07-19", "DTIMGANT": "2019-01-31", "DTIMGDEP": "2019-12-22", "DTPUBLI": "2026-01-27", "VPRESSAO": "agriculture", "MES_ANO": "2021-07" }, "geometry": { "type": "Polygon", "coordinates": [ [ [ -47.356297, -14.060612 ], [ -47.355636, -14.060887 ], [ -47.355864, -14.061108 ], [ -47.355962, -14.062011 ], [ -47.356083, -14.06201 ], [ -47.356324, -14.062172 ], [ -47.356738, -14.06142 ], [ -47.356716, -14.061066 ], [ -47.356905, -14.060804 ], [ -47.356824, -14.060525 ], [ -47.356618, -14.060354 ], [ -47.356297, -14.060612 ] ] ] } },
{ "type": "Feature", "properties": { "CODEALERTA": 988055, "FONTE": "PRODES-CERR", "BIOMA": "Cerrado", "ESTADO": "GOIÁS", "MUNICIPIO": "Alto Paraíso de Goiás", "AREAHA": 3.8001, "ANODETEC": 2021, "DATADETEC": "2021-07-19", "DTIMGANT": "2020-05-03", "DTIMGDEP": "2020-11-28", "DTPUBLI": "2024-08-06", "VPRESSAO": "agriculture", "MES_ANO": "2021-07" }, "geometry": { "type": "MultiPolygon", "coordinates": [ [ [ [ -47.738192, -14.336324 ], [ -47.738332, -14.335378 ], [ -47.738374, -14.334203 ], [ -47.738246, -14.334026 ], [ -47.738299, -14.333803 ], [ -47.73802, -14.33359 ], [ -47.737849, -14.334167 ], [ -47.737725, -14.335061 ], [ -47.737543, -14.335035 ], [ -47.737505, -14.335383 ], [ -47.737108, -14.335539 ], [ -47.736964, -14.335799 ], [ -47.737339, -14.336048 ], [ -47.737457, -14.33622 ], [ -47.737302, -14.337573 ], [ -47.737634, -14.33736 ], [ -47.738294, -14.337241 ], [ -47.738192, -14.336324 ] ] ], [ [ [ -47.738348, -14.33755 ], [ -47.738326, -14.337353 ], [ -47.737768, -14.337503 ], [ -47.737479, -14.337789 ], [ -47.737629, -14.338065 ], [ -47.737404, -14.338275 ], [ -47.737527, -14.338444 ], [ -47.737843, -14.338018 ], [ -47.73787, -14.337872 ], [ -47.738348, -14.33755 ] ] ] ] } },
{ "type": "Feature", "properties": { "CODEALERTA": 986106, "FONTE": "PRODES-CERR", "BIOMA": "Cerrado", "ESTADO": "GOIÁS", "MUNICIPIO": "Alto Paraíso de Goiás", "AREAHA": 0.9942, "ANODETEC": 2021, "DATADETEC": "2021-07-19", "DTIMGANT": "2020-09-27", "DTIMGDEP": "2021-05-10", "DTPUBLI": "2025-06-05", "VPRESSAO": "agriculture", "MES_ANO": "2021-07" }, "geometry": { "type": "Polygon", "coordinates": [ [ [ -47.6036, -14.342735 ], [ -47.60306, -14.341244 ], [ -47.602719, -14.341286 ], [ -47.602828, -14.342564 ], [ -47.603164, -14.34278 ], [ -47.6036, -14.342735 ] ] ] } },
{ "type": "Feature", "properties": { "CODEALERTA": 231696, "FONTE": "DETER-CERRADO", "BIOMA": "Cerrado", "ESTADO": "GOIÁS", "MUNICIPIO": "Alto Paraíso de Goiás", "AREAHA": 10.3833, "ANODETEC": 2020, "DATADETEC": "2020-09-21", "DTIMGANT": "2020-07-20", "DTIMGDEP": "2020-10-02", "DTPUBLI": "2020-11-24", "VPRESSAO": "agriculture", "MES_ANO": "2020-09" }, "geometry": { "type": "Polygon", "coordinates": [ [ [ -47.597547934186096, -14.296374719961806 ], [ -47.59811633760588, -14.296730856003572 ], [ -47.598464317850556, -14.296731390910852 ], [ -47.598794801867101, -14.296982473465373 ], [ -47.598857205016593, -14.29721490590693 ], [ -47.600833418854144, -14.298384682900112 ], [ -47.601380311708184, -14.298166425767786 ], [ -47.601500686579904, -14.298464899243784 ], [ -47.601715897319373, -14.298580585080201 ], [ -47.601768161335926, -14.298874443504745 ], [ -47.603347336520784, -14.299708601534505 ], [ -47.603545552653095, -14.299681349468981 ], [ -47.604165812154221, -14.2982983629015 ], [ -47.604087084559346, -14.297990289273566 ], [ -47.603208948453791, -14.29767475958543 ], [ -47.60300070238489, -14.297793570154537 ], [ -47.602673405171409, -14.297714795846927 ], [ -47.60111935665833, -14.296884085948182 ], [ -47.600867798736445, -14.296953413077853 ], [ -47.600665735894538, -14.296732173804553 ], [ -47.599534783382666, -14.296423816700988 ], [ -47.599139816644204, -14.296065489526386 ], [ -47.597434694927614, -14.295831264905008 ], [ -47.597357330602016, -14.2959292768269 ], [ -47.597547934186096, -14.296374719961806 ] ] ] } },
{ "type": "Feature", "properties": { "CODEALERTA": 118264, "FONTE": "DETER-CERRADO", "BIOMA": "Cerrado", "ESTADO": "GOIÁS", "MUNICIPIO": "Alto Paraíso de Goiás", "AREAHA": 58.3605, "ANODETEC": 2020, "DATADETEC": "2020-02-26", "DTIMGANT": "2019-11-13", "DTIMGDEP": "2020-05-28", "DTPUBLI": "2020-07-07", "VPRESSAO": "agriculture", "MES_ANO": "2020-02" }, "geometry": { "type": "MultiPolygon", "coordinates": [ [ [ [ -47.22977343817707, -14.12878044903891 ], [ -47.229887242753279, -14.128982699690489 ], [ -47.230054922249437, -14.128825609615582 ], [ -47.229859653921842, -14.128689460790344 ], [ -47.22977343817707, -14.12878044903891 ] ] ], [ [ [ -47.234084074633316, -14.126711599276767 ], [ -47.234157769056452, -14.126811880567383 ], [ -47.235031436986056, -14.126315024497128 ], [ -47.235048702124111, -14.126184405498222 ], [ -47.234824799295048, -14.126182117709059 ], [ -47.234234669340076, -14.126475253005456 ], [ -47.234084074633316, -14.126711599276767 ] ] ], [ [ [ -47.226043589248789, -14.123737955031599 ], [ -47.226380213230783, -14.12536918137112 ], [ -47.226628706374072, -14.125856949435796 ], [ -47.227019436506581, -14.125882440503975 ], [ -47.227147419078072, -14.126012055571767 ], [ -47.227347437282944, -14.12602709642791 ], [ -47.227512535482099, -14.126223020469334 ], [ -47.22748372770662, -14.126352080886543 ], [ -47.227315638284814, -14.126460578651802 ], [ -47.227102127839139, -14.126289211969922 ], [ -47.226827939295191, -14.126316813152824 ], [ -47.226696705921754, -14.126652007370344 ], [ -47.22742199221647, -14.129044743778621 ], [ -47.227685388242193, -14.128905243204937 ], [ -47.229292432029155, -14.129086553634796 ], [ -47.22944988752149, -14.128713684872464 ], [ -47.229726970260735, -14.128654144857546 ], [ -47.229711918357289, -14.12846394663597 ], [ -47.229868829868536, -14.128113099681281 ], [ -47.230102690927566, -14.128120413138779 ], [ -47.230279075885981, -14.128277742773097 ], [ -47.23100759297008, -14.128059951640759 ], [ -47.231166586653117, -14.127917853774086 ], [ -47.23149341475829, -14.128050179473606 ], [ -47.232064368842522, -14.128059269809803 ], [ -47.232340398163899, -14.127865716812591 ], [ -47.232493878349374, -14.127586700494982 ], [ -47.23299693455396, -14.127661773148173 ], [ -47.233357908586555, -14.127233747613159 ], [ -47.233859580398679, -14.127134050670026 ], [ -47.233896496809493, -14.12682268756584 ], [ -47.233758063687191, -14.126718832002631 ], [ -47.233413940208251, -14.126073760006436 ], [ -47.233797578974219, -14.125687616830978 ], [ -47.238497985021475, -14.124558750057197 ], [ -47.238554122844981, -14.124466890518995 ], [ -47.238466737373706, -14.124098096000665 ], [ -47.238653440312333, -14.123700662459894 ], [ -47.238899756471518, -14.123623697035862 ], [ -47.239006769947871, -14.12334393890505 ], [ -47.238893747318372, -14.122851214116361 ], [ -47.23877630226653, -14.122882737263554 ], [ -47.238683100243101, -14.12317970320141 ], [ -47.238567252889972, -14.123246732956002 ], [ -47.238451398066687, -14.123179704077215 ], [ -47.238352327936354, -14.12287611202242 ], [ -47.237506614453785, -14.122858050378829 ], [ -47.235321310357101, -14.123441139283324 ], [ -47.233952777757629, -14.123532252300885 ], [ -47.233814293662043, -14.1236619752806 ], [ -47.233556469510937, -14.12364950077168 ], [ -47.233306958283123, -14.123824376333157 ], [ -47.232979341127262, -14.123755907893782 ], [ -47.232753611992699, -14.123975634520049 ], [ -47.232746847520779, -14.124087257068869 ], [ -47.233100016824771, -14.124194221086787 ], [ -47.233150476448102, -14.12436981972904 ], [ -47.232761647845138, -14.124627915277056 ], [ -47.232336016146853, -14.124403653241128 ], [ -47.232312551304979, -14.124164403654536 ], [ -47.232147398233423, -14.124036880058538 ], [ -47.232101763660488, -14.123856184734283 ], [ -47.232205203441978, -14.123699927539604 ], [ -47.232186060817412, -14.123496625417925 ], [ -47.231774938192814, -14.122760722231774 ], [ -47.231797620417197, -14.122551349207821 ], [ -47.231642827793102, -14.122417683725091 ], [ -47.231507220752569, -14.121854411848714 ], [ -47.231256348804749, -14.121389562604502 ], [ -47.231154792427304, -14.121368706260288 ], [ -47.229873547739707, -14.121793149592285 ], [ -47.229678139896862, -14.12194738030761 ], [ -47.229550685089734, -14.121951478016239 ], [ -47.229107065078281, -14.122334955071169 ], [ -47.228464223538019, -14.122470583726175 ], [ -47.228305406102322, -14.122719020987001 ], [ -47.226043589248789, -14.123737955031599 ] ] ] ] } },
{ "type": "Feature", "properties": { "CODEALERTA": 364002, "FONTE": "PRODES-CERR", "BIOMA": "Cerrado", "ESTADO": "GOIÁS", "MUNICIPIO": "Alto Paraíso de Goiás", "AREAHA": 315.3326, "ANODETEC": 2020, "DATADETEC": "2020-01-01", "DTIMGANT": "2021-08-29", "DTIMGDEP": "2021-11-25", "DTPUBLI": "2022-07-12", "VPRESSAO": "agriculture", "MES_ANO": "2020-01" }, "geometry": { "type": "MultiPolygon", "coordinates": [ [ [ [ -47.647529814535361, -14.293281624447305 ], [ -47.648071983518733, -14.293333325177455 ], [ -47.64810386400687, -14.293256240662995 ], [ -47.647698260342523, -14.292738142369863 ], [ -47.64660565619107, -14.290829040588678 ], [ -47.645040571089119, -14.288687390661817 ], [ -47.64447625390698, -14.28746282289611 ], [ -47.641773794960734, -14.284882609757897 ], [ -47.641478426810728, -14.284319049864697 ], [ -47.641134478431894, -14.284225632642665 ], [ -47.640744285524796, -14.283300237953464 ], [ -47.638947578713896, -14.282054643007973 ], [ -47.638826762328804, -14.282057540292241 ], [ -47.638813401431499, -14.282177483453129 ], [ -47.640276318740675, -14.283842947187853 ], [ -47.641239940293389, -14.284652030301652 ], [ -47.641438905392221, -14.285163021203516 ], [ -47.642037734853595, -14.28584096593397 ], [ -47.642522083114635, -14.28670880649431 ], [ -47.64259233485641, -14.287783495054693 ], [ -47.641767589756157, -14.289459727281686 ], [ -47.641878826226275, -14.290070598353806 ], [ -47.642360506070531, -14.290388824254896 ], [ -47.644968084807083, -14.291010422857667 ], [ -47.646733093034328, -14.292422490755841 ], [ -47.647529814535361, -14.293281624447305 ] ] ], [ [ [ -47.650579564242598, -14.271008032031336 ], [ -47.650266260364653, -14.271229729882824 ], [ -47.650084157443629, -14.271099211361586 ], [ -47.64996485147941, -14.271149729179967 ], [ -47.649643449891308, -14.272531481375079 ], [ -47.649680254515978, -14.273074174141216 ], [ -47.649924382586939, -14.273477374527051 ], [ -47.649230731135127, -14.274089299875717 ], [ -47.649035216125469, -14.274779389975425 ], [ -47.648608150880541, -14.275152097020435 ], [ -47.647753658968611, -14.275532180908288 ], [ -47.647009226928731, -14.276693074119789 ], [ -47.645429106820814, -14.27754464211781 ], [ -47.645018982144627, -14.277422337144429 ], [ -47.644818297872021, -14.276865195597217 ], [ -47.644425881847361, -14.27667344174683 ], [ -47.644131106985505, -14.276732729843678 ], [ -47.643604682979756, -14.279066605134588 ], [ -47.643008017047649, -14.279728459139291 ], [ -47.64238453196036, -14.279847690704909 ], [ -47.64210707983699, -14.278861875440159 ], [ -47.639384897880639, -14.276734669754978 ], [ -47.638535964136899, -14.278080083085706 ], [ -47.637921456843763, -14.279776297631027 ], [ -47.637570288493976, -14.280140537903746 ], [ -47.637519682750579, -14.280678608457544 ], [ -47.638210266516538, -14.28149014826967 ], [ -47.63831566599157, -14.281518679810377 ], [ -47.638380800331191, -14.281423870590805 ], [ -47.638226425758788, -14.280949181634078 ], [ -47.638546892332357, -14.279983550175622 ], [ -47.639672036579888, -14.279935368656822 ], [ -47.640432213050033, -14.280383898735606 ], [ -47.642285288023487, -14.280828603913246 ], [ -47.642909605259732, -14.281350725701664 ], [ -47.643233684565409, -14.281136809128432 ], [ -47.643376507543991, -14.281165509460021 ], [ -47.643453264222956, -14.281607783023976 ], [ -47.643291027796366, -14.281816942157583 ], [ -47.644528330556142, -14.283552498681345 ], [ -47.64565998782804, -14.284547988646905 ], [ -47.646784573537303, -14.285949370688682 ], [ -47.648315969630936, -14.287397970067991 ], [ -47.648803009935854, -14.28904753809582 ], [ -47.649655485816083, -14.290800771272629 ], [ -47.650770502664763, -14.291663142219422 ], [ -47.651694360717897, -14.292625995698574 ], [ -47.651676694590066, -14.292718154009643 ], [ -47.651026225272425, -14.293191207077856 ], [ -47.650108163734807, -14.29425756818549 ], [ -47.650200325945725, -14.29459027188528 ], [ -47.650298342965939, -14.294632812241163 ], [ -47.650446311605243, -14.294534973609045 ], [ -47.6505600421116, -14.294552443707818 ], [ -47.651110455245757, -14.29522277759769 ], [ -47.652145685259526, -14.295937306542559 ], [ -47.653606582023485, -14.296205861663607 ], [ -47.654469558893744, -14.295768360185082 ], [ -47.657173289347369, -14.293072443270674 ], [ -47.657154545546902, -14.292978030886029 ], [ -47.656969244856022, -14.292894399936491 ], [ -47.656837235471826, -14.292620406126293 ], [ -47.656859077424393, -14.29176840757223 ], [ -47.657046708848604, -14.291609613109294 ], [ -47.657389388349941, -14.291721662647275 ], [ -47.657510236616993, -14.291849111973361 ], [ -47.6576140356132, -14.291831232960392 ], [ -47.657688196099357, -14.291532769159483 ], [ -47.658078819831431, -14.290957772574421 ], [ -47.658142838660019, -14.29051732978003 ], [ -47.657956710714423, -14.288864643287196 ], [ -47.657304847607016, -14.286690171091896 ], [ -47.657564531231408, -14.286235935960933 ], [ -47.658112345139187, -14.285768125848856 ], [ -47.658158215943075, -14.28558043772613 ], [ -47.658461817936271, -14.285342045181318 ], [ -47.658647949193437, -14.284643535985129 ], [ -47.658345077882693, -14.284193431893161 ], [ -47.658240201534127, -14.28421770397248 ], [ -47.65810976193913, -14.284425311617921 ], [ -47.657748190946911, -14.284383889611881 ], [ -47.657355875187214, -14.284081276682357 ], [ -47.657280001124704, -14.283904625177156 ], [ -47.65697829673924, -14.283795064689928 ], [ -47.656757806470509, -14.283459403981297 ], [ -47.65641814266781, -14.283536677505438 ], [ -47.656039023985727, -14.283214215453851 ], [ -47.655816950128575, -14.283131950935903 ], [ -47.655765889798019, -14.283023501939494 ], [ -47.655817681019784, -14.282782520517488 ], [ -47.655381393284188, -14.282780434595757 ], [ -47.655017160627047, -14.2824687800198 ], [ -47.654748199374296, -14.281769915099989 ], [ -47.654564654238122, -14.281537739825405 ], [ -47.654744620683331, -14.281050036384439 ], [ -47.654663125294107, -14.280021638239148 ], [ -47.655000807191804, -14.279313644384784 ], [ -47.65500792178014, -14.278622354254612 ], [ -47.655526034036406, -14.27799535969983 ], [ -47.656160362365867, -14.278039392200981 ], [ -47.657252978185916, -14.278507950891191 ], [ -47.658882640106555, -14.278481523760547 ], [ -47.659136527797372, -14.278332386958741 ], [ -47.659204364054148, -14.277669301061602 ], [ -47.659035911773699, -14.277727816059951 ], [ -47.658874606420675, -14.278247402836282 ], [ -47.658598392914612, -14.27828740190013 ], [ -47.658496338783216, -14.278146532012117 ], [ -47.658965070831684, -14.277167597612829 ], [ -47.65920917361575, -14.277040096851522 ], [ -47.659447004446953, -14.277299642950718 ], [ -47.659570640649541, -14.277167320659043 ], [ -47.658481607632133, -14.275502015269646 ], [ -47.658830531379593, -14.273991720346844 ], [ -47.658719387786519, -14.273381821566838 ], [ -47.657442762711781, -14.272274404098743 ], [ -47.655750061822388, -14.272404564209257 ], [ -47.655136875345626, -14.272189341849328 ], [ -47.654902277376756, -14.271888080079378 ], [ -47.654788473852442, -14.271517923323403 ], [ -47.654548942856373, -14.271546760276335 ], [ -47.6543748685352, -14.271439278385694 ], [ -47.654202166584213, -14.271511488913813 ], [ -47.652209296775517, -14.271526916884097 ], [ -47.651184406058896, -14.270957881086467 ], [ -47.650579564242598, -14.271008032031336 ] ], [ [ -47.652053388702605, -14.274487256241079 ], [ -47.651837864871638, -14.274632456032746 ], [ -47.651380912057363, -14.27435818527842 ], [ -47.651400414322588, -14.27423261398099 ], [ -47.651632129912635, -14.274013144632901 ], [ -47.651936139221704, -14.274039902063517 ], [ -47.652026038252373, -14.274129434696524 ], [ -47.652053388702605, -14.274487256241079 ] ], [ [ -47.65504251688597, -14.290173392446846 ], [ -47.654745345709649, -14.290280257928202 ], [ -47.654569764606308, -14.290130592696794 ], [ -47.654652228861679, -14.289774564908097 ], [ -47.654750994480025, -14.289688140427543 ], [ -47.654964319540049, -14.289701008310962 ], [ -47.655058816739356, -14.289808851327518 ], [ -47.65504251688597, -14.290173392446846 ] ] ] ] } },
{ "type": "Feature", "properties": { "CODEALERTA": 363998, "FONTE": "PRODES-CERR", "BIOMA": "Cerrado", "ESTADO": "GOIÁS", "MUNICIPIO": "Alto Paraíso de Goiás", "AREAHA": 14.2211, "ANODETEC": 2020, "DATADETEC": "2020-01-01", "DTIMGANT": "2018-08-23", "DTIMGDEP": "2020-04-02", "DTPUBLI": "2021-12-21", "VPRESSAO": "agriculture", "MES_ANO": "2020-01" }, "geometry": { "type": "Polygon", "coordinates": [ [ [ -47.578209217549443, -14.320879128969413 ], [ -47.578890661210579, -14.320536245175377 ], [ -47.578760775864943, -14.319946974406381 ], [ -47.578886224965295, -14.319639148910246 ], [ -47.578389232826574, -14.318947601766267 ], [ -47.578598656618986, -14.318129751274435 ], [ -47.578301848939191, -14.317876833180566 ], [ -47.578362661170765, -14.317616512386952 ], [ -47.578234642222696, -14.317435702126591 ], [ -47.578217440819955, -14.317156299843562 ], [ -47.575656657111359, -14.312949878994882 ], [ -47.575478942452854, -14.312893890963204 ], [ -47.574776794526997, -14.314237562453769 ], [ -47.574800029968394, -14.314610006005452 ], [ -47.578209217549443, -14.320879128969413 ] ] ] } },
{ "type": "Feature", "properties": { "CODEALERTA": 364008, "FONTE": "PRODES-CERR", "BIOMA": "Cerrado", "ESTADO": "GOIÁS", "MUNICIPIO": "Alto Paraíso de Goiás", "AREAHA": 1.0928, "ANODETEC": 2020, "DATADETEC": "2020-01-01", "DTIMGANT": "2019-11-13", "DTIMGDEP": "2020-06-01", "DTPUBLI": "2022-07-12", "VPRESSAO": "agriculture", "MES_ANO": "2020-01" }, "geometry": { "type": "Polygon", "coordinates": [ [ [ -47.587374327296843, -14.197854454587393 ], [ -47.588309502125767, -14.197660993246355 ], [ -47.588324844296878, -14.197270767549073 ], [ -47.588000741991841, -14.197075287389143 ], [ -47.58811432169567, -14.196657066726479 ], [ -47.588066083369938, -14.196570866737435 ], [ -47.587610056152016, -14.196548013918202 ], [ -47.587406601169036, -14.196810911515001 ], [ -47.587471637457071, -14.197365410909162 ], [ -47.587304295201079, -14.197564863474099 ], [ -47.587300018143317, -14.197782647761247 ], [ -47.587374327296843, -14.197854454587393 ] ] ] } },
{ "type": "Feature", "properties": { "CODEALERTA": 363999, "FONTE": "PRODES-CERR", "BIOMA": "Cerrado", "ESTADO": "GOIÁS", "MUNICIPIO": "Alto Paraíso de Goiás", "AREAHA": 17.0436, "ANODETEC": 2020, "DATADETEC": "2020-01-01", "DTIMGANT": "2019-12-22", "DTIMGDEP": "2020-07-29", "DTPUBLI": "2022-06-28", "VPRESSAO": "agriculture", "MES_ANO": "2020-01" }, "geometry": { "type": "MultiPolygon", "coordinates": [ [ [ [ -47.39956798647242, -14.30267280301225 ], [ -47.400148450496829, -14.303573824705225 ], [ -47.400892014970104, -14.303870506833169 ], [ -47.401292923873747, -14.303878329900016 ], [ -47.402023641321925, -14.303424812999882 ], [ -47.40287085694046, -14.303384060066479 ], [ -47.403138451692534, -14.303078827159348 ], [ -47.403307634006026, -14.303132052930199 ], [ -47.403322307164686, -14.303354914734379 ], [ -47.403437505375948, -14.303433824709783 ], [ -47.404256700827915, -14.303324902094431 ], [ -47.403827565072355, -14.302733166317275 ], [ -47.403561734851685, -14.302634876224133 ], [ -47.403138294133733, -14.302679209063179 ], [ -47.402506443816534, -14.303176162838326 ], [ -47.40212649066693, -14.303185386020298 ], [ -47.400526408931086, -14.302144955773462 ], [ -47.400137746441217, -14.302108183431782 ], [ -47.399647601576952, -14.302283198011569 ], [ -47.399422133974191, -14.302463117775694 ], [ -47.399404582006532, -14.302572452083423 ], [ -47.39956798647242, -14.30267280301225 ] ] ], [ [ [ -47.396570196056338, -14.30132153487582 ], [ -47.396670987970957, -14.301670239988313 ], [ -47.397344111314183, -14.302123601906347 ], [ -47.396979219767402, -14.30278262973161 ], [ -47.395866198847322, -14.303102685641951 ], [ -47.394588239155489, -14.302587709228126 ], [ -47.394063314502283, -14.302159633072868 ], [ -47.393809982417274, -14.302163560397826 ], [ -47.392949895401074, -14.302959833198363 ], [ -47.392888597161601, -14.30377833484393 ], [ -47.393734342892493, -14.303840169193354 ], [ -47.394951130045428, -14.304443266323867 ], [ -47.396114685042576, -14.304461207648979 ], [ -47.398094237871895, -14.303794368734556 ], [ -47.398457827379652, -14.303211697029189 ], [ -47.399095002399626, -14.302696493559237 ], [ -47.398749820682454, -14.30231651312012 ], [ -47.398779222620639, -14.30195672303245 ], [ -47.398477645302165, -14.301469365776295 ], [ -47.397900532823115, -14.30148690906052 ], [ -47.397141196291614, -14.300863833145446 ], [ -47.396570196056338, -14.30132153487582 ] ] ] ] } },
{ "type": "Feature", "properties": { "CODEALERTA": 364028, "FONTE": "PRODES-CERR", "BIOMA": "Cerrado", "ESTADO": "GOIÁS", "MUNICIPIO": "Alto Paraíso de Goiás", "AREAHA": 4.6229, "ANODETEC": 2020, "DATADETEC": "2020-01-01", "DTIMGANT": "2020-05-01", "DTIMGDEP": "2020-06-10", "DTPUBLI": "2022-07-12", "VPRESSAO": "agriculture", "MES_ANO": "2020-01" }, "geometry": { "type": "Polygon", "coordinates": [ [ [ -47.323299989785646, -14.062714191393477 ], [ -47.322793578377805, -14.062500761631133 ], [ -47.322698949610015, -14.062540844280381 ], [ -47.322686439976536, -14.06275035576202 ], [ -47.322582202035768, -14.062837891460244 ], [ -47.32224002126231, -14.062714903490029 ], [ -47.322109832777628, -14.062546143171987 ], [ -47.321978195808327, -14.062630275242347 ], [ -47.322025732363187, -14.062855312783825 ], [ -47.32242471380988, -14.063277153564329 ], [ -47.322421425912196, -14.063516273612477 ], [ -47.322268993455417, -14.063797667875816 ], [ -47.322846319600096, -14.064086204989199 ], [ -47.323384790444166, -14.064749016691554 ], [ -47.323694357226628, -14.064452161835602 ], [ -47.324022694560398, -14.064483047591636 ], [ -47.324307705102527, -14.064212428886105 ], [ -47.324786678215879, -14.064197730237249 ], [ -47.324866035834084, -14.064115311775611 ], [ -47.324486507058346, -14.063024597665311 ], [ -47.323793439945305, -14.062454177505261 ], [ -47.323299989785646, -14.062714191393477 ] ] ] } },
{ "type": "Feature", "properties": { "CODEALERTA": 363988, "FONTE": "PRODES-CERR", "BIOMA": "Cerrado", "ESTADO": "GOIÁS", "MUNICIPIO": "Alto Paraíso de Goiás", "AREAHA": 3.2883, "ANODETEC": 2020, "DATADETEC": "2020-01-01", "DTIMGANT": "2019-12-14", "DTIMGDEP": "2020-05-03", "DTPUBLI": "2022-10-28", "VPRESSAO": "agriculture", "MES_ANO": "2020-01" }, "geometry": { "type": "Polygon", "coordinates": [ [ [ -47.216275780752916, -13.871846369187194 ], [ -47.215956782, -13.871470886655674 ], [ -47.215947671211559, -13.871187583780548 ], [ -47.215778311229045, -13.870797557386297 ], [ -47.215393813635558, -13.870620726731302 ], [ -47.214902062244661, -13.870708463464634 ], [ -47.214790468907715, -13.870594117030407 ], [ -47.214560428123974, -13.870537327160058 ], [ -47.214436414378504, -13.870194719732954 ], [ -47.214229670221741, -13.870266738197818 ], [ -47.214073711916072, -13.870481108225542 ], [ -47.214041794289642, -13.870743231287342 ], [ -47.213743134671624, -13.870920419419409 ], [ -47.213943239751615, -13.871560139216848 ], [ -47.214948602324938, -13.872130965573859 ], [ -47.215216942351574, -13.872114618312645 ], [ -47.215681453202414, -13.871737388589144 ], [ -47.215793741970323, -13.87176483280801 ], [ -47.215982169560192, -13.871986157808939 ], [ -47.216275780752916, -13.871846369187194 ] ] ] } },
{ "type": "Feature", "properties": { "CODEALERTA": 360126, "FONTE": "PRODES-CERR", "BIOMA": "Cerrado", "ESTADO": "GOIÁS", "MUNICIPIO": "Alto Paraíso de Goiás", "AREAHA": 29.0967, "ANODETEC": 2020, "DATADETEC": "2020-01-01", "DTIMGANT": "2018-07-23", "DTIMGDEP": "2020-08-25", "DTPUBLI": "2022-02-08", "VPRESSAO": "agriculture", "MES_ANO": "2020-01" }, "geometry": { "type": "MultiPolygon", "coordinates": [ [ [ [ -47.572116941304699, -14.259886119050256 ], [ -47.571658429161445, -14.260179638569273 ], [ -47.57123343313264, -14.260101817135107 ], [ -47.570666478930725, -14.260549839630745 ], [ -47.569958752178579, -14.260729422594528 ], [ -47.569681358710412, -14.260493842253069 ], [ -47.568732181246531, -14.260877890541776 ], [ -47.568658677535588, -14.261070148066436 ], [ -47.568470903128741, -14.261178086676345 ], [ -47.567971323532753, -14.261267565507065 ], [ -47.568017168480324, -14.26185279183504 ], [ -47.568673575103062, -14.262943824253439 ], [ -47.568770107032385, -14.265242504042178 ], [ -47.568961216972887, -14.265369716443869 ], [ -47.569189238894516, -14.265025578894841 ], [ -47.569443369446596, -14.264998281552254 ], [ -47.56949428193105, -14.26511305424382 ], [ -47.569430792120166, -14.26539939564077 ], [ -47.569563935772557, -14.265951646047535 ], [ -47.569778199907063, -14.266075046005559 ], [ -47.57037868552046, -14.265708287790071 ], [ -47.570366858544396, -14.265383120069428 ], [ -47.570625578447462, -14.26495276131752 ], [ -47.571363344716964, -14.264817196526986 ], [ -47.571451222517354, -14.264589392984389 ], [ -47.570890045491623, -14.26369703549441 ], [ -47.570296935179336, -14.26382167790762 ], [ -47.570148779380013, -14.263433277706273 ], [ -47.570670743404762, -14.263274000999463 ], [ -47.571240189643646, -14.262540257765249 ], [ -47.571693197224207, -14.262774342835989 ], [ -47.57179704019719, -14.262746358586877 ], [ -47.571987966781059, -14.262258893134385 ], [ -47.571851432669916, -14.26178671947088 ], [ -47.571950854886701, -14.261710660264702 ], [ -47.572196605007377, -14.261726873978263 ], [ -47.572391057679198, -14.261607499272039 ], [ -47.572320164260276, -14.261318099791442 ], [ -47.572436071996563, -14.260850571752529 ], [ -47.57291299912459, -14.2604479430351 ], [ -47.572874002530114, -14.260358107755192 ], [ -47.572116941304699, -14.259886119050256 ] ], [ [ -47.569663598821414, -14.261576042677188 ], [ -47.568834245517486, -14.262308102613011 ], [ -47.568630348941092, -14.262280366034778 ], [ -47.568510774594259, -14.261738200809203 ], [ -47.568846858192103, -14.261131670701106 ], [ -47.56949352557077, -14.260918389289088 ], [ -47.569706332275459, -14.261435099757028 ], [ -47.569663598821414, -14.261576042677188 ] ] ], [ [ [ -47.572688104411561, -14.259468652950343 ], [ -47.572657301005734, -14.259699251899924 ], [ -47.572744630983998, -14.259777639845343 ], [ -47.572937451251263, -14.259781881016467 ], [ -47.573326642261463, -14.259496364371584 ], [ -47.573959916958266, -14.259789316274865 ], [ -47.574339335011395, -14.259697065602944 ], [ -47.574533370250755, -14.259807621499929 ], [ -47.575113347349216, -14.259800173153428 ], [ -47.576966888899896, -14.25923844785507 ], [ -47.577199876758961, -14.258738789712597 ], [ -47.57718608327103, -14.258324541113453 ], [ -47.576967354136521, -14.258079746250553 ], [ -47.577001583511496, -14.257650097170874 ], [ -47.576831523349391, -14.257105932743809 ], [ -47.576360893600238, -14.256348688653549 ], [ -47.575267998125597, -14.256051477716888 ], [ -47.573261417179054, -14.258896947319228 ], [ -47.572510010176543, -14.259241621536729 ], [ -47.572505254123314, -14.259337993999626 ], [ -47.572688104411561, -14.259468652950343 ] ] ] ] } },
{ "type": "Feature", "properties": { "CODEALERTA": 363983, "FONTE": "PRODES-CERR", "BIOMA": "Cerrado", "ESTADO": "GOIÁS", "MUNICIPIO": "Alto Paraíso de Goiás", "AREAHA": 6.3069, "ANODETEC": 2020, "DATADETEC": "2020-01-01", "DTIMGANT": "2020-02-15", "DTIMGDEP": "2020-12-29", "DTPUBLI": "2022-06-28", "VPRESSAO": "agriculture", "MES_ANO": "2020-01" }, "geometry": { "type": "Polygon", "coordinates": [ [ [ -47.231225048529417, -14.112269425080248 ], [ -47.231026702307652, -14.112168452221557 ], [ -47.231047156176054, -14.111440102682614 ], [ -47.230851115933419, -14.111295847029506 ], [ -47.230489935570546, -14.111899625481691 ], [ -47.230301015368916, -14.112032415846555 ], [ -47.230407410947478, -14.112209351327284 ], [ -47.230490608607091, -14.11278154715545 ], [ -47.230625963349979, -14.112927608327817 ], [ -47.230612848365446, -14.113113739520106 ], [ -47.231208204184533, -14.113275304551783 ], [ -47.231505858378597, -14.113731618876832 ], [ -47.23150568819225, -14.113974886369109 ], [ -47.231681542234909, -14.114050751871925 ], [ -47.231779918359194, -14.11425270108054 ], [ -47.232385708616832, -14.114884058777267 ], [ -47.232487926912498, -14.114906081008607 ], [ -47.233158462720333, -14.114504434789614 ], [ -47.232792195509333, -14.114011531535228 ], [ -47.232615688049492, -14.112861181222023 ], [ -47.23237847143168, -14.112682956078034 ], [ -47.232541421641464, -14.112435561283165 ], [ -47.232382134295513, -14.111669357825665 ], [ -47.232404435826716, -14.111042762296334 ], [ -47.232260906868369, -14.111008005390605 ], [ -47.232090648013362, -14.111208610070083 ], [ -47.231757172302117, -14.111259925145738 ], [ -47.231670024310262, -14.111432100511463 ], [ -47.231497563026885, -14.111522207134593 ], [ -47.231392503656913, -14.111694909668627 ], [ -47.231414253095949, -14.112079184023019 ], [ -47.231225048529417, -14.112269425080248 ] ] ] } },
{ "type": "Feature", "properties": { "CODEALERTA": 364005, "FONTE": "PRODES-CERR", "BIOMA": "Cerrado", "ESTADO": "GOIÁS", "MUNICIPIO": "Alto Paraíso de Goiás", "AREAHA": 1.8554, "ANODETEC": 2020, "DATADETEC": "2020-01-01", "DTIMGANT": "2020-04-02", "DTIMGDEP": "2020-07-04", "DTPUBLI": "2022-06-07", "VPRESSAO": "agriculture", "MES_ANO": "2020-01" }, "geometry": { "type": "Polygon", "coordinates": [ [ [ -47.555078651728202, -14.247112735470997 ], [ -47.554866897774644, -14.246593987161452 ], [ -47.553765363036334, -14.246657799235637 ], [ -47.553712763712781, -14.24687113865776 ], [ -47.554043599396302, -14.246881313369759 ], [ -47.55414547664224, -14.247077827944103 ], [ -47.553889309449879, -14.247430308975574 ], [ -47.553526901263005, -14.247479089266333 ], [ -47.553469062706931, -14.247831815899559 ], [ -47.553591945468604, -14.247937058692797 ], [ -47.553974515153854, -14.247831799831147 ], [ -47.554303452508186, -14.248169274093456 ], [ -47.55456825456087, -14.24820648696387 ], [ -47.555078651728202, -14.247112735470997 ] ] ] } },
{ "type": "Feature", "properties": { "CODEALERTA": 364019, "FONTE": "PRODES-CERR", "BIOMA": "Cerrado", "ESTADO": "GOIÁS", "MUNICIPIO": "Alto Paraíso de Goiás", "AREAHA": 9.8491, "ANODETEC": 2020, "DATADETEC": "2020-01-01", "DTIMGANT": "2019-08-30", "DTIMGDEP": "2020-05-02", "DTPUBLI": "2022-07-26", "VPRESSAO": "agriculture", "MES_ANO": "2020-01" }, "geometry": { "type": "MultiPolygon", "coordinates": [ [ [ [ -47.529645175078365, -14.109145460077711 ], [ -47.529914322916305, -14.109963167710449 ], [ -47.530422893968939, -14.109626640461801 ], [ -47.530369424645535, -14.108916315331088 ], [ -47.53028686236717, -14.108837172762238 ], [ -47.529645175078365, -14.109145460077711 ] ] ], [ [ [ -47.525709486481567, -14.108589930751483 ], [ -47.52580038378327, -14.10864140127285 ], [ -47.527411121850626, -14.108244300377798 ], [ -47.527542210331312, -14.10699773999476 ], [ -47.527457992181596, -14.106825254574805 ], [ -47.527268320801824, -14.106693920956147 ], [ -47.527406826519595, -14.106458534540973 ], [ -47.527356663403999, -14.10630877291482 ], [ -47.526477120202891, -14.10650464691412 ], [ -47.52612465590623, -14.10678414608045 ], [ -47.525735562120893, -14.106832300724918 ], [ -47.525603977855987, -14.107192421376947 ], [ -47.525709486481567, -14.108589930751483 ] ] ], [ [ [ -47.528523018412763, -14.106295901174157 ], [ -47.528684553213083, -14.106339813988585 ], [ -47.528861416135221, -14.106247902980821 ], [ -47.528877998412298, -14.105999955366611 ], [ -47.528552287634426, -14.105511128990976 ], [ -47.528434763968257, -14.105485583968278 ], [ -47.528356864107899, -14.105565048787016 ], [ -47.528391317602264, -14.105895303256059 ], [ -47.528523018412763, -14.106295901174157 ] ] ], [ [ [ -47.530098889703929, -14.102701937510776 ], [ -47.529220821197541, -14.103324719574713 ], [ -47.529456999782653, -14.103871628948404 ], [ -47.529601960742376, -14.103983816177381 ], [ -47.529688671291048, -14.104324793567628 ], [ -47.529156619991127, -14.104880808785932 ], [ -47.529205817486691, -14.10501329353713 ], [ -47.529411854300896, -14.105025561305405 ], [ -47.529705058522481, -14.104866718323134 ], [ -47.529956721822323, -14.104541046883503 ], [ -47.531919272326775, -14.103359988125874 ], [ -47.531645540799708, -14.102794090005494 ], [ -47.531049001862954, -14.10307281392719 ], [ -47.530891450400347, -14.102993460938119 ], [ -47.53089989003545, -14.102866465053257 ], [ -47.531363709964857, -14.102187431015022 ], [ -47.531145542544238, -14.101490356873134 ], [ -47.530794771694197, -14.101613633113068 ], [ -47.530626315502069, -14.102034380124991 ], [ -47.530405868981923, -14.102178959596914 ], [ -47.530098889703929, -14.102701937510776 ] ], [ [ -47.53081389738125, -14.103306992164887 ], [ -47.530654359201371, -14.103432061311798 ], [ -47.53052012376817, -14.103274363846234 ], [ -47.530698395426143, -14.103134962476304 ], [ -47.53081389738125, -14.103306992164887 ] ] ] ] } },
{ "type": "Feature", "properties": { "CODEALERTA": 363987, "FONTE": "PRODES-CERR", "BIOMA": "Cerrado", "ESTADO": "GOIÁS", "MUNICIPIO": "Alto Paraíso de Goiás", "AREAHA": 2.5569, "ANODETEC": 2020, "DATADETEC": "2020-01-01", "DTIMGANT": "2021-02-05", "DTIMGDEP": "2021-04-26", "DTPUBLI": "2022-08-30", "VPRESSAO": "agriculture", "MES_ANO": "2020-01" }, "geometry": { "type": "MultiPolygon", "coordinates": [ [ [ [ -47.208257304659419, -13.867581824717718 ], [ -47.208059854706455, -13.867772131853224 ], [ -47.207733306344963, -13.86781477716529 ], [ -47.207960868521042, -13.868471026684668 ], [ -47.208371136129465, -13.86860561191672 ], [ -47.208480303782316, -13.86881710264417 ], [ -47.208715969234646, -13.868851287410083 ], [ -47.208832120524214, -13.868691097123147 ], [ -47.208990681191267, -13.868651536789745 ], [ -47.209339396733327, -13.868793141000642 ], [ -47.209466721222547, -13.868999527782252 ], [ -47.209761475606683, -13.868972451616013 ], [ -47.209830544323076, -13.868892610641987 ], [ -47.209674732374147, -13.868670991481357 ], [ -47.209669244889994, -13.868131027151007 ], [ -47.209463393640426, -13.868030543862686 ], [ -47.209307663149048, -13.86771460780084 ], [ -47.208826410449817, -13.867628934251027 ], [ -47.20861304062317, -13.867729400445247 ], [ -47.208257304659419, -13.867581824717718 ] ] ], [ [ [ -47.209776264186218, -13.867430733039752 ], [ -47.209890539853632, -13.867497123152127 ], [ -47.21001991557749, -13.867378073011956 ], [ -47.209864349293447, -13.867262900383372 ], [ -47.209776264186218, -13.867430733039752 ] ] ], [ [ [ -47.208130819573668, -13.867083463184178 ], [ -47.208264790323, -13.86716597332936 ], [ -47.208461283761658, -13.867013147851024 ], [ -47.208344858569404, -13.866924075616696 ], [ -47.208130819573668, -13.867083463184178 ] ] ], [ [ [ -47.208404939721078, -13.866923925357332 ], [ -47.208755574030555, -13.866807332036034 ], [ -47.208792026848826, -13.866524559907626 ], [ -47.20915219305548, -13.866210388166664 ], [ -47.209011080019501, -13.866119747091689 ], [ -47.208443302641513, -13.866459898594934 ], [ -47.208404939721078, -13.866923925357332 ] ] ] ] } },
{ "type": "Feature", "properties": { "CODEALERTA": 73547, "FONTE": "DETER-CERRADO,GLAD", "BIOMA": "Cerrado", "ESTADO": "GOIÁS", "MUNICIPIO": "Teresina de Goiás", "AREAHA": 25.7231, "ANODETEC": 2019, "DATADETEC": "2019-12-18", "DTIMGANT": "2019-06-03", "DTIMGDEP": "2019-12-23", "DTPUBLI": "2020-05-11", "VPRESSAO": "agriculture", "MES_ANO": "2019-12" }, "geometry": { "type": "MultiPolygon", "coordinates": [ [ [ [ -47.226091665999945, -13.875533742999949 ], [ -47.225720029999934, -13.875084251999965 ], [ -47.225536230411606, -13.875007021129706 ], [ -47.225922403984754, -13.875818702968902 ], [ -47.226655221721678, -13.876438783789032 ], [ -47.226091665999945, -13.875533742999949 ] ] ], [ [ [ -47.224132414999985, -13.874458067999967 ], [ -47.224251, -13.874005102999945 ], [ -47.224168060748319, -13.873553755505434 ], [ -47.224081143683826, -13.873598107893594 ], [ -47.223684786003425, -13.874511560172001 ], [ -47.22372028133411, -13.874600081983344 ], [ -47.223963061676614, -13.874678679364333 ], [ -47.224132414999985, -13.874458067999967 ] ] ] ] } },
{ "type": "Feature", "properties": { "CODEALERTA": 54265, "FONTE": "DETER-CERRADO", "BIOMA": "Cerrado", "ESTADO": "GOIÁS", "MUNICIPIO": "Alto Paraíso de Goiás", "AREAHA": 0.8809, "ANODETEC": 2019, "DATADETEC": "2019-11-11", "DTIMGANT": "2019-08-03", "DTIMGDEP": "2019-08-09", "DTPUBLI": "2020-05-11", "VPRESSAO": "agriculture", "MES_ANO": "2019-11" }, "geometry": { "type": "MultiPolygon", "coordinates": [ [ [ [ -47.606417917704583, -14.312025060505665 ], [ -47.606492269349623, -14.312096660765445 ], [ -47.606787723059796, -14.312096877704262 ], [ -47.607125313485149, -14.312001432457022 ], [ -47.607339977789508, -14.311790591223478 ], [ -47.607330648817793, -14.311686406879875 ], [ -47.607057982453703, -14.311512188071289 ], [ -47.607241623779316, -14.31119133771216 ], [ -47.60719670382251, -14.311092216888532 ], [ -47.606327136440711, -14.311333443513558 ], [ -47.606417917704583, -14.312025060505665 ] ] ], [ [ [ -47.607339532445991, -14.311042103376 ], [ -47.60740022747374, -14.311173584976565 ], [ -47.60755019491598, -14.311132226533143 ], [ -47.607523359541112, -14.310998408672074 ], [ -47.607339532445991, -14.311042103376 ] ] ] ] } },
{ "type": "Feature", "properties": { "CODEALERTA": 54934, "FONTE": "DETER-CERRADO", "BIOMA": "Cerrado", "ESTADO": "GOIÁS", "MUNICIPIO": "Alto Paraíso de Goiás", "AREAHA": 4.0924, "ANODETEC": 2019, "DATADETEC": "2019-11-11", "DTIMGANT": "2019-01-21", "DTIMGDEP": "2019-01-30", "DTPUBLI": "2020-05-11", "VPRESSAO": "agriculture", "MES_ANO": "2019-11" }, "geometry": { "type": "Polygon", "coordinates": [ [ [ -47.599695834418462, -14.355633281263687 ], [ -47.600911491873489, -14.355766440345411 ], [ -47.601019194026648, -14.355681522397544 ], [ -47.600853219889991, -14.355216350398919 ], [ -47.600906826084397, -14.35501311232384 ], [ -47.600696812723903, -14.354727265628416 ], [ -47.600540644988413, -14.353992175363166 ], [ -47.600358338516386, -14.35377513224222 ], [ -47.600358906781047, -14.353503960526679 ], [ -47.599867270615199, -14.352590101382473 ], [ -47.59980706646347, -14.352155479248989 ], [ -47.599512231068253, -14.352079864098748 ], [ -47.599424200367487, -14.352166606083479 ], [ -47.599423720431673, -14.354023202978706 ], [ -47.599604376425269, -14.355555314884205 ], [ -47.599695834418462, -14.355633281263687 ] ] ] } },
{ "type": "Feature", "properties": { "CODEALERTA": 55476, "FONTE": "DETER-CERRADO", "BIOMA": "Cerrado", "ESTADO": "GOIÁS", "MUNICIPIO": "Alto Paraíso de Goiás", "AREAHA": 3.9085, "ANODETEC": 2019, "DATADETEC": "2019-11-11", "DTIMGANT": "2019-06-05", "DTIMGDEP": "2019-10-31", "DTPUBLI": "2020-05-11", "VPRESSAO": "agriculture", "MES_ANO": "2019-11" }, "geometry": { "type": "Polygon", "coordinates": [ [ [ -47.668093761744792, -14.315144823276091 ], [ -47.667712242017217, -14.316781382393723 ], [ -47.667620887189869, -14.317808499645199 ], [ -47.667705426674765, -14.317901968043222 ], [ -47.668787116644154, -14.317783820970693 ], [ -47.668964030740916, -14.317615395798388 ], [ -47.669174612419724, -14.315379274709583 ], [ -47.668208014702707, -14.315078156305518 ], [ -47.668093761744792, -14.315144823276091 ] ] ] } },
{ "type": "Feature", "properties": { "CODEALERTA": 54924, "FONTE": "DETER-CERRADO", "BIOMA": "Cerrado", "ESTADO": "GOIÁS", "MUNICIPIO": "Alto Paraíso de Goiás", "AREAHA": 2.816, "ANODETEC": 2019, "DATADETEC": "2019-11-11", "DTIMGANT": "2018-10-04", "DTIMGDEP": "2018-10-11", "DTPUBLI": "2020-05-11", "VPRESSAO": "agriculture", "MES_ANO": "2019-11" }, "geometry": { "type": "Polygon", "coordinates": [ [ [ -47.599226853719408, -14.321858350336404 ], [ -47.598794961203907, -14.321980649679517 ], [ -47.598609670026235, -14.322616609674521 ], [ -47.598664199820625, -14.322711488318124 ], [ -47.599211403078343, -14.322758487839153 ], [ -47.600127425584027, -14.322368743148239 ], [ -47.601286500075403, -14.322112558618119 ], [ -47.601359944241594, -14.322025822168296 ], [ -47.600129016421207, -14.321074239923917 ], [ -47.599467760957005, -14.321343227036664 ], [ -47.599426816360413, -14.3216164556528 ], [ -47.599226853719408, -14.321858350336404 ] ] ] } },
{ "type": "Feature", "properties": { "CODEALERTA": 54250, "FONTE": "DETER-CERRADO", "BIOMA": "Cerrado", "ESTADO": "GOIÁS", "MUNICIPIO": "Alto Paraíso de Goiás", "AREAHA": 1.8072, "ANODETEC": 2019, "DATADETEC": "2019-11-11", "DTIMGANT": "2018-10-04", "DTIMGDEP": "2019-10-29", "DTPUBLI": "2020-05-11", "VPRESSAO": "agriculture", "MES_ANO": "2019-11" }, "geometry": { "type": "Polygon", "coordinates": [ [ [ -47.619601814296786, -14.305533122502478 ], [ -47.620026304604359, -14.307489320291372 ], [ -47.621537185872256, -14.307342571662922 ], [ -47.621438518326414, -14.306843825176225 ], [ -47.621011001993253, -14.306988482706661 ], [ -47.620776621313652, -14.30686299893868 ], [ -47.620368554552421, -14.306838543636173 ], [ -47.619999360054003, -14.305394110824874 ], [ -47.619877443452076, -14.305378202339977 ], [ -47.619601814296786, -14.305533122502478 ] ] ] } },
{ "type": "Feature", "properties": { "CODEALERTA": 55700, "FONTE": "DETER-CERRADO", "BIOMA": "Cerrado", "ESTADO": "GOIÁS", "MUNICIPIO": "Alto Paraíso de Goiás", "AREAHA": 71.2805, "ANODETEC": 2019, "DATADETEC": "2019-10-13", "DTIMGANT": "2019-01-21", "DTIMGDEP": "2019-11-13", "DTPUBLI": "2020-05-11", "VPRESSAO": "agriculture", "MES_ANO": "2019-10" }, "geometry": { "type": "Polygon", "coordinates": [ [ [ -47.652937669363013, -14.336191016570382 ], [ -47.652311514165689, -14.336575088068235 ], [ -47.652046918191445, -14.336896720485997 ], [ -47.65179418245895, -14.336726507947418 ], [ -47.651732448552167, -14.336542135581956 ], [ -47.651430325073541, -14.336298973830598 ], [ -47.651211504537237, -14.336360240503126 ], [ -47.650905112780436, -14.336274424345246 ], [ -47.650800614252603, -14.336998969399392 ], [ -47.65062121576139, -14.337155251335766 ], [ -47.650489621962762, -14.338281977137298 ], [ -47.650344376354745, -14.338707854729101 ], [ -47.65018101460489, -14.338828969513626 ], [ -47.650149840136308, -14.339203694668566 ], [ -47.649707985013436, -14.339669272305908 ], [ -47.649753819329568, -14.339998323037422 ], [ -47.64881428551076, -14.340896404788515 ], [ -47.648571520957155, -14.340991207963299 ], [ -47.648479295209206, -14.341201979504559 ], [ -47.648017365310345, -14.341223076523098 ], [ -47.64802144338713, -14.341561988076913 ], [ -47.648903149961967, -14.342028298865905 ], [ -47.64911714104047, -14.342467134768169 ], [ -47.649344691670869, -14.342518627726436 ], [ -47.649575947970924, -14.342751424158532 ], [ -47.650278234615634, -14.342747645186275 ], [ -47.650798007289794, -14.343712610046966 ], [ -47.651665458608619, -14.344362815956222 ], [ -47.652465850491282, -14.344194344230349 ], [ -47.652632814622379, -14.34379339434275 ], [ -47.653185723550067, -14.343605383344594 ], [ -47.653483437518233, -14.343715310975222 ], [ -47.653716437281574, -14.343475061905748 ], [ -47.653971989569591, -14.34341528905648 ], [ -47.654984674667773, -14.343309148029123 ], [ -47.655388493469125, -14.343396256398536 ], [ -47.656271674347302, -14.342952019641048 ], [ -47.656390027863871, -14.342998087844984 ], [ -47.656637593359306, -14.343370661647562 ], [ -47.656835363169897, -14.343330085728965 ], [ -47.657064523100253, -14.343102110553593 ], [ -47.657552556562266, -14.343294680680353 ], [ -47.65794790261856, -14.343741614596921 ], [ -47.658414141331519, -14.343775287006055 ], [ -47.659052089022182, -14.343422501086811 ], [ -47.659282037436853, -14.342840322533814 ], [ -47.659536038154179, -14.342624632064362 ], [ -47.659657523366548, -14.342038482152011 ], [ -47.659487525370245, -14.341216003280829 ], [ -47.659717460502328, -14.340987248285833 ], [ -47.659658814314795, -14.340678088553119 ], [ -47.659793319919046, -14.340522431245123 ], [ -47.659815130246891, -14.340367616214065 ], [ -47.659489752315167, -14.340144703009072 ], [ -47.659571707771121, -14.339794743746349 ], [ -47.659278558225658, -14.339092203869976 ], [ -47.659163010280949, -14.339068788716602 ], [ -47.659002250148305, -14.339210627652198 ], [ -47.658769729234542, -14.339165122564689 ], [ -47.658624579529345, -14.339305836200781 ], [ -47.658022232753652, -14.339452195696175 ], [ -47.656915537857373, -14.338991774084448 ], [ -47.656330572174888, -14.338000384751691 ], [ -47.656333355811029, -14.337764134550865 ], [ -47.656052605306222, -14.337537942198697 ], [ -47.65569438996674, -14.337556795263129 ], [ -47.654995630477082, -14.336767230764236 ], [ -47.654516061635874, -14.336615961478497 ], [ -47.654407619473368, -14.336286771004056 ], [ -47.654151409556853, -14.336279519389228 ], [ -47.653821237685797, -14.335978681258606 ], [ -47.653636332490187, -14.336095534331045 ], [ -47.652937669363013, -14.336191016570382 ] ] ] } },
{ "type": "Feature", "properties": { "CODEALERTA": 55682, "FONTE": "DETER-CERRADO", "BIOMA": "Cerrado", "ESTADO": "GOIÁS", "MUNICIPIO": "Alto Paraíso de Goiás", "AREAHA": 40.8627, "ANODETEC": 2019, "DATADETEC": "2019-10-13", "DTIMGANT": "2019-07-22", "DTIMGDEP": "2019-10-14", "DTPUBLI": "2020-05-11", "VPRESSAO": "agriculture", "MES_ANO": "2019-10" }, "geometry": { "type": "Polygon", "coordinates": [ [ [ -47.646306576249742, -14.257493334033871 ], [ -47.646209912129542, -14.258047482290753 ], [ -47.646521480004523, -14.25815388344764 ], [ -47.646754307770642, -14.258478025575121 ], [ -47.646370112513651, -14.25884418931591 ], [ -47.645944351373501, -14.258889841444534 ], [ -47.645638719674579, -14.259201972907517 ], [ -47.645406026283773, -14.259166419055386 ], [ -47.645105995850805, -14.259406396809716 ], [ -47.644881988189063, -14.259393341465257 ], [ -47.644730314156362, -14.2592209176923 ], [ -47.644350550699507, -14.259135857455309 ], [ -47.644259849367302, -14.258969689078242 ], [ -47.644032661273677, -14.258950892836403 ], [ -47.643954647109325, -14.258842606638469 ], [ -47.643963189446673, -14.258648804281469 ], [ -47.644294145728736, -14.258564738480818 ], [ -47.644842671648128, -14.258149311694428 ], [ -47.644819760381715, -14.257388788923576 ], [ -47.641886838178145, -14.257290791397724 ], [ -47.641806694471548, -14.257355775061649 ], [ -47.641803531419633, -14.257551497742647 ], [ -47.641628410627888, -14.257675785405366 ], [ -47.641509729950222, -14.257592260430281 ], [ -47.641531591519751, -14.25735099021982 ], [ -47.641456578957097, -14.257278057158992 ], [ -47.639346834920495, -14.257213563675663 ], [ -47.639256413690774, -14.257264002929061 ], [ -47.639217990357572, -14.258180584626793 ], [ -47.639674122521235, -14.258481167723719 ], [ -47.639786363694768, -14.25895801305313 ], [ -47.639644945906582, -14.259181939802765 ], [ -47.640012952711793, -14.259449074700679 ], [ -47.643357445661884, -14.258728520791371 ], [ -47.643860601351165, -14.258928074830962 ], [ -47.643748897623468, -14.259325809512445 ], [ -47.643393799578135, -14.259537649294327 ], [ -47.640428980997243, -14.260186264244874 ], [ -47.640378877078312, -14.26028008017761 ], [ -47.640565446953211, -14.261138265877401 ], [ -47.640760757093581, -14.261406395132422 ], [ -47.640698139060405, -14.261593521244643 ], [ -47.640770253890494, -14.261894466180969 ], [ -47.641173626553318, -14.262229223233867 ], [ -47.64120411850805, -14.262411493654669 ], [ -47.641429055690836, -14.262651035749187 ], [ -47.641684370635993, -14.262618480097187 ], [ -47.641829448391007, -14.262717160768828 ], [ -47.644184360101512, -14.262542552196013 ], [ -47.644432867112755, -14.262449130458233 ], [ -47.644554669433177, -14.262223713840186 ], [ -47.644644888696085, -14.262272554813002 ], [ -47.644679521976684, -14.262457271257443 ], [ -47.645039629710638, -14.262450362784824 ], [ -47.645185916984836, -14.262274942061305 ], [ -47.645186930769356, -14.261334568869236 ], [ -47.646135489512041, -14.26126797537338 ], [ -47.646200608219154, -14.261066497815523 ], [ -47.646366209070166, -14.260964374975892 ], [ -47.646516411127408, -14.260997366866141 ], [ -47.646687924757657, -14.261257728078803 ], [ -47.647348636981157, -14.261235470329604 ], [ -47.647784743415272, -14.261716914498097 ], [ -47.647937015077261, -14.262263244582613 ], [ -47.648476810962592, -14.262772828641817 ], [ -47.648774904408526, -14.262791309136137 ], [ -47.648915669831823, -14.262542643765986 ], [ -47.649061334029227, -14.262607191719018 ], [ -47.649129329343779, -14.262517676466183 ], [ -47.648829715110331, -14.258695781850655 ], [ -47.648903284690519, -14.257900424595908 ], [ -47.648845931816474, -14.257654564384389 ], [ -47.64852313305915, -14.257387015348847 ], [ -47.648167973526391, -14.257535477205208 ], [ -47.648186978569868, -14.257994156182042 ], [ -47.647904465796678, -14.258169302538924 ], [ -47.647954292088038, -14.258417841515154 ], [ -47.647767894224117, -14.258554971494764 ], [ -47.647669570421861, -14.258928468298972 ], [ -47.647908813891561, -14.259141668907112 ], [ -47.647834523081492, -14.259691115269595 ], [ -47.648032533008724, -14.259809387289344 ], [ -47.648060869026018, -14.260096597232945 ], [ -47.648301746496983, -14.260361467543452 ], [ -47.648239933087432, -14.260658048747535 ], [ -47.648143472433134, -14.260738714132438 ], [ -47.648027186687479, -14.260707875544576 ], [ -47.647730920303516, -14.260363969690296 ], [ -47.647516643170626, -14.26032414488054 ], [ -47.647359283288438, -14.260046865366522 ], [ -47.647175124685127, -14.259937316826635 ], [ -47.647077337879111, -14.259391928704522 ], [ -47.646897357020222, -14.259139612687566 ], [ -47.64697087821996, -14.258979707262673 ], [ -47.647362732903474, -14.258873384479248 ], [ -47.647405607220996, -14.258193506650205 ], [ -47.647670917804376, -14.258044335035896 ], [ -47.64787426811197, -14.25758886081918 ], [ -47.647564421040705, -14.257348296191262 ], [ -47.647074658882083, -14.257373149445487 ], [ -47.646895302533736, -14.257511296401741 ], [ -47.646306576249742, -14.257493334033871 ] ] ] } },
{ "type": "Feature", "properties": { "CODEALERTA": 93204, "FONTE": "DETER-CERRADO", "BIOMA": "Cerrado", "ESTADO": "GOIÁS", "MUNICIPIO": "Alto Paraíso de Goiás", "AREAHA": 312.1447, "ANODETEC": 2019, "DATADETEC": "2019-06-05", "DTIMGANT": "2019-01-03", "DTIMGDEP": "2019-07-07", "DTPUBLI": "2020-05-11", "VPRESSAO": "agriculture", "MES_ANO": "2019-06" }, "geometry": { "type": "MultiPolygon", "coordinates": [ [ [ [ -47.648145759418533, -14.269274707233695 ], [ -47.648094287639957, -14.26935540224526 ], [ -47.648179747236611, -14.269749091083968 ], [ -47.649191355220978, -14.270100904851015 ], [ -47.649624924510334, -14.269824438927213 ], [ -47.649599786510635, -14.269542552396528 ], [ -47.649347942803502, -14.269497955156607 ], [ -47.64919407420156, -14.269293463188964 ], [ -47.648709892698804, -14.269325773242889 ], [ -47.648475150773848, -14.269183780019207 ], [ -47.648145759418533, -14.269274707233695 ] ] ], [ [ [ -47.637021256389026, -14.267372586742329 ], [ -47.637103856822812, -14.267491079621683 ], [ -47.637234912975849, -14.267407469491882 ], [ -47.637166887223202, -14.267305107722207 ], [ -47.637021256389026, -14.267372586742329 ] ] ], [ [ [ -47.646237490869687, -14.261029453134386 ], [ -47.646011362002824, -14.261417419763557 ], [ -47.645203914289937, -14.261438725578753 ], [ -47.645185916984836, -14.262274942061305 ], [ -47.645047688416938, -14.262508688265704 ], [ -47.64542022867797, -14.262686334958019 ], [ -47.645446939246057, -14.263043807875228 ], [ -47.645659960248949, -14.263085668039723 ], [ -47.646304621033366, -14.26267220177934 ], [ -47.646722589346517, -14.262851642091492 ], [ -47.64736546739816, -14.262746303265132 ], [ -47.647486675851297, -14.262808328950738 ], [ -47.647441906712359, -14.263133309104038 ], [ -47.647681244227975, -14.263350339547769 ], [ -47.647657226873264, -14.263551115184706 ], [ -47.64776332379364, -14.263633470261007 ], [ -47.648401481680082, -14.263467302745033 ], [ -47.649096282009353, -14.263395514388314 ], [ -47.649061334029227, -14.262607191719018 ], [ -47.648921073188106, -14.26262725773686 ], [ -47.648774904408526, -14.262791309136137 ], [ -47.648482397555362, -14.262778278714698 ], [ -47.647940501041468, -14.262269516231198 ], [ -47.647784743415272, -14.261716914498097 ], [ -47.647342724188206, -14.261231433154622 ], [ -47.646800903725428, -14.261311926815621 ], [ -47.646617845419478, -14.261219558408884 ], [ -47.646446518849942, -14.260966937822692 ], [ -47.646237490869687, -14.261029453134386 ] ] ], [ [ [ -47.645494759485352, -14.258779922138935 ], [ -47.644979818605123, -14.258792319568345 ], [ -47.644963210076462, -14.258316141025317 ], [ -47.644863529238044, -14.25821413327829 ], [ -47.643993250625357, -14.258700647240877 ], [ -47.64401175721418, -14.258870164525552 ], [ -47.644146050530743, -14.258946307934952 ], [ -47.644361606733341, -14.258926521411551 ], [ -47.644485295368497, -14.259155325938655 ], [ -47.644769100544877, -14.259169671717673 ], [ -47.644881988189063, -14.259393341465257 ], [ -47.645129817045756, -14.259397111795316 ], [ -47.645403982858191, -14.259165572400988 ], [ -47.645674919864007, -14.259178209224411 ], [ -47.645955046082811, -14.258873931785972 ], [ -47.64636992735273, -14.258835124351865 ], [ -47.646670708637714, -14.258605405714977 ], [ -47.646701986573383, -14.25846555666654 ], [ -47.646521480004523, -14.25815388344764 ], [ -47.646049257989418, -14.257981806100554 ], [ -47.645494759485352, -14.258779922138935 ] ] ], [ [ [ -47.637123528542944, -14.257162874703651 ], [ -47.636886007527465, -14.25732975248058 ], [ -47.636670878292094, -14.2571762591185 ], [ -47.635851540619448, -14.257186323007311 ], [ -47.635692240687455, -14.257341303768388 ], [ -47.635149660476991, -14.257455114229257 ], [ -47.634445992756042, -14.257361709237443 ], [ -47.634265509270747, -14.257452738739774 ], [ -47.6338742011542, -14.257381960349413 ], [ -47.633701026142546, -14.257476774159358 ], [ -47.63041322183544, -14.257511205806116 ], [ -47.630229974918208, -14.257340260558779 ], [ -47.629988796142072, -14.257325750819042 ], [ -47.629681752931276, -14.257608501668905 ], [ -47.629093932489461, -14.25761500897833 ], [ -47.627601309077662, -14.258067019594616 ], [ -47.627469251153165, -14.258239659549378 ], [ -47.627126764593051, -14.258355892712553 ], [ -47.626848627783666, -14.258183005597703 ], [ -47.625684816219348, -14.258265270473803 ], [ -47.619163830234626, -14.259149652233067 ], [ -47.618763740103006, -14.25927315832134 ], [ -47.618449296158467, -14.259636237748698 ], [ -47.618209172192387, -14.259432701400611 ], [ -47.617943065719402, -14.259543522036372 ], [ -47.617309163279003, -14.259561141541342 ], [ -47.616614406391726, -14.260084354268182 ], [ -47.616083187743826, -14.260192073593155 ], [ -47.614489566241623, -14.261084879677071 ], [ -47.613949429573331, -14.261032548976674 ], [ -47.613091913889441, -14.261297085982063 ], [ -47.612432996921974, -14.262035363697763 ], [ -47.611214422977589, -14.262334700618174 ], [ -47.609895046414479, -14.262983119792294 ], [ -47.609478934246908, -14.263514547346796 ], [ -47.609465469218399, -14.263997060596397 ], [ -47.609018313538293, -14.265244530913311 ], [ -47.60857364429318, -14.265521508839067 ], [ -47.608643579369016, -14.266538330282865 ], [ -47.608145188015818, -14.267103860639489 ], [ -47.60809557507249, -14.267382459266658 ], [ -47.607494063628259, -14.268295572198912 ], [ -47.607483417117514, -14.268600715614026 ], [ -47.607600010262558, -14.268746834503716 ], [ -47.607986957545442, -14.268756283986386 ], [ -47.608569591242528, -14.268407255480088 ], [ -47.609181537012667, -14.268404797235204 ], [ -47.609541066955998, -14.26873468612939 ], [ -47.610195875825958, -14.268939290566212 ], [ -47.610406449123438, -14.269446123994436 ], [ -47.612085768847223, -14.269547109468201 ], [ -47.612463573800696, -14.269964396645994 ], [ -47.612385699205653, -14.270467008877215 ], [ -47.612847093736576, -14.270444957759349 ], [ -47.613023331898233, -14.270507515890468 ], [ -47.613267557011923, -14.269767275112871 ], [ -47.613848645375718, -14.269597750436176 ], [ -47.613997770198736, -14.269248088383938 ], [ -47.614214963891747, -14.26926302562109 ], [ -47.614384257697303, -14.269499891345776 ], [ -47.614340874886544, -14.269888664898327 ], [ -47.614630044079803, -14.269874982816647 ], [ -47.614703371876423, -14.269631594548454 ], [ -47.614603740832251, -14.269398559214107 ], [ -47.614743254318199, -14.269244237744745 ], [ -47.615422126217268, -14.269136097820354 ], [ -47.615617088590199, -14.268953476704661 ], [ -47.615957929464116, -14.268921811267624 ], [ -47.617427706887774, -14.268130348891244 ], [ -47.617776625416461, -14.268209566937836 ], [ -47.618708582583366, -14.268080986676551 ], [ -47.619226729119042, -14.267742219256158 ], [ -47.619343970254029, -14.267325341561353 ], [ -47.619550944134012, -14.267144682990443 ], [ -47.619832703674319, -14.267232795882785 ], [ -47.619883094402908, -14.267590919511523 ], [ -47.620035573781756, -14.267640554716975 ], [ -47.620187351719977, -14.267219755108149 ], [ -47.620564656819695, -14.26685284911254 ], [ -47.622275017621618, -14.266796926216726 ], [ -47.62381194223704, -14.265612722723013 ], [ -47.625033066556902, -14.265581198075811 ], [ -47.625859640575904, -14.264883975387594 ], [ -47.62727447099109, -14.264935428983231 ], [ -47.627684978830089, -14.264850205822924 ], [ -47.627870167462518, -14.264679691375774 ], [ -47.628048566684129, -14.264734245363506 ], [ -47.630403901948313, -14.264635819266044 ], [ -47.630593828016671, -14.26478741117163 ], [ -47.630723007314373, -14.265419686620872 ], [ -47.631977085789792, -14.265610596395195 ], [ -47.632543008244134, -14.265483349225601 ], [ -47.632870879793927, -14.264988316312765 ], [ -47.633005895674714, -14.264945338268372 ], [ -47.633151676196384, -14.265069673442898 ], [ -47.633610270848109, -14.26515302512229 ], [ -47.633977623266958, -14.265477967647289 ], [ -47.634858836291201, -14.265514218682917 ], [ -47.634970488117901, -14.265750380399359 ], [ -47.635311689684961, -14.26600519448607 ], [ -47.635200167621342, -14.26625855279593 ], [ -47.635254521775821, -14.266375435625935 ], [ -47.635887607319141, -14.266403309163046 ], [ -47.636017001047207, -14.266677007457305 ], [ -47.636316790587294, -14.266901262429101 ], [ -47.636712440032021, -14.266834238318351 ], [ -47.637166018097979, -14.267055125125793 ], [ -47.637311935176477, -14.267296807575073 ], [ -47.637467577936675, -14.267160465564459 ], [ -47.637457517796825, -14.266566232827525 ], [ -47.637210213393125, -14.266361556353182 ], [ -47.637275375114967, -14.265826742783748 ], [ -47.636953374540028, -14.265277839361643 ], [ -47.63706601490366, -14.265153551188227 ], [ -47.637431272693682, -14.265202758674059 ], [ -47.637439766535671, -14.264525584498651 ], [ -47.637556268658507, -14.264412979104174 ], [ -47.637670570215299, -14.264454552134813 ], [ -47.638007500462017, -14.264875627642947 ], [ -47.638418200629715, -14.264833986834285 ], [ -47.638934601865152, -14.265172673813906 ], [ -47.638999736403242, -14.26576789423601 ], [ -47.638540048285812, -14.266185349501916 ], [ -47.638245748115665, -14.266278501761155 ], [ -47.638342456395691, -14.26660778182228 ], [ -47.638851146894211, -14.266526146763143 ], [ -47.639150310255168, -14.266652845684314 ], [ -47.639256813111864, -14.266442780042317 ], [ -47.639631516602641, -14.266286190051224 ], [ -47.639594672919607, -14.265985781549114 ], [ -47.639664546196315, -14.265876733395535 ], [ -47.640224352071741, -14.265934473017882 ], [ -47.640580820167671, -14.265525603316572 ], [ -47.641329111189663, -14.265409335753283 ], [ -47.641524954446488, -14.265515496035496 ], [ -47.641631895110002, -14.266089876580311 ], [ -47.642105065766174, -14.266037068400923 ], [ -47.64237311555722, -14.26633402149149 ], [ -47.642436380935216, -14.266564662056039 ], [ -47.643109948842735, -14.266623918282473 ], [ -47.643212501131551, -14.267112867661309 ], [ -47.643707350556419, -14.267102745853967 ], [ -47.644455995907954, -14.26647953378937 ], [ -47.644741882331331, -14.266433443788378 ], [ -47.644620452183617, -14.266031916234368 ], [ -47.64415861930862, -14.2656935730634 ], [ -47.644174916595283, -14.265431466163342 ], [ -47.644071391752441, -14.265047951685268 ], [ -47.644403405810415, -14.264787859333854 ], [ -47.644575253005812, -14.264522287464375 ], [ -47.644561846077337, -14.264394448982348 ], [ -47.644375680871995, -14.264299451013905 ], [ -47.644277922386181, -14.263909169178113 ], [ -47.644422980388192, -14.262763692881732 ], [ -47.644679521976684, -14.262457271257443 ], [ -47.644556687721511, -14.262412530920589 ], [ -47.644188349201869, -14.262584108437819 ], [ -47.641955873691337, -14.262792240080325 ], [ -47.641747930575292, -14.262630325902824 ], [ -47.641338021980815, -14.262619477427977 ], [ -47.64120411850805, -14.262411493654669 ], [ -47.640707780435235, -14.26263481280588 ], [ -47.640536949889075, -14.262627412491764 ], [ -47.640523097216978, -14.262323408320064 ], [ -47.640243260216771, -14.262170076869291 ], [ -47.64017099340186, -14.261876411641641 ], [ -47.640166172602257, -14.26136968787169 ], [ -47.640424015903804, -14.261185189762745 ], [ -47.640301443859627, -14.260969657931469 ], [ -47.640369434058904, -14.260779242004702 ], [ -47.640328877041085, -14.260295696991637 ], [ -47.640428980997243, -14.260186264244874 ], [ -47.643391780259712, -14.259531281608117 ], [ -47.643748897623468, -14.259325809512445 ], [ -47.643734769461275, -14.259108888813309 ], [ -47.64335840426353, -14.258734704283738 ], [ -47.640065158473377, -14.259462327637157 ], [ -47.639305016275678, -14.258938923172558 ], [ -47.639137208815548, -14.259303130931333 ], [ -47.638476126553698, -14.25945035092826 ], [ -47.638047075442579, -14.258980877279173 ], [ -47.63793238198113, -14.25850978082919 ], [ -47.638003209562797, -14.25824415803037 ], [ -47.637891996072689, -14.258091148598583 ], [ -47.637630038782532, -14.258147388624272 ], [ -47.637397377930846, -14.258467668123581 ], [ -47.637288657189785, -14.258510072136934 ], [ -47.637004898579654, -14.258163339675169 ], [ -47.636713233761121, -14.257970791063071 ], [ -47.636836566288125, -14.257813501478653 ], [ -47.63769007, -14.257799667942903 ], [ -47.63789957705815, -14.257866114548417 ], [ -47.638122813107252, -14.25720736200187 ], [ -47.637123528542944, -14.257162874703651 ] ], [ [ -47.634121947383051, -14.260897007648154 ], [ -47.634009173903344, -14.260958967803026 ], [ -47.633250967045676, -14.260921500354554 ], [ -47.633195434089188, -14.260802104483027 ], [ -47.633283276803695, -14.260397322708542 ], [ -47.633749564050547, -14.260371454534084 ], [ -47.634133606397441, -14.260764777709939 ], [ -47.634121947383051, -14.260897007648154 ] ], [ [ -47.630562657796212, -14.26203111773618 ], [ -47.630496343657057, -14.262347732301453 ], [ -47.63011471416462, -14.262549544179766 ], [ -47.629899104268986, -14.262444745988734 ], [ -47.629875928154178, -14.262314291992039 ], [ -47.630095931650921, -14.261854308888029 ], [ -47.630470853234563, -14.261887903679941 ], [ -47.630562657796212, -14.26203111773618 ] ], [ [ -47.632821091292136, -14.26265233137482 ], [ -47.633076747640267, -14.262518400039205 ], [ -47.633336456270705, -14.262604034676656 ], [ -47.63365473356869, -14.262556694858631 ], [ -47.633734859652087, -14.262743090168762 ], [ -47.633528190344265, -14.262881040922606 ], [ -47.633302597546908, -14.262755095731446 ], [ -47.632877009081518, -14.262848561338185 ], [ -47.632821091292136, -14.26265233137482 ] ], [ [ -47.634437718908202, -14.262626057754673 ], [ -47.63447684097298, -14.262388558947132 ], [ -47.63466493892313, -14.262248415456188 ], [ -47.635363993903724, -14.262224734963503 ], [ -47.635764079194317, -14.262588874194774 ], [ -47.636135130622932, -14.262549588687669 ], [ -47.636705551439334, -14.262654216976498 ], [ -47.6367062922901, -14.263191659067775 ], [ -47.636858412118691, -14.263377436590947 ], [ -47.636859990304615, -14.263714754430922 ], [ -47.636763241680811, -14.263817470166895 ], [ -47.635706309586382, -14.264036391313422 ], [ -47.635301205124648, -14.264532079049033 ], [ -47.635142658018317, -14.264559311632691 ], [ -47.634828677459069, -14.264114585182705 ], [ -47.634118426772936, -14.26371966499231 ], [ -47.633540698482435, -14.263697017343311 ], [ -47.633495145185904, -14.263575853119272 ], [ -47.633609067056824, -14.263156183590446 ], [ -47.634437718908202, -14.262626057754673 ] ], [ [ -47.642056246893802, -14.264758769493898 ], [ -47.642011716171716, -14.264989100940165 ], [ -47.641834382733173, -14.265005009177324 ], [ -47.641727599481953, -14.264826732389782 ], [ -47.641762018461186, -14.264699213662821 ], [ -47.641887395182891, -14.264659546657033 ], [ -47.642056246893802, -14.264758769493898 ] ], [ [ -47.642404156139399, -14.264841018390188 ], [ -47.642516757194961, -14.264779064181603 ], [ -47.643142519396832, -14.265062189913941 ], [ -47.643023510927335, -14.265402172578007 ], [ -47.643219161379854, -14.265721670488166 ], [ -47.642945210356075, -14.265968046468862 ], [ -47.642813117920483, -14.265935538051453 ], [ -47.642566124688962, -14.265607422118721 ], [ -47.642192228759313, -14.26546753507802 ], [ -47.642199014430275, -14.265272744699725 ], [ -47.642398691939647, -14.265054427286834 ], [ -47.642404156139399, -14.264841018390188 ] ] ] ] } },
{ "type": "Feature", "properties": { "CODEALERTA": 90331, "FONTE": "DETER-CERRADO", "BIOMA": "Cerrado", "ESTADO": "GOIÁS", "MUNICIPIO": "Alto Paraíso de Goiás", "AREAHA": 31.5056, "ANODETEC": 2019, "DATADETEC": "2019-05-07", "DTIMGANT": "2018-10-04", "DTIMGDEP": "2019-05-30", "DTPUBLI": "2020-05-11", "VPRESSAO": "agriculture", "MES_ANO": "2019-05" }, "geometry": { "type": "MultiPolygon", "coordinates": [ [ [ [ -47.644400933198852, -14.262867148029617 ], [ -47.644357327487455, -14.264176793519926 ], [ -47.644583254260304, -14.264180926211807 ], [ -47.644674467815207, -14.264270143604458 ], [ -47.644412763667361, -14.264775865754636 ], [ -47.644132577835336, -14.2649540485224 ], [ -47.644087162202979, -14.265070749749912 ], [ -47.64415861930862, -14.2656935730634 ], [ -47.64461491754129, -14.266023187574683 ], [ -47.644727738629882, -14.26628966816522 ], [ -47.645129690217118, -14.266474664313771 ], [ -47.645231832031257, -14.266726179323229 ], [ -47.646719307831802, -14.267216530024614 ], [ -47.646970551393281, -14.267683179715842 ], [ -47.646859169503365, -14.268105231927937 ], [ -47.646905362524677, -14.268715309596004 ], [ -47.647062727700494, -14.268882427662968 ], [ -47.647153451553429, -14.269335631904919 ], [ -47.647643939444855, -14.269333525207653 ], [ -47.647862578868427, -14.269434929059472 ], [ -47.648017625731882, -14.269304221338846 ], [ -47.648456560418204, -14.269177941154636 ], [ -47.64871107959673, -14.269314845464976 ], [ -47.64919407420156, -14.269293463188964 ], [ -47.649335395510768, -14.26947905868907 ], [ -47.649461129377144, -14.26950276509635 ], [ -47.649561235147559, -14.269387732361768 ], [ -47.649467464653725, -14.269086143847892 ], [ -47.649533062900204, -14.268792952041917 ], [ -47.649769279208989, -14.268544366940507 ], [ -47.649559273115813, -14.266249329578709 ], [ -47.649309116803217, -14.26579940126082 ], [ -47.649559438433187, -14.265542269374855 ], [ -47.649422930581835, -14.265040415212427 ], [ -47.64936427515179, -14.26409377229346 ], [ -47.649194799401343, -14.263915911761265 ], [ -47.649094454781618, -14.263534191263219 ], [ -47.648695297917023, -14.263486378237015 ], [ -47.647713202660427, -14.263624136824298 ], [ -47.647605047799111, -14.263272598008884 ], [ -47.647441906712359, -14.263133309104038 ], [ -47.647465817161141, -14.262855790609398 ], [ -47.64736546739816, -14.262746303265132 ], [ -47.646718786774997, -14.262862479307772 ], [ -47.646323793921425, -14.262675336253942 ], [ -47.645656152266085, -14.263089395644531 ], [ -47.645377341458143, -14.262977469779763 ], [ -47.645392175594345, -14.262709558302145 ], [ -47.645047688416938, -14.262508688265704 ], [ -47.6446737067469, -14.262474066359388 ], [ -47.644400933198852, -14.262867148029617 ] ] ], [ [ [ -47.640571064755477, -14.26256947697482 ], [ -47.640707780435235, -14.26263481280588 ], [ -47.641206212859984, -14.262374109317856 ], [ -47.641210364911956, -14.262296437937771 ], [ -47.640783936976611, -14.261928692042162 ], [ -47.640652792563586, -14.261575085439 ], [ -47.640658951369524, -14.261350679608677 ], [ -47.640360229054224, -14.261271446574643 ], [ -47.640195687800784, -14.261337182368933 ], [ -47.640160438935894, -14.261437294618526 ], [ -47.640243260216771, -14.262170076869291 ], [ -47.640523097216978, -14.262323408320064 ], [ -47.640571064755477, -14.26256947697482 ] ] ] ] } },
{ "type": "Feature", "properties": { "CODEALERTA": 93271, "FONTE": "DETER-CERRADO", "BIOMA": "Cerrado", "ESTADO": "GOIÁS", "MUNICIPIO": "Alto Paraíso de Goiás", "AREAHA": 15.3969, "ANODETEC": 2019, "DATADETEC": "2019-04-17", "DTIMGANT": "2019-03-07", "DTIMGDEP": "2019-04-27", "DTPUBLI": "2020-05-11", "VPRESSAO": "agriculture", "MES_ANO": "2019-04" }, "geometry": { "type": "Polygon", "coordinates": [ [ [ -47.127347040072983, -14.093949834354563 ], [ -47.128440802547892, -14.097976664856446 ], [ -47.128384740725004, -14.098185594729802 ], [ -47.128485048105539, -14.098258779227102 ], [ -47.12880494554485, -14.098062224210237 ], [ -47.130278036513417, -14.097726308619384 ], [ -47.13049355814654, -14.097772606464678 ], [ -47.130695748062216, -14.097621014549382 ], [ -47.129950657329942, -14.095365140958286 ], [ -47.130931199366863, -14.091906779102095 ], [ -47.130879118603097, -14.091806138368277 ], [ -47.127347040072983, -14.093949834354563 ] ] ] } },
{ "type": "Feature", "properties": { "CODEALERTA": 83986, "FONTE": "DETER-CERRADO", "BIOMA": "Cerrado", "ESTADO": "GOIÁS", "MUNICIPIO": "Alto Paraíso de Goiás", "AREAHA": 60.7545, "ANODETEC": 2019, "DATADETEC": "2019-01-29", "DTIMGANT": "2019-01-06", "DTIMGDEP": "2019-01-16", "DTPUBLI": "2020-05-11", "VPRESSAO": "agriculture", "MES_ANO": "2019-01" }, "geometry": { "type": "Polygon", "coordinates": [ [ [ -47.440390247150752, -14.268157814637368 ], [ -47.440142902614014, -14.268060000485619 ], [ -47.440013921077387, -14.267802614502827 ], [ -47.439802526113468, -14.267844233564313 ], [ -47.439710944952282, -14.26937245234034 ], [ -47.440577264370688, -14.270131274283628 ], [ -47.441395011430593, -14.271149059145626 ], [ -47.442387941806516, -14.271405800185748 ], [ -47.442423120905268, -14.271607195109866 ], [ -47.442092430133698, -14.272374010296602 ], [ -47.442418649508774, -14.273701059869593 ], [ -47.442626707797515, -14.27367168829222 ], [ -47.442999871440506, -14.273198429443031 ], [ -47.443420491376841, -14.273021537278503 ], [ -47.443965391550805, -14.273040621812592 ], [ -47.444197374062703, -14.272808547310131 ], [ -47.444404804718587, -14.272911481129436 ], [ -47.44445742241566, -14.273136132533175 ], [ -47.444741606350597, -14.273137688560803 ], [ -47.444902025850709, -14.273358324030335 ], [ -47.44518719180838, -14.27326175788706 ], [ -47.445730386620255, -14.273466981786333 ], [ -47.445993987543304, -14.273819690771926 ], [ -47.446549699929754, -14.274103178670879 ], [ -47.446646123947339, -14.274376658952193 ], [ -47.446629306972113, -14.274615300760445 ], [ -47.446975667116376, -14.274659570713171 ], [ -47.447413217208116, -14.275113683877455 ], [ -47.447843248669159, -14.275340093527721 ], [ -47.447909001203868, -14.275665939261698 ], [ -47.447702777017291, -14.276046997178119 ], [ -47.447757445327404, -14.276335858410286 ], [ -47.448543258620745, -14.27668212645791 ], [ -47.449189925925076, -14.276422672603481 ], [ -47.450078734817474, -14.277184923704194 ], [ -47.450397354241431, -14.277188612252603 ], [ -47.451122759563198, -14.276973392834085 ], [ -47.451823135451136, -14.276222394802749 ], [ -47.452212214111917, -14.275998760877442 ], [ -47.452583878445559, -14.275935170370976 ], [ -47.452555619032935, -14.275807975927661 ], [ -47.451645997793939, -14.275493868905444 ], [ -47.448563927124148, -14.275023598110392 ], [ -47.448601498930557, -14.272314234861719 ], [ -47.449548388399364, -14.271987075418245 ], [ -47.451683144851287, -14.272158118429607 ], [ -47.452244119098019, -14.27187164628265 ], [ -47.452170699877087, -14.27178833845541 ], [ -47.451158069369292, -14.271715550570688 ], [ -47.449838985533233, -14.271167217514872 ], [ -47.448185301009751, -14.269561470768917 ], [ -47.447978272411149, -14.268912658505174 ], [ -47.447718790169127, -14.268881514996599 ], [ -47.447566394431604, -14.268758493835376 ], [ -47.447360292686632, -14.268805711636663 ], [ -47.447061977642917, -14.2687202022791 ], [ -47.446769820898091, -14.268171819761932 ], [ -47.446421157522806, -14.268137914106534 ], [ -47.446236041760308, -14.268319360185297 ], [ -47.445769554137676, -14.26841723523963 ], [ -47.445396910984385, -14.268899617809218 ], [ -47.445088417074565, -14.269065580895317 ], [ -47.44419827855576, -14.269161534488751 ], [ -47.44385066716746, -14.269060805400223 ], [ -47.44375510074677, -14.268952763022915 ], [ -47.443611455303348, -14.267828384171345 ], [ -47.443173201000548, -14.267209657402914 ], [ -47.441738340231979, -14.266972913015021 ], [ -47.440390247150752, -14.268157814637368 ] ] ] } },
{ "type": "Feature", "properties": { "CODEALERTA": 10306, "FONTE": "DETER-CERRADO", "BIOMA": "Cerrado", "ESTADO": "GOIÁS", "MUNICIPIO": "Alto Paraíso de Goiás", "AREAHA": 18.8879, "ANODETEC": 2019, "DATADETEC": "2019-01-29", "DTIMGANT": "2019-01-06", "DTIMGDEP": "2019-02-13", "DTPUBLI": "2020-05-11", "VPRESSAO": "agriculture", "MES_ANO": "2019-01" }, "geometry": { "type": "Polygon", "coordinates": [ [ [ -47.445717381022611, -14.079317502233829 ], [ -47.445571914672477, -14.080667063999382 ], [ -47.446032658047137, -14.080771382948933 ], [ -47.446225800249856, -14.080604095893367 ], [ -47.446360352558415, -14.080618932945191 ], [ -47.446462752720031, -14.081001993762433 ], [ -47.447077884912886, -14.081297444204246 ], [ -47.447088297844047, -14.081917935386242 ], [ -47.447369711604928, -14.081982461084285 ], [ -47.447913493084073, -14.082469314966819 ], [ -47.447918078873386, -14.083470715164284 ], [ -47.448117835349485, -14.084237195200716 ], [ -47.448035400498512, -14.084335020175512 ], [ -47.447463305497358, -14.084517272848107 ], [ -47.447424879640742, -14.084720369214196 ], [ -47.447537002967032, -14.084931245798485 ], [ -47.447879331372135, -14.084879370184213 ], [ -47.448371704586719, -14.085095342942562 ], [ -47.448317064169828, -14.085630865180002 ], [ -47.448836995696489, -14.085595231501316 ], [ -47.449299717839907, -14.085963388239843 ], [ -47.449559474761159, -14.085966461088086 ], [ -47.450174261044431, -14.084699457310133 ], [ -47.450519494152182, -14.08458642568055 ], [ -47.450720153746957, -14.084360801939376 ], [ -47.450990286830837, -14.084379117116578 ], [ -47.451392806647689, -14.083913216030039 ], [ -47.451814895624622, -14.083814478829732 ], [ -47.452248511044395, -14.0841186137833 ], [ -47.452367953028414, -14.084100704729085 ], [ -47.452368668825635, -14.08398341258799 ], [ -47.451747383070852, -14.083398811514154 ], [ -47.451944432926133, -14.082241912601468 ], [ -47.450755760358369, -14.08252810532769 ], [ -47.449679596755367, -14.082084845898621 ], [ -47.44933250993293, -14.081607987988781 ], [ -47.449268924382331, -14.081234458320321 ], [ -47.44880457165219, -14.081325732562039 ], [ -47.448446937014772, -14.081283592976005 ], [ -47.4482762123558, -14.081060946553167 ], [ -47.447929660781639, -14.081067550386344 ], [ -47.446771947826193, -14.079244825034563 ], [ -47.446346072509463, -14.07913667469718 ], [ -47.446295853810149, -14.07878209983455 ], [ -47.446081394226098, -14.078619277789635 ], [ -47.445949436515761, -14.078656010447039 ], [ -47.445717381022611, -14.079317502233829 ] ], [ [ -47.44970789899785, -14.084635615639227 ], [ -47.449217963231, -14.084618747682715 ], [ -47.449002216273499, -14.084708465618636 ], [ -47.449163996202991, -14.085019059515016 ], [ -47.449118069163319, -14.085257455089202 ], [ -47.448995793383538, -14.085287440770477 ], [ -47.448781109054991, -14.085173842342881 ], [ -47.448687444043529, -14.084756614652472 ], [ -47.448713144380754, -14.084482834979299 ], [ -47.448819919150999, -14.084315511605196 ], [ -47.448942198818322, -14.084285527894908 ], [ -47.449234632667924, -14.08441731712893 ], [ -47.44962709759379, -14.084309327607381 ], [ -47.449737192380098, -14.084346621926436 ], [ -47.44977872108678, -14.084459665504436 ], [ -47.44970789899785, -14.084635615639227 ] ] ] } }
]
}
