{
"type": "FeatureCollection",
"name": "Municipios_Goiás",
"crs": { "type": "name", "properties": { "name": "urn:ogc:def:crs:OGC:1.3:CRS84" } },
"features": [
{ "type": "Feature", "properties": { "fid": 200, "Id": 0.0, "COD_IBGE": 5200605.0, "Nome": "Alto Paraí­so de Goiás", "RG_PLAN": "Região Nordeste Goiano", "COD_MESO": 5202.0, "MESO_IBGE": "Mesorregião Norte Goiano", "COD_MICRO": 520004.99999999994, "MICRO_IBGE": "Microrregião Chapada dos Veadeiros", "CODIBGE": 5200605, "BOUNDS": "726 513" }, "geometry": { "type": "Polygon", "coordinates": [ [ [ -47.114404861999958, -14.096652839999933 ], [ -47.114498054999956, -14.096813160999943 ], [ -47.114865107999947, -14.097791764999954 ], [ -47.115062613999953, -14.098871705999954 ], [ -47.11530711599994, -14.099501921999945 ], [ -47.115462693999973, -14.09973352999998 ], [ -47.115650983999956, -14.099815078999939 ], [ -47.115821610999944, -14.099830218999955 ], [ -47.116119556999934, -14.099785993999944 ], [ -47.116441304999967, -14.099550184999941 ], [ -47.116865797999935, -14.099363394999955 ], [ -47.117239147999953, -14.099177054999927 ], [ -47.117528644999936, -14.099141222999947 ], [ -47.117886792999968, -14.099154709999937 ], [ -47.11833156199998, -14.099317203999931 ], [ -47.118520929999931, -14.099515229999952 ], [ -47.118626752999944, -14.099897043999931 ], [ -47.118633217999957, -14.100595916999964 ], [ -47.118568721999964, -14.100995872999931 ], [ -47.118607279999935, -14.10147812799994 ], [ -47.118728613999963, -14.101693393999938 ], [ -47.118917521999947, -14.101841498999931 ], [ -47.119258163999973, -14.101805213999967 ], [ -47.119580988999985, -14.101685879999934 ], [ -47.11985251699997, -14.101550356999951 ], [ -47.12003911499994, -14.101448863999963 ], [ -47.12082221999998, -14.10132546899996 ], [ -47.121214465999969, -14.101338649999946 ], [ -47.121471256999939, -14.101452871999982 ], [ -47.121652181999934, -14.10165928999993 ], [ -47.121877806999976, -14.102089967999973 ], [ -47.122019428999977, -14.102654516999962 ], [ -47.122041410999941, -14.103186839999978 ], [ -47.12192762799998, -14.103786924999952 ], [ -47.121897849999982, -14.104253139999969 ], [ -47.121918751999942, -14.104668983999943 ], [ -47.122024430999943, -14.105034155999931 ], [ -47.12236816099994, -14.105330660999982 ], [ -47.122795125999971, -14.105410096999947 ], [ -47.123409307999964, -14.105454594999969 ], [ -47.124244646999955, -14.105447212999934 ], [ -47.124892459999955, -14.10544148699995 ], [ -47.125352902999964, -14.105454056999974 ], [ -47.125557938999975, -14.105502166999941 ], [ -47.125918721999938, -14.105798515999936 ], [ -47.126382718999935, -14.106193797999936 ], [ -47.126724446999958, -14.106273979999969 ], [ -47.126912126999969, -14.106288959999972 ], [ -47.127158932999976, -14.106245172999934 ], [ -47.127550103999965, -14.106141863999937 ], [ -47.128197762999946, -14.10611948899998 ], [ -47.128845112999954, -14.106063831999961 ], [ -47.129253638999955, -14.10599364899997 ], [ -47.129662938999957, -14.106006663999949 ], [ -47.129919427999937, -14.106087595999952 ], [ -47.130073785999969, -14.106186074999982 ], [ -47.130143369999985, -14.106335227999978 ], [ -47.130095632999939, -14.106701753999971 ], [ -47.130050990999962, -14.107401073999938 ], [ -47.130155600999956, -14.107649762999927 ], [ -47.130378615999973, -14.107797554999934 ], [ -47.130651535999959, -14.107811776999938 ], [ -47.130873157999986, -14.107809811999971 ], [ -47.131161886999962, -14.107690763999926 ], [ -47.131398696999952, -14.107488970999952 ], [ -47.13182365199998, -14.107352073999948 ], [ -47.13202869099996, -14.107400177999978 ], [ -47.13220102799994, -14.107598340999971 ], [ -47.132365848999939, -14.107904737999945 ], [ -47.132611493999946, -14.108651404999932 ], [ -47.132874963999939, -14.109481117999962 ], [ -47.132880234999959, -14.110046865999948 ], [ -47.132747261999953, -14.110414148999951 ], [ -47.132494021999946, -14.110682652999969 ], [ -47.132273637999958, -14.110817736999934 ], [ -47.131354128999931, -14.110942382999951 ], [ -47.130588049999972, -14.111065664999956 ], [ -47.130146812999953, -14.111285910999982 ], [ -47.129893723999942, -14.111571052999977 ], [ -47.129810651999946, -14.111804763999942 ], [ -47.129881011999942, -14.112037114999964 ], [ -47.130070554999975, -14.112251767999965 ], [ -47.130396792999932, -14.11249849099994 ], [ -47.130926835999958, -14.112660200999926 ], [ -47.131371018999971, -14.112756106999939 ], [ -47.13201133299998, -14.112858591999952 ], [ -47.132455515999936, -14.11295449499994 ], [ -47.132694810999965, -14.113018934999957 ], [ -47.13295270499998, -14.113249619999976 ], [ -47.133057630999986, -14.113531585999965 ], [ -47.133062283999948, -14.114030774999947 ], [ -47.132931480999957, -14.114631012999951 ], [ -47.13283648099997, -14.115413984999975 ], [ -47.132806726999945, -14.115880196999967 ], [ -47.132843770999955, -14.116196047999949 ], [ -47.132982174999938, -14.116411151999955 ], [ -47.133375995999984, -14.116590704999965 ], [ -47.13378748599996, -14.116836664999937 ], [ -47.134353965999935, -14.11724765699995 ], [ -47.135081709999952, -14.117582328999958 ], [ -47.135458640999957, -14.117778668999961 ], [ -47.135836969999957, -14.118124765999937 ], [ -47.136360680999985, -14.11848828799998 ], [ -47.136523417999967, -14.118601247999948 ], [ -47.136882680999975, -14.118731178999951 ], [ -47.137036428999977, -14.118763092999927 ], [ -47.137325321999981, -14.118660675999934 ], [ -47.137443573999974, -14.118543136999961 ], [ -47.137441241999966, -14.118293542999936 ], [ -47.13736978299994, -14.117944718999979 ], [ -47.137264382999945, -14.117612836999967 ], [ -47.13712504199998, -14.117297898999936 ], [ -47.13695144899998, -14.116966623999929 ], [ -47.136913621999952, -14.116567576999955 ], [ -47.136944921999941, -14.116267760999961 ], [ -47.137147170999981, -14.11601634699997 ], [ -47.13746937999997, -14.115830428999971 ], [ -47.138115350999954, -14.115624987999979 ], [ -47.138898640999969, -14.115518167999937 ], [ -47.139391796999973, -14.115380647999928 ], [ -47.139766391999956, -14.115327388999958 ], [ -47.140405468999973, -14.11529673299998 ], [ -47.140746122999985, -14.115260415999956 ], [ -47.141187665999951, -14.115073429999939 ], [ -47.141763567999931, -14.114668912999946 ], [ -47.142137382999977, -14.114532451999935 ], [ -47.142444405999981, -14.114546354999959 ], [ -47.142959279999957, -14.114907861999939 ], [ -47.14361178799993, -14.115401267999971 ], [ -47.143938354999932, -14.11568124799993 ], [ -47.144263363999983, -14.115794833999928 ], [ -47.144982977999973, -14.116171148999967 ], [ -47.14544609099994, -14.116466548999938 ], [ -47.146088912999971, -14.116835225999978 ], [ -47.146282836999944, -14.116938953999977 ], [ -47.146517306999954, -14.11706436999998 ], [ -47.147236928999973, -14.11744067799998 ], [ -47.14790603199998, -14.117883997999968 ], [ -47.148473940999963, -14.118444706999981 ], [ -47.148583263999967, -14.11919256799996 ], [ -47.148504116999959, -14.119842269999936 ], [ -47.148509429999933, -14.120408011999928 ], [ -47.148633615999984, -14.120922766999968 ], [ -47.148807071999954, -14.121237391999955 ], [ -47.149157896999952, -14.121375698999941 ], [ -47.149396577999937, -14.121373561999974 ], [ -47.149685622999982, -14.121287769999981 ], [ -47.149905377999971, -14.121086112999933 ], [ -47.150073986999985, -14.120884912999941 ], [ -47.150207403999957, -14.120567541999947 ], [ -47.150425749999954, -14.120216128999971 ], [ -47.150696178999965, -14.119964093999954 ], [ -47.150984908999931, -14.119845021999936 ], [ -47.151580979999949, -14.119773118999944 ], [ -47.151956671999983, -14.11983631499993 ], [ -47.152487992999966, -14.120131087999937 ], [ -47.152900132999946, -14.120443568999974 ], [ -47.153656063999961, -14.121052499999962 ], [ -47.154378684999983, -14.121744930999967 ], [ -47.154687753999951, -14.121975128999964 ], [ -47.15513462399997, -14.122353855999961 ], [ -47.15570538399993, -14.12321405299997 ], [ -47.155640482999956, -14.12356409299997 ], [ -47.155488769999977, -14.123748503999934 ], [ -47.155064746999983, -14.123985280999932 ], [ -47.154546091999975, -14.124131383999952 ], [ -47.153612640999938, -14.124589061999927 ], [ -47.153308895999942, -14.124924602999954 ], [ -47.153090863999978, -14.125309296999944 ], [ -47.153043947999947, -14.125759019999975 ], [ -47.153149687999985, -14.126124168999979 ], [ -47.153392133999944, -14.126521373999935 ], [ -47.154029842999932, -14.127247846999978 ], [ -47.15471854599997, -14.127957218999939 ], [ -47.155098644999953, -14.128486310999961 ], [ -47.155322792999982, -14.128750550999939 ], [ -47.155708672999936, -14.128988375999938 ], [ -47.156204822999939, -14.129166967999936 ], [ -47.156922298999973, -14.129310286999953 ], [ -47.157605205999971, -14.129403992999926 ], [ -47.158459389999962, -14.12957935999998 ], [ -47.158808130999944, -14.129709829999967 ], [ -47.159024053999985, -14.12979060999993 ], [ -47.159469531999946, -14.130019571999981 ], [ -47.15988185599997, -14.130348675999926 ], [ -47.160192514999949, -14.130745256999944 ], [ -47.160246492999931, -14.131044303999943 ], [ -47.160150645999977, -14.131727436999938 ], [ -47.160068543999955, -14.132060990999946 ], [ -47.159799214999964, -14.132429511999931 ], [ -47.159459485999946, -14.132565695999972 ], [ -47.159254893999957, -14.132567536999943 ], [ -47.158947376999947, -14.132503741999926 ], [ -47.15843511099996, -14.132425146999935 ], [ -47.158128222999949, -14.132427906999965 ], [ -47.157923944999936, -14.132463025999982 ], [ -47.157687296999939, -14.132681483999932 ], [ -47.157622397999944, -14.133031523999932 ], [ -47.157692794999946, -14.133263860999932 ], [ -47.157976859999962, -14.133552519999967 ], [ -47.158199601999968, -14.133667000999935 ], [ -47.158575317999976, -14.133730183999944 ], [ -47.158916149999982, -14.133710476999966 ], [ -47.159290922999958, -14.133673821999935 ], [ -47.159921278999946, -14.133618225999953 ], [ -47.160483437999972, -14.13356324199998 ], [ -47.160773277999965, -14.133560631999956 ], [ -47.160961135999969, -14.133592220999958 ], [ -47.161115208999945, -14.133657395999933 ], [ -47.161236285999962, -14.133839352999928 ], [ -47.161238174999937, -14.134039024999936 ], [ -47.161190173999955, -14.13437227199995 ], [ -47.161025028999973, -14.134939543999963 ], [ -47.16094450199995, -14.135439490999943 ], [ -47.161032424999974, -14.135721590999935 ], [ -47.161204966999946, -14.135936365999953 ], [ -47.161410820999947, -14.13606763699994 ], [ -47.161871945999962, -14.136146684999972 ], [ -47.162435053999957, -14.136191531999941 ], [ -47.16294748699994, -14.136286755999947 ], [ -47.163486359999979, -14.13647326399996 ], [ -47.164290841999957, -14.136798820999957 ], [ -47.165352646999963, -14.137288457999944 ], [ -47.165746680999973, -14.13748458799995 ], [ -47.166225647999966, -14.137646669999981 ], [ -47.16716637899998, -14.137954344999969 ], [ -47.168004669999959, -14.138246306999974 ], [ -47.168535904999942, -14.138524398999948 ], [ -47.168759923999971, -14.138771984999948 ], [ -47.168839571999968, -14.139079116999937 ], [ -47.168810052999959, -14.139561961999959 ], [ -47.168594404999965, -14.140196254999978 ], [ -47.168277401999944, -14.140931307999949 ], [ -47.168130109999936, -14.141581623999969 ], [ -47.16813342699993, -14.141931046999957 ], [ -47.168223101999956, -14.142396174999931 ], [ -47.168398343999968, -14.142893810999965 ], [ -47.168677311999943, -14.143540274999964 ], [ -47.168816084999946, -14.14378862999996 ], [ -47.169073263999962, -14.143936070999928 ], [ -47.169296706999944, -14.143977584999959 ], [ -47.169329493999953, -14.143983676999937 ], [ -47.169670817999986, -14.14401387199996 ], [ -47.170385827999951, -14.143890920999979 ], [ -47.171161540999947, -14.143875582999954 ], [ -47.171451871999977, -14.143922877999955 ], [ -47.17169152699995, -14.144020552999962 ], [ -47.171915713999965, -14.144284772999981 ], [ -47.17200523899993, -14.144733258999963 ], [ -47.171977943999934, -14.145449051999947 ], [ -47.171933123999963, -14.146115081999938 ], [ -47.172037800999931, -14.146363743999927 ], [ -47.17224351599998, -14.14647836499995 ], [ -47.172517274999962, -14.146575729999938 ], [ -47.172790558999964, -14.146623176999981 ], [ -47.172839579999959, -14.146634189999929 ], [ -47.173217772999976, -14.146719150999957 ], [ -47.17361120299995, -14.146848711999951 ], [ -47.173902330999965, -14.14697919799994 ], [ -47.174193616999958, -14.147126323999942 ], [ -47.174587839999958, -14.147339077999959 ], [ -47.174793239999985, -14.147420418999957 ], [ -47.175168352999947, -14.147417017999942 ], [ -47.175509047999981, -14.147380647999967 ], [ -47.176001769999971, -14.147193132999973 ], [ -47.176323192999973, -14.146923967999953 ], [ -47.176576571999931, -14.146672060999947 ], [ -47.17670230899995, -14.146446272999981 ], [ -47.176952196999935, -14.145828304999952 ], [ -47.177098352999963, -14.145061513999963 ], [ -47.177143951999938, -14.144478679999963 ], [ -47.177137764999941, -14.143829754999956 ], [ -47.177048547999959, -14.143414549999932 ], [ -47.176907703999973, -14.14294989299998 ], [ -47.17675092199994, -14.142601862999982 ], [ -47.176679707999938, -14.142286337999963 ], [ -47.176745529999948, -14.142036132999976 ], [ -47.176948704999973, -14.141884524999966 ], [ -47.177408265999986, -14.14179715299997 ], [ -47.177867984999978, -14.141726418999951 ], [ -47.178396538999948, -14.141721621999977 ], [ -47.178951541999936, -14.141808105999928 ], [ -47.179361855999957, -14.141920863999928 ], [ -47.17983989499993, -14.141983084999936 ], [ -47.180283198999973, -14.141979057999947 ], [ -47.180760125999939, -14.141924802999938 ], [ -47.181133797999962, -14.141771641999981 ], [ -47.181421583999963, -14.141552699999977 ], [ -47.181962417999955, -14.141048567999974 ], [ -47.182332908999967, -14.140562623999926 ], [ -47.182536077999941, -14.140411011999959 ], [ -47.183012681999969, -14.140323474999946 ], [ -47.183387940999978, -14.140336701999956 ], [ -47.183901189999972, -14.140515077999964 ], [ -47.184176693999973, -14.140795458999946 ], [ -47.184385749999933, -14.141259489999982 ], [ -47.184672406999937, -14.141814336999971 ], [ -47.184896763999973, -14.142095182999981 ], [ -47.185068219999948, -14.142193464999934 ], [ -47.185340702999952, -14.142157702999953 ], [ -47.185527616999934, -14.14208943899996 ], [ -47.18569716199994, -14.141988051999931 ], [ -47.186187950999965, -14.141600849999975 ], [ -47.186643363999963, -14.141080846999955 ], [ -47.186995200999945, -14.140428662999966 ], [ -47.18726290099994, -14.139893728999937 ], [ -47.187498730999948, -14.139592050999966 ], [ -47.187786666999955, -14.139389740999945 ], [ -47.187990786999933, -14.139337958999931 ], [ -47.188246056999958, -14.139285710999957 ], [ -47.188723451999977, -14.139281357999948 ], [ -47.189252315999966, -14.139309815999979 ], [ -47.189669477999985, -14.139247768999951 ], [ -47.189923949999979, -14.139112323999939 ], [ -47.190142565999963, -14.138794160999964 ], [ -47.190342696999949, -14.138326401999961 ], [ -47.190577084999973, -14.137874971999963 ], [ -47.190931777999936, -14.137522285999978 ], [ -47.191372675999958, -14.137268654999957 ], [ -47.191932759999986, -14.136997294999958 ], [ -47.192578410999943, -14.136758432999954 ], [ -47.193104232999985, -14.136470742999961 ], [ -47.193577467999944, -14.136033768999937 ], [ -47.19401628199995, -14.135563826999942 ], [ -47.19430308799997, -14.135245038999926 ], [ -47.194523931999981, -14.135159817999977 ], [ -47.194694905999938, -14.135208175999935 ], [ -47.19478159199997, -14.135357147999969 ], [ -47.194750049999982, -14.135623681999959 ], [ -47.194659713999954, -14.135982276999982 ], [ -47.194584214999963, -14.136998030999962 ], [ -47.194689708999931, -14.137329873999931 ], [ -47.195000118999985, -14.137693124999942 ], [ -47.195602612999949, -14.138286668999967 ], [ -47.196151721999968, -14.13864773399996 ], [ -47.196408746999964, -14.138778504999948 ], [ -47.196852198999977, -14.138791086999959 ], [ -47.197226812999986, -14.138737736999929 ], [ -47.197636164999949, -14.138750629999947 ], [ -47.197876141999984, -14.138881554999955 ], [ -47.198099548999949, -14.139062553999963 ], [ -47.198135408999974, -14.139245268999957 ], [ -47.198120967999955, -14.139300183999978 ], [ -47.198069611999983, -14.139495476999969 ], [ -47.197850206999931, -14.139730450999934 ], [ -47.197630320999963, -14.139915508999934 ], [ -47.197172376999958, -14.140169306999951 ], [ -47.196289946999968, -14.140610032999973 ], [ -47.19600345899994, -14.140962101999946 ], [ -47.195894953999982, -14.141204380999966 ], [ -47.195948502999954, -14.14145349599994 ], [ -47.196053681999956, -14.141752060999977 ], [ -47.196330160999935, -14.142132258999936 ], [ -47.196657950999963, -14.14252862799998 ], [ -47.197811027999933, -14.143632973999956 ], [ -47.19884396499998, -14.144655211999975 ], [ -47.19964601099997, -14.145604679999963 ], [ -47.200303057999974, -14.146547153999961 ], [ -47.200512791999984, -14.14707772099996 ], [ -47.200398571999983, -14.147611258999973 ], [ -47.199978887999976, -14.148297360999948 ], [ -47.199339308999981, -14.149168522999958 ], [ -47.19922444499997, -14.149635505999981 ], [ -47.199311620999936, -14.149834390999956 ], [ -47.199517829999934, -14.149998902999982 ], [ -47.199859481999965, -14.150062330999958 ], [ -47.200303436999945, -14.150124819999974 ], [ -47.200712487999965, -14.150104426999974 ], [ -47.201232447999985, -14.150091335999946 ], [ -47.201879885999972, -14.150035471999956 ], [ -47.203123766999965, -14.149940848999961 ], [ -47.203514963999964, -14.149837413999933 ], [ -47.203956829999981, -14.149683590999928 ], [ -47.204499872999975, -14.14941235699996 ], [ -47.205230146999952, -14.149106118999953 ], [ -47.205874362999964, -14.148717468999962 ], [ -47.206246575999955, -14.14841452099995 ], [ -47.20671135799995, -14.14798591999994 ], [ -47.207033543999955, -14.147799912999972 ], [ -47.207610838999983, -14.147544996999954 ], [ -47.207933827999966, -14.147442182999953 ], [ -47.208394183999985, -14.147437945999968 ], [ -47.209164502999954, -14.147747017999961 ], [ -47.209713491999935, -14.148091406999981 ], [ -47.210161308999943, -14.148553207999953 ], [ -47.210694539999963, -14.149030859999982 ], [ -47.210968633999983, -14.149161455999945 ], [ -47.211155864999967, -14.149126449999926 ], [ -47.21129130099996, -14.149025359999939 ], [ -47.21164435999998, -14.148506257999941 ], [ -47.211842997999952, -14.147888738999939 ], [ -47.212040667999986, -14.147171386999958 ], [ -47.212239949999969, -14.146620422999945 ], [ -47.21244928699997, -14.146227447999934 ], [ -47.212685730999965, -14.145992303999947 ], [ -47.212939707999965, -14.145806918999938 ], [ -47.21312629099998, -14.14570535699994 ], [ -47.213414044999979, -14.145486379999966 ], [ -47.214059040999985, -14.145180904999961 ], [ -47.215468537999982, -14.144585487999962 ], [ -47.216538322999952, -14.144126323999956 ], [ -47.217210095999974, -14.143945395999935 ], [ -47.218332961999977, -14.143685414999936 ], [ -47.218724298999973, -14.143598595999947 ], [ -47.219081051999979, -14.143462175999957 ], [ -47.219401925999932, -14.143143045999977 ], [ -47.219856769999978, -14.142573073999927 ], [ -47.220211417999963, -14.142220349999945 ], [ -47.220568328999946, -14.142100566999943 ], [ -47.220773086999941, -14.14211531199993 ], [ -47.221406027999933, -14.14232577599995 ], [ -47.222039456999937, -14.142586152999968 ], [ -47.222381421999955, -14.142682826999931 ], [ -47.222696921999955, -14.142688224999972 ], [ -47.223328570999968, -14.142765573999952 ], [ -47.223653162999938, -14.14282912699997 ], [ -47.223996586999931, -14.143075545999977 ], [ -47.224256059999959, -14.143455862999929 ], [ -47.224309801999937, -14.143721606999975 ], [ -47.224260435999952, -14.143905104999931 ], [ -47.224091720999979, -14.144089709999946 ], [ -47.223906603999978, -14.144341027999928 ], [ -47.22370508399996, -14.144659056999956 ], [ -47.223604891999969, -14.144876306999947 ], [ -47.223606349999955, -14.14502605399997 ], [ -47.223693057999981, -14.145175011999982 ], [ -47.223830590999967, -14.145290217999957 ], [ -47.224104522999937, -14.145404158999952 ], [ -47.224718480999968, -14.145415106999963 ], [ -47.225587861999941, -14.145390403999954 ], [ -47.226149533999944, -14.145285352999963 ], [ -47.226812692999943, -14.145096157999944 ], [ -47.227423889999955, -14.144824243999949 ], [ -47.228348313999959, -14.14432477899993 ], [ -47.228974444999949, -14.143836401999977 ], [ -47.22960024899993, -14.143314746999977 ], [ -47.229870768999945, -14.143079272999955 ], [ -47.230241310999986, -14.14260990799994 ], [ -47.230375595999931, -14.142392338999969 ], [ -47.230473993999965, -14.141992063999965 ], [ -47.230602102999967, -14.141142231999936 ], [ -47.230650000999958, -14.140808985999968 ], [ -47.230733948999955, -14.140675084999941 ], [ -47.230921329999944, -14.140656702999934 ], [ -47.231126410999934, -14.140704716999949 ], [ -47.231252602999973, -14.140781446999938 ], [ -47.231315092999978, -14.140819442999941 ], [ -47.231521961999931, -14.141050479999933 ], [ -47.231937814999981, -14.14172885399995 ], [ -47.232232210999939, -14.142192035999926 ], [ -47.232508743999972, -14.14257218399996 ], [ -47.232818563999956, -14.142868821999969 ], [ -47.23310954599998, -14.142982593999932 ], [ -47.233511268999962, -14.143087015999981 ], [ -47.233903409999982, -14.143083364999939 ], [ -47.234482932999981, -14.143061329999966 ], [ -47.235163124999985, -14.142871954999976 ], [ -47.235690358999932, -14.14273392399997 ], [ -47.236250549999966, -14.14247910399996 ], [ -47.236691555999982, -14.142242034999981 ], [ -47.237048780999942, -14.142155504999948 ], [ -47.237491904999956, -14.142134733999967 ], [ -47.238088635999986, -14.142129169999976 ], [ -47.238451013999963, -14.142141159999937 ], [ -47.238480936999963, -14.142142150999973 ], [ -47.23887437999997, -14.142271599999958 ], [ -47.239294620999942, -14.142525597999963 ], [ -47.239534944999946, -14.142689754999935 ], [ -47.239723319999939, -14.142786484999931 ], [ -47.24002547799995, -14.143253834999939 ], [ -47.240250286999981, -14.143545685999982 ], [ -47.240552838999974, -14.143682100999968 ], [ -47.240822320999939, -14.143679583999926 ], [ -47.241360373999953, -14.143581732999962 ], [ -47.241848592999986, -14.143252280999945 ], [ -47.241989132999947, -14.143034372999978 ], [ -47.242220267999983, -14.142727544999957 ], [ -47.242365485999983, -14.142696601999944 ], [ -47.242824187999986, -14.142525915999954 ], [ -47.243554207999978, -14.142202933999954 ], [ -47.244038236999984, -14.142007048999972 ], [ -47.24446348999993, -14.141903232999937 ], [ -47.244973826999967, -14.141781979999962 ], [ -47.245331372999942, -14.141728715999932 ], [ -47.245672196999976, -14.141708886999936 ], [ -47.246081380999954, -14.141705056999967 ], [ -47.246593351999934, -14.141750184999978 ], [ -47.246884009999974, -14.141830662999951 ], [ -47.247261223999942, -14.142043448999971 ], [ -47.247639256999946, -14.142339426999968 ], [ -47.247695095999973, -14.142383957999982 ], [ -47.247742371999948, -14.142421659999968 ], [ -47.248018928999954, -14.14280178599995 ], [ -47.248590732999958, -14.143728260999978 ], [ -47.248747454999943, -14.144059588999937 ], [ -47.248834945999931, -14.144189789999928 ], [ -47.249275248999936, -14.144845034999946 ], [ -47.249758865999979, -14.145472813999959 ], [ -47.250173301999951, -14.146001402999957 ], [ -47.251410882999949, -14.147004820999939 ], [ -47.25214910699998, -14.147513725999943 ], [ -47.253142258999958, -14.147937035999973 ], [ -47.253860646999954, -14.148163243999932 ], [ -47.254304597999976, -14.148225631999935 ], [ -47.254543293999973, -14.148223388999952 ], [ -47.254806824999946, -14.148146032999932 ], [ -47.254959614999962, -14.148078036999948 ], [ -47.255095519999941, -14.148026839999943 ], [ -47.255213552999976, -14.147892611999964 ], [ -47.255346991999943, -14.14759184199994 ], [ -47.255394689999946, -14.147241957999938 ], [ -47.255408944999942, -14.146958947999963 ], [ -47.255320080999979, -14.146593707999955 ], [ -47.255230724999933, -14.14617855299997 ], [ -47.255142189999958, -14.145846589999962 ], [ -47.255154638999954, -14.145380558999932 ], [ -47.255218563999961, -14.144947323999929 ], [ -47.255369379999934, -14.14467966999996 ], [ -47.255708067999933, -14.144443528999943 ], [ -47.256099547999952, -14.14437328899993 ], [ -47.256320869999968, -14.144404389999977 ], [ -47.256646608999972, -14.144517902999951 ], [ -47.257281549999959, -14.144927923999944 ], [ -47.257846649999976, -14.145172203999948 ], [ -47.258565030999932, -14.14539839899993 ], [ -47.258872415999974, -14.145445423999945 ], [ -47.259435047999943, -14.145440126999972 ], [ -47.259895218999986, -14.145419152999978 ], [ -47.260227436999969, -14.145391063999966 ], [ -47.26072170599997, -14.145369766999977 ], [ -47.261368760999972, -14.145280470999978 ], [ -47.262117617999934, -14.14514029399993 ], [ -47.263105163999967, -14.144997863999947 ], [ -47.264008451999985, -14.144956062999938 ], [ -47.26460534499995, -14.144967068999961 ], [ -47.265707587999941, -14.14521457799998 ], [ -47.267212558999972, -14.145666272999961 ], [ -47.267605464999974, -14.145785432999958 ], [ -47.268649170999936, -14.146101962999978 ], [ -47.269777738999949, -14.146424081999953 ], [ -47.270513841999957, -14.146716629999958 ], [ -47.271156091999956, -14.147001743999965 ], [ -47.271996150999939, -14.147459698999967 ], [ -47.272751296999957, -14.147951733999946 ], [ -47.273146747999931, -14.148280778999947 ], [ -47.273440069999936, -14.148627430999966 ], [ -47.273523660999956, -14.148773585999947 ], [ -47.273648309999942, -14.148991527999954 ], [ -47.274101542999972, -14.149985606999962 ], [ -47.274415399999953, -14.150681493999969 ], [ -47.274725112999931, -14.150961428999949 ], [ -47.274982018999935, -14.151075469999967 ], [ -47.275443853999946, -14.151220844999955 ], [ -47.276297666999938, -14.151345858999946 ], [ -47.27669991199997, -14.151500116999955 ], [ -47.276939935999962, -14.151630954999973 ], [ -47.277369498999974, -14.151959666999971 ], [ -47.278005653999969, -14.152486090999957 ], [ -47.27908709999997, -14.15320795599996 ], [ -47.279654396999945, -14.153668469999957 ], [ -47.28176188499998, -14.155537009999932 ], [ -47.282398391999948, -14.156096694999974 ], [ -47.282897668999965, -14.156574486999943 ], [ -47.283549899999969, -14.157000901999936 ], [ -47.284118547999981, -14.157594506999942 ], [ -47.284893299999965, -14.15833589999994 ], [ -47.285496054999953, -14.158929174999969 ], [ -47.28592447699998, -14.159141402999978 ], [ -47.28629958099998, -14.159137825999949 ], [ -47.286613423999938, -14.158976756999948 ], [ -47.286665297999946, -14.158939180999937 ], [ -47.286799641999949, -14.158841864999943 ], [ -47.287238274999936, -14.158371775999967 ], [ -47.287472304999937, -14.157903638999926 ], [ -47.287622418999945, -14.15756941799998 ], [ -47.287874331999944, -14.157184306999966 ], [ -47.288246761999972, -14.156914520999976 ], [ -47.288636574999941, -14.156677847999958 ], [ -47.28900983799997, -14.156491250999977 ], [ -47.289383099999952, -14.156304653999939 ], [ -47.289995393999959, -14.156149051999932 ], [ -47.290131459999941, -14.156114472999946 ], [ -47.290744420999943, -14.156025419999935 ], [ -47.291238866999947, -14.156020695999928 ], [ -47.291699380999944, -14.156032933999938 ], [ -47.292289523999955, -14.156218645999957 ], [ -47.292649075999975, -14.156364961999941 ], [ -47.292804781999962, -14.156444866999948 ], [ -47.292871894999962, -14.156479306999927 ], [ -47.293147201999943, -14.156726264999975 ], [ -47.293457444999945, -14.157056084999965 ], [ -47.293717208999965, -14.157452944999932 ], [ -47.293781512999942, -14.157541438999942 ], [ -47.294149480999977, -14.158047826999962 ], [ -47.294460061999985, -14.158410920999927 ], [ -47.294684055999937, -14.158641727999964 ], [ -47.295078549999971, -14.158870901999933 ], [ -47.295523524999965, -14.159033034999936 ], [ -47.295779610999944, -14.159063861999982 ], [ -47.296120611999982, -14.159060595999961 ], [ -47.296478159999936, -14.15900725299997 ], [ -47.297124553999936, -14.158851304999928 ], [ -47.297523637999973, -14.15868940699994 ], [ -47.298321802999965, -14.158365608999929 ], [ -47.29913617699998, -14.15795845599996 ], [ -47.299594511999942, -14.157754387999944 ], [ -47.300035461999983, -14.157517207999945 ], [ -47.30047607399996, -14.157246750999946 ], [ -47.300832107999952, -14.157043662999968 ], [ -47.30139223499998, -14.156788696999968 ], [ -47.301816801999962, -14.156618227999957 ], [ -47.302037777999942, -14.156549548999976 ], [ -47.302523276999977, -14.156503288999943 ], [ -47.303136732999974, -14.156464117999974 ], [ -47.303869536999969, -14.156423798999981 ], [ -47.304720847999931, -14.156299142999956 ], [ -47.305367393999973, -14.156159812999931 ], [ -47.30589458999998, -14.156021628999952 ], [ -47.306439675999968, -14.155966467999974 ], [ -47.307138207999969, -14.155909829999928 ], [ -47.307547568999951, -14.155922529999941 ], [ -47.308068172999981, -14.155975755999975 ], [ -47.308375571999932, -14.15602271399996 ], [ -47.30883793299995, -14.156217932999937 ], [ -47.309163729999966, -14.156397826999978 ], [ -47.309336920999954, -14.156662385999937 ], [ -47.309425874999931, -14.157027591999963 ], [ -47.309550611999953, -14.157558845999972 ], [ -47.309724310999968, -14.157873317999929 ], [ -47.309844837999947, -14.157988630999967 ], [ -47.310050109999963, -14.158053209999935 ], [ -47.310340629999985, -14.158116966999955 ], [ -47.310648200999935, -14.158180558999959 ], [ -47.310922851999976, -14.158360942999934 ], [ -47.311044896999931, -14.158625993999976 ], [ -47.311046413999975, -14.158775731999981 ], [ -47.310896841999977, -14.159159875999933 ], [ -47.310649014999967, -14.159944306999932 ], [ -47.310599718999981, -14.160127813999964 ], [ -47.310704715999975, -14.160393028999977 ], [ -47.310894287999986, -14.160590871999943 ], [ -47.311306184999978, -14.160853126999939 ], [ -47.311597046999964, -14.160950157999935 ], [ -47.311920996999959, -14.160947032999957 ], [ -47.312294072999975, -14.16074376399996 ], [ -47.31243406699997, -14.160646111999938 ], [ -47.312463391999984, -14.160625655999979 ], [ -47.313037185999974, -14.160037748999969 ], [ -47.313955350999947, -14.158939020999981 ], [ -47.314276090999954, -14.15861978099997 ], [ -47.314547536999953, -14.158484046999945 ], [ -47.314717359999975, -14.158415849999926 ], [ -47.314921618999961, -14.15838059999993 ], [ -47.315416906999985, -14.15845901199998 ], [ -47.31565644799997, -14.158539893999944 ], [ -47.316668297999968, -14.159112487999948 ], [ -47.317233814999952, -14.159389886999975 ], [ -47.317935054999964, -14.159599415999935 ], [ -47.318174090999946, -14.159630382999978 ], [ -47.318489596999939, -14.159635650999974 ], [ -47.319324022999979, -14.159527743999945 ], [ -47.320005507999952, -14.15947123199993 ], [ -47.320585707999953, -14.159515532999933 ], [ -47.321047067999984, -14.159610900999951 ], [ -47.321492055999954, -14.159772982999982 ], [ -47.322657201999959, -14.160327424999934 ], [ -47.323565925999958, -14.160817789999953 ], [ -47.32401142599997, -14.161029777999943 ], [ -47.324781382999959, -14.161288535999972 ], [ -47.32532867499998, -14.161449617999949 ], [ -47.326046126999984, -14.161575768999967 ], [ -47.326592231999939, -14.161620384999935 ], [ -47.327120268999977, -14.16156534199996 ], [ -47.327358456999946, -14.161513111999966 ], [ -47.327680706999956, -14.16134359199998 ], [ -47.32793526599994, -14.161224646999926 ], [ -47.328171924999936, -14.161022679999974 ], [ -47.328593583999975, -14.16056932999993 ], [ -47.328829052999936, -14.160250900999927 ], [ -47.328909773999953, -14.160070211999937 ], [ -47.329009822999978, -14.159838580999974 ], [ -47.329070057999957, -14.15969912099996 ], [ -47.329185117999941, -14.159333341999968 ], [ -47.329425963999938, -14.158401008999931 ], [ -47.329552263999972, -14.15791206199998 ], [ -47.329613891999941, -14.15760914599997 ], [ -47.329629650999948, -14.157447804999947 ], [ -47.32962157999998, -14.15721052899994 ], [ -47.32956857399995, -14.156915954999931 ], [ -47.329365697999947, -14.156561215999943 ], [ -47.329241627999977, -14.156307267999978 ], [ -47.329135090999955, -14.156020350999938 ], [ -47.329100699999969, -14.155880367999941 ], [ -47.329079151999963, -14.155746765999936 ], [ -47.329066786999931, -14.155506007999975 ], [ -47.329081920999954, -14.155310519999944 ], [ -47.329119769999977, -14.155154385999936 ], [ -47.329187035999951, -14.155013776999965 ], [ -47.329289278999966, -14.154871021999952 ], [ -47.329426773999955, -14.154734970999982 ], [ -47.329508373999943, -14.154674274999934 ], [ -47.329787099999976, -14.154532424999957 ], [ -47.330535280999982, -14.15425744199996 ], [ -47.330818614999941, -14.154131718999963 ], [ -47.33106096399996, -14.153963747999967 ], [ -47.331213248999973, -14.153798278999943 ], [ -47.331370556999957, -14.153571773999943 ], [ -47.331521015999954, -14.153300068999954 ], [ -47.331853781999939, -14.152466770999979 ], [ -47.332074213999931, -14.152111351999963 ], [ -47.332145541999978, -14.151960763999966 ], [ -47.332164279999972, -14.151882698999941 ], [ -47.332344989999967, -14.151889614999959 ], [ -47.332591568999931, -14.151873212999931 ], [ -47.332866230999969, -14.15181443299997 ], [ -47.333148561999963, -14.151717810999969 ], [ -47.333428306999963, -14.151594649999936 ], [ -47.333789111999977, -14.151394533999962 ], [ -47.33394078699996, -14.151278309999952 ], [ -47.33398499499998, -14.151228185999969 ], [ -47.334028578999948, -14.151135240999963 ], [ -47.334036774999959, -14.151040381999962 ], [ -47.334024627999952, -14.15093894499995 ], [ -47.333991356999945, -14.150836267999978 ], [ -47.333932801999936, -14.150732843999947 ], [ -47.333753528999978, -14.15053138899998 ], [ -47.333330794999938, -14.150125755999966 ], [ -47.333142454999972, -14.149924657999975 ], [ -47.332927317999975, -14.149638257999982 ], [ -47.332727864999981, -14.14933715799998 ], [ -47.332642859999964, -14.14918212699996 ], [ -47.332557989999941, -14.148922467999967 ], [ -47.33254365099998, -14.14868805499998 ], [ -47.332569874999933, -14.148572419999937 ], [ -47.332596605999981, -14.14852454499993 ], [ -47.33268432899996, -14.148438218999956 ], [ -47.332820509999976, -14.148355306999974 ], [ -47.332980497999984, -14.148282734999952 ], [ -47.333133024999938, -14.148232008999969 ], [ -47.33327677099993, -14.148209920999932 ], [ -47.333439340999973, -14.14821782599995 ], [ -47.333885285999941, -14.148294983999961 ], [ -47.334154500999944, -14.14831937799994 ], [ -47.33443424099994, -14.148313671999972 ], [ -47.334701998999947, -14.148277091999944 ], [ -47.335044998999933, -14.148174182999981 ], [ -47.336005805999946, -14.147770074999926 ], [ -47.336171916999945, -14.14771686499995 ], [ -47.336319583999966, -14.147688771999981 ], [ -47.336571647999961, -14.147674930999926 ], [ -47.337613086999966, -14.147686279999959 ], [ -47.337931759999947, -14.147676305999937 ], [ -47.33820721799998, -14.147641362999934 ], [ -47.33867962599993, -14.147545047999927 ], [ -47.338825516999975, -14.147497364999936 ], [ -47.338942630999952, -14.147433336999939 ], [ -47.339033819999941, -14.147351130999937 ], [ -47.339111558999946, -14.147248455999943 ], [ -47.339180720999934, -14.14712192199994 ], [ -47.339238571999942, -14.146966765999935 ], [ -47.339282068999978, -14.146784282999931 ], [ -47.339306112999964, -14.146600724999928 ], [ -47.339292961999945, -14.146383467999954 ], [ -47.339271072999964, -14.146325495999974 ], [ -47.339192416999936, -14.14621214899995 ], [ -47.338991802999942, -14.14602427799997 ], [ -47.338382516999957, -14.145529132999968 ], [ -47.338137445999962, -14.145303475999981 ], [ -47.337912224999968, -14.145027027999959 ], [ -47.337791445999983, -14.144805308999935 ], [ -47.337701961999983, -14.144542986999966 ], [ -47.337916692999954, -14.144405365999944 ], [ -47.338065682999968, -14.144371115999945 ], [ -47.338335765999943, -14.144435612999928 ], [ -47.338532701999952, -14.14449955799995 ], [ -47.339348962999964, -14.144764546999966 ], [ -47.339503944999933, -14.144791042999941 ], [ -47.339698777999956, -14.144803417999981 ], [ -47.340111179999951, -14.144796952999968 ], [ -47.340400747999979, -14.144766026999946 ], [ -47.340645605999953, -14.144708973999968 ], [ -47.340834646999951, -14.144634937999967 ], [ -47.341511317999959, -14.144369744999949 ], [ -47.341914100999986, -14.144247088999975 ], [ -47.342612715999962, -14.144108621999976 ], [ -47.342801377999933, -14.144106055999941 ], [ -47.342861401999983, -14.144117937999965 ], [ -47.343334886999969, -14.143856893999953 ], [ -47.343631485999936, -14.14366326399994 ], [ -47.343833802999939, -14.143493774999968 ], [ -47.344176386999948, -14.143171124999981 ], [ -47.344584032999933, -14.142846120999934 ], [ -47.346481101999984, -14.141559215999962 ], [ -47.346884510999985, -14.141336166999963 ], [ -47.347616821999964, -14.140991447999966 ], [ -47.347930649999967, -14.14087146199995 ], [ -47.348262931999955, -14.140772526999967 ], [ -47.349226726999973, -14.140511820999961 ], [ -47.349850152999977, -14.140374071999929 ], [ -47.351510454999982, -14.140069578999942 ], [ -47.351863390999938, -14.140034585999956 ], [ -47.352090741999973, -14.140040487999954 ], [ -47.352323528999932, -14.140079765999928 ], [ -47.352439971999956, -14.140113227999962 ], [ -47.35265488999994, -14.140206349999971 ], [ -47.352745674999937, -14.140265541999952 ], [ -47.352882241999964, -14.140401083999961 ], [ -47.352966993999985, -14.140530718999969 ], [ -47.353172013999938, -14.140912154999967 ], [ -47.353259106999985, -14.14103535199996 ], [ -47.353352198999971, -14.141120632999957 ], [ -47.353448967999952, -14.141167478999932 ], [ -47.353548756999942, -14.141183936999937 ], [ -47.353648362999934, -14.141173652999953 ], [ -47.353742129999944, -14.141135869999971 ], [ -47.353824686999985, -14.14107036799993 ], [ -47.35389255399997, -14.140980887999945 ], [ -47.353942815999972, -14.140871973999936 ], [ -47.353974050999966, -14.140740567999956 ], [ -47.353986525999971, -14.140576639999949 ], [ -47.353970373999971, -14.139943530999972 ], [ -47.353987304999976, -14.13974477499994 ], [ -47.354033375999961, -14.13955268899997 ], [ -47.354111715999977, -14.139365526999939 ], [ -47.354237267999963, -14.139150885999982 ], [ -47.354291406999948, -14.139085934999969 ], [ -47.354450673999963, -14.138962668999966 ], [ -47.354564446999973, -14.138889813999981 ], [ -47.354729176999967, -14.138811488999977 ], [ -47.35482639199995, -14.138775929999952 ], [ -47.354927296999961, -14.138739160999933 ], [ -47.355134759999942, -14.138683997999976 ], [ -47.355904744999975, -14.138574429999949 ], [ -47.356839128999979, -14.13849830099997 ], [ -47.35713697999995, -14.138454896999974 ], [ -47.35741507299997, -14.138380966999932 ], [ -47.357548587999986, -14.138328335999972 ], [ -47.357809016999965, -14.138184467999963 ], [ -47.358058712999934, -14.137996433999945 ], [ -47.358397, -14.137681940999926 ], [ -47.36007538299998, -14.135842164999929 ], [ -47.360274554999933, -14.135656974999961 ], [ -47.360475049999934, -14.135510261999968 ], [ -47.360677752999948, -14.135398129999942 ], [ -47.360977749999961, -14.135294165999937 ], [ -47.361201046999952, -14.135257725999963 ], [ -47.361930683999958, -14.135205187999929 ], [ -47.362161182999955, -14.135175812999933 ], [ -47.362305318999972, -14.135129941999935 ], [ -47.362396821999937, -14.135061548999943 ], [ -47.362465744999952, -14.134967267999968 ], [ -47.36251791799998, -14.134855713999968 ], [ -47.362564578999979, -14.134676721999938 ], [ -47.362574859999938, -14.134542812999939 ], [ -47.362561567999933, -14.134295925999936 ], [ -47.362462338999933, -14.133464597999932 ], [ -47.362453709999954, -14.133310454999958 ], [ -47.362466413999982, -14.133178147999956 ], [ -47.362515427999938, -14.133038706999969 ], [ -47.362609263999957, -14.132873616999973 ], [ -47.362728755999967, -14.132709809999938 ], [ -47.362849574999984, -14.132584749999978 ], [ -47.362982360999979, -14.13250682599994 ], [ -47.363067435999938, -14.132479424999929 ], [ -47.363312116999964, -14.13243418899998 ], [ -47.363604144999954, -14.132401677999951 ], [ -47.363911238999947, -14.132384738999974 ], [ -47.364167258999942, -14.132388540999955 ], [ -47.364889946999938, -14.132461740999929 ], [ -47.36522532999993, -14.132476775999976 ], [ -47.365493196999978, -14.132462389999944 ], [ -47.365633967999941, -14.132440492999933 ], [ -47.365916626999933, -14.132352595999976 ], [ -47.366184873999941, -14.132196084999975 ], [ -47.366308944999957, -14.132099271999948 ], [ -47.366528785999947, -14.131890382999927 ], [ -47.36677988699995, -14.131580174999954 ], [ -47.367165730999943, -14.13094328699998 ], [ -47.367299081999931, -14.130759284999954 ], [ -47.367500493999955, -14.130558979999932 ], [ -47.367662692999943, -14.130469829999981 ], [ -47.36775296999997, -14.130471107999938 ], [ -47.36784636799996, -14.130514547999951 ], [ -47.367940865999969, -14.130610470999954 ], [ -47.367982757999982, -14.130686493999974 ], [ -47.368017856999984, -14.130785983999942 ], [ -47.368040914999938, -14.130920647999972 ], [ -47.368062886999951, -14.131048727999939 ], [ -47.368081464999932, -14.131644582999968 ], [ -47.368089482999949, -14.131676757999969 ], [ -47.368136141999969, -14.131721382999956 ], [ -47.36829254099996, -14.13176049599997 ], [ -47.368446777999964, -14.13176059999995 ], [ -47.369248091999964, -14.131649148999941 ], [ -47.36956741399996, -14.131633166999961 ], [ -47.369765685999937, -14.131665992999956 ], [ -47.369902797999941, -14.131710987999952 ], [ -47.37004511799995, -14.131785024999942 ], [ -47.370188690999953, -14.131899524999938 ], [ -47.370385872999975, -14.132121734999942 ], [ -47.370525264999969, -14.13232409699998 ], [ -47.370599948999939, -14.132491047999963 ], [ -47.370620800999973, -14.132600344999958 ], [ -47.370619660999978, -14.132722508999962 ], [ -47.37059693499998, -14.132869912999979 ], [ -47.370420302999946, -14.133593732999941 ], [ -47.370415008999942, -14.133734910999976 ], [ -47.370455824999965, -14.13383199499998 ], [ -47.370533053999964, -14.133887338999955 ], [ -47.370683888999963, -14.133916386999942 ], [ -47.370888590999982, -14.133890511999937 ], [ -47.371368720999953, -14.133767047999982 ], [ -47.371550301999946, -14.133734624999931 ], [ -47.371713264999983, -14.133736898999928 ], [ -47.371861104999937, -14.133789556999943 ], [ -47.371991608999963, -14.133893523999973 ], [ -47.372096952999982, -14.134035143999938 ], [ -47.372198224999977, -14.134275104999972 ], [ -47.372367327999939, -14.134868835999953 ], [ -47.372421888999952, -14.134978884999953 ], [ -47.372453186999962, -14.135015166999949 ], [ -47.372533933999932, -14.135061439999959 ], [ -47.372809870999959, -14.13511084299995 ], [ -47.373204308999959, -14.135115614999961 ], [ -47.373571676999973, -14.135072316999981 ], [ -47.374163860999943, -14.134943130999943 ], [ -47.374695528999951, -14.134790237999937 ], [ -47.37598823899998, -14.134365354999943 ], [ -47.376697410999952, -14.13409993199997 ], [ -47.377336921999984, -14.133884166999962 ], [ -47.377407362999975, -14.133847419999938 ], [ -47.37770686999994, -14.134124714999928 ], [ -47.377921256999969, -14.13436246699996 ], [ -47.378089621999948, -14.134608174999926 ], [ -47.378154321999943, -14.134731491999958 ], [ -47.378205129999969, -14.134854314999927 ], [ -47.378267900999958, -14.135094744999947 ], [ -47.378350216999934, -14.135629698999935 ], [ -47.378479302999949, -14.136175211999955 ], [ -47.378483332999963, -14.136259919999929 ], [ -47.380460857999935, -14.136342398999943 ], [ -47.380815198999983, -14.136381797999945 ], [ -47.381091492999985, -14.136438595999948 ], [ -47.381629227999952, -14.136575014999949 ], [ -47.381933035999964, -14.136677977999966 ], [ -47.382267879999972, -14.13683619699998 ], [ -47.382912031999979, -14.137234109999952 ], [ -47.383158728999945, -14.137364561999959 ], [ -47.38338405199994, -14.137442914999951 ], [ -47.383600070999933, -14.137472389999971 ], [ -47.383815443999936, -14.137457781999956 ], [ -47.384122951999984, -14.137373862999937 ], [ -47.384379244999934, -14.137252777999947 ], [ -47.384785592999947, -14.137014825999927 ], [ -47.385053961999972, -14.136879976999978 ], [ -47.385393696999984, -14.136752820999959 ], [ -47.385631509999939, -14.13668847699995 ], [ -47.385972061999951, -14.136639644999946 ], [ -47.386191413999939, -14.13664270299995 ], [ -47.386411192999958, -14.136677740999971 ], [ -47.386641104999967, -14.136752249999972 ], [ -47.387019794999958, -14.136951132999968 ], [ -47.387371393999956, -14.137206392999929 ], [ -47.387537900999973, -14.137370615999941 ], [ -47.387600875999965, -14.137452295999935 ], [ -47.387696197999958, -14.137626171999955 ], [ -47.387761388999934, -14.137822482999979 ], [ -47.387805492999973, -14.138136004999978 ], [ -47.387791088999961, -14.138423094999951 ], [ -47.387716431999934, -14.138933313999928 ], [ -47.387716796999939, -14.139109941999948 ], [ -47.387763983999946, -14.139293150999947 ], [ -47.387808506999932, -14.139380977999963 ], [ -47.387929645999975, -14.139544567999963 ], [ -47.388160067999934, -14.139747273999944 ], [ -47.388571174999981, -14.140008804999979 ], [ -47.388940436999974, -14.140243917999953 ], [ -47.389361576999931, -14.14055277999995 ], [ -47.389734774999965, -14.140863021999962 ], [ -47.390330166999945, -14.141403153999931 ], [ -47.390745898999967, -14.141725799999961 ], [ -47.391167955999947, -14.142006820999939 ], [ -47.391964474999952, -14.142453057999944 ], [ -47.392364783999938, -14.14263743999993 ], [ -47.393180260999941, -14.142975155999977 ], [ -47.393607652999947, -14.14312881799998 ], [ -47.394622980999941, -14.143401288999939 ], [ -47.394949570999984, -14.143503644999953 ], [ -47.395289781999963, -14.143642363999959 ], [ -47.396481988999938, -14.144174977999967 ], [ -47.396682455999951, -14.144230615999959 ], [ -47.396817498999951, -14.14456255999994 ], [ -47.397277070999962, -14.144791423999948 ], [ -47.39775565399998, -14.145102674999976 ], [ -47.398033083999962, -14.145257647999927 ], [ -47.39839367899998, -14.145415220999951 ], [ -47.400049369999977, -14.14606252699997 ], [ -47.400399528999969, -14.146231133999947 ], [ -47.400709241999948, -14.146418394999955 ], [ -47.401477844999931, -14.146918630999949 ], [ -47.401839025999948, -14.14719310299995 ], [ -47.402044259999968, -14.147393424999962 ], [ -47.402463259999934, -14.147848100999965 ], [ -47.402604559999986, -14.148034697999947 ], [ -47.402748712999937, -14.148263548999978 ], [ -47.403053449999959, -14.148866003999956 ], [ -47.403591335999977, -14.150138846999937 ], [ -47.404222212999969, -14.151335404999941 ], [ -47.404551648999984, -14.15207565999998 ], [ -47.404613149999932, -14.15226260399993 ], [ -47.404683364999983, -14.152582361999976 ], [ -47.40472634799994, -14.152865801999951 ], [ -47.404886745999931, -14.153923966999969 ], [ -47.404925209999931, -14.154393568999978 ], [ -47.404939947999935, -14.154816788999938 ], [ -47.404917846999979, -14.155320064999955 ], [ -47.404886239999939, -14.155632983999965 ], [ -47.404816772999936, -14.15597302599997 ], [ -47.404716879999967, -14.156325118999973 ], [ -47.404417646999946, -14.157160221999959 ], [ -47.404319506999968, -14.157476699999961 ], [ -47.404262465999977, -14.157721933999937 ], [ -47.404229354999984, -14.157980026999951 ], [ -47.404230780999967, -14.158238406999942 ], [ -47.404283343999964, -14.158596106999937 ], [ -47.404362773999935, -14.158876289999967 ], [ -47.404533700999934, -14.159351607999952 ], [ -47.404571498999985, -14.159503102999963 ], [ -47.404581658999973, -14.159641231999956 ], [ -47.404562985999974, -14.159775856999943 ], [ -47.404518535999955, -14.159924381999929 ], [ -47.404268385999956, -14.160541345999945 ], [ -47.404176082999982, -14.160849453999958 ], [ -47.404129620999981, -14.161114638999948 ], [ -47.404106080999952, -14.161384742999928 ], [ -47.404111628999942, -14.161612452999975 ], [ -47.404150131999984, -14.16178679799998 ], [ -47.404222037999943, -14.161932799999931 ], [ -47.404394710999952, -14.162143201999982 ], [ -47.404649935999942, -14.162358737999966 ], [ -47.404974058999983, -14.162566624999954 ], [ -47.405206705999944, -14.162678125999946 ], [ -47.405443722999962, -14.162764917999937 ], [ -47.406421072999933, -14.163061736999964 ], [ -47.406779505999964, -14.163186607999933 ], [ -47.407129809999958, -14.163365859999942 ], [ -47.407341545999941, -14.163522289999946 ], [ -47.407433492999985, -14.163610628999947 ], [ -47.407584605999944, -14.163804349999964 ], [ -47.407850620999966, -14.164304727999934 ], [ -47.408145540999953, -14.164859293999939 ], [ -47.408265524999933, -14.16505983199994 ], [ -47.408401387999959, -14.165238346999956 ], [ -47.408614462999935, -14.165451229999974 ], [ -47.409306371999946, -14.16604579899996 ], [ -47.409680372999958, -14.16629401199998 ], [ -47.410150413999986, -14.166605765999975 ], [ -47.410351699999978, -14.166719202999957 ], [ -47.410607783999978, -14.166839857999946 ], [ -47.411044721999986, -14.167006755999978 ], [ -47.41151045099997, -14.16713812699993 ], [ -47.41208075399993, -14.167247030999931 ], [ -47.412541696999938, -14.16729361299997 ], [ -47.413191169999948, -14.167306671999938 ], [ -47.413672185999985, -14.167272640999954 ], [ -47.414058032999947, -14.167204964999939 ], [ -47.415580193999972, -14.16675748199998 ], [ -47.41629757499993, -14.166512449999971 ], [ -47.421680512999956, -14.164452551999943 ], [ -47.422217266999951, -14.164210233999938 ], [ -47.423752198999978, -14.16345268799995 ], [ -47.424132123999982, -14.16329064599995 ], [ -47.424394919999941, -14.163197909999951 ], [ -47.424796458999936, -14.163083350999955 ], [ -47.425301438999952, -14.162988251999934 ], [ -47.425603600999978, -14.162966670999936 ], [ -47.425927550999972, -14.162965376999978 ], [ -47.426358151999978, -14.162989201999949 ], [ -47.426843007999935, -14.163082584999927 ], [ -47.428083537999953, -14.163373480999951 ], [ -47.428468390999967, -14.163500759999977 ], [ -47.428744047999942, -14.163624719999973 ], [ -47.429059841999958, -14.163796425999976 ], [ -47.429697398999963, -14.164195971999959 ], [ -47.430208729999947, -14.164219059999937 ], [ -47.43069464499996, -14.16422036199998 ], [ -47.431611453999949, -14.164142660999971 ], [ -47.431818175999979, -14.164105507999977 ], [ -47.432016918999977, -14.164049371999965 ], [ -47.432675452999945, -14.163793779999935 ], [ -47.432847768999977, -14.163699334999933 ], [ -47.432932558999937, -14.163636676999943 ], [ -47.433086515999946, -14.163478994999934 ], [ -47.433815158999948, -14.162444722999965 ], [ -47.434137866999947, -14.162240603999976 ], [ -47.43469145499995, -14.162094217999936 ], [ -47.435221957999943, -14.161806313999932 ], [ -47.435472644999948, -14.16163807099997 ], [ -47.435624228999984, -14.161501191999946 ], [ -47.436007930999949, -14.161208724999938 ], [ -47.436376229999951, -14.161060516999953 ], [ -47.436862262999966, -14.160917703999928 ], [ -47.43803315599996, -14.160653904999947 ], [ -47.438394274999951, -14.160587799999973 ], [ -47.438726304999932, -14.160554694999973 ], [ -47.439792884999974, -14.160493328999962 ], [ -47.44058333299995, -14.160393574999944 ], [ -47.44185046399997, -14.160342081999943 ], [ -47.442145214999982, -14.160260476999952 ], [ -47.442352700999948, -14.16024336299995 ], [ -47.442519472999948, -14.160185196999976 ], [ -47.443436267999971, -14.159382706999963 ], [ -47.444087509999974, -14.158639388999973 ], [ -47.444292840999935, -14.158127477999926 ], [ -47.444233323999981, -14.157964740999944 ], [ -47.444135348999964, -14.157807185999957 ], [ -47.443974614999945, -14.157460816999958 ], [ -47.444033674999957, -14.157287112999938 ], [ -47.444116923999957, -14.157193569999947 ], [ -47.44435074699993, -14.15702521999998 ], [ -47.44457430999995, -14.156901695999977 ], [ -47.445254698999975, -14.156598330999941 ], [ -47.445502318999957, -14.156473475999974 ], [ -47.445726061999949, -14.156323658999952 ], [ -47.44583219499998, -14.156231687999934 ], [ -47.446034226999984, -14.156008460999942 ], [ -47.44627920399995, -14.15563726299996 ], [ -47.446417860999986, -14.15529741499995 ], [ -47.446485838999934, -14.15494536999995 ], [ -47.446502438999971, -14.154680308999957 ], [ -47.446478544999934, -14.154394611999976 ], [ -47.446446772999934, -14.154246228999966 ], [ -47.446352130999969, -14.15395050199993 ], [ -47.44612116899998, -14.153443856999957 ], [ -47.445592732999955, -14.152513097999929 ], [ -47.445434831999933, -14.15220618099994 ], [ -47.444919595999977, -14.151037766999934 ], [ -47.444755155999985, -14.150604162999969 ], [ -47.444693799999982, -14.150390399999935 ], [ -47.444629362999933, -14.15007918699996 ], [ -47.444513019999931, -14.149061913999958 ], [ -47.451287794999985, -14.146943653999926 ], [ -47.455084340999974, -14.145783410999968 ], [ -47.454797446999976, -14.146869125999956 ], [ -47.454704550999963, -14.147270212999956 ], [ -47.454594131999954, -14.147961754999926 ], [ -47.454580039999939, -14.148356071999956 ], [ -47.454637155999933, -14.149294073999954 ], [ -47.45464029599998, -14.149930427999948 ], [ -47.454669299999978, -14.150320327999964 ], [ -47.455061364999949, -14.15321103499997 ], [ -47.455297481999935, -14.153893966999931 ], [ -47.455320875999973, -14.154295668999964 ], [ -47.455364859999975, -14.154528667999955 ], [ -47.455390852999983, -14.154801873999929 ], [ -47.455388624999955, -14.155128309999952 ], [ -47.455335964999961, -14.155388227999936 ], [ -47.455338794999932, -14.155582439999932 ], [ -47.455296945999976, -14.155900608999957 ], [ -47.455305335999981, -14.156353328999955 ], [ -47.454884767999943, -14.157940018999966 ], [ -47.454817626999954, -14.158721371999945 ], [ -47.454716903999952, -14.159530985999936 ], [ -47.454661771999952, -14.160739905999947 ], [ -47.454563556999972, -14.161946014999955 ], [ -47.454584865999948, -14.162859731999959 ], [ -47.453111760999946, -14.16419592099993 ], [ -47.451354133999985, -14.165930285999934 ], [ -47.450838248999958, -14.166456674999949 ], [ -47.450536707999959, -14.166837310999938 ], [ -47.449946484999941, -14.16773586599993 ], [ -47.449287900999934, -14.169002822999971 ], [ -47.449151022999956, -14.169301547999964 ], [ -47.449000756999965, -14.169690121999963 ], [ -47.448989603999962, -14.170712124999966 ], [ -47.449407319999978, -14.172690281999962 ], [ -47.449375835999945, -14.173224360999939 ], [ -47.449373866999963, -14.173256543999969 ], [ -47.448721639999974, -14.174875328999974 ], [ -47.447491653999975, -14.176202879999948 ], [ -47.446796841999969, -14.177298008999969 ], [ -47.446454545999984, -14.178205408999929 ], [ -47.446404681999979, -14.178856400999962 ], [ -47.446482727999978, -14.179442030999951 ], [ -47.446654587999944, -14.17987392799995 ], [ -47.447235864999982, -14.180647745999977 ], [ -47.447599713999978, -14.181238490999931 ], [ -47.448442822999937, -14.18289699099995 ], [ -47.449715337999976, -14.184446107999975 ], [ -47.449935563999986, -14.184905692999962 ], [ -47.449941384999931, -14.185231686999941 ], [ -47.449816100999954, -14.18548981999993 ], [ -47.449647980999941, -14.185673676999954 ], [ -47.449042160999966, -14.186090045999947 ], [ -47.448582467999984, -14.186326849999944 ], [ -47.448321875999966, -14.18660859299996 ], [ -47.446942424999975, -14.18853467799994 ], [ -47.446086184999956, -14.189629834999948 ], [ -47.445235928999978, -14.190920796999933 ], [ -47.445272369999941, -14.191873921999957 ], [ -47.44535958199998, -14.193019143999948 ], [ -47.445284512999933, -14.193478771999935 ], [ -47.445000146999973, -14.194143185999962 ], [ -47.444781406999937, -14.194589648999965 ], [ -47.444663628999933, -14.194952593999972 ], [ -47.444553173999964, -14.195643957999948 ], [ -47.444361908999952, -14.195932848999973 ], [ -47.442644822999966, -14.197157865999941 ], [ -47.442504768999981, -14.197300687999928 ], [ -47.442427672999941, -14.197485688999961 ], [ -47.442380103999938, -14.197816114999966 ], [ -47.442430464999973, -14.198306714999944 ], [ -47.442441815999985, -14.198613680999927 ], [ -47.442514762999963, -14.199310487999981 ], [ -47.442394981999939, -14.199564857999974 ], [ -47.44224453399994, -14.199697124999943 ], [ -47.441989083999943, -14.199847359999978 ], [ -47.441621687999941, -14.200102092999941 ], [ -47.441097579999962, -14.200310995999928 ], [ -47.441022889999942, -14.200340669999946 ], [ -47.440843885999982, -14.200763234999954 ], [ -47.440485510999963, -14.20125502999997 ], [ -47.439554224999938, -14.202310285999943 ], [ -47.43935384699995, -14.202294443999961 ], [ -47.438407008999945, -14.202063702999965 ], [ -47.438106851999976, -14.202129917999969 ], [ -47.437677765999979, -14.202677903999927 ], [ -47.436566884999934, -14.203636506999942 ], [ -47.435286405999932, -14.204151162999949 ], [ -47.434744879999982, -14.204663700999959 ], [ -47.434619745999953, -14.204964200999939 ], [ -47.434585025999979, -14.20607236799998 ], [ -47.434442398999977, -14.207481220999966 ], [ -47.433867083999985, -14.209051503999945 ], [ -47.432175099999938, -14.210594858999968 ], [ -47.431936359999952, -14.210750787999928 ], [ -47.43148279299993, -14.21104722299998 ], [ -47.431007875999967, -14.211235189999968 ], [ -47.430095871999981, -14.211286394999945 ], [ -47.428021057999956, -14.210935732999928 ], [ -47.427243572999942, -14.210697085999982 ], [ -47.426952807999953, -14.210690374999956 ], [ -47.426415737999946, -14.210790786999951 ], [ -47.42504878699998, -14.211270768999952 ], [ -47.422640240999954, -14.211487387999966 ], [ -47.422041485999955, -14.211613532999934 ], [ -47.421629375999942, -14.211900044999936 ], [ -47.421376904999931, -14.212767577999955 ], [ -47.421071327999982, -14.213109655999972 ], [ -47.420365706999974, -14.213489036999931 ], [ -47.419245897999986, -14.213882190999982 ], [ -47.418310027999951, -14.214695393999932 ], [ -47.418161562999956, -14.214894484999945 ], [ -47.41673923999997, -14.215719566999951 ], [ -47.41580578199995, -14.216447630999937 ], [ -47.415354906999937, -14.21663478499994 ], [ -47.414504368999985, -14.216843597999969 ], [ -47.414018833999933, -14.217246846999956 ], [ -47.413894766999931, -14.217467823999982 ], [ -47.413602056999935, -14.21853488499994 ], [ -47.413436990999969, -14.218697550999934 ], [ -47.413246781999931, -14.218777443999954 ], [ -47.412862490999942, -14.218799217999958 ], [ -47.412508142999968, -14.218657975999974 ], [ -47.412129159999949, -14.21814150199998 ], [ -47.411767041999951, -14.217407572999946 ], [ -47.411376847999975, -14.217117166999969 ], [ -47.411024792999967, -14.217025950999982 ], [ -47.410494751999977, -14.217258977999961 ], [ -47.410259685999961, -14.217676403999974 ], [ -47.409766274999981, -14.218979938999951 ], [ -47.409278391999976, -14.219695892999937 ], [ -47.408835461999956, -14.220074670999963 ], [ -47.408554236999976, -14.220253052999965 ], [ -47.407558675999951, -14.220884504999958 ], [ -47.407291928999939, -14.221310741999957 ], [ -47.407146102999945, -14.22187398899996 ], [ -47.406970884999964, -14.222066930999972 ], [ -47.406511744999932, -14.222245117999933 ], [ -47.40577643499995, -14.222371339999938 ], [ -47.404772162999961, -14.222767697999927 ], [ -47.404205189999971, -14.223135973999945 ], [ -47.403882885999963, -14.223511631999941 ], [ -47.403692494999973, -14.223863915999971 ], [ -47.403354966999984, -14.225103171999933 ], [ -47.403344820999962, -14.225754945999938 ], [ -47.403423961999977, -14.226170918999969 ], [ -47.403810257999965, -14.227124793999963 ], [ -47.404173058999959, -14.228256163999959 ], [ -47.404719988999943, -14.229291535999948 ], [ -47.405044206999946, -14.229603395999959 ], [ -47.40533933599994, -14.229757079999956 ], [ -47.40653161399996, -14.229960798999969 ], [ -47.40728811699995, -14.230206585999952 ], [ -47.407467402999941, -14.230327104999958 ], [ -47.407804817999931, -14.230800005999981 ], [ -47.40804131799996, -14.231582006999929 ], [ -47.407999709999956, -14.233143163999955 ], [ -47.408086385999979, -14.233927671999936 ], [ -47.408206947999986, -14.234291905999953 ], [ -47.408558113999959, -14.234907864999968 ], [ -47.408684110999957, -14.235260388999961 ], [ -47.408615788999953, -14.23569103799997 ], [ -47.408394381999983, -14.236402224999949 ], [ -47.407486882999933, -14.238339116999953 ], [ -47.407478447999949, -14.238382116999958 ], [ -47.407294621999938, -14.23931878999997 ], [ -47.407210135999946, -14.240295205999928 ], [ -47.40706462299994, -14.240879681999957 ], [ -47.406274804999953, -14.242343233999975 ], [ -47.405933837999953, -14.242445515999975 ], [ -47.405199487999937, -14.242982902999927 ], [ -47.404905557999939, -14.243354845999932 ], [ -47.404440302999944, -14.244192447999978 ], [ -47.404188792999946, -14.244433410999932 ], [ -47.403420985999958, -14.245118486999957 ], [ -47.402810924999983, -14.24563004099997 ], [ -47.402462626999977, -14.24616894899998 ], [ -47.402293388999965, -14.246788537999976 ], [ -47.402267220999931, -14.248436817999959 ], [ -47.402157365999983, -14.249337328999957 ], [ -47.40180085999998, -14.249705201999973 ], [ -47.400036790999934, -14.250394081999957 ], [ -47.399520433999953, -14.250790667999979 ], [ -47.399196292999932, -14.25112794599994 ], [ -47.398936393999975, -14.251435123999954 ], [ -47.398878684999943, -14.251863859999958 ], [ -47.398937209999985, -14.252492807999943 ], [ -47.398893857999951, -14.252781450999976 ], [ -47.398779518999959, -14.253346910999937 ], [ -47.39836134799998, -14.253867094999976 ], [ -47.398030163999977, -14.254335897999965 ], [ -47.397677293999948, -14.255705859999978 ], [ -47.397632958999964, -14.256558459999951 ], [ -47.397420950999958, -14.257313275999934 ], [ -47.397205110999948, -14.257662110999945 ], [ -47.39665421899997, -14.258176040999956 ], [ -47.39603369799994, -14.258508801999938 ], [ -47.395115630999953, -14.258883675999982 ], [ -47.394594789999985, -14.259217959999944 ], [ -47.394440902999975, -14.25939920899998 ], [ -47.394267344999946, -14.259779056999946 ], [ -47.394325668999954, -14.259863577999965 ], [ -47.394321749999961, -14.260194016999947 ], [ -47.394093109999972, -14.261523877999934 ], [ -47.394377151999947, -14.262754711999946 ], [ -47.394320138999944, -14.263767173999952 ], [ -47.394502613999975, -14.264555151999957 ], [ -47.394434241999932, -14.265255397999965 ], [ -47.394509058999972, -14.265638168999942 ], [ -47.394872432999932, -14.266538615999934 ], [ -47.395400070999983, -14.267283636999935 ], [ -47.396343029999969, -14.267980293999926 ], [ -47.396723721999933, -14.268362691999982 ], [ -47.397340966999934, -14.269337098999927 ], [ -47.397435475999941, -14.27051174099995 ], [ -47.397216946999947, -14.272042432999967 ], [ -47.396779758999969, -14.273403127999927 ], [ -47.39637646999995, -14.274868734999927 ], [ -47.395711032999941, -14.276388390999955 ], [ -47.395522995999954, -14.277011239999979 ], [ -47.395420456999943, -14.277484787999981 ], [ -47.395421796999983, -14.278145301999928 ], [ -47.395815522999953, -14.278777106999939 ], [ -47.397246801999984, -14.280669088999957 ], [ -47.397512115999973, -14.281167386999982 ], [ -47.397531587999936, -14.281544930999928 ], [ -47.397302491999938, -14.282051918999969 ], [ -47.396725343999947, -14.28226092999995 ], [ -47.396309072999941, -14.282379053999932 ], [ -47.395637221999948, -14.282524508999927 ], [ -47.394678099999965, -14.282696616999942 ], [ -47.393390512999986, -14.28309961399998 ], [ -47.392302459999939, -14.283493368999927 ], [ -47.391900287999931, -14.283754001999966 ], [ -47.391490567999938, -14.284133155999939 ], [ -47.390892021999946, -14.285044727999946 ], [ -47.390693226999986, -14.285808354999972 ], [ -47.391082858999937, -14.286928715999977 ], [ -47.391173597999966, -14.287344754999936 ], [ -47.391161703999956, -14.287937190999969 ], [ -47.391112470999985, -14.288397734999933 ], [ -47.391200106999975, -14.288896833999956 ], [ -47.391607170999976, -14.289369588999932 ], [ -47.392428117999941, -14.290127106999932 ], [ -47.392670455999962, -14.290554717999953 ], [ -47.392694046999964, -14.290788027999952 ], [ -47.392304073999981, -14.291650975999971 ], [ -47.391664795999986, -14.292960669999957 ], [ -47.391002597999943, -14.293925828999932 ], [ -47.390729513999986, -14.294419252999944 ], [ -47.39050926699997, -14.295055797999964 ], [ -47.390419123999948, -14.295704041999954 ], [ -47.390246544999968, -14.296126254999933 ], [ -47.389937680999935, -14.296609468999975 ], [ -47.389481479999972, -14.297116208999967 ], [ -47.38934177799996, -14.297870477999936 ], [ -47.38949434999995, -14.298701401999949 ], [ -47.389563932999977, -14.300173902999973 ], [ -47.389628356999935, -14.300948072999972 ], [ -47.389796912999941, -14.301599224999961 ], [ -47.390211912999973, -14.302618318999976 ], [ -47.390327795999951, -14.302975468999932 ], [ -47.390365009999982, -14.303331603999936 ], [ -47.390221934999943, -14.303898256999958 ], [ -47.389768110999967, -14.305015992999927 ], [ -47.389606488999959, -14.305537386999958 ], [ -47.389518711999983, -14.306234395999979 ], [ -47.389589303999969, -14.309079529999963 ], [ -47.389746399999979, -14.310152717999927 ], [ -47.389921378999986, -14.311181996999949 ], [ -47.390055020999966, -14.312078429999929 ], [ -47.390348593999931, -14.312905942999976 ], [ -47.390679785999964, -14.313619780999943 ], [ -47.39108529799995, -14.314185874999964 ], [ -47.391429990999939, -14.314564386999962 ], [ -47.392279868999935, -14.315261608999947 ], [ -47.394433301999982, -14.316196294999941 ], [ -47.395096183999954, -14.31661061799997 ], [ -47.39562931599994, -14.317178574999957 ], [ -47.39590783899996, -14.317711608999957 ], [ -47.395993172999965, -14.318366121999929 ], [ -47.395943945999932, -14.319454212999972 ], [ -47.395840712999984, -14.319976284999939 ], [ -47.395901209999977, -14.31995823699998 ], [ -47.396218049999959, -14.320164007999949 ], [ -47.396499354999946, -14.320600792999926 ], [ -47.396776340999963, -14.320726736999973 ], [ -47.397257597999953, -14.320840949999933 ], [ -47.398345846999973, -14.32089508599995 ], [ -47.398731858999952, -14.321053172999939 ], [ -47.399278627999934, -14.32152494199994 ], [ -47.399964909999937, -14.322568907999937 ], [ -47.400365007999937, -14.32288350999994 ], [ -47.400708763999944, -14.323014555999976 ], [ -47.400984265999966, -14.32304419999997 ], [ -47.401313502999983, -14.322977623999975 ], [ -47.401957663999951, -14.322727253999972 ], [ -47.40226015199994, -14.322759153999982 ], [ -47.403068137999981, -14.323257989999945 ], [ -47.403957931999969, -14.324147102999973 ], [ -47.404756283999973, -14.324532373999944 ], [ -47.405196013999955, -14.324557094999932 ], [ -47.405634483999961, -14.324498438999967 ], [ -47.406734068999981, -14.324154895999982 ], [ -47.407727713999975, -14.323938637999959 ], [ -47.408493230999966, -14.323947124999961 ], [ -47.40921306499996, -14.324059429999977 ], [ -47.409686808999936, -14.324206667999931 ], [ -47.40985074699995, -14.324356962999957 ], [ -47.409866025999975, -14.324382104999927 ], [ -47.410303481999961, -14.325104490999934 ], [ -47.410421031999931, -14.325188400999934 ], [ -47.410602046999941, -14.325211134999961 ], [ -47.410791227999937, -14.325148407999961 ], [ -47.411370835999946, -14.324554904999957 ], [ -47.411683343999982, -14.32403323099993 ], [ -47.41192982299998, -14.323809466999933 ], [ -47.412131573999943, -14.323709389999976 ], [ -47.412524246999965, -14.323666183999933 ], [ -47.413247873999978, -14.323959851999973 ], [ -47.414120010999966, -14.32404411999994 ], [ -47.414334882999981, -14.324295622999955 ], [ -47.414303039999936, -14.324705212999959 ], [ -47.414344266999933, -14.324825946999965 ], [ -47.414645053999948, -14.325105483999948 ], [ -47.415541729999973, -14.325637790999963 ], [ -47.416028886999982, -14.326180230999967 ], [ -47.416235797999946, -14.326440575999982 ], [ -47.416682637999941, -14.326869227999964 ], [ -47.417059384999959, -14.327060080999956 ], [ -47.417829779999977, -14.327030451999974 ], [ -47.418412038999975, -14.326711555999964 ], [ -47.41873721099995, -14.326275031999955 ], [ -47.419363055999952, -14.32489774499993 ], [ -47.419757009999955, -14.324317771999972 ], [ -47.42016747699995, -14.323981563999951 ], [ -47.421366668999951, -14.323399963999975 ], [ -47.423417984999958, -14.322817691999944 ], [ -47.42398508399998, -14.322805751999965 ], [ -47.425085858999978, -14.323266819999958 ], [ -47.425054023999962, -14.323451268999975 ], [ -47.425201022999943, -14.32416240699996 ], [ -47.425502655999935, -14.324631645999943 ], [ -47.425895499999967, -14.325026770999955 ], [ -47.426291178999975, -14.325246144999937 ], [ -47.427102799999943, -14.325535613999932 ], [ -47.427342328999941, -14.32599328799995 ], [ -47.427301436999983, -14.326222821999977 ], [ -47.427161870999953, -14.326401055999952 ], [ -47.426430994999976, -14.326994062999972 ], [ -47.426193222999984, -14.327379830999973 ], [ -47.426198779999936, -14.327844598999945 ], [ -47.42643379499998, -14.328450937999946 ], [ -47.427195980999954, -14.329362935999939 ], [ -47.427599789999931, -14.330129802999977 ], [ -47.428295039999966, -14.330805055999974 ], [ -47.429897555999958, -14.331829221999953 ], [ -47.43023009999996, -14.332232814999941 ], [ -47.430459746999986, -14.332760782999969 ], [ -47.430511692999971, -14.333367546999966 ], [ -47.430391184999962, -14.333843815999955 ], [ -47.430110326999966, -14.334246563999955 ], [ -47.429236813999978, -14.334820088999948 ], [ -47.429076523999981, -14.335018684999966 ], [ -47.42903862999998, -14.335113483999976 ], [ -47.428837603999966, -14.335615966999967 ], [ -47.428941023999982, -14.336132765999935 ], [ -47.429466586999979, -14.336691221999956 ], [ -47.430818167999973, -14.337769268999978 ], [ -47.432223170999976, -14.338687750999952 ], [ -47.432808518999934, -14.339229501999966 ], [ -47.43320965199996, -14.339864752999972 ], [ -47.433394093999937, -14.340400771999953 ], [ -47.433577798999977, -14.341417252999975 ], [ -47.433818498999983, -14.341705689999969 ], [ -47.434068412999977, -14.34190341599998 ], [ -47.434681490999935, -14.342000649999932 ], [ -47.435260335999942, -14.341974009999944 ], [ -47.435949257999937, -14.341904224999951 ], [ -47.43710105599996, -14.341854791999936 ], [ -47.437659136999969, -14.341759064999962 ], [ -47.437956899999961, -14.341429313999981 ], [ -47.437998659999948, -14.341306737999957 ], [ -47.43794943499995, -14.341219158999934 ], [ -47.437678440999946, -14.341137113999935 ], [ -47.437106974999949, -14.341160250999962 ], [ -47.436841919999949, -14.340976325999975 ], [ -47.43685084599997, -14.340867820999961 ], [ -47.437328460999936, -14.34067480899995 ], [ -47.437983962999965, -14.340651076999961 ], [ -47.438754893999942, -14.340710627999954 ], [ -47.439473404999944, -14.340669891999937 ], [ -47.440725540999949, -14.341073208999944 ], [ -47.441150480999966, -14.341021850999937 ], [ -47.441952268999955, -14.340799468999933 ], [ -47.442264832999967, -14.34079281299995 ], [ -47.442671798999982, -14.341049259999977 ], [ -47.44320307199996, -14.341737172999956 ], [ -47.444182552999962, -14.342092509999929 ], [ -47.444430272999966, -14.34228374199995 ], [ -47.44452496699995, -14.342453966999926 ], [ -47.44448235699997, -14.342864930999951 ], [ -47.444200279999961, -14.343383979999942 ], [ -47.444165875999943, -14.343586344999949 ], [ -47.444220266999935, -14.343884912999954 ], [ -47.444534166999972, -14.344470355999931 ], [ -47.444537513999933, -14.344761500999937 ], [ -47.444427140999949, -14.345238122999945 ], [ -47.444472987999973, -14.345355729999937 ], [ -47.444837450999955, -14.345502841999973 ], [ -47.445145779999962, -14.345430001999944 ], [ -47.445385149999936, -14.345295717999932 ], [ -47.446037301999979, -14.344638864999979 ], [ -47.446667260999959, -14.344489612999951 ], [ -47.44793899299998, -14.344689771999981 ], [ -47.44884258899998, -14.34463498599996 ], [ -47.449423245999981, -14.344706856999949 ], [ -47.449519554999938, -14.344769552999935 ], [ -47.449543603999984, -14.344910330999937 ], [ -47.449451711999984, -14.345185475999926 ], [ -47.44923468199994, -14.345507538999982 ], [ -47.449212769999974, -14.345656832999964 ], [ -47.449323106999941, -14.34577386199993 ], [ -47.44984963099995, -14.345988492999936 ], [ -47.451004169999976, -14.345985848999931 ], [ -47.451339464999933, -14.346049412999946 ], [ -47.451711720999981, -14.346367273999931 ], [ -47.452059556999984, -14.346841951999977 ], [ -47.452331637999976, -14.346937788999981 ], [ -47.453104627999949, -14.347056984999938 ], [ -47.453367207999975, -14.347190773999955 ], [ -47.453480337999963, -14.347750726999948 ], [ -47.453667695999968, -14.347843735999959 ], [ -47.453705613999944, -14.347862495999948 ], [ -47.454336652999984, -14.34777816899998 ], [ -47.45470695399996, -14.347576296999932 ], [ -47.45500721999997, -14.347316606999982 ], [ -47.455566383999951, -14.346581463999939 ], [ -47.455966097999976, -14.345585254999946 ], [ -47.456438969999965, -14.345230538999942 ], [ -47.456823128999986, -14.345093386999963 ], [ -47.457167295999966, -14.345087014999933 ], [ -47.457261632999973, -14.345121721999931 ], [ -47.457827006999935, -14.345329787999958 ], [ -47.458011372999977, -14.345471338999971 ], [ -47.458228782999981, -14.345864063999954 ], [ -47.458176199999969, -14.346267270999931 ], [ -47.457812348999937, -14.346821600999931 ], [ -47.45706260299994, -14.347643197999957 ], [ -47.456880122999962, -14.347929221999948 ], [ -47.45679784999993, -14.348312138999972 ], [ -47.456848247999972, -14.348973201999968 ], [ -47.456789664999974, -14.349421190999976 ], [ -47.456257733999962, -14.350240435999979 ], [ -47.456268942999941, -14.350376014999938 ], [ -47.456367723999961, -14.350528935999932 ], [ -47.457050293999941, -14.350733616999946 ], [ -47.457216940999956, -14.350940670999933 ], [ -47.456693903999962, -14.352082350999979 ], [ -47.456661026999939, -14.352644176999945 ], [ -47.456734788999938, -14.353467343999966 ], [ -47.456886657999974, -14.353814403999934 ], [ -47.457214230999966, -14.354204899999957 ], [ -47.457336186999953, -14.354273559999967 ], [ -47.458039076999967, -14.354233645999955 ], [ -47.458300832999953, -14.35402810599993 ], [ -47.45857915199997, -14.353625354999963 ], [ -47.458780279999985, -14.353553248999958 ], [ -47.459252207999953, -14.353687745999935 ], [ -47.459911704999968, -14.354060875999949 ], [ -47.46009326799998, -14.354495978999978 ], [ -47.460051064999959, -14.35499213099996 ], [ -47.460121003999973, -14.355227290999949 ], [ -47.460310409999977, -14.35541350699998 ], [ -47.460999829999935, -14.355751448999968 ], [ -47.461157021999952, -14.356067641999971 ], [ -47.461155788999974, -14.356319079999935 ], [ -47.461035987999935, -14.356642308999938 ], [ -47.46049852799996, -14.357303067999965 ], [ -47.460549508999975, -14.357821017999981 ], [ -47.460795072999986, -14.35835438099997 ], [ -47.461459710999975, -14.359110956999928 ], [ -47.46188458599994, -14.359880957999962 ], [ -47.462257799999975, -14.36017267699998 ], [ -47.462789026999985, -14.360338888999934 ], [ -47.463432135999938, -14.360414856999967 ], [ -47.46469962599997, -14.360287099999937 ], [ -47.464875411999969, -14.360329084999933 ], [ -47.465072437999936, -14.360541866999938 ], [ -47.464991746999942, -14.361127046999968 ], [ -47.464454778999936, -14.362060554999971 ], [ -47.464392182999973, -14.362352291999969 ], [ -47.464498368999955, -14.362790794999967 ], [ -47.46497785899993, -14.363722654999947 ], [ -47.465114519999986, -14.364151353999944 ], [ -47.465184244999932, -14.36722165499998 ], [ -47.465391888999932, -14.36813123099995 ], [ -47.465913173999979, -14.369365480999932 ], [ -47.46608152999994, -14.370114563999948 ], [ -47.466316869999957, -14.370811182999944 ], [ -47.466390221999973, -14.371305224999958 ], [ -47.466408593999972, -14.372370897999929 ], [ -47.466186802999971, -14.372917075999965 ], [ -47.465745417999983, -14.373644243999934 ], [ -47.465780926999969, -14.374329484999976 ], [ -47.465919919999976, -14.374699434999968 ], [ -47.466217165999979, -14.374990398999955 ], [ -47.467490832999943, -14.375586466999948 ], [ -47.468189542999937, -14.376088252999978 ], [ -47.468402116999982, -14.376432225999963 ], [ -47.468586664999975, -14.377185743999974 ], [ -47.468376532999969, -14.377426533999937 ], [ -47.468097298999965, -14.377923353999961 ], [ -47.467834101999983, -14.37821827099998 ], [ -47.467730076999942, -14.378796014999978 ], [ -47.467715491999968, -14.378877204999981 ], [ -47.46791654499998, -14.379884323999931 ], [ -47.467994486999942, -14.381764444999931 ], [ -47.468128116999935, -14.382522288999951 ], [ -47.468115761999968, -14.382772575999979 ], [ -47.46809094799994, -14.383271888999957 ], [ -47.467769867999948, -14.384110370999963 ], [ -47.46783964499997, -14.384851355999956 ], [ -47.468049184999984, -14.385331505999943 ], [ -47.468774475999965, -14.386081177999927 ], [ -47.469085536999955, -14.386488713999938 ], [ -47.469871815999966, -14.388223471999936 ], [ -47.470852222999952, -14.389726542999938 ], [ -47.471107533999941, -14.39058302799998 ], [ -47.471475497999961, -14.393361452999955 ], [ -47.471639147999952, -14.393914350999978 ], [ -47.47185417999998, -14.394386487999952 ], [ -47.472299555999939, -14.395088390999945 ], [ -47.472826993999945, -14.395726284999967 ], [ -47.473539057999972, -14.396448427999928 ], [ -47.474848786999985, -14.397510764999936 ], [ -47.475054712999963, -14.397794990999955 ], [ -47.475447833999965, -14.398337437999942 ], [ -47.475738032999971, -14.398934355999927 ], [ -47.475937180999949, -14.399553006999952 ], [ -47.475977872999977, -14.399947826999949 ], [ -47.47574196599993, -14.40124598899996 ], [ -47.47577845099994, -14.401897604999931 ], [ -47.475913569999932, -14.40249208399996 ], [ -47.476500964999957, -14.403981983999927 ], [ -47.476668549999943, -14.40475463699994 ], [ -47.476657467999985, -14.405169242999932 ], [ -47.476435924999976, -14.406173370999966 ], [ -47.476484717999938, -14.406764056999975 ], [ -47.476679855999976, -14.407186435999961 ], [ -47.476731038999958, -14.407297289999974 ], [ -47.478050088999964, -14.409119274999966 ], [ -47.479271529999949, -14.410569794999958 ], [ -47.48010095799998, -14.411848082999938 ], [ -47.480665219999935, -14.412457194999945 ], [ -47.480938145999971, -14.412880374999929 ], [ -47.481041708999953, -14.413268025999969 ], [ -47.481029138999986, -14.413597634999974 ], [ -47.480929162999985, -14.413860135999926 ], [ -47.480596289999937, -14.414267465999956 ], [ -47.480506626999954, -14.414582526999936 ], [ -47.480555425999967, -14.414896131999967 ], [ -47.480837380999958, -14.415305755999952 ], [ -47.480971676999957, -14.415631108999946 ], [ -47.481011889999934, -14.41602303999997 ], [ -47.480942573999982, -14.416476109999962 ], [ -47.481013784999959, -14.416829771999971 ], [ -47.482269702999986, -14.418240424999965 ], [ -47.482605317999969, -14.418765659999963 ], [ -47.483033930999966, -14.419677750999938 ], [ -47.483181155999944, -14.419881184999952 ], [ -47.483460470999944, -14.420068410999932 ], [ -47.483706792999953, -14.420147393999969 ], [ -47.484281576999933, -14.420331955999927 ], [ -47.485305103999963, -14.421737628999949 ], [ -47.485840935999931, -14.42237873199997 ], [ -47.487090895999984, -14.423564462999934 ], [ -47.487605888999951, -14.423881002999963 ], [ -47.488360887999931, -14.42409138599993 ], [ -47.48896297999994, -14.424079786999982 ], [ -47.489768768999966, -14.423864753999965 ], [ -47.490712378999945, -14.423382207999964 ], [ -47.491427920999968, -14.423162341999955 ], [ -47.492244395999933, -14.423291477999953 ], [ -47.492707570999983, -14.423590666999928 ], [ -47.492893339999966, -14.423808319999978 ], [ -47.494052385999964, -14.425166526999931 ], [ -47.494438960999958, -14.425453602999937 ], [ -47.495054288999938, -14.425756143999934 ], [ -47.495816141999967, -14.425940229999981 ], [ -47.496758229999955, -14.426028177999967 ], [ -47.49796011799998, -14.425948585999947 ], [ -47.499007951999943, -14.426068467999926 ], [ -47.499653032999959, -14.426096495999957 ], [ -47.499859258999948, -14.426111833999926 ], [ -47.500062664999973, -14.426214831999971 ], [ -47.500213550999945, -14.426445586999932 ], [ -47.500313371999937, -14.426527730999965 ], [ -47.500408335999964, -14.426540273999933 ], [ -47.502059429999974, -14.426511452999932 ], [ -47.50247018999994, -14.426929250999933 ], [ -47.502880656999935, -14.427320671999951 ], [ -47.503424521999932, -14.427539207999928 ], [ -47.503928974999951, -14.427863679999973 ], [ -47.505533145999948, -14.428486503999977 ], [ -47.506577630999971, -14.428686426999946 ], [ -47.507393113999967, -14.428981200999942 ], [ -47.508355449999954, -14.429096257999959 ], [ -47.509006688999932, -14.429234497999971 ], [ -47.509561282999982, -14.42920221199995 ], [ -47.509887317999983, -14.429304254999977 ], [ -47.51018530999994, -14.429327458999978 ], [ -47.510470750999957, -14.429429933999927 ], [ -47.51087797699995, -14.429531200999975 ], [ -47.511747223999976, -14.429792410999937 ], [ -47.512183884999956, -14.430104395999933 ], [ -47.513366954999981, -14.430593069999929 ], [ -47.514167935999978, -14.430808744999979 ], [ -47.51444029399994, -14.430951013999959 ], [ -47.515166095999973, -14.431701845999953 ], [ -47.51583467699993, -14.432169620999957 ], [ -47.516229175999968, -14.43235015099998 ], [ -47.516615328999933, -14.432357407999973 ], [ -47.517434520999984, -14.432403217999934 ], [ -47.517947779999986, -14.432305403999976 ], [ -47.518485204999934, -14.431950044999951 ], [ -47.518883819999985, -14.43128612299995 ], [ -47.519122040999946, -14.430808660999958 ], [ -47.51940094899993, -14.430330763999962 ], [ -47.519963720999954, -14.429823450999947 ], [ -47.520596525999963, -14.429526419999945 ], [ -47.521228734999966, -14.429176635999966 ], [ -47.521442951999973, -14.428963220999947 ], [ -47.522261343999958, -14.428314586999932 ], [ -47.523040159999937, -14.427765385999976 ], [ -47.523902782999983, -14.427439506999974 ], [ -47.524148919999959, -14.427426661999959 ], [ -47.524348889999942, -14.427388563999955 ], [ -47.524578178999946, -14.427320159999965 ], [ -47.524819899999954, -14.427146014999948 ], [ -47.52518286399993, -14.426931092999951 ], [ -47.52556108899995, -14.426861091999967 ], [ -47.525939610999956, -14.426817374999928 ], [ -47.52650652899996, -14.426679400999944 ], [ -47.526829287999931, -14.426491286999976 ], [ -47.527261393999936, -14.426407424999979 ], [ -47.527599767999959, -14.426403794999942 ], [ -47.528007522999985, -14.426634029999946 ], [ -47.528280615999961, -14.42675928999995 ], [ -47.528380500999958, -14.426854519999949 ], [ -47.528458459999968, -14.426928844999964 ], [ -47.528582925999956, -14.427165009999953 ], [ -47.528612970999973, -14.427428566999936 ], [ -47.528655800999957, -14.427625949999936 ], [ -47.52893099399995, -14.428018769999937 ], [ -47.529176944999961, -14.428227251999942 ], [ -47.529516066999975, -14.42828955799996 ], [ -47.529813849999982, -14.428286359999959 ], [ -47.530055921999974, -14.428151865999951 ], [ -47.530551750999962, -14.42771119799994 ], [ -47.531464004999975, -14.426988985999969 ], [ -47.531855364999956, -14.426892363999968 ], [ -47.532099020999965, -14.426889745999972 ], [ -47.532874202999949, -14.427217833999975 ], [ -47.533118454999965, -14.427267965999931 ], [ -47.533470061999935, -14.427237805999937 ], [ -47.533847890999937, -14.427141416999973 ], [ -47.534089752999932, -14.426980451999952 ], [ -47.534980757999961, -14.426773024999932 ], [ -47.535373311999933, -14.426781989999938 ], [ -47.535646270999962, -14.426976893999949 ], [ -47.536324942999954, -14.427147644999934 ], [ -47.536489055999937, -14.42729105199993 ], [ -47.536721927999963, -14.427539143999979 ], [ -47.537144780999938, -14.427824846999954 ], [ -47.53764672799997, -14.427925045999928 ], [ -47.537784134999981, -14.428108217999977 ], [ -47.538016653999932, -14.42831683299994 ], [ -47.538383494999948, -14.428444774999946 ], [ -47.538640980999958, -14.42846837899998 ], [ -47.539141730999972, -14.428462981999928 ], [ -47.53938476999997, -14.428414199999963 ], [ -47.539559121999957, -14.428267236999943 ], [ -47.539852914999983, -14.427921054999956 ], [ -47.540182000999948, -14.427099494999936 ], [ -47.540217202999941, -14.426624207999964 ], [ -47.540293596999959, -14.426201233999961 ], [ -47.540519524999979, -14.425829404999945 ], [ -47.540867137999953, -14.425456263999934 ], [ -47.541270466999947, -14.425214504999929 ], [ -47.541674242999932, -14.425012218999939 ], [ -47.542758183999979, -14.425112633999959 ], [ -47.543719671999952, -14.425155012999937 ], [ -47.544329260999973, -14.425201278999964 ], [ -47.544886525999971, -14.425406289999955 ], [ -47.545157238999934, -14.425403365999955 ], [ -47.545658653999965, -14.425457300999938 ], [ -47.545983040999943, -14.425414227999966 ], [ -47.546171424999955, -14.425319866999928 ], [ -47.546465896999962, -14.425026428999956 ], [ -47.546853189999979, -14.424573715999941 ], [ -47.546977954999932, -14.424386903999959 ], [ -47.547227944999975, -14.424200273999929 ], [ -47.547552178999979, -14.424144011999942 ], [ -47.547984867999958, -14.424112954999941 ], [ -47.548489510999957, -14.424450508999939 ], [ -47.548682190999955, -14.424725400999932 ], [ -47.548983044999943, -14.42499261699993 ], [ -47.549513098999967, -14.425184721999926 ], [ -47.549744628999974, -14.425314199999946 ], [ -47.549936467999942, -14.425523151999926 ], [ -47.550101939999934, -14.425785237999946 ], [ -47.550173202999986, -14.426101099999926 ], [ -47.550218907999977, -14.426549130999945 ], [ -47.550223869999968, -14.426984413999946 ], [ -47.550267921999932, -14.427287380999928 ], [ -47.550451344999942, -14.427944949999926 ], [ -47.550453751999953, -14.428156042999944 ], [ -47.550623586999961, -14.42880860899993 ], [ -47.550602540999932, -14.42933649899993 ], [ -47.550660809999954, -14.430885969999963 ], [ -47.550680969999974, -14.432653565999942 ], [ -47.550910338999984, -14.433779035999976 ], [ -47.551217153999971, -14.43456724999993 ], [ -47.551289778999944, -14.435001798999963 ], [ -47.551578097999936, -14.435354875999963 ], [ -47.551785587999973, -14.435748395999951 ], [ -47.551963907999948, -14.435957581999958 ], [ -47.552160352999977, -14.436568933999979 ], [ -47.55221764199996, -14.436845286999926 ], [ -47.552098115999968, -14.437044511999943 ], [ -47.551870185999974, -14.437231631999964 ], [ -47.551546236999968, -14.437314368999978 ], [ -47.551222078999956, -14.437370638999937 ], [ -47.551073739999936, -14.43742500299993 ], [ -47.550872118999962, -14.437545890999957 ], [ -47.550724774999935, -14.437679379999963 ], [ -47.550673264999944, -14.437917435999964 ], [ -47.55066319499997, -14.438220987999955 ], [ -47.550680188999934, -14.438524247999965 ], [ -47.55075245699993, -14.438919232999979 ], [ -47.550837711999975, -14.439274509999962 ], [ -47.55118325199993, -14.439897436999956 ], [ -47.551228213999934, -14.440279528999952 ], [ -47.551245207999955, -14.440582697999957 ], [ -47.551440377999938, -14.441081954999959 ], [ -47.551496913999983, -14.441292369999928 ], [ -47.55156894199996, -14.441674168999953 ], [ -47.551638258999958, -14.441818588999979 ], [ -47.551844191999976, -14.442066952999937 ], [ -47.551888703999964, -14.44240948099997 ], [ -47.551890060999938, -14.44252825999996 ], [ -47.551588748999961, -14.443408792999946 ], [ -47.551524251999979, -14.443686556999978 ], [ -47.551526511999953, -14.443884461999971 ], [ -47.551583350999977, -14.444121252999935 ], [ -47.551721024999949, -14.444317688999945 ], [ -47.551954082999941, -14.444578946999968 ], [ -47.552104443999951, -14.444709299999943 ], [ -47.552267373999939, -14.444747100999962 ], [ -47.552511252999977, -14.444770833999939 ], [ -47.552673035999931, -14.444716321999977 ], [ -47.55283385499996, -14.444569405999971 ], [ -47.553008566999949, -14.444461996999962 ], [ -47.553507990999947, -14.444337874999974 ], [ -47.553804581999941, -14.444229052999958 ], [ -47.553912687999969, -14.444214689999967 ], [ -47.554075374999968, -14.444239393999965 ], [ -47.554171154999949, -14.444330678999961 ], [ -47.554240322999931, -14.444461820999948 ], [ -47.554282670999953, -14.444606441999952 ], [ -47.554272908999963, -14.444936369999937 ], [ -47.55420817199996, -14.445200946999933 ], [ -47.553713119999941, -14.445707600999981 ], [ -47.55357900499996, -14.445814660999929 ], [ -47.553296620999959, -14.445982590999961 ], [ -47.55310988399998, -14.446222112999976 ], [ -47.55321078999998, -14.446761867999953 ], [ -47.553226885999948, -14.446986000999971 ], [ -47.553014590999965, -14.447357692999958 ], [ -47.552867091999985, -14.447477996999964 ], [ -47.552624624999964, -14.447586231999935 ], [ -47.551975132999985, -14.447606465999968 ], [ -47.551676725999982, -14.447556854999959 ], [ -47.551229464999949, -14.44750894799995 ], [ -47.551066023999965, -14.447418394999943 ], [ -47.550834919999943, -14.447328575999961 ], [ -47.550658455999951, -14.447290920999933 ], [ -47.550089253999943, -14.447231143999943 ], [ -47.549586885999986, -14.447098099999948 ], [ -47.549437729999966, -14.447073337999939 ], [ -47.54919285099993, -14.446970385999975 ], [ -47.549069856999949, -14.446866203999946 ], [ -47.549014071999977, -14.446721726999954 ], [ -47.548941895999974, -14.446326739999961 ], [ -47.548871825999981, -14.446116379999978 ], [ -47.548666793999985, -14.44594713999993 ], [ -47.548463659999982, -14.445936149999966 ], [ -47.548274960999947, -14.446004139999957 ], [ -47.548114737999981, -14.446203714999967 ], [ -47.547899876999963, -14.446351213999947 ], [ -47.547767261999979, -14.44659005699998 ], [ -47.547580123999978, -14.446803201999955 ], [ -47.547433524999974, -14.44700262799995 ], [ -47.547247531999972, -14.447308085999964 ], [ -47.547062498999935, -14.447705857999949 ], [ -47.547026714999959, -14.448128392999934 ], [ -47.547031527999934, -14.448550488999956 ], [ -47.547294754999939, -14.449075391999941 ], [ -47.547605691999934, -14.449573217999955 ], [ -47.54807627799994, -14.449950791999981 ], [ -47.548623088999932, -14.450419772999965 ], [ -47.548922552999954, -14.45056170099997 ], [ -47.550398124999958, -14.451752797999973 ], [ -47.550724865999939, -14.451920805999976 ], [ -47.550984185999937, -14.452102643999979 ], [ -47.551298693999968, -14.452376297999933 ], [ -47.551639268999963, -14.452570441999967 ], [ -47.551817094999933, -14.452726874999939 ], [ -47.55203617899997, -14.452948714999934 ], [ -47.552132867999944, -14.453119216999937 ], [ -47.552543914999944, -14.453550091999944 ], [ -47.552967516999956, -14.453895099999954 ], [ -47.553948541999944, -14.454451676999952 ], [ -47.55404342099996, -14.454463835999945 ], [ -47.554368054999941, -14.45444712099993 ], [ -47.554799834999983, -14.454323727999963 ], [ -47.555041704999951, -14.454162829999973 ], [ -47.555095079999944, -14.454096213999946 ], [ -47.555377152999938, -14.453908500999944 ], [ -47.55568653399996, -14.453733679999971 ], [ -47.556092000999968, -14.453676425999959 ], [ -47.556402965999951, -14.453640073999964 ], [ -47.55674218799993, -14.453715521999982 ], [ -47.556973391999975, -14.453805332999934 ], [ -47.557083163999948, -14.453936121999959 ], [ -47.557300743999974, -14.454026080999938 ], [ -47.557423082999946, -14.454064317999951 ], [ -47.557463680999945, -14.454063876999953 ], [ -47.55762516599998, -14.453982985999971 ], [ -47.557813110999973, -14.453848959999959 ], [ -47.557973630999982, -14.453675754999949 ], [ -47.558067603999973, -14.453608786999951 ], [ -47.558106992999967, -14.453502844999946 ], [ -47.558200208999949, -14.453369848999955 ], [ -47.55832079299995, -14.453263023999966 ], [ -47.558387397999979, -14.45316997499998 ], [ -47.55887133799996, -14.45287445799994 ], [ -47.559493868999937, -14.452854495999929 ], [ -47.559766955999976, -14.453056046999961 ], [ -47.560175049999941, -14.453236253999933 ], [ -47.560393628999975, -14.453405333999967 ], [ -47.560801211999944, -14.453532878999965 ], [ -47.561098927999979, -14.453529637999964 ], [ -47.561449352999944, -14.453393839999933 ], [ -47.56162179699993, -14.453088610999941 ], [ -47.561644472999944, -14.452705787999946 ], [ -47.561586710999961, -14.452389786999959 ], [ -47.56129698999996, -14.451918040999942 ], [ -47.561171717999969, -14.451615963999927 ], [ -47.561114410999949, -14.45133952499998 ], [ -47.561138298999936, -14.451062201999946 ], [ -47.561297905999936, -14.450809869999944 ], [ -47.561724889999937, -14.450277473999961 ], [ -47.562103434999983, -14.450233783999977 ], [ -47.562509648999935, -14.450242548999938 ], [ -47.562673248999943, -14.450346370999966 ], [ -47.562742120999985, -14.450451133999934 ], [ -47.562973928999952, -14.450593688999959 ], [ -47.56342566099994, -14.45103069399994 ], [ -47.563619051999979, -14.451371594999955 ], [ -47.563852678999979, -14.451672489999964 ], [ -47.564044554999953, -14.451881424999954 ], [ -47.564318023999931, -14.452115938999953 ], [ -47.564617554999984, -14.452270942999974 ], [ -47.564848456999982, -14.452334460999964 ], [ -47.565010997999934, -14.45234587799996 ], [ -47.565890488999969, -14.452309907999961 ], [ -47.566094687999964, -14.452413193999973 ], [ -47.566314693999971, -14.452714233999927 ], [ -47.566520198999967, -14.452923016999932 ], [ -47.566513260999955, -14.453496909999956 ], [ -47.566314367999951, -14.453855276999946 ], [ -47.565765959999965, -14.454428572999973 ], [ -47.565470423999955, -14.454629633999957 ], [ -47.564625261999936, -14.455298488999972 ], [ -47.564357942999948, -14.455591654999978 ], [ -47.56429437099996, -14.455948544999956 ], [ -47.564216112999986, -14.456213270999967 ], [ -47.564334147999944, -14.457062863999965 ], [ -47.564364850999937, -14.45737915899997 ], [ -47.564543748999938, -14.457627891999948 ], [ -47.564693972999976, -14.457744955999942 ], [ -47.564912922999952, -14.45795368499995 ], [ -47.565076166999972, -14.458017849999976 ], [ -47.565225330999965, -14.458042600999931 ], [ -47.565685689999953, -14.458050766999975 ], [ -47.565848840999934, -14.458114932999933 ], [ -47.566108635999967, -14.458336402999976 ], [ -47.566204729999981, -14.458454056999926 ], [ -47.56642216399996, -14.458530817999929 ], [ -47.566598486999965, -14.458555271999955 ], [ -47.566855609999948, -14.458552464999968 ], [ -47.567098989999977, -14.458523429999957 ], [ -47.567166198999985, -14.458483128999944 ], [ -47.567179427999974, -14.45845660599997 ], [ -47.56751425799996, -14.458149510999931 ], [ -47.567754753999964, -14.457869822999953 ], [ -47.567793910999967, -14.457744098999967 ], [ -47.567928630999972, -14.457689871999946 ], [ -47.568104497999968, -14.457674761999954 ], [ -47.568417267999962, -14.457803236999951 ], [ -47.568541279999977, -14.457986529999971 ], [ -47.568746548999968, -14.458182213999976 ], [ -47.56890985299998, -14.458259564999935 ], [ -47.569113239999979, -14.45828372099993 ], [ -47.569668023999952, -14.458264469999961 ], [ -47.570008925999957, -14.458485048999933 ], [ -47.570119861999956, -14.458708050999974 ], [ -47.570368464999945, -14.45914066399996 ], [ -47.571035463999976, -14.459463188999962 ], [ -47.571198101999983, -14.459474599999965 ], [ -47.571549515999948, -14.459424594999973 ], [ -47.57176497699993, -14.459329914999955 ], [ -47.572115705999977, -14.459220474999938 ], [ -47.57233025499994, -14.459046670999953 ], [ -47.57254276599997, -14.458688150999933 ], [ -47.572567094999954, -14.458450390999928 ], [ -47.572684783999932, -14.458092907999969 ], [ -47.572885038999971, -14.457853313999976 ], [ -47.573112753999965, -14.457639706999942 ], [ -47.573220254999967, -14.457572585999969 ], [ -47.573584969999956, -14.457502648999935 ], [ -47.573719839999967, -14.457461605999981 ], [ -47.573841025999968, -14.457407522999972 ], [ -47.574217598999951, -14.457192285999952 ], [ -47.574390175999952, -14.456900147999932 ], [ -47.574587020999957, -14.456357150999963 ], [ -47.574510305999979, -14.455573061999928 ], [ -47.57451668899995, -14.454952925999976 ], [ -47.574362355999938, -14.454479718999949 ], [ -47.573687979999931, -14.453524117999962 ], [ -47.573425997999948, -14.453104752999934 ], [ -47.57324604799993, -14.45275712199998 ], [ -47.57308067799994, -14.452508247999958 ], [ -47.572939426999937, -14.451995328999942 ], [ -47.572896398999944, -14.451784774999965 ], [ -47.572360491999973, -14.451091433999977 ], [ -47.572113871999932, -14.450830258999929 ], [ -47.571841006999932, -14.450648594999961 ], [ -47.571716633999984, -14.450425649999943 ], [ -47.571593020999956, -14.450268731999927 ], [ -47.571588007999935, -14.44983336699994 ], [ -47.57165361899996, -14.449654596999949 ], [ -47.571934545999966, -14.449361275999934 ], [ -47.572118983999985, -14.448923929999978 ], [ -47.572372389999941, -14.448591341999929 ], [ -47.57263968999996, -14.44829816999993 ], [ -47.572934753999959, -14.448057449999965 ], [ -47.573638059999951, -14.44801019099998 ], [ -47.574193727999955, -14.448070056999939 ], [ -47.57460221599996, -14.448276702999976 ], [ -47.575036247999947, -14.448351087999981 ], [ -47.576581085999976, -14.448499038999955 ], [ -47.577313128999947, -14.448596623999947 ], [ -47.577759780999941, -14.448591729999976 ], [ -47.578599868999959, -14.448661658999981 ], [ -47.579762364999965, -14.448523619999946 ], [ -47.580019109999967, -14.448481237999943 ], [ -47.580341896999983, -14.44830615099994 ], [ -47.580692146999979, -14.448157229999936 ], [ -47.58096074499997, -14.447969547999946 ], [ -47.581349057999944, -14.447609094999962 ], [ -47.581735479999963, -14.447077204999971 ], [ -47.581999197999949, -14.446467436999967 ], [ -47.582189444999983, -14.44536379799996 ], [ -47.582576585999959, -14.443723753999961 ], [ -47.582748321999986, -14.44335248699997 ], [ -47.582813082999962, -14.443101094999975 ], [ -47.58306126399998, -14.442326634999972 ], [ -47.583216569999934, -14.441704867999931 ], [ -47.583469858999933, -14.441372362999971 ], [ -47.583706808999978, -14.440789266999957 ], [ -47.58374221899993, -14.440340361999972 ], [ -47.583643227999971, -14.439972066999928 ], [ -47.583531985999969, -14.439722606999965 ], [ -47.583038433999945, -14.439180588999932 ], [ -47.58264287999998, -14.438921058999938 ], [ -47.582451763999984, -14.438778076999938 ], [ -47.582381819999966, -14.438580917999957 ], [ -47.582366307999962, -14.438409631999946 ], [ -47.582404919999931, -14.43823766099996 ], [ -47.58245752199997, -14.438105193999945 ], [ -47.58263175299993, -14.437958112999979 ], [ -47.583386952999945, -14.437712425999962 ], [ -47.583656969999936, -14.437656706999974 ], [ -47.584770375999938, -14.437607448999927 ], [ -47.58484754899996, -14.437604071999942 ], [ -47.585820523999985, -14.437474596999948 ], [ -47.586360130999935, -14.43731040199998 ], [ -47.586588177999943, -14.437136349999946 ], [ -47.586804067999935, -14.43708122299995 ], [ -47.586993445999951, -14.437065952999944 ], [ -47.587735391999956, -14.436853280999969 ], [ -47.588746450999963, -14.436499253999955 ], [ -47.589230611999938, -14.436230060999947 ], [ -47.589834199999984, -14.435748530999945 ], [ -47.590019204999976, -14.435363926999969 ], [ -47.590175923999936, -14.434874031999982 ], [ -47.590212543999939, -14.434530626999958 ], [ -47.590302065999936, -14.434081127999946 ], [ -47.590325093999979, -14.43372468299998 ], [ -47.590306833999932, -14.432148444999939 ], [ -47.590287496999963, -14.431647387999931 ], [ -47.590389173999938, -14.431078964999926 ], [ -47.590396287999965, -14.430524860999981 ], [ -47.590367391999962, -14.430366821999939 ], [ -47.590456683999946, -14.429897541999935 ], [ -47.590869507999969, -14.429312507999953 ], [ -47.591312754999933, -14.429017475999956 ], [ -47.592054897999958, -14.428824575999954 ], [ -47.59281096899997, -14.428657987999941 ], [ -47.593377668999949, -14.428506581999955 ], [ -47.593864254999971, -14.428448468999932 ], [ -47.594700051999951, -14.428155612999944 ], [ -47.595563657999946, -14.427935076999972 ], [ -47.59585973999998, -14.427786646999948 ], [ -47.596319567999956, -14.427755200999968 ], [ -47.596846435999964, -14.427670260999946 ], [ -47.597253365999961, -14.427744907999966 ], [ -47.598444473999962, -14.427751556999965 ], [ -47.599975086999962, -14.427853368999934 ], [ -47.600341579999963, -14.42794173599998 ], [ -47.600817389999975, -14.42812112699994 ], [ -47.601615649999985, -14.428092528999969 ], [ -47.602089679999949, -14.428126859999963 ], [ -47.602389439999968, -14.428295003999949 ], [ -47.602715648999947, -14.428410189999965 ], [ -47.602772226999946, -14.428620585999965 ], [ -47.602777446999937, -14.42906912899997 ], [ -47.602550555999983, -14.429348600999958 ], [ -47.602323297999931, -14.429588600999978 ], [ -47.602230577999933, -14.429761079999935 ], [ -47.602180751999981, -14.430131007999933 ], [ -47.602145685999972, -14.430606373999979 ], [ -47.602161825999985, -14.430830405999927 ], [ -47.602258689999985, -14.431014069999947 ], [ -47.602403813999956, -14.431067569999982 ], [ -47.60257127899996, -14.431129314999964 ], [ -47.602774332999957, -14.431127071999981 ], [ -47.602976986999977, -14.431098453999937 ], [ -47.603273219999949, -14.43096320199993 ], [ -47.603393614999959, -14.430843171999982 ], [ -47.604187258999957, -14.430425454999977 ], [ -47.604452895999941, -14.429987196999946 ], [ -47.604946785999971, -14.429394652999974 ], [ -47.605742511999949, -14.429148452999982 ], [ -47.605972531999953, -14.429145908999942 ], [ -47.606176873999971, -14.429262346999963 ], [ -47.606287056999975, -14.429419483999936 ], [ -47.606316115999959, -14.429590616999974 ], [ -47.606304275999946, -14.429735823999977 ], [ -47.606292436999979, -14.429881122999973 ], [ -47.606226688999982, -14.430053303999955 ], [ -47.60562647699993, -14.430811886999948 ], [ -47.605506698999932, -14.430984756999976 ], [ -47.605347709999933, -14.431276668999942 ], [ -47.605309116999933, -14.431448640999974 ], [ -47.605271751999965, -14.431726108999953 ], [ -47.60530096399998, -14.43191042899997 ], [ -47.605384146999938, -14.432080962999976 ], [ -47.605561737999949, -14.432224165999969 ], [ -47.606049399999961, -14.432258335999961 ], [ -47.606292892999932, -14.432242452999958 ], [ -47.606629471999952, -14.432093651999935 ], [ -47.606763547999947, -14.431986566999967 ], [ -47.607383995999953, -14.431795055999942 ], [ -47.607505618999937, -14.431780520999951 ], [ -47.607937309999954, -14.431656951999969 ], [ -47.609053695999933, -14.431057506999935 ], [ -47.609971196999936, -14.430809943999975 ], [ -47.610602918999973, -14.430433566999966 ], [ -47.611221723999961, -14.430110087999935 ], [ -47.611328058999959, -14.429937454999958 ], [ -47.611550326999975, -14.429771034999931 ], [ -47.61199890499995, -14.429435348999959 ], [ -47.61246732799998, -14.428981646999944 ], [ -47.612856414999953, -14.428687088999936 ], [ -47.613193382999953, -14.428564561999963 ], [ -47.614110464999953, -14.428290612999945 ], [ -47.614258313999983, -14.428196650999951 ], [ -47.614793455999973, -14.427662981999958 ], [ -47.615021853999963, -14.427521964999926 ], [ -47.615290086999948, -14.427307877999965 ], [ -47.615411551999955, -14.42728015199998 ], [ -47.616060793999964, -14.427246565999951 ], [ -47.616156832999934, -14.427351008999949 ], [ -47.61628107599995, -14.427560738999944 ], [ -47.616309678999983, -14.427692307999962 ], [ -47.616314153999951, -14.428074821999928 ], [ -47.616370435999954, -14.428258928999981 ], [ -47.616493443999957, -14.428363071999968 ], [ -47.616630691999944, -14.428519811999934 ], [ -47.616687128999956, -14.428717105999965 ], [ -47.616769700999953, -14.428834886999937 ], [ -47.61700265099995, -14.429082974999972 ], [ -47.617143512999974, -14.429556292999962 ], [ -47.617405161999955, -14.429935948999969 ], [ -47.617543399999931, -14.430185087999973 ], [ -47.617762450999976, -14.430393672999969 ], [ -47.617967417999978, -14.43056293799998 ], [ -47.618160395999951, -14.430864132999943 ], [ -47.618323937999946, -14.430954725999982 ], [ -47.618787854999937, -14.431272780999961 ], [ -47.619235691999961, -14.431373310999959 ], [ -47.619493081999963, -14.431396825999968 ], [ -47.620006564999983, -14.431325170999969 ], [ -47.620587235999949, -14.431213200999935 ], [ -47.621189183999945, -14.430599643999926 ], [ -47.621521725999969, -14.43010787299994 ], [ -47.62178918099994, -14.429827843999931 ], [ -47.622044790999951, -14.429699705999951 ], [ -47.622247530999971, -14.429671071999962 ], [ -47.622491233999938, -14.429681547999962 ], [ -47.622626939999975, -14.429706413999952 ], [ -47.622844818999965, -14.429822685999966 ], [ -47.622995819999971, -14.430005644999937 ], [ -47.62333788799998, -14.430318453999973 ], [ -47.623542083999951, -14.430421778999971 ], [ -47.623651657999972, -14.43052606699996 ], [ -47.623748691999936, -14.430722815999957 ], [ -47.623751787999936, -14.430986644999962 ], [ -47.62352461699993, -14.43123984999994 ], [ -47.623458046999986, -14.431332911999959 ], [ -47.62297487799998, -14.431681287999936 ], [ -47.622638933999951, -14.431882858999927 ], [ -47.622115942999983, -14.432297619999929 ], [ -47.622010080999985, -14.432509907999929 ], [ -47.622038688999965, -14.432641475999958 ], [ -47.622134733999985, -14.432746005999945 ], [ -47.622732185999951, -14.432910805999938 ], [ -47.62300326299993, -14.432947351999928 ], [ -47.623801755999978, -14.432938457999967 ], [ -47.624167020999948, -14.432921198999964 ], [ -47.624302635999982, -14.432946064999953 ], [ -47.62468344499996, -14.433100174999936 ], [ -47.625078326999983, -14.433300287999941 ], [ -47.62536247099996, -14.433297120999953 ], [ -47.626018096999985, -14.433340486999953 ], [ -47.626215860999935, -14.433353547999957 ], [ -47.626962616999947, -14.433556236999948 ], [ -47.627274688999933, -14.433618698999965 ], [ -47.62753208099997, -14.433642203999966 ], [ -47.627966704999949, -14.433769330999951 ], [ -47.62819976399993, -14.43401731299997 ], [ -47.628625897999939, -14.434573161999936 ], [ -47.62864237499997, -14.434823651999977 ], [ -47.628617485999939, -14.435008659999937 ], [ -47.628378647999966, -14.435420262999969 ], [ -47.628299633999973, -14.43560578499995 ], [ -47.628261368999972, -14.43580413199993 ], [ -47.628345343999968, -14.436040588999958 ], [ -47.628510158999973, -14.436207309999929 ], [ -47.628564566999955, -14.436262437999972 ], [ -47.628714024999965, -14.436313523999956 ], [ -47.628944203999936, -14.436324142999979 ], [ -47.629363440999953, -14.436293083999942 ], [ -47.629606621999983, -14.43625080299995 ], [ -47.629997617999948, -14.436127738999971 ], [ -47.631358134999971, -14.435571625999955 ], [ -47.631600693999985, -14.435476595999944 ], [ -47.631708628999945, -14.435449011999935 ], [ -47.63384475099997, -14.435247082999979 ], [ -47.634317482999961, -14.435162572999957 ], [ -47.634425261999979, -14.435121801999969 ], [ -47.634978712999953, -14.434996911999974 ], [ -47.635072586999968, -14.43491673099993 ], [ -47.636528246999944, -14.434405776999938 ], [ -47.637068628999941, -14.434320594999974 ], [ -47.63765062899995, -14.434314076999954 ], [ -47.638124820999963, -14.434361518999935 ], [ -47.638397392999934, -14.434516726999959 ], [ -47.638547786999936, -14.434647016999975 ], [ -47.638927980999938, -14.434748264999939 ], [ -47.639461138999934, -14.435197382999945 ], [ -47.639654149999956, -14.435498644999939 ], [ -47.639684014999943, -14.435735792999935 ], [ -47.639740876999952, -14.43595935999997 ], [ -47.639920669999981, -14.436287146999973 ], [ -47.639992217999975, -14.436616146999938 ], [ -47.640144483999961, -14.436904676999973 ], [ -47.640363715999968, -14.437126421999949 ], [ -47.640501983999968, -14.437375542999973 ], [ -47.64096804299993, -14.437871567999935 ], [ -47.641457424999942, -14.438050806999968 ], [ -47.641934290999984, -14.438315909999972 ], [ -47.64265338499996, -14.43846610099996 ], [ -47.642910249999943, -14.438436840999941 ], [ -47.643464011999981, -14.438338303999956 ], [ -47.643692786999964, -14.438230227999952 ], [ -47.644502920999969, -14.437355930999956 ], [ -47.644679886999938, -14.437005442999975 ], [ -47.644877476999966, -14.436541537999972 ], [ -47.645064642999955, -14.436348202999966 ], [ -47.645658612999966, -14.436209554999948 ], [ -47.645834822999973, -14.436233951999952 ], [ -47.646025186999964, -14.436310942999967 ], [ -47.646284235999985, -14.436466382999981 ], [ -47.646408196999971, -14.436649627999941 ], [ -47.646545533999983, -14.436819623999952 ], [ -47.646754989999977, -14.437358084999971 ], [ -47.646975384999962, -14.437685408999982 ], [ -47.647934125999939, -14.438637652999944 ], [ -47.648057776999963, -14.438794522999956 ], [ -47.64816961799994, -14.439096688999939 ], [ -47.648103213999946, -14.439202942999941 ], [ -47.648076308999975, -14.439216433999945 ], [ -47.647683980999943, -14.43923403499997 ], [ -47.64753639199995, -14.43934120199998 ], [ -47.647483831999978, -14.439473767999971 ], [ -47.647485394999933, -14.439605634999964 ], [ -47.647540454999955, -14.439684145999934 ], [ -47.64785511599996, -14.439964247999967 ], [ -47.648169137999957, -14.440198106999958 ], [ -47.648456347999968, -14.440445545999978 ], [ -47.64862184499998, -14.440707541999927 ], [ -47.648705686999961, -14.440930801999968 ], [ -47.648749093999982, -14.441167794999956 ], [ -47.64881956399995, -14.441404482999928 ], [ -47.649109746999954, -14.441902466999977 ], [ -47.64939868099998, -14.442294956999945 ], [ -47.649727176999932, -14.44260787099995 ], [ -47.650151109999968, -14.442972462999933 ], [ -47.650323023999931, -14.443204666999975 ], [ -47.650495030999934, -14.443436868999981 ], [ -47.650686342999961, -14.443593064999959 ], [ -47.65076987599997, -14.443789949999939 ], [ -47.650784744999953, -14.445042949999959 ], [ -47.650827529999958, -14.445227194999973 ], [ -47.650965907999932, -14.445476305999932 ], [ -47.651103252999974, -14.445646207999971 ], [ -47.651335630999938, -14.445841505999965 ], [ -47.651501227999972, -14.446103406999953 ], [ -47.651705604999961, -14.446219889999952 ], [ -47.652652048999983, -14.447271156999932 ], [ -47.65292690299998, -14.447624233999932 ], [ -47.653418819999956, -14.448014427999965 ], [ -47.653665137999951, -14.448235851999982 ], [ -47.653775269999983, -14.448392960999968 ], [ -47.653939524999942, -14.448549367999931 ], [ -47.654253344999972, -14.448756931999981 ], [ -47.654499415999965, -14.448965168999962 ], [ -47.654704045999949, -14.449094833999936 ], [ -47.654896305999955, -14.449330054999962 ], [ -47.655169376999936, -14.449524888999974 ], [ -47.656345534999957, -14.451681633999954 ], [ -47.656378873999984, -14.452208879999944 ], [ -47.656448570999942, -14.45237954199996 ], [ -47.65658633299995, -14.452575900999932 ], [ -47.656723530999955, -14.452732610999931 ], [ -47.656873790999953, -14.452849698999955 ], [ -47.657089098999961, -14.453128466999942 ], [ -47.657616124999947, -14.453810924999971 ], [ -47.657973218999985, -14.454242194999949 ], [ -47.658679779999943, -14.454471597999941 ], [ -47.65919768599997, -14.45476916399997 ], [ -47.660079780999979, -14.454957103999959 ], [ -47.660364350999942, -14.454980261999935 ], [ -47.661071937999964, -14.455295459999945 ], [ -47.661358080999946, -14.455450480999957 ], [ -47.661454689999971, -14.45560773699998 ], [ -47.661784730999955, -14.45603930599998 ], [ -47.661773715999971, -14.456250442999931 ], [ -47.661466641999937, -14.456610091999949 ], [ -47.661170675999983, -14.456758602999969 ], [ -47.660671168999954, -14.45686976099995 ], [ -47.660279285999934, -14.456926947999932 ], [ -47.65972486499993, -14.456972783999959 ], [ -47.659508265999932, -14.45697523299998 ], [ -47.65910325699997, -14.457058942999936 ], [ -47.658834572999979, -14.457233519999932 ], [ -47.65874095099997, -14.457326895999927 ], [ -47.658647956999971, -14.457473018999963 ], [ -47.658608618999949, -14.457579059999944 ], [ -47.658610032999945, -14.457697738999968 ], [ -47.658680363999963, -14.457921234999958 ], [ -47.658831254999939, -14.458090976999927 ], [ -47.659145250999984, -14.458311717999948 ], [ -47.659920664999959, -14.458639338999944 ], [ -47.660423162999962, -14.458778724999945 ], [ -47.66144436899998, -14.459281691999934 ], [ -47.661668153999983, -14.459424656999943 ], [ -47.662101208999957, -14.459049327999935 ], [ -47.662447657999962, -14.458991581999953 ], [ -47.662563141999954, -14.459020451999947 ], [ -47.662907574999963, -14.45905984999996 ], [ -47.663180197999964, -14.459198942999933 ], [ -47.663544755999965, -14.459280281999952 ], [ -47.663833464999982, -14.459309149999967 ], [ -47.664122172999953, -14.459309145999953 ], [ -47.664353134999942, -14.459078174999945 ], [ -47.664410867999948, -14.458558495999966 ], [ -47.664295375999984, -14.458125430999928 ], [ -47.664035531999957, -14.457778980999933 ], [ -47.663891167999964, -14.457201560999977 ], [ -47.664064387999986, -14.456941718999929 ], [ -47.664526315999979, -14.456653003999975 ], [ -47.664959376999946, -14.456595256999947 ], [ -47.66550792299995, -14.456595250999953 ], [ -47.666713831999971, -14.456640279999931 ], [ -47.66741339899994, -14.456681841999966 ], [ -47.668237106999982, -14.456785483999965 ], [ -47.668843414999969, -14.456941090999976 ], [ -47.670221294999976, -14.457128553999951 ], [ -47.671004745999937, -14.45728214199994 ], [ -47.671903789999931, -14.457515657999977 ], [ -47.672700580999958, -14.457912823999948 ], [ -47.673602304999974, -14.458369726999933 ], [ -47.674841126999979, -14.459127457999955 ], [ -47.675892637999937, -14.459907625999961 ], [ -47.676565498999935, -14.460434923999969 ], [ -47.676652123999986, -14.461127827999974 ], [ -47.676796484999954, -14.461560891999966 ], [ -47.677114070999949, -14.46196508099996 ], [ -47.677720362999935, -14.462311523999972 ], [ -47.678153429999952, -14.462629097999979 ], [ -47.678615367999953, -14.46297554299997 ], [ -47.679555745999949, -14.463806254999952 ], [ -47.680311131999986, -14.464224172999934 ], [ -47.681444738999971, -14.465025339999954 ], [ -47.682455215999937, -14.465083064999931 ], [ -47.683173380999961, -14.464780520999966 ], [ -47.684214924999935, -14.464728 ], [ -47.68488377999995, -14.464882844999977 ], [ -47.685371161999967, -14.465054143999964 ], [ -47.685688739999932, -14.465054137999971 ], [ -47.685919702999968, -14.464909778999981 ], [ -47.686064052999939, -14.464649936999933 ], [ -47.685948563999943, -14.464332356999932 ], [ -47.685659847999943, -14.463870424999982 ], [ -47.685255649999931, -14.463408494999953 ], [ -47.684670796999967, -14.462772921999942 ], [ -47.684438374999957, -14.46251153299994 ], [ -47.684373165999943, -14.46228885599993 ], [ -47.684410937999985, -14.46196344599997 ], [ -47.684620459999962, -14.461531885999932 ], [ -47.685024645999931, -14.461243167999953 ], [ -47.685977369999932, -14.460636858999976 ], [ -47.686554784999942, -14.460636848999968 ], [ -47.686901234999937, -14.460665713999958 ], [ -47.687218817999963, -14.46095441999995 ], [ -47.687276568999948, -14.46147409799994 ], [ -47.687247706999983, -14.461964906999981 ], [ -47.687132231999954, -14.462455716999955 ], [ -47.687161110999966, -14.462917653999966 ], [ -47.687594172999979, -14.462946516999978 ], [ -47.688079671999958, -14.462855809999951 ], [ -47.688330490999931, -14.462913872999934 ], [ -47.688518041999941, -14.463235211999972 ], [ -47.68857578899997, -14.463523921999979 ], [ -47.688662406999981, -14.463870372999963 ], [ -47.688777896999966, -14.464274565999972 ], [ -47.689008865999938, -14.464447788999962 ], [ -47.689326445999939, -14.46456326699996 ], [ -47.689932731999932, -14.464563256999952 ], [ -47.690481274999968, -14.464505504999977 ], [ -47.691000944999985, -14.464274527999976 ], [ -47.691952044999937, -14.464212930999963 ], [ -47.692473353999958, -14.46433224499998 ], [ -47.693108510999934, -14.464332233999926 ], [ -47.693808314999956, -14.464313517999926 ], [ -47.694263339999964, -14.464245600999959 ], [ -47.694667526999979, -14.464043495999931 ], [ -47.694840745999954, -14.463754781999967 ], [ -47.694927352999969, -14.463437198999941 ], [ -47.694782991999944, -14.463004135999938 ], [ -47.694263310999986, -14.462571077999939 ], [ -47.694061210999962, -14.462311241999942 ], [ -47.693974589999982, -14.461791564999942 ], [ -47.694118937999974, -14.46141623799997 ], [ -47.69449425199997, -14.461069778999956 ], [ -47.695019, -14.461009253999975 ], [ -47.695456641999954, -14.461004233999972 ], [ -47.69583421699997, -14.461203011999942 ], [ -47.696317465999982, -14.461522441999932 ], [ -47.696775055999979, -14.461907000999929 ], [ -47.69755457499997, -14.462455537999972 ], [ -47.698449580999977, -14.463148427999954 ], [ -47.699460065999972, -14.463668089999942 ], [ -47.700124095999968, -14.463870175999944 ], [ -47.700672639999937, -14.463841294999952 ], [ -47.701146426999969, -14.46355899699995 ], [ -47.701912596999932, -14.46314396899993 ], [ -47.702404865999938, -14.46268642299998 ], [ -47.703092612999967, -14.462480446999962 ], [ -47.703237509999951, -14.462397535999969 ], [ -47.703695006999965, -14.462311028999977 ], [ -47.704257688999974, -14.462304552999967 ], [ -47.704570165999939, -14.462282189999939 ], [ -47.705203694999966, -14.462110864999943 ], [ -47.705659466999975, -14.461882196999966 ], [ -47.705898210999976, -14.461675874999969 ], [ -47.706013688999974, -14.461387161999937 ], [ -47.705955943999982, -14.461156194999944 ], [ -47.705898199999979, -14.460982968999929 ], [ -47.70537500599994, -14.460768377999955 ], [ -47.704790256999956, -14.460673555999961 ], [ -47.704310301999953, -14.460636543999954 ], [ -47.703906106999966, -14.460376710999981 ], [ -47.703588519999983, -14.459828165999966 ], [ -47.703357540999946, -14.459077521999973 ], [ -47.703097690999982, -14.458298007999929 ], [ -47.702866712999935, -14.457576234999976 ], [ -47.702837829999964, -14.456854458999942 ], [ -47.702808951999941, -14.456421392999971 ], [ -47.703097652999986, -14.455988321999939 ], [ -47.703616281999984, -14.455812461999926 ], [ -47.704021515999955, -14.45590169299993 ], [ -47.704425708999963, -14.456046041999969 ], [ -47.704829901999972, -14.456161518999977 ], [ -47.705291837999937, -14.45642135099996 ], [ -47.70586925799995, -14.456681179999975 ], [ -47.706533284999978, -14.456652297999938 ], [ -47.706937473999972, -14.456536805999974 ], [ -47.707255042999975, -14.455959379999967 ], [ -47.707890182999961, -14.454977751999934 ], [ -47.708467581999969, -14.453938383999969 ], [ -47.709131599999978, -14.453360950999979 ], [ -47.709795620999955, -14.452927872999965 ], [ -47.710084324999968, -14.452754641999945 ], [ -47.71080608799997, -14.452350434999971 ], [ -47.711729945999934, -14.451917352999942 ], [ -47.712365098999953, -14.451686372999973 ], [ -47.712830532999931, -14.45168476799995 ], [ -47.713288962999968, -14.451628614999947 ], [ -47.713693152999952, -14.45157086599994 ], [ -47.713952985999981, -14.451368763999938 ], [ -47.714212814999939, -14.450849079999955 ], [ -47.714588122999942, -14.450127296999938 ], [ -47.714674723999963, -14.449376647999941 ], [ -47.714443741999958, -14.448395034999976 ], [ -47.714472599999965, -14.447615515999928 ], [ -47.714645815999972, -14.447095833999981 ], [ -47.715194353999948, -14.446662757999945 ], [ -47.715771765999932, -14.446460650999938 ], [ -47.716551274999972, -14.446345152999982 ], [ -47.717359655999985, -14.446287396999935 ], [ -47.718052554999986, -14.446287384999948 ], [ -47.718789437999931, -14.44639609799998 ], [ -47.719477844999972, -14.446449070999961 ], [ -47.719854912999949, -14.446607194999956 ], [ -47.720276130999935, -14.44696791399997 ], [ -47.720419973999981, -14.447211218999939 ], [ -47.720593204999943, -14.447615410999958 ], [ -47.720708694999985, -14.44804847499995 ], [ -47.72079531299994, -14.448423796999975 ], [ -47.720939674999954, -14.448972344999959 ], [ -47.721273565999979, -14.449292093999929 ], [ -47.721603709999954, -14.449434270999973 ], [ -47.72192128599994, -14.449261038999964 ], [ -47.722094503999983, -14.448799098999928 ], [ -47.722440942999981, -14.448163928999975 ], [ -47.723104955999986, -14.447211171999982 ], [ -47.723740101999965, -14.446518255999933 ], [ -47.724317510999981, -14.446056308999971 ], [ -47.724866048999957, -14.445680974999959 ], [ -47.725241360999973, -14.445132417999957 ], [ -47.725443447999965, -14.44455499399993 ], [ -47.72547230899994, -14.443948700999954 ], [ -47.725616653999964, -14.443371276999926 ], [ -47.72596309599993, -14.442909333999978 ], [ -47.72659824599998, -14.44244738499998 ], [ -47.72737774999996, -14.441956563999952 ], [ -47.727839675999974, -14.441552360999935 ], [ -47.728214989999969, -14.441119287999982 ], [ -47.728417078999939, -14.440715089999969 ], [ -47.728503685999954, -14.44036863599996 ], [ -47.728330457999959, -14.44016654099994 ], [ -47.728099488999931, -14.439993318999939 ], [ -47.727637555999934, -14.439935583999954 ], [ -47.727002398999957, -14.439993336999976 ], [ -47.72606805099997, -14.439974951999943 ], [ -47.724981442999933, -14.439906758999939 ], [ -47.724346284999967, -14.439877898999953 ], [ -47.723999834999972, -14.439849033999963 ], [ -47.723797737999973, -14.43973355299994 ], [ -47.723711116999937, -14.439185003999967 ], [ -47.723682234999956, -14.438492098999973 ], [ -47.723451254999986, -14.437597099999948 ], [ -47.72319140299993, -14.43667322999994 ], [ -47.723075906999952, -14.435864841999944 ], [ -47.723018142999933, -14.434450159999926 ], [ -47.722844910999981, -14.43398822599994 ], [ -47.72246957599998, -14.433035486999927 ], [ -47.72232521199993, -14.432400325999936 ], [ -47.722382943999946, -14.43179403299996 ], [ -47.722527284999956, -14.430927897999936 ], [ -47.723075819999963, -14.430321595999942 ], [ -47.723739835999936, -14.42948432399993 ], [ -47.724432724999986, -14.428820276999943 ], [ -47.725038997999945, -14.427954134999936 ], [ -47.72532769999998, -14.427578805999929 ], [ -47.725385433999975, -14.427087995999955 ], [ -47.725154460999931, -14.426654933999941 ], [ -47.724808000999985, -14.426019776999965 ], [ -47.724779117999958, -14.425211386999933 ], [ -47.72495233199993, -14.424518478999971 ], [ -47.725298769999938, -14.423796695999954 ], [ -47.725731821999943, -14.423103782999931 ], [ -47.726078263999966, -14.422584096999969 ], [ -47.726742282999965, -14.421977793999929 ], [ -47.72711759699996, -14.421544720999975 ], [ -47.727435165999964, -14.420938422999939 ], [ -47.727550637999968, -14.420187772999952 ], [ -47.72755062799996, -14.419523738999942 ], [ -47.728358997999976, -14.418715334999945 ], [ -47.729023022999968, -14.418455483999935 ], [ -47.729542691999939, -14.41808015099997 ], [ -47.730235579999942, -14.417358361999959 ], [ -47.730784117999974, -14.416838672999972 ], [ -47.731592490999958, -14.41617462499994 ], [ -47.731852320999963, -14.415712682999981 ], [ -47.732083272999944, -14.41475993399996 ], [ -47.732371968999985, -14.413951538999981 ], [ -47.732314215999963, -14.413200891999963 ], [ -47.732343077999985, -14.412623469999971 ], [ -47.732718391999981, -14.412161526999967 ], [ -47.733151450999969, -14.411959421999939 ], [ -47.733728864999932, -14.411786184999926 ], [ -47.734392892999949, -14.411670689999937 ], [ -47.735605465999981, -14.411612926999965 ], [ -47.736615944999983, -14.411584037999944 ], [ -47.737077878999969, -14.411612900999955 ], [ -47.737655295999957, -14.411641761999931 ], [ -47.738362994999932, -14.411803847999977 ], [ -47.738990274999935, -14.411979352999936 ], [ -47.739596719999952, -14.412155097999971 ], [ -47.740201178999939, -14.412168380999958 ], [ -47.740657867999971, -14.412045905999946 ], [ -47.741119797999943, -14.411814928999945 ], [ -47.741495113999974, -14.411526211999956 ], [ -47.741754944999968, -14.41109314199997 ], [ -47.741870421999977, -14.410660073999964 ], [ -47.742014767999933, -14.410082649999936 ], [ -47.742159112999957, -14.409447483999941 ], [ -47.742534423999984, -14.408783441999958 ], [ -47.742678767999962, -14.408148275999963 ], [ -47.74282311199994, -14.407397625999977 ], [ -47.742736487999935, -14.406646979999948 ], [ -47.742678741999953, -14.406358269999942 ], [ -47.742967447999945, -14.406185038999979 ], [ -47.743487124999945, -14.406358255999976 ], [ -47.743833577999965, -14.406502605999947 ], [ -47.744497612999965, -14.406906788999947 ], [ -47.745710195999948, -14.407484189999934 ], [ -47.746576327999946, -14.407974982999974 ], [ -47.747302780999973, -14.408155520999969 ], [ -47.747941104999938, -14.408666143999938 ], [ -47.748655043999975, -14.409072047999928 ], [ -47.749088109999946, -14.409331879999968 ], [ -47.74975214799997, -14.409909289999973 ], [ -47.750906992999944, -14.410775401999956 ], [ -47.751628766999943, -14.410948615999928 ], [ -47.75240828099993, -14.411064086999943 ], [ -47.753101182999956, -14.411237301999961 ], [ -47.753620855999941, -14.411092936999978 ], [ -47.754198266999936, -14.410717603999956 ], [ -47.754977776999965, -14.410515492999934 ], [ -47.755612934999931, -14.410515481999937 ], [ -47.756017128999986, -14.41068870099997 ], [ -47.756363577999934, -14.410602081999969 ], [ -47.756940985999961, -14.409995779999974 ], [ -47.757200820999969, -14.409822548999955 ], [ -47.757530951999968, -14.409894630999929 ], [ -47.75783598199996, -14.41005350599994 ], [ -47.758326788999966, -14.410197852999943 ], [ -47.758817592999947, -14.410226715999954 ], [ -47.759366139999941, -14.410313319999943 ], [ -47.759799200999964, -14.410226698999963 ], [ -47.760520964999955, -14.409707006999952 ], [ -47.761127249999959, -14.409504898999955 ], [ -47.761642715999983, -14.40960277399995 ], [ -47.761993377999943, -14.409764723999956 ], [ -47.762339831999952, -14.410053428999959 ], [ -47.762830643999962, -14.410659712999973 ], [ -47.763177102999975, -14.411294870999939 ], [ -47.763465822999933, -14.41213212699995 ], [ -47.76387002499996, -14.412911638999958 ], [ -47.764331969999944, -14.413777762999928 ], [ -47.764765042999954, -14.414528402999963 ], [ -47.76519811299994, -14.415076945999942 ], [ -47.765688924999949, -14.41571210099994 ], [ -47.766352960999939, -14.416231768999978 ], [ -47.767507811999963, -14.417559818999962 ], [ -47.767969750999953, -14.417964005999977 ], [ -47.768287329999964, -14.418021741999951 ], [ -47.768604909999965, -14.41805060799993 ], [ -47.769007353999939, -14.417924691999929 ], [ -47.769240062999984, -14.41770414399997 ], [ -47.769413283999938, -14.417386558999965 ], [ -47.769557630999941, -14.416895748999934 ], [ -47.769557621999979, -14.416173971999967 ], [ -47.76915341299997, -14.41487478099998 ], [ -47.768691454999953, -14.413084781999942 ], [ -47.768806932999951, -14.412622842999951 ], [ -47.769066755999972, -14.411583479999933 ], [ -47.768922386999975, -14.410457510999947 ], [ -47.768864635999932, -14.409793476999937 ], [ -47.769153329999938, -14.408725242999935 ], [ -47.769499766999957, -14.407772490999946 ], [ -47.76999055899995, -14.406848608999951 ], [ -47.77039474399993, -14.406328921999943 ], [ -47.77083104899998, -14.40616412299994 ], [ -47.771578448999946, -14.406357772999968 ], [ -47.771809419999954, -14.406733092999957 ], [ -47.772040394999976, -14.407368252999959 ], [ -47.772531208999965, -14.40806114999998 ], [ -47.772877660999939, -14.408205498999962 ], [ -47.773281853999947, -14.40832097699996 ], [ -47.773570565999933, -14.408638552999946 ], [ -47.773859278999964, -14.408956129999979 ], [ -47.774061377999942, -14.40924483699996 ], [ -47.774263477999966, -14.409533544999931 ], [ -47.774378965999972, -14.409851123999943 ], [ -47.774465584999973, -14.410341930999948 ], [ -47.774552202999985, -14.41080386699997 ], [ -47.774812045999965, -14.41117918599997 ], [ -47.775187371999948, -14.411583374999964 ], [ -47.776024641999982, -14.412853686999938 ], [ -47.777006265999944, -14.414037384999972 ], [ -47.777497082999957, -14.415018991999943 ], [ -47.777814669999941, -14.415625279999972 ], [ -47.778189994999934, -14.416000596999936 ], [ -47.778717023999945, -14.416185591999977 ], [ -47.77905612099994, -14.416116065999972 ], [ -47.779168838999965, -14.415713650999976 ], [ -47.779200463999985, -14.415249931999938 ], [ -47.77902722999994, -14.41455702899998 ], [ -47.778825125999958, -14.413892997999938 ], [ -47.778969464999932, -14.412709280999934 ], [ -47.779171546999976, -14.411641047999979 ], [ -47.77928701899998, -14.410803784999928 ], [ -47.779315872999973, -14.409475715999974 ], [ -47.779315853999947, -14.408032161999927 ], [ -47.77963342299995, -14.407194895999965 ], [ -47.780066474999956, -14.406415368999944 ], [ -47.780210818999933, -14.405635847999974 ], [ -47.780124196999964, -14.404914072999929 ], [ -47.779604516999939, -14.404481014999931 ], [ -47.778969354999958, -14.404221186999962 ], [ -47.778709513999956, -14.403961351999953 ], [ -47.778565153999978, -14.403557158999945 ], [ -47.778565149999963, -14.403181834999941 ], [ -47.778334178999955, -14.40289312799996 ], [ -47.777986793999958, -14.402667871999938 ], [ -47.777727887999959, -14.402604427999961 ], [ -47.777352565999934, -14.40254669199993 ], [ -47.777010899999937, -14.402943393999976 ], [ -47.777063858999952, -14.402662181999972 ], [ -47.776756371999966, -14.402580813999975 ], [ -47.776813588999971, -14.402153633999944 ], [ -47.77715045399998, -14.401334110999926 ], [ -47.777584368999953, -14.400458841999978 ], [ -47.778243729999986, -14.399862091999978 ], [ -47.778796064999938, -14.399197622999964 ], [ -47.779344604999949, -14.398764547999974 ], [ -47.779835404999972, -14.398389214999952 ], [ -47.780554612999936, -14.398027290999948 ], [ -47.781072410999968, -14.397777469999937 ], [ -47.78153877699998, -14.397782893999931 ], [ -47.782145065999941, -14.397898367999971 ], [ -47.783357648999981, -14.398475767999969 ], [ -47.784454747999973, -14.398966556999937 ], [ -47.784974424999973, -14.399139774999981 ], [ -47.785667324999963, -14.399139762999937 ], [ -47.78633135299998, -14.399024266999959 ], [ -47.786966509999957, -14.398851029999946 ], [ -47.787659405999932, -14.398562306999963 ], [ -47.788496653999971, -14.398042613999962 ], [ -47.78890083899995, -14.39746518499993 ], [ -47.789016315999959, -14.396916632999933 ], [ -47.788987438999982, -14.396483566999962 ], [ -47.788785335999933, -14.395877277999944 ], [ -47.78846774699997, -14.395068893999962 ], [ -47.788092417999962, -14.394433736999929 ], [ -47.787486121999962, -14.393827454999951 ], [ -47.787312888999963, -14.393221164999943 ], [ -47.787428367999951, -14.392845838999961 ], [ -47.787601588999962, -14.392499382999972 ], [ -47.787688195999976, -14.392095186999939 ], [ -47.787803673999974, -14.391604376999965 ], [ -47.787861409999948, -14.391142438999964 ], [ -47.787976885999967, -14.39062275699996 ], [ -47.788236719999986, -14.390276299999982 ], [ -47.78841028599993, -14.38997815099998 ], [ -47.788583163999931, -14.389785485999937 ], [ -47.788842995999971, -14.389352414999962 ], [ -47.789160572999947, -14.389121440999929 ], [ -47.789478150999969, -14.389034822999974 ], [ -47.789968958999964, -14.389294653999968 ], [ -47.790430895999975, -14.389525614999968 ], [ -47.791181543999983, -14.39001640999993 ], [ -47.792192030999956, -14.390564942999958 ], [ -47.792942675999939, -14.390824769999938 ], [ -47.793548964999957, -14.390853629999981 ], [ -47.794415090999962, -14.390882485999953 ], [ -47.795079122999937, -14.391084571999954 ], [ -47.795714283999985, -14.391257787999962 ], [ -47.796291701999962, -14.391344390999961 ], [ -47.796724763999975, -14.391286641999955 ], [ -47.797062485999959, -14.390987820999953 ], [ -47.797244430999967, -14.390564855999969 ], [ -47.797359906999986, -14.389958560999958 ], [ -47.797533126999951, -14.389496620999978 ], [ -47.797764085999972, -14.388861453999937 ], [ -47.797908432999975, -14.388226287999942 ], [ -47.797850686999936, -14.387908706999951 ], [ -47.797479267999961, -14.387652117999949 ], [ -47.797102527999982, -14.387514414999941 ], [ -47.796753585999966, -14.387215819999938 ], [ -47.796464868999976, -14.386494047999975 ], [ -47.796695826999951, -14.385772267999982 ], [ -47.797013398999979, -14.385165969999946 ], [ -47.797475325999983, -14.384617410999965 ], [ -47.797879516999956, -14.384473048999951 ], [ -47.79822596799994, -14.384559655999965 ], [ -47.799265330999958, -14.385512383999981 ], [ -47.800073723999958, -14.386234146999982 ], [ -47.801084208999953, -14.386696065999956 ], [ -47.801921466999943, -14.386898149999979 ], [ -47.802470011999958, -14.386811526999963 ], [ -47.802845332999937, -14.386753777999957 ], [ -47.803336134999938, -14.386522800999956 ], [ -47.803826934999961, -14.386176339999963 ], [ -47.804086766999944, -14.385685526999964 ], [ -47.804173372999969, -14.385108103999926 ], [ -47.804231107999954, -14.384559552999974 ], [ -47.804086748999964, -14.384097617999942 ], [ -47.803855776999967, -14.383722298999942 ], [ -47.803220609999983, -14.383029403999956 ], [ -47.802787541999976, -14.382596344999968 ], [ -47.802614311999946, -14.382192152999949 ], [ -47.802700920999939, -14.381874569999979 ], [ -47.802960756999937, -14.38170133899996 ], [ -47.803353621999975, -14.381733305999944 ], [ -47.804028978999952, -14.38167244999994 ], [ -47.804606392999972, -14.38144147099996 ], [ -47.805055412999934, -14.381205360999957 ], [ -47.805386768999938, -14.381164095999964 ], [ -47.805596253999965, -14.381138007999937 ], [ -47.806454125999949, -14.381181599999934 ], [ -47.807204765999984, -14.380979488999969 ], [ -47.807782178999958, -14.380604154999958 ], [ -47.808330720999948, -14.380199950999952 ], [ -47.808773204999966, -14.379455182999948 ], [ -47.809196828999973, -14.378583155999934 ], [ -47.809687622999945, -14.377601530999982 ], [ -47.810207288999948, -14.376764260999948 ], [ -47.810970297999972, -14.375225009999951 ], [ -47.811304352999969, -14.374194716999966 ], [ -47.811419823999984, -14.373068742999976 ], [ -47.811419810999951, -14.371971642999938 ], [ -47.811275443999932, -14.370816801999979 ], [ -47.810986723999974, -14.36989293299996 ], [ -47.810755749999942, -14.369257773999948 ], [ -47.810351546999982, -14.368333905999975 ], [ -47.80991847599995, -14.367641007999964 ], [ -47.809802984999976, -14.366976974999943 ], [ -47.810033939999983, -14.365937612999971 ], [ -47.810409250999953, -14.364984860999982 ], [ -47.81093677299998, -14.364217738999969 ], [ -47.811405685999944, -14.36339978899997 ], [ -47.811592932999986, -14.362877252999965 ], [ -47.811679539999943, -14.362357571999951 ], [ -47.811506302999931, -14.361347086999956 ], [ -47.811419680999961, -14.360509827999977 ], [ -47.811085317999982, -14.359398607999935 ], [ -47.810380308999981, -14.35877758099997 ], [ -47.809860626999978, -14.358315652999977 ], [ -47.809427554999957, -14.357536141999958 ], [ -47.809225448999939, -14.356727754999952 ], [ -47.809167696999964, -14.355775010999935 ], [ -47.809312043999967, -14.35513984499994 ], [ -47.809658489999947, -14.354706772999975 ], [ -47.810120421999954, -14.354504666999958 ], [ -47.810726709999983, -14.354389172999959 ], [ -47.811251321999976, -14.354384266999944 ], [ -47.811823807999986, -14.354735606999952 ], [ -47.812170265999953, -14.355370763999929 ], [ -47.812689946999967, -14.355803820999938 ], [ -47.813325108999948, -14.355948165999962 ], [ -47.813787040999955, -14.355688317999977 ], [ -47.814306709999983, -14.355082016999972 ], [ -47.815115085999935, -14.354215870999951 ], [ -47.815692497999976, -14.353667310999981 ], [ -47.816154431999962, -14.353580688999955 ], [ -47.816529754999976, -14.353725037999936 ], [ -47.817078308999953, -14.354331320999961 ], [ -47.817655728999966, -14.354475666999974 ], [ -47.818290889999957, -14.354591139999968 ], [ -47.818695083999955, -14.354677745999936 ], [ -47.819141153999965, -14.354798101999961 ], [ -47.820098739999935, -14.354746069999976 ], [ -47.82060056399996, -14.354706584999974 ], [ -47.821033624999984, -14.354475608999962 ], [ -47.821402253999963, -14.354040011999928 ], [ -47.822111107999945, -14.353359272999967 ], [ -47.822506026999974, -14.353147513999943 ], [ -47.823140597999952, -14.353125668999951 ], [ -47.823834089999934, -14.353234104999956 ], [ -47.824209414999984, -14.353522808999969 ], [ -47.82464248399998, -14.353984737999951 ], [ -47.825046679999957, -14.354302312999948 ], [ -47.825681841999938, -14.354504399999939 ], [ -47.826143773999945, -14.354273422999938 ], [ -47.826374735999934, -14.353811481999969 ], [ -47.826634566999985, -14.353089700999931 ], [ -47.826940368999942, -14.352146072999972 ], [ -47.827009873999941, -14.351703882999971 ], [ -47.827269699999931, -14.350520164999978 ], [ -47.827485576999948, -14.349946172999978 ], [ -47.827500645999976, -14.34849918599997 ], [ -47.827789344999985, -14.347575306999943 ], [ -47.828164658999981, -14.346795780999969 ], [ -47.82839562199996, -14.346362710999927 ], [ -47.828626582999959, -14.345785285999966 ], [ -47.828886415999932, -14.345323343999951 ], [ -47.829637056999957, -14.345005749999928 ], [ -47.830532052999956, -14.344774765999944 ], [ -47.830878500999972, -14.344457177999971 ], [ -47.831224949999978, -14.344283945999962 ], [ -47.83168687899996, -14.343735386999981 ], [ -47.832004456999982, -14.343504412999948 ], [ -47.832412580999971, -14.343368039999973 ], [ -47.832744788999946, -14.343282828999975 ], [ -47.833130421999954, -14.343360038999947 ], [ -47.833534616999941, -14.343591 ], [ -47.833823327999937, -14.343821963999972 ], [ -47.834227522999981, -14.344081796999944 ], [ -47.834602844999949, -14.344110662999981 ], [ -47.834862681999937, -14.343937431999962 ], [ -47.83518025799998, -14.343590974999927 ], [ -47.835555575999933, -14.343273386999954 ], [ -47.836197947999949, -14.342916540999965 ], [ -47.836587772999962, -14.342444763999936 ], [ -47.836728698999934, -14.342057204999946 ], [ -47.836783760999936, -14.341467584999975 ], [ -47.836652647999983, -14.341136910999978 ], [ -47.836508289999983, -14.34084820299995 ], [ -47.836017480999942, -14.34047288599993 ], [ -47.835642156999938, -14.340155309999943 ], [ -47.835470523999959, -14.339736739999978 ], [ -47.835122472999956, -14.339375798999981 ], [ -47.835064724999938, -14.338769507999928 ], [ -47.835035848999951, -14.338336441999957 ], [ -47.834833748999984, -14.337932249999938 ], [ -47.834660518999954, -14.337499186999935 ], [ -47.834227450999947, -14.337037255999974 ], [ -47.833765510999967, -14.336488712999937 ], [ -47.833419055999968, -14.336084523999943 ], [ -47.833216954999955, -14.335680331999981 ], [ -47.833130337999933, -14.335247267999932 ], [ -47.833303556999965, -14.334612100999948 ], [ -47.833736613999974, -14.333919187999982 ], [ -47.83442950899996, -14.333457242999941 ], [ -47.834949180999956, -14.333168526999941 ], [ -47.835266755999953, -14.33290868499995 ], [ -47.835584328999971, -14.332475617999933 ], [ -47.835959642999967, -14.331984807999959 ], [ -47.83642157099996, -14.331551738999963 ], [ -47.836825758999964, -14.331291895999982 ], [ -47.837749620999944, -14.330829948999963 ], [ -47.838327038999978, -14.330858810999928 ], [ -47.838817848999952, -14.331176382999956 ], [ -47.838823746999935, -14.331216190999953 ], [ -47.902150296999935, -14.236384784999927 ], [ -47.932064276999938, -14.176962697999954 ], [ -47.899581566999984, -14.170173257999977 ], [ -47.89932715599997, -14.170591901999956 ], [ -47.898969978999958, -14.170804314999941 ], [ -47.898663958999975, -14.17084703699993 ], [ -47.898410749999982, -14.170850101999974 ], [ -47.897982473999946, -14.170712226999967 ], [ -47.897580263999942, -14.170535019999932 ], [ -47.897273086999974, -14.170486805999928 ], [ -47.896633400999974, -14.170494545999929 ], [ -47.896486310999933, -14.170457309999961 ], [ -47.89623045899998, -14.170252317999939 ], [ -47.894967996999981, -14.169500263999964 ], [ -47.893414078999967, -14.168894874999978 ], [ -47.892919173999985, -14.168757794999976 ], [ -47.892546354999979, -14.168788309999968 ], [ -47.892295951999984, -14.169012428999963 ], [ -47.892059863999975, -14.169314406999945 ], [ -47.891889749999962, -14.169563566999955 ], [ -47.891895687999977, -14.170031602999927 ], [ -47.891939626999942, -14.170343203999948 ], [ -47.892304071999945, -14.170702954999967 ], [ -47.892815442999961, -14.171086940999942 ], [ -47.892965668999977, -14.171371246999968 ], [ -47.893345423999961, -14.171886786999949 ], [ -47.893661022999936, -14.172598272999949 ], [ -47.893813232999946, -14.173038619999943 ], [ -47.893818679999981, -14.17346764399997 ], [ -47.893877436999958, -14.173896114999934 ], [ -47.89410057799995, -14.174673745999939 ], [ -47.89410553099998, -14.175063759999944 ], [ -47.893870101999937, -14.175417753999966 ], [ -47.893607027999963, -14.175694049999947 ], [ -47.892868301999954, -14.176301232999947 ], [ -47.892431145999979, -14.176514604999966 ], [ -47.891514115999939, -14.176733684999931 ], [ -47.890996499999972, -14.176909009999974 ], [ -47.890451896999934, -14.177058649999935 ], [ -47.890158862999954, -14.17707519399994 ], [ -47.889506651999966, -14.177148097999975 ], [ -47.888934897999945, -14.177259044999971 ], [ -47.888282097999934, -14.177292935999958 ], [ -47.887923250999961, -14.177375300999927 ], [ -47.887512410999932, -14.177562335999937 ], [ -47.887182029999963, -14.177787416999934 ], [ -47.886160601999961, -14.178176899999926 ], [ -47.885681475999945, -14.178234699999962 ], [ -47.884788448999984, -14.178245467999943 ], [ -47.884106776999943, -14.178097618999971 ], [ -47.883266656999979, -14.178068725999935 ], [ -47.882010591999972, -14.177823745999945 ], [ -47.881500367999934, -14.177530761999947 ], [ -47.880935921999935, -14.177173490999962 ], [ -47.880356433999964, -14.176673247999929 ], [ -47.880004662999966, -14.176261301999943 ], [ -47.878972707999935, -14.17581852099994 ], [ -47.878331024999966, -14.175670171999968 ], [ -47.877891130999956, -14.175675461999958 ], [ -47.877185275999977, -14.175722965999967 ], [ -47.876679821999971, -14.175807075999955 ], [ -47.876333475999957, -14.175824244999944 ], [ -47.873231714999974, -14.176147628999956 ], [ -47.872872038999958, -14.176164951999965 ], [ -47.870153151999943, -14.176197574999946 ], [ -47.868101870999965, -14.176313207999954 ], [ -47.867033288999949, -14.176143931999945 ], [ -47.866389153999933, -14.175800491999951 ], [ -47.86599873199998, -14.175493029999927 ], [ -47.864897214999985, -14.174816911999926 ], [ -47.864656176999972, -14.174728756999968 ], [ -47.864296336999985, -14.174733062999962 ], [ -47.863938528999938, -14.174906419999957 ], [ -47.863769847999947, -14.175272600999961 ], [ -47.86364507199994, -14.175950394999973 ], [ -47.863799354999969, -14.176559729999951 ], [ -47.863991824999971, -14.17702563499995 ], [ -47.864251189999948, -14.177503743999978 ], [ -47.864348896999957, -14.177853730999971 ], [ -47.864366311999959, -14.178178666999941 ], [ -47.86445608799994, -14.178957847999982 ], [ -47.864290675999939, -14.179584104999947 ], [ -47.86400155299998, -14.179912619999982 ], [ -47.863882829999966, -14.180011584999932 ], [ -47.863764105999962, -14.180110548999949 ], [ -47.863459039999952, -14.180231252999931 ], [ -47.86255282299993, -14.180255102999979 ], [ -47.861392489999957, -14.180203952999932 ], [ -47.861017841999967, -14.180091381999944 ], [ -47.860158822999949, -14.179620436999926 ], [ -47.859730701999979, -14.179495495999959 ], [ -47.859421878999967, -14.179317104999939 ], [ -47.85937830599994, -14.17903158799993 ], [ -47.859360570999968, -14.17868064299995 ], [ -47.859245163999958, -14.178512945999955 ], [ -47.859129663999965, -14.178345250999939 ], [ -47.858651991999977, -14.177797396999949 ], [ -47.858398874999978, -14.177469674999941 ], [ -47.858286869999972, -14.177041819999943 ], [ -47.858416556999941, -14.176754142999982 ], [ -47.858811978999938, -14.176398261999964 ], [ -47.859127108999985, -14.176017327999944 ], [ -47.859850821999942, -14.175267438999981 ], [ -47.860165224999946, -14.174821483999949 ], [ -47.860279296999977, -14.174351911999963 ], [ -47.859886017999941, -14.173823462999962 ], [ -47.859603041999947, -14.17357973299994 ], [ -47.858878630999982, -14.17321121699996 ], [ -47.857225828999958, -14.17215155699995 ], [ -47.856178868999962, -14.17157878699993 ], [ -47.855321032999939, -14.171198843999946 ], [ -47.854571281999938, -14.170934661999979 ], [ -47.854157646999965, -14.170900575999951 ], [ -47.853731172999971, -14.17090565999996 ], [ -47.852956141999982, -14.170758826999929 ], [ -47.852285707999954, -14.170441667999967 ], [ -47.851790645999984, -14.170291584999973 ], [ -47.851133215999937, -14.169948254999952 ], [ -47.850465223999947, -14.169826149999949 ], [ -47.850118388999931, -14.16980426799995 ], [ -47.849691985999982, -14.169822348999958 ], [ -47.849333935999937, -14.169969675999937 ], [ -47.848962071999949, -14.170078148999949 ], [ -47.848307731999967, -14.169981886999949 ], [ -47.847772363999979, -14.169806171999937 ], [ -47.847501593999937, -14.169471237999971 ], [ -47.847414321999963, -14.168887097999971 ], [ -47.847406687999978, -14.168275908999931 ], [ -47.847427332999985, -14.167794443999981 ], [ -47.847422135999977, -14.167378314999951 ], [ -47.847230847999981, -14.167003507999937 ], [ -47.847186970999985, -14.166691889999981 ], [ -47.847184535999986, -14.16649683199995 ], [ -47.846655851999969, -14.16578779699995 ], [ -47.846498731999986, -14.165428051999982 ], [ -47.846461910999949, -14.16535397399997 ], [ -47.84633966399997, -14.165118437999979 ], [ -47.846208636999961, -14.164862217999939 ], [ -47.845937327999934, -14.164632609999956 ], [ -47.845782449999945, -14.164513876999933 ], [ -47.845718232999957, -14.16448969399994 ], [ -47.845417983999937, -14.164331110999967 ], [ -47.845131034999952, -14.164213946999951 ], [ -47.844661303999942, -14.164132213999949 ], [ -47.844515414999933, -14.164050792999944 ], [ -47.844457240999986, -14.164006317999963 ], [ -47.844030548999967, -14.163699215999941 ], [ -47.843869003999941, -14.163571074999936 ], [ -47.843708431999971, -14.163520957999935 ], [ -47.843172596999977, -14.163306219999981 ], [ -47.842754598999932, -14.16292100499993 ], [ -47.842549024999983, -14.162468329999967 ], [ -47.842552308999984, -14.161661926999955 ], [ -47.842263697999954, -14.160963034999952 ], [ -47.841899338999951, -14.160603282999944 ], [ -47.841547889999958, -14.160217275999969 ], [ -47.841265273999966, -14.159999526999968 ], [ -47.840714017999971, -14.159615887999962 ], [ -47.840256051999972, -14.159231140999964 ], [ -47.838981663999959, -14.158583033999946 ], [ -47.838430737999943, -14.158225395999978 ], [ -47.837988367999969, -14.15802254099998 ], [ -47.837133515999938, -14.157876593999958 ], [ -47.836558525999976, -14.157727329999943 ], [ -47.835268243999963, -14.156871292999938 ], [ -47.83483758999995, -14.156538233999981 ], [ -47.834568794999939, -14.15635932999993 ], [ -47.834248792999972, -14.156350108999959 ], [ -47.832534745999965, -14.155707070999938 ], [ -47.832104812999944, -14.155439116999958 ], [ -47.830929590999972, -14.154178414999933 ], [ -47.830822010999952, -14.154101649999973 ], [ -47.82962063399998, -14.152880355999969 ], [ -47.829066350999938, -14.152249603999962 ], [ -47.828580060999968, -14.151735101999975 ], [ -47.828308860999982, -14.151361217999977 ], [ -47.828024495999955, -14.151000403999944 ], [ -47.827967486999967, -14.150701937999941 ], [ -47.827800645999957, -14.150144645999944 ], [ -47.827622251999969, -14.149730647999945 ], [ -47.827364220999982, -14.149343509999937 ], [ -47.826890381999931, -14.148921794999978 ], [ -47.826287168999954, -14.148471797999946 ], [ -47.824943990999941, -14.147642322999957 ], [ -47.824513368999931, -14.147309237999934 ], [ -47.824029763999931, -14.147002788999941 ], [ -47.82369098099997, -14.146551565999971 ], [ -47.823310936999974, -14.14599686899993 ], [ -47.822242811999956, -14.144773862999955 ], [ -47.821772381999949, -14.144454336999956 ], [ -47.821464434999939, -14.144340904999979 ], [ -47.821184746999961, -14.144357200999934 ], [ -47.820985656999937, -14.144424572999981 ], [ -47.820894621999969, -14.144607729999962 ], [ -47.820778378999933, -14.144908236999981 ], [ -47.820693121999966, -14.145559454999955 ], [ -47.820257530999982, -14.145902736999972 ], [ -47.819833658999983, -14.146115819999977 ], [ -47.819409304999965, -14.146289888999945 ], [ -47.818835860999968, -14.14627061799996 ], [ -47.818220925999981, -14.146121771999958 ], [ -47.817672462999951, -14.145959136999977 ], [ -47.817539200999931, -14.145960702999957 ], [ -47.81656044999994, -14.145490972999937 ], [ -47.815889166999966, -14.145095664999928 ], [ -47.815336609999974, -14.144608007999977 ], [ -47.814974878999976, -14.144456179999963 ], [ -47.814655529999982, -14.144498946999931 ], [ -47.814378401999932, -14.144723303999967 ], [ -47.814034962999983, -14.144974450999939 ], [ -47.813471541999945, -14.145761432999961 ], [ -47.813182204999976, -14.146076884999957 ], [ -47.813143947999947, -14.146088436999946 ], [ -47.813002419999975, -14.146131862999937 ], [ -47.812567334999983, -14.146337205999941 ], [ -47.810998735999931, -14.146425511999951 ], [ -47.809589266999978, -14.146213219999936 ], [ -47.808819096999969, -14.146082413999977 ], [ -47.808628358999954, -14.146024892999947 ], [ -47.808500085999981, -14.146018486999935 ], [ -47.808276317999969, -14.146004323999932 ], [ -47.807995185999971, -14.145903655999973 ], [ -47.807605683999952, -14.145661097999948 ], [ -47.807308188999968, -14.14531341199995 ], [ -47.80695802799994, -14.145018366999977 ], [ -47.80637732799994, -14.14440086299993 ], [ -47.805584687999954, -14.143889975999969 ], [ -47.805193913999972, -14.143543376999958 ], [ -47.804761793999944, -14.14309321099995 ], [ -47.804371022999931, -14.142746609999961 ], [ -47.804273748999947, -14.142422590999956 ], [ -47.803894391999961, -14.141919869999981 ], [ -47.803610233999962, -14.141572021999934 ], [ -47.802977362999968, -14.141046159999973 ], [ -47.801917102999937, -14.140447338999934 ], [ -47.800841674999958, -14.139705530999947 ], [ -47.800329546999933, -14.139243280999949 ], [ -47.799317984999959, -14.138266603999966 ], [ -47.798858689999975, -14.137764804999961 ], [ -47.79861484099996, -14.137442490999945 ], [ -47.798503615999948, -14.137066603999926 ], [ -47.798468844999945, -14.136403685999937 ], [ -47.798444535999977, -14.135506620999934 ], [ -47.79795493599994, -14.134705935999932 ], [ -47.797507068999948, -14.134047922999969 ], [ -47.797209922999969, -14.133726226999954 ], [ -47.796955619999949, -14.133638145999953 ], [ -47.796622381999953, -14.13364202899993 ], [ -47.796210076999955, -14.133711864999952 ], [ -47.795905967999943, -14.133910502999981 ], [ -47.795706080999935, -14.133912831999965 ], [ -47.794960600999957, -14.132894009999973 ], [ -47.794269364999934, -14.13086014299995 ], [ -47.79414180699996, -14.130237320999981 ], [ -47.793865763999975, -14.129460239999958 ], [ -47.793660319999958, -14.129007405999971 ], [ -47.793376194999951, -14.128659538999955 ], [ -47.79291883999997, -14.12831377699996 ], [ -47.791399628999955, -14.127238903999967 ], [ -47.791221588999974, -14.126980888999981 ], [ -47.791107180999973, -14.126815045999933 ], [ -47.790862595999954, -14.12652133399996 ], [ -47.790727082999979, -14.126364405999936 ], [ -47.790581467999971, -14.126023527999962 ], [ -47.790440904999969, -14.125667250999982 ], [ -47.79017661599994, -14.12547602799998 ], [ -47.789698800999986, -14.125174798999979 ], [ -47.78939029999998, -14.124794906999966 ], [ -47.789178898999978, -14.124214478999932 ], [ -47.789166053999963, -14.124020333999965 ], [ -47.789176407999946, -14.123795241999971 ], [ -47.789141549999954, -14.123514430999933 ], [ -47.789095031999977, -14.123136608999971 ], [ -47.788735402999976, -14.122430076999933 ], [ -47.788499182999942, -14.12217716899994 ], [ -47.788239977999979, -14.12194829699996 ], [ -47.78792191499997, -14.121667454999965 ], [ -47.786925215999986, -14.120917180999982 ], [ -47.786053613999968, -14.120329067999933 ], [ -47.785595206999972, -14.120114523999973 ], [ -47.785512239999946, -14.120038332999968 ], [ -47.784665454999981, -14.119266428999936 ], [ -47.784268513999962, -14.118855543999928 ], [ -47.783611191999967, -14.118144278999978 ], [ -47.782984501999977, -14.117729458999975 ], [ -47.782534086999931, -14.11736534399995 ], [ -47.782205744999942, -14.11703937599998 ], [ -47.781451860999937, -14.116164381999965 ], [ -47.781189470999948, -14.11570577699996 ], [ -47.781160046999958, -14.115508218999935 ], [ -47.780785012999957, -14.114674990999958 ], [ -47.780732469999975, -14.11368628799994 ], [ -47.780579856999964, -14.113358282999968 ], [ -47.780182052999976, -14.112874867999949 ], [ -47.779690162999941, -14.112432101999957 ], [ -47.779417243999944, -14.112210984999933 ], [ -47.777525968999953, -14.111157815999945 ], [ -47.776707773999931, -14.110547376999932 ], [ -47.776243231999956, -14.110130569999967 ], [ -47.775943687999984, -14.109949406999931 ], [ -47.774853694999933, -14.109216729999957 ], [ -47.77458940899993, -14.108599797999943 ], [ -47.774477498999943, -14.10828459499993 ], [ -47.774376700999937, -14.107771272999969 ], [ -47.774317870999937, -14.107376243999965 ], [ -47.77429091099998, -14.106816004999928 ], [ -47.774281747999964, -14.106624804999967 ], [ -47.773709639999936, -14.105134286999942 ], [ -47.773579911999946, -14.104463051999971 ], [ -47.773358081999959, -14.104003963999958 ], [ -47.773042895999936, -14.103638263999926 ], [ -47.772933451999961, -14.103534027999956 ], [ -47.772756871999945, -14.103456939999944 ], [ -47.772445676999951, -14.103420964999941 ], [ -47.772135506999973, -14.103477289999944 ], [ -47.771813261999966, -14.103652438999973 ], [ -47.771585994999953, -14.103852957999948 ], [ -47.771438347999947, -14.103933782999945 ], [ -47.771249122999961, -14.103935962999969 ], [ -47.770977817999949, -14.103846777999934 ], [ -47.770759181999949, -14.103651396999965 ], [ -47.769897459999981, -14.102797371999941 ], [ -47.768869090999942, -14.10156933199994 ], [ -47.768349907999948, -14.101100382999959 ], [ -47.768075420999935, -14.100747392999949 ], [ -47.767639048999968, -14.100422639999977 ], [ -47.76661285199998, -14.099372589999973 ], [ -47.766065069999968, -14.098772179999969 ], [ -47.765520789999982, -14.098461848999932 ], [ -47.765092203999984, -14.098245003999978 ], [ -47.764907855999979, -14.098151319999943 ], [ -47.764470095999968, -14.097764637999944 ], [ -47.763862293999978, -14.097450726999966 ], [ -47.76314773699994, -14.097160427999938 ], [ -47.762472483999943, -14.096959226999957 ], [ -47.761921793999932, -14.096943160999956 ], [ -47.761704239999972, -14.096928898999977 ], [ -47.761594196999965, -14.096900337999955 ], [ -47.761271249999936, -14.096815622999941 ], [ -47.760768301999974, -14.09657083299993 ], [ -47.760537918999944, -14.096520725999937 ], [ -47.760075418999975, -14.096268785999939 ], [ -47.75976391599994, -14.096206421999966 ], [ -47.759463765999953, -14.095972489999951 ], [ -47.759147883999958, -14.095553932999962 ], [ -47.758766137999942, -14.095268185999942 ], [ -47.758261925999932, -14.094917813999928 ], [ -47.757785525999964, -14.094633058999932 ], [ -47.75745931299997, -14.094478547999927 ], [ -47.75582372599996, -14.094437938999931 ], [ -47.755567277999944, -14.09446724999998 ], [ -47.755285012999934, -14.09458916899996 ], [ -47.755017116999966, -14.09479013899994 ], [ -47.754708624999978, -14.094978294999976 ], [ -47.754304843999932, -14.095114881999962 ], [ -47.753887235999969, -14.095225160999973 ], [ -47.753671088999965, -14.095227633999968 ], [ -47.753441657999986, -14.095256633999952 ], [ -47.752916529999936, -14.09541429799998 ], [ -47.752380820999974, -14.095816141999933 ], [ -47.751910281999983, -14.096019425999941 ], [ -47.751222801999972, -14.096159162999982 ], [ -47.749993183999948, -14.096173217999933 ], [ -47.748964636999972, -14.096046499999943 ], [ -47.74870796099998, -14.096049431999973 ], [ -47.748425912999949, -14.096197716999939 ], [ -47.74818511899997, -14.096398370999964 ], [ -47.748012092999943, -14.096624534999933 ], [ -47.747946917999968, -14.09682318299997 ], [ -47.747734403999971, -14.097128923999946 ], [ -47.74754692099998, -14.097276217999934 ], [ -47.747264172999962, -14.097358571999962 ], [ -47.746926820999931, -14.097401986999955 ], [ -47.745279138999933, -14.097391451999954 ], [ -47.745075745999941, -14.097392282999976 ], [ -47.744775997999966, -14.097384002999945 ], [ -47.743610261999947, -14.097314543999971 ], [ -47.743249591999984, -14.097274709999965 ], [ -47.74264132299993, -14.097237697999958 ], [ -47.742102156999977, -14.097331734999955 ], [ -47.741810590999933, -14.097422948999963 ], [ -47.741383706999954, -14.097493731999975 ], [ -47.740820190999955, -14.097434232999944 ], [ -47.739466494999931, -14.097185972999966 ], [ -47.738159654999947, -14.09709098299993 ], [ -47.73703446199994, -14.097125756999958 ], [ -47.735865297999965, -14.097248918999981 ], [ -47.734964668999964, -14.097237183999937 ], [ -47.733905427999957, -14.097139355999957 ], [ -47.733289095999965, -14.09702965799994 ], [ -47.733092647999968, -14.096943167999939 ], [ -47.733056011999963, -14.096926838999934 ], [ -47.732730841999967, -14.096851404999938 ], [ -47.732417043999931, -14.096604311999954 ], [ -47.731768261999946, -14.096591896999939 ], [ -47.731350474999942, -14.096688952999955 ], [ -47.731041077999976, -14.096811154999955 ], [ -47.730826497999942, -14.096945557999959 ], [ -47.730341162999935, -14.097043378999956 ], [ -47.729638575999957, -14.097051350999948 ], [ -47.729136275999963, -14.096859231999929 ], [ -47.728972341999963, -14.096715934999963 ], [ -47.72864182099994, -14.096198676999961 ], [ -47.728558721999946, -14.096028087999969 ], [ -47.728470439999967, -14.095989525999926 ], [ -47.728247212999975, -14.095249657999943 ], [ -47.72750584299996, -14.094268706999969 ], [ -47.726930041999935, -14.093576098999961 ], [ -47.72658578599993, -14.093039209999972 ], [ -47.726270745999955, -14.092686617999959 ], [ -47.72610502699996, -14.092385084999933 ], [ -47.725432242999943, -14.091489158999934 ], [ -47.724956536999969, -14.090122651999934 ], [ -47.724339131999955, -14.089338190999968 ], [ -47.723984981999934, -14.089104726999949 ], [ -47.723720879999973, -14.088902851999933 ], [ -47.723461362999956, -14.088253170999963 ], [ -47.723373952999964, -14.087726556999939 ], [ -47.723250536999956, -14.086435274999928 ], [ -47.723083262999978, -14.086001877999934 ], [ -47.722714671999938, -14.085689447999982 ], [ -47.722227161999967, -14.085602553999934 ], [ -47.721916299999975, -14.085592879999979 ], [ -47.72148532999995, -14.085716531999935 ], [ -47.721002669999962, -14.086038584999926 ], [ -47.72075278899996, -14.086621763999972 ], [ -47.720703757999956, -14.087044418999938 ], [ -47.720200331999933, -14.087894309999967 ], [ -47.719720792999965, -14.088480173999926 ], [ -47.719160508999948, -14.089093233999961 ], [ -47.718690878999951, -14.089375573999973 ], [ -47.718327693999981, -14.08951164399997 ], [ -47.717733416999977, -14.089544728999954 ], [ -47.717311504999941, -14.089285642999926 ], [ -47.717009678999943, -14.088906510999948 ], [ -47.716150371999959, -14.088236848999941 ], [ -47.715552284999944, -14.087940182999944 ], [ -47.715508407999948, -14.087908665999976 ], [ -47.715278226999942, -14.087738178999928 ], [ -47.714785721999931, -14.087102536999964 ], [ -47.714486526999963, -14.086552389999952 ], [ -47.714316844999985, -14.086125770999956 ], [ -47.714202244999967, -14.085716386999934 ], [ -47.714197597999942, -14.085323617999961 ], [ -47.714227419999986, -14.084751906999941 ], [ -47.71422382999998, -14.084448403999943 ], [ -47.714072228999953, -14.084003724999945 ], [ -47.713774307999984, -14.08356069499996 ], [ -47.713458942999978, -14.083189282999967 ], [ -47.712884985999949, -14.082606516999931 ], [ -47.712498995999965, -14.082450163999965 ], [ -47.712330170999962, -14.082224818999975 ], [ -47.712166483999965, -14.08217532499998 ], [ -47.711997140999983, -14.082123451999962 ], [ -47.711684007999963, -14.081929158999969 ], [ -47.711248826999963, -14.081696583999928 ], [ -47.71058368599995, -14.081440219999934 ], [ -47.710216518999971, -14.081246531999966 ], [ -47.710040748999972, -14.081235320999951 ], [ -47.709606893999933, -14.081114825999975 ], [ -47.709293763999938, -14.080920527999979 ], [ -47.708768610999982, -14.080730077999931 ], [ -47.708584775999952, -14.080662508999978 ], [ -47.707849633999956, -14.080555736999941 ], [ -47.707169506999946, -14.080233293999981 ], [ -47.706668566999952, -14.080013073999964 ], [ -47.706219990999955, -14.079705398999977 ], [ -47.705930960999979, -14.079343811999934 ], [ -47.705639678999944, -14.078791145999958 ], [ -47.705326024999977, -14.078185188999953 ], [ -47.705217904999984, -14.078061685999955 ], [ -47.705055324999933, -14.077874846999975 ], [ -47.704710210999963, -14.077258703999973 ], [ -47.704436774999976, -14.07698473399995 ], [ -47.704203462999942, -14.076684027999931 ], [ -47.703546335999931, -14.075959284999954 ], [ -47.703065988999981, -14.075331466999955 ], [ -47.702652721999982, -14.074663420999968 ], [ -47.702308706999986, -14.074139575999936 ], [ -47.702141637999944, -14.073719340999958 ], [ -47.701356432999944, -14.072441945999969 ], [ -47.70095497899996, -14.071628603999955 ], [ -47.700583646999974, -14.071078774999933 ], [ -47.700320784999974, -14.070554016999949 ], [ -47.699469520999969, -14.069409321999956 ], [ -47.698691244999964, -14.068718885999942 ], [ -47.698241817999985, -14.06842058999996 ], [ -47.697603339999944, -14.068137505999971 ], [ -47.697071626999957, -14.067734531999974 ], [ -47.696800224999947, -14.067632062999962 ], [ -47.69566456299998, -14.067585325999971 ], [ -47.695341913999982, -14.067720813999927 ], [ -47.694337741999959, -14.068510317999937 ], [ -47.694083931999955, -14.068763818999969 ], [ -47.693629198999986, -14.069164633999947 ], [ -47.693321137999931, -14.069392364999942 ], [ -47.693066242999976, -14.06955346999996 ], [ -47.692678196999964, -14.069881004999957 ], [ -47.692477272999952, -14.07002831799997 ], [ -47.692141326999945, -14.070190418999971 ], [ -47.691519848999974, -14.070197357999973 ], [ -47.69114043899998, -14.070109185999968 ], [ -47.690746996999962, -14.069968507999931 ], [ -47.690515253999934, -14.069799647999957 ], [ -47.689985862999947, -14.069594453999969 ], [ -47.68964497199994, -14.06933440399996 ], [ -47.688606802999971, -14.068376379999961 ], [ -47.688088609999966, -14.067973233999965 ], [ -47.687639812999976, -14.067727660999935 ], [ -47.687261487999933, -14.067731877999961 ], [ -47.68686913099998, -14.067683496999962 ], [ -47.686125989999937, -14.067691776999936 ], [ -47.684865139999943, -14.067329864999977 ], [ -47.684185686999967, -14.067007633999935 ], [ -47.68386903499993, -14.066920556999946 ], [ -47.683522377999964, -14.066902825999932 ], [ -47.683197162999932, -14.066827315999944 ], [ -47.682505470999956, -14.066749391999963 ], [ -47.682342117999951, -14.066731631999971 ], [ -47.682085996999945, -14.066729352999971 ], [ -47.681589686999985, -14.066890604999969 ], [ -47.681107610999959, -14.067232058999934 ], [ -47.680825725999966, -14.067373584999928 ], [ -47.680340878999971, -14.067477825999958 ], [ -47.679916089999949, -14.067522087999976 ], [ -47.679288338999982, -14.067529064999974 ], [ -47.678984588999981, -14.067532439999979 ], [ -47.678675623999936, -14.067494790999945 ], [ -47.678253512999959, -14.067362628999945 ], [ -47.677482167999983, -14.067213032999973 ], [ -47.676163610999936, -14.067029967999929 ], [ -47.675190917999942, -14.066981450999947 ], [ -47.674380224999936, -14.066931132999969 ], [ -47.673856747999935, -14.066968246999977 ], [ -47.673493291999932, -14.067112007999981 ], [ -47.673404320999964, -14.067147190999947 ], [ -47.673135533999982, -14.067268866999939 ], [ -47.673000356999978, -14.067270364999956 ], [ -47.672534010999982, -14.067281044999959 ], [ -47.672032572999967, -14.067154717999927 ], [ -47.671708277999983, -14.067158311999947 ], [ -47.67158700899995, -14.067186031999938 ], [ -47.67135865299997, -14.067307256999982 ], [ -47.671211747999962, -14.067454046999956 ], [ -47.670957157999965, -14.067634910999971 ], [ -47.670812, -14.067939941999953 ], [ -47.670882149999954, -14.068163456999969 ], [ -47.671006118999969, -14.06835990999997 ], [ -47.671334771999966, -14.068738821999943 ], [ -47.671445601999949, -14.068975074999969 ], [ -47.671477527999969, -14.069396838999978 ], [ -47.671485505999954, -14.070082726999942 ], [ -47.671326471999976, -14.070348346999936 ], [ -47.671100506999949, -14.070667370999956 ], [ -47.670939691999934, -14.070787938999956 ], [ -47.670418206999955, -14.07126199399994 ], [ -47.670257483999933, -14.071382559999961 ], [ -47.669988750999948, -14.071517420999953 ], [ -47.669828332999941, -14.071664269999928 ], [ -47.669523520999974, -14.072182172999931 ], [ -47.669418363999966, -14.072433916999955 ], [ -47.66928618999998, -14.072686050999948 ], [ -47.669179499999984, -14.07280592799998 ], [ -47.668965106999963, -14.07296665299998 ], [ -47.668830478999951, -14.073007708999967 ], [ -47.66864166199997, -14.07303617599996 ], [ -47.668263322999962, -14.07304036499994 ], [ -47.667776147999973, -14.072979815999929 ], [ -47.66755991399998, -14.072982208999974 ], [ -47.666934969999943, -14.072692295999957 ], [ -47.666689577999932, -14.072510374999979 ], [ -47.66663263199996, -14.072260334999953 ], [ -47.666494481999962, -14.071998005999944 ], [ -47.666311978999943, -14.071406456999966 ], [ -47.666119242999969, -14.071105165999938 ], [ -47.666008417999933, -14.070868910999934 ], [ -47.66582974499994, -14.070607119999977 ], [ -47.665488416999949, -14.070307472999957 ], [ -47.665134805999969, -14.070113467999931 ], [ -47.664958734999971, -14.070075850999956 ], [ -47.664674963999971, -14.070078989999956 ], [ -47.664472640999975, -14.070107603999929 ], [ -47.664217509999958, -14.070242400999973 ], [ -47.664083860999938, -14.070375762999959 ], [ -47.663817192999943, -14.070688730999962 ], [ -47.663482383999963, -14.070943013999965 ], [ -47.663212425999973, -14.070972464999954 ], [ -47.662928744999931, -14.070975601999976 ], [ -47.662494693999975, -14.070835235999937 ], [ -47.662141389999931, -14.070667690999926 ], [ -47.661841295999977, -14.070420335999927 ], [ -47.660888172999933, -14.069797637999955 ], [ -47.66056051399994, -14.06951111099994 ], [ -47.659852858999955, -14.069077019999952 ], [ -47.659265178999931, -14.068503033999946 ], [ -47.659087796999984, -14.068359917999942 ], [ -47.658965303999935, -14.068282138999962 ], [ -47.658735048999972, -14.068231925999953 ], [ -47.658370378999962, -14.068249137999942 ], [ -47.658114540999975, -14.068331091999937 ], [ -47.658048218999966, -14.068437331999974 ], [ -47.658036695999954, -14.068609 ], [ -47.658079662999967, -14.068819541999972 ], [ -47.658176054999956, -14.068976830999929 ], [ -47.658219632999931, -14.069240119999961 ], [ -47.658063025999979, -14.069716723999932 ], [ -47.657807583999954, -14.069825139999978 ], [ -47.657538082999963, -14.069894055999953 ], [ -47.65730752099995, -14.06981746799994 ], [ -47.65706, -14.069450829999937 ], [ -47.656984903999955, -14.068798645999948 ], [ -47.657043291999969, -14.068006510999965 ], [ -47.657039468999983, -14.067676028999927 ], [ -47.657038, -14.06753170199994 ], [ -47.657155431999968, -14.067253530999949 ], [ -47.657322256999976, -14.066544974999942 ], [ -47.657364773999973, -14.066094071999942 ], [ -47.657296197999983, -14.065667691999977 ], [ -47.657108305999941, -14.065242627999964 ], [ -47.656777773999977, -14.064865732999976 ], [ -47.656400233999932, -14.064551483999935 ], [ -47.656055589999937, -14.064330065999968 ], [ -47.655552935999935, -14.064203580999958 ], [ -47.655255767999961, -14.064127815999939 ], [ -47.655165090999958, -14.064088622999975 ], [ -47.65490222699998, -14.063973645999965 ], [ -47.654320058999986, -14.063874550999969 ], [ -47.653871905999949, -14.063681567999936 ], [ -47.653437720999932, -14.063528085999963 ], [ -47.653083404999961, -14.063271466999936 ], [ -47.652729182999963, -14.063014846999977 ], [ -47.652402454999958, -14.062807335999935 ], [ -47.651834254999983, -14.062747645999934 ], [ -47.651561865999952, -14.062565911999968 ], [ -47.651317043999939, -14.062423530999979 ], [ -47.651005044999977, -14.06232145499996 ], [ -47.650721066999949, -14.062298200999976 ], [ -47.650004944999978, -14.062306074999981 ], [ -47.649288534999982, -14.062280979999969 ], [ -47.64848862599996, -14.062052285999982 ], [ -47.648175411999944, -14.061844709999946 ], [ -47.648005417999968, -14.061747571999945 ], [ -47.647835424999982, -14.061650524999948 ], [ -47.647455430999969, -14.061509624999928 ], [ -47.647197406999965, -14.061393760999977 ], [ -47.647008047999975, -14.061382651999963 ], [ -47.646454117999951, -14.06138873499998 ], [ -47.645862320999981, -14.06162612299994 ], [ -47.645486121999966, -14.061814892999962 ], [ -47.645244642999955, -14.061962617999939 ], [ -47.645002464999948, -14.062057685999946 ], [ -47.64471939799995, -14.062113546999967 ], [ -47.644003120999969, -14.062108216999945 ], [ -47.643636726999944, -14.06196706999998 ], [ -47.643242314999952, -14.061747188999959 ], [ -47.642931076999957, -14.061711035999963 ], [ -47.641272704999949, -14.060851987999968 ], [ -47.640660193999963, -14.060462947999952 ], [ -47.64017092499995, -14.060217631999933 ], [ -47.639805352999986, -14.060155691999967 ], [ -47.63954739199994, -14.060053007999954 ], [ -47.639304091999975, -14.060042482999961 ], [ -47.638545796999949, -14.059899113999961 ], [ -47.637748171999931, -14.059868276999964 ], [ -47.637449080999943, -14.059713194999972 ], [ -47.637110012999983, -14.059598205999976 ], [ -47.636622261999946, -14.059484752999936 ], [ -47.636269744999936, -14.059383098999945 ], [ -47.636038894999956, -14.059280112999943 ], [ -47.634452845999931, -14.058842349999964 ], [ -47.63382427099998, -14.058229166999979 ], [ -47.633385871999963, -14.057706315999951 ], [ -47.633057142999974, -14.057314152999936 ], [ -47.632850197999971, -14.056947037999976 ], [ -47.632631197999956, -14.056698752999978 ], [ -47.63234547199994, -14.056530418999955 ], [ -47.631952813999931, -14.05646216699995 ], [ -47.631656238999938, -14.056518159999939 ], [ -47.631468089999942, -14.056612533999953 ], [ -47.631226604999938, -14.056760335999968 ], [ -47.631024644999968, -14.056828483999936 ], [ -47.630633663999959, -14.056898693999926 ], [ -47.630417591999958, -14.056914239999969 ], [ -47.63009309399996, -14.056891402999952 ], [ -47.629889021999986, -14.05677492999996 ], [ -47.629644817999974, -14.056685180999978 ], [ -47.629536601999973, -14.056673172999979 ], [ -47.629347545999963, -14.056688422999969 ], [ -47.62917284599996, -14.056769551999935 ], [ -47.628931566999938, -14.056943636999961 ], [ -47.628357183999981, -14.05752370099998 ], [ -47.628060815999959, -14.057606154999974 ], [ -47.626777500999935, -14.057633328999941 ], [ -47.626265450999938, -14.057757606999928 ], [ -47.625884594999945, -14.05779111399994 ], [ -47.625416473999962, -14.05772692499994 ], [ -47.625090826999951, -14.057611681999958 ], [ -47.624616531999948, -14.057484956999929 ], [ -47.624179206999941, -14.057054395999955 ], [ -47.624026307999941, -14.056686682999953 ], [ -47.623724911999943, -14.05632058499998 ], [ -47.62312504099998, -14.055852222999931 ], [ -47.622826563999979, -14.055749868999953 ], [ -47.622433981999961, -14.055688194999959 ], [ -47.622157783999967, -14.055170148999935 ], [ -47.622141987999953, -14.053785130999927 ], [ -47.622165937999966, -14.053507813999943 ], [ -47.622336878999931, -14.053097010999977 ], [ -47.622348130999967, -14.052899055999944 ], [ -47.622237208999934, -14.052649583999937 ], [ -47.622140998999953, -14.052505552999946 ], [ -47.622031487999948, -14.052387952999936 ], [ -47.621255801999951, -14.05190171299995 ], [ -47.621025623999969, -14.051864647999935 ], [ -47.620485212999938, -14.051870519999966 ], [ -47.619974221999939, -14.052087092999955 ], [ -47.619460524999965, -14.052066294999975 ], [ -47.619189013999971, -14.051950543999965 ], [ -47.61897129099998, -14.051820928999973 ], [ -47.61880574099996, -14.051519381999981 ], [ -47.618506969999942, -14.051390646999948 ], [ -47.618027266999945, -14.050795579999942 ], [ -47.617941714999972, -14.050400750999927 ], [ -47.617750051999963, -14.05017861999994 ], [ -47.617598219999934, -14.049903210999958 ], [ -47.617414961999941, -14.049232384999982 ], [ -47.617250766999973, -14.049049521999962 ], [ -47.616610761999937, -14.048621140999956 ], [ -47.616210329999944, -14.048430985999971 ], [ -47.61599621299996, -14.048349708999979 ], [ -47.615852643999972, -14.048369482999931 ], [ -47.615685156999973, -14.048411915999964 ], [ -47.615501866999978, -14.04839835599995 ], [ -47.615324016999978, -14.048385198999938 ], [ -47.615056821999985, -14.048342146999971 ], [ -47.614488794999943, -14.048057293999932 ], [ -47.613999551999939, -14.047802217999958 ], [ -47.613809745999959, -14.047666427999957 ], [ -47.613479630999962, -14.047608738999941 ], [ -47.613026633999937, -14.047782125999959 ], [ -47.612352803999954, -14.047850687999926 ], [ -47.611725338999975, -14.047857481999927 ], [ -47.611095439999986, -14.047649871999965 ], [ -47.610416916999952, -14.047304938999957 ], [ -47.609692551999956, -14.047067713999979 ], [ -47.609109368999952, -14.046828959999971 ], [ -47.608650645999944, -14.046752763999962 ], [ -47.608468822999953, -14.046756896999966 ], [ -47.608333840999933, -14.046758356999931 ], [ -47.607970458999944, -14.046887579999975 ], [ -47.607770682999956, -14.047140420999938 ], [ -47.607530139999938, -14.047380421999947 ], [ -47.607103869999946, -14.047912768999936 ], [ -47.606892135999942, -14.048310816999958 ], [ -47.606584798999961, -14.048617484999966 ], [ -47.606303673999946, -14.048844825999936 ], [ -47.606062231999942, -14.049005701999931 ], [ -47.605727969999975, -14.049312749999956 ], [ -47.605526752999936, -14.049446903999979 ], [ -47.60486089699998, -14.050304966999931 ], [ -47.604781342999956, -14.05043780699998 ], [ -47.60450026999996, -14.050678243999926 ], [ -47.604460641999935, -14.050757805999979 ], [ -47.604220092999981, -14.050997895999956 ], [ -47.603991798999971, -14.051119061999941 ], [ -47.603559895999979, -14.051163290999966 ], [ -47.603182173999983, -14.051220214999944 ], [ -47.602564439999981, -14.051556606999952 ], [ -47.602444060999971, -14.051663507999933 ], [ -47.602270693999969, -14.05186321399998 ], [ -47.602165222999986, -14.052101844999981 ], [ -47.602114175999986, -14.052366266999968 ], [ -47.602274335999937, -14.053386958999965 ], [ -47.602196121999953, -14.05363839499995 ], [ -47.601915881999957, -14.053944856999976 ], [ -47.601877446999936, -14.054130007999959 ], [ -47.601875190999976, -14.055132578999974 ], [ -47.601636816999985, -14.055557290999957 ], [ -47.601614454999947, -14.055572666999979 ], [ -47.601425204999941, -14.055703329999972 ], [ -47.600603980999949, -14.055534264999949 ], [ -47.599402624999982, -14.055346519999944 ], [ -47.598270165999963, -14.055191476999937 ], [ -47.597310895999954, -14.055201810999961 ], [ -47.595940508999945, -14.055216567999935 ], [ -47.595153290999974, -14.05529194199994 ], [ -47.594464552999966, -14.05541020499993 ], [ -47.594124299999976, -14.055439526999976 ], [ -47.593852566999942, -14.05546309999994 ], [ -47.593382654999971, -14.055732026999976 ], [ -47.592979687999957, -14.055947385999957 ], [ -47.59279205699994, -14.05608138499997 ], [ -47.592563360999975, -14.056176167999979 ], [ -47.592335054999978, -14.056297324999946 ], [ -47.592078597999944, -14.05632645999998 ], [ -47.590957203999949, -14.056338512999957 ], [ -47.590523128999962, -14.056191501999933 ], [ -47.590250727999944, -14.055996500999981 ], [ -47.590234693999946, -14.055772457999979 ], [ -47.59024136499994, -14.05516550599998 ], [ -47.590423348999934, -14.054530291999981 ], [ -47.590420822999931, -14.054306102999931 ], [ -47.590337691999935, -14.05412225799995 ], [ -47.590306810999948, -14.053779581999947 ], [ -47.590332638999939, -14.053673791999927 ], [ -47.590331004999939, -14.053528728999936 ], [ -47.590382214999977, -14.053277494999975 ], [ -47.590392898999937, -14.053026695999961 ], [ -47.590575401999956, -14.052437637999958 ], [ -47.590570795999952, -14.052028733999975 ], [ -47.590487665999945, -14.051844978999952 ], [ -47.590156243999957, -14.051502910999943 ], [ -47.589697258999934, -14.051246585999934 ], [ -47.588647434999984, -14.050413568999943 ], [ -47.58846921199995, -14.050191265999956 ], [ -47.588264213999935, -14.049982348999947 ], [ -47.587974826999982, -14.049477580999962 ], [ -47.587957014999972, -14.049095195999939 ], [ -47.587772411999936, -14.04830564599996 ], [ -47.587742723999952, -14.048068468999929 ], [ -47.587724615999946, -14.047659708999959 ], [ -47.587668060999931, -14.04743609999997 ], [ -47.587517097999978, -14.047226601999967 ], [ -47.58727044799997, -14.046925805999933 ], [ -47.586942399999941, -14.046586404999971 ], [ -47.586303258999976, -14.046230373999947 ], [ -47.586086092999949, -14.046140377999961 ], [ -47.585909061999985, -14.046023572999957 ], [ -47.585638308999933, -14.045973717999971 ], [ -47.585434205999945, -14.04584392299995 ], [ -47.585308094999959, -14.045449507999933 ], [ -47.585100732999933, -14.045029584999952 ], [ -47.584922609999978, -14.044807276999961 ], [ -47.584691103999944, -14.044651395999949 ], [ -47.58430864099995, -14.044286104999969 ], [ -47.583968425999956, -14.044065531999934 ], [ -47.583845075999932, -14.043908491999957 ], [ -47.583489334999967, -14.043516533999934 ], [ -47.583417944999951, -14.043174288999978 ], [ -47.582937303999984, -14.042486818999976 ], [ -47.582036573999972, -14.041691734999972 ], [ -47.581613837999953, -14.041340057999946 ], [ -47.581299366999986, -14.041013599999928 ], [ -47.581118440999944, -14.040540632999978 ], [ -47.581074514999955, -14.040237659999946 ], [ -47.581044153999983, -14.039947820999942 ], [ -47.581063698999969, -14.039281374999973 ], [ -47.580856941999969, -14.03891419699994 ], [ -47.580690912999955, -14.038572961999932 ], [ -47.580486524999969, -14.038416875999928 ], [ -47.580120247999957, -14.038288898999951 ], [ -47.579619486999945, -14.038215024999943 ], [ -47.579441670999984, -14.038019085999963 ], [ -47.579331539999941, -14.037835522999956 ], [ -47.579039660999968, -14.037113141999953 ], [ -47.579034340999954, -14.036638204999974 ], [ -47.578777919999936, -14.036660818999962 ], [ -47.578670062999947, -14.036688348999974 ], [ -47.578495350999958, -14.036769350999975 ], [ -47.578415487999962, -14.036875717999976 ], [ -47.578227915999946, -14.037022892999971 ], [ -47.578081251999947, -14.037195919999931 ], [ -47.577841808999949, -14.037528298999973 ], [ -47.577710185999933, -14.037846336999962 ], [ -47.57760389799995, -14.038005742999928 ], [ -47.577077155999973, -14.038024555999982 ], [ -47.57688834399994, -14.038052950999941 ], [ -47.576740941999958, -14.038160127999959 ], [ -47.576540596999962, -14.038373294999928 ], [ -47.576408473999948, -14.03863858099993 ], [ -47.576303512999971, -14.038916766999932 ], [ -47.576240108999968, -14.039286833999938 ], [ -47.576154763999966, -14.040118849999942 ], [ -47.576116749999983, -14.04034347299995 ], [ -47.575749143999985, -14.041303889999938 ], [ -47.575174708999953, -14.041890438999928 ], [ -47.574919978999958, -14.042064707999941 ], [ -47.574610975999974, -14.042226275999951 ], [ -47.574382227999934, -14.042307941999979 ], [ -47.573816130999944, -14.042432683999948 ], [ -47.572951291999971, -14.04242871699995 ], [ -47.572720919999938, -14.042365225999959 ], [ -47.57250440599995, -14.042341155999964 ], [ -47.57192822199994, -14.042060293999953 ], [ -47.571493357999941, -14.041342676999932 ], [ -47.571174035999945, -14.040580917999932 ], [ -47.570990919999986, -14.03991012299997 ], [ -47.570890765999934, -14.039409813999953 ], [ -47.570831577999968, -14.03894872799998 ], [ -47.570715780999933, -14.038257340999962 ], [ -47.570699769999976, -14.038033292999955 ], [ -47.570643528999938, -14.037835961999974 ], [ -47.570437580999965, -14.037547898999946 ], [ -47.569972925999934, -14.037077939999961 ], [ -47.569821985999965, -14.036868516999959 ], [ -47.569778959999951, -14.036644665999972 ], [ -47.569695704999958, -14.036447621999969 ], [ -47.569666775999963, -14.036276467999926 ], [ -47.569637551999961, -14.036078848999978 ], [ -47.56970081999998, -14.035695593999947 ], [ -47.569544359999952, -14.034991448999961 ], [ -47.569375259999958, -14.034373258999949 ], [ -47.569074561999969, -14.034059823999939 ], [ -47.56874881799996, -14.033931305999943 ], [ -47.568532698999945, -14.033933604999959 ], [ -47.568303567999976, -14.033988889999932 ], [ -47.567776683999966, -14.033994493999955 ], [ -47.567478929999936, -14.033944811999959 ], [ -47.567152452999949, -14.033750442999974 ], [ -47.566813790999959, -14.033674906999977 ], [ -47.566624685999955, -14.03367691699998 ], [ -47.566396381999937, -14.033798047999937 ], [ -47.566208801999949, -14.033945124999946 ], [ -47.565568946999974, -14.034723682999982 ], [ -47.565382835999969, -14.035002727999938 ], [ -47.565076717999943, -14.035414941999932 ], [ -47.56491761999996, -14.035693698999978 ], [ -47.56452971899995, -14.036040743999934 ], [ -47.564248316999965, -14.036254852999946 ], [ -47.564047611999968, -14.036428446999935 ], [ -47.563294962999976, -14.036792642999956 ], [ -47.56306533299994, -14.03679508099998 ], [ -47.562794791999977, -14.036771574999932 ], [ -47.56237471299994, -14.036663923999981 ], [ -47.562253143999953, -14.036665213999981 ], [ -47.561542279999969, -14.037134476999938 ], [ -47.561285833999932, -14.037163576999944 ], [ -47.561069563999979, -14.037152681999942 ], [ -47.560866267999984, -14.037102080999944 ], [ -47.56076892599998, -14.03685242399996 ], [ -47.56071269499995, -14.036655179999968 ], [ -47.560669382999947, -14.036404949999962 ], [ -47.560613150999984, -14.036207613999977 ], [ -47.560555892999957, -14.035918053999978 ], [ -47.560309874999973, -14.035669973999973 ], [ -47.560077163999949, -14.035395373999961 ], [ -47.559762728999942, -14.035068880999972 ], [ -47.559597997999958, -14.03483321799996 ], [ -47.559325699999931, -14.034651361999977 ], [ -47.558904011999971, -14.034398546999967 ], [ -47.558672184999978, -14.034203161999926 ], [ -47.558141045999946, -14.033826205999958 ], [ -47.557852897999965, -14.033433484999932 ], [ -47.557701676999955, -14.033197585999972 ], [ -47.557509788999937, -14.032949018999943 ], [ -47.557220763999965, -14.032477078999932 ], [ -47.557070130999932, -14.032294020999927 ], [ -47.556824851999977, -14.032111875999931 ], [ -47.556430846999945, -14.031918204999954 ], [ -47.556308107999939, -14.031813988999943 ], [ -47.556212383999934, -14.03170939599994 ], [ -47.556157182999982, -14.03160446499993 ], [ -47.556141331999982, -14.031393510999976 ], [ -47.55608386199998, -14.031084075999956 ], [ -47.555809081999939, -14.030678019999982 ], [ -47.555496655999946, -14.030523052999968 ], [ -47.555293073999962, -14.030446069999982 ], [ -47.555091340999979, -14.030527340999981 ], [ -47.554677785999957, -14.031006626999954 ], [ -47.554475173999947, -14.031008770999961 ], [ -47.55437988999995, -14.030943830999945 ], [ -47.55428378199997, -14.030812861999948 ], [ -47.554079268999942, -14.030643561999966 ], [ -47.553900746999943, -14.030381569999975 ], [ -47.553871098999934, -14.030144471999961 ], [ -47.553908256999932, -14.029840630999956 ], [ -47.553906208999933, -14.029655909999974 ], [ -47.553753000999961, -14.029248564999932 ], [ -47.553615734999937, -14.029052173999958 ], [ -47.55345145299998, -14.028855977999967 ], [ -47.553328716999943, -14.028751759999977 ], [ -47.55317931299993, -14.028687390999949 ], [ -47.552854405999938, -14.02862487799996 ], [ -47.55265170399997, -14.028627019999931 ], [ -47.552394552999942, -14.028583574999971 ], [ -47.552231056999972, -14.028466596999976 ], [ -47.552148550999959, -14.028335482999978 ], [ -47.552133436999952, -14.028190557999949 ], [ -47.552159281999934, -14.028084768999975 ], [ -47.552225940999961, -14.028004836999969 ], [ -47.552494133999971, -14.027817350999953 ], [ -47.552667680999946, -14.027630772999942 ], [ -47.55282903799997, -14.027563120999957 ], [ -47.552988586999959, -14.027324023999938 ], [ -47.553135118999933, -14.027137731999971 ], [ -47.553132780999931, -14.026926723999964 ], [ -47.552846404999968, -14.02669224999994 ], [ -47.552656572999979, -14.026628307999943 ], [ -47.552193581999973, -14.026303371999973 ], [ -47.552124438999954, -14.02615901799993 ], [ -47.552109761999986, -14.026053565999973 ], [ -47.552105669999946, -14.025684212999977 ], [ -47.55226410299997, -14.025352711999972 ], [ -47.552557041999933, -14.024960435999958 ], [ -47.552582302999951, -14.024801894999939 ], [ -47.552820752999935, -14.024377130999937 ], [ -47.552777747999983, -14.024153363999972 ], [ -47.552680128999953, -14.023877324999944 ], [ -47.552603825999938, -14.023086580999973 ], [ -47.552601488999983, -14.022875572999965 ], [ -47.552517377999948, -14.022599391999961 ], [ -47.552448142999935, -14.022454947999961 ], [ -47.552430106999964, -14.022046173999968 ], [ -47.552038599999946, -14.020856386999981 ], [ -47.552030566999974, -14.020130867999967 ], [ -47.551778827999954, -14.019355163999933 ], [ -47.551640400999986, -14.019053176999932 ], [ -47.551596574999962, -14.018763379999939 ], [ -47.551424784999938, -14.017887909999956 ], [ -47.551400765999972, -14.016938246999928 ], [ -47.551289555999972, -14.016662440999937 ], [ -47.550880852999967, -14.016350114999966 ], [ -47.550622382999961, -14.016194476999942 ], [ -47.550255568999944, -14.01601369399998 ], [ -47.550118751999946, -14.015856772999939 ], [ -47.549913964999973, -14.015661089999981 ], [ -47.549708646999932, -14.015425752999931 ], [ -47.549486049999985, -14.014840985999967 ], [ -47.549046602999965, -14.014199241999961 ], [ -47.548936362999939, -14.014002470999969 ], [ -47.548799018999944, -14.013806074999934 ], [ -47.548213561999944, -14.013045716999954 ], [ -47.547836623999956, -14.012718323999934 ], [ -47.547331567999947, -14.012317659999951 ], [ -47.547064809999938, -14.011989014999926 ], [ -47.547002672999952, -14.011741054999959 ], [ -47.54654534499997, -14.011053960999959 ], [ -47.546011196999984, -14.010322143999929 ], [ -47.545853160999968, -14.009843200999967 ], [ -47.54564979099996, -14.008333147999963 ], [ -47.54548416199998, -14.007928904999972 ], [ -47.545310478999966, -14.007574433999935 ], [ -47.544977074999963, -14.006579417999944 ], [ -47.544768165999983, -14.006101098999977 ], [ -47.544561174999956, -14.005804974999933 ], [ -47.544413300999963, -14.005475073999946 ], [ -47.543536888999938, -14.004485765999959 ], [ -47.542727518999982, -14.00341715299993 ], [ -47.540085209999972, -14.000793340999962 ], [ -47.539794405999942, -14.000580932999981 ], [ -47.53964870599998, -14.000430780999977 ], [ -47.539478663999944, -14.000321628999927 ], [ -47.538700181999957, -14.000182362999965 ], [ -47.538259799999935, -13.99997134299997 ], [ -47.537994862999938, -13.999662359999945 ], [ -47.537759065999978, -13.999352980999959 ], [ -47.537422579999941, -13.998695224999949 ], [ -47.537088804999939, -13.998309540999969 ], [ -47.53686780299995, -13.998092061999955 ], [ -47.536578376999955, -13.997835730999952 ], [ -47.536336602999938, -13.997655868999971 ], [ -47.535319062999974, -13.997043547999965 ], [ -47.534958188999951, -13.996793021999963 ], [ -47.534268810999947, -13.996223331999943 ], [ -47.534090380999942, -13.996048946999963 ], [ -47.53388455399994, -13.995814320999955 ], [ -47.533638757999938, -13.995469717999981 ], [ -47.533519755999976, -13.995239241999968 ], [ -47.533130235999977, -13.994155446999969 ], [ -47.532976159999976, -13.99383093299997 ], [ -47.532765468999969, -13.993489845999932 ], [ -47.531992533999983, -13.992325770999969 ], [ -47.531651939999961, -13.991881698999975 ], [ -47.531374009999979, -13.99157564199993 ], [ -47.531127339999955, -13.991344781999942 ], [ -47.53042727899998, -13.990751699999976 ], [ -47.530138548999957, -13.99048143899995 ], [ -47.529535693999946, -13.989868816999945 ], [ -47.527639803999932, -13.987784139999974 ], [ -47.52734934199998, -13.987447853999981 ], [ -47.526745880999954, -13.986651295999934 ], [ -47.526296852999963, -13.985882576999927 ], [ -47.526112024999975, -13.985603907999973 ], [ -47.525113258999966, -13.984322815999974 ], [ -47.52497974399995, -13.984193665999953 ], [ -47.524891682999964, -13.984202985999957 ], [ -47.524733040999934, -13.984102553999946 ], [ -47.524695519999966, -13.984072138999977 ], [ -47.524263561999931, -13.983722234999959 ], [ -47.52401492599995, -13.983470788999966 ], [ -47.523911863999956, -13.983326142999942 ], [ -47.52375963399993, -13.983050112999933 ], [ -47.523312417999932, -13.98209815599995 ], [ -47.522978183999953, -13.981419836999976 ], [ -47.52238237499995, -13.98038865999996 ], [ -47.522177412999952, -13.980052738999973 ], [ -47.521918121999931, -13.979714311999942 ], [ -47.521706967999933, -13.979489211999976 ], [ -47.521403328999952, -13.979206804999933 ], [ -47.520632951999971, -13.978607278999959 ], [ -47.519733304999932, -13.977808626999945 ], [ -47.519506715999967, -13.977626957999973 ], [ -47.519277045999956, -13.977476579999973 ], [ -47.519187845999966, -13.977372620999972 ], [ -47.518930864999959, -13.976931266999941 ], [ -47.518643558999941, -13.976499894999961 ], [ -47.518351628999937, -13.976026108999974 ], [ -47.518156056999942, -13.975744470999928 ], [ -47.518022147999943, -13.975518744999931 ], [ -47.517669894999983, -13.974712226999941 ], [ -47.517621499999962, -13.974532318999934 ], [ -47.51745058399996, -13.974152945999947 ], [ -47.517166350999958, -13.973544198999946 ], [ -47.517146533999949, -13.973482701999956 ], [ -47.517128820999972, -13.973427596999954 ], [ -47.517116251999937, -13.973232952999979 ], [ -47.51702918999996, -13.973019025999974 ], [ -47.516601469999955, -13.972255928999971 ], [ -47.516269980999937, -13.971775774999969 ], [ -47.515436155999964, -13.970654260999936 ], [ -47.514189348999935, -13.969145033999951 ], [ -47.513514606999934, -13.968130089999931 ], [ -47.513287244999958, -13.967833145999975 ], [ -47.513014728999963, -13.967535133999945 ], [ -47.512837097999977, -13.967371107999952 ], [ -47.512074264999967, -13.966813202999958 ], [ -47.511268726999958, -13.966172622999977 ], [ -47.510348328999953, -13.96554307599996 ], [ -47.510082897999951, -13.965334784999982 ], [ -47.509822625999959, -13.965073319999931 ], [ -47.508997292999936, -13.96414131399996 ], [ -47.508749659999978, -13.963885045999973 ], [ -47.508525884999983, -13.963696287999937 ], [ -47.507989927999972, -13.963295563999964 ], [ -47.507416134999971, -13.962791877999962 ], [ -47.506980373999966, -13.962366445999976 ], [ -47.505794634999972, -13.961148873999946 ], [ -47.505253446999973, -13.960639785999945 ], [ -47.504817414999934, -13.960291321999932 ], [ -47.503617971999972, -13.959481499999981 ], [ -47.475276995999934, -13.962006994999967 ], [ -47.473410779999938, -13.962129766999965 ], [ -47.263972094999986, -13.976806642999975 ], [ -47.263902478999967, -13.975981606999937 ], [ -47.263711490999981, -13.975676630999942 ], [ -47.263154998999937, -13.974865727999941 ], [ -47.262991530999955, -13.974536368999964 ], [ -47.262919543999942, -13.974327775999939 ], [ -47.262819850999961, -13.973840511999981 ], [ -47.262768718999951, -13.973342584999955 ], [ -47.262734227999943, -13.97240835499997 ], [ -47.262685527999963, -13.972064371999977 ], [ -47.262629581999931, -13.971849755999926 ], [ -47.262555539999937, -13.971657806999929 ], [ -47.262457349999977, -13.971475389999966 ], [ -47.261995266999975, -13.97083708599996 ], [ -47.261910144999945, -13.970675779999965 ], [ -47.261545324999986, -13.969547741999975 ], [ -47.261353062999945, -13.969016883999927 ], [ -47.261136153999985, -13.968500982999956 ], [ -47.260809416999962, -13.967841987999975 ], [ -47.260598014999971, -13.967501144999972 ], [ -47.26036655799993, -13.967209823999951 ], [ -47.259685451999985, -13.966547528999968 ], [ -47.259443055999952, -13.966272753999931 ], [ -47.259337875999961, -13.966122385999938 ], [ -47.259164458999976, -13.965777121999963 ], [ -47.258906732999947, -13.964879390999954 ], [ -47.258719600999939, -13.96437052899995 ], [ -47.258597365999947, -13.964112523999972 ], [ -47.258312088999958, -13.963604935999967 ], [ -47.257833372999983, -13.962908854999966 ], [ -47.257352535999985, -13.962336400999959 ], [ -47.25671688999995, -13.961713156999963 ], [ -47.256443138999941, -13.961409753999931 ], [ -47.256360492999931, -13.961349711999958 ], [ -47.255685257999971, -13.960859656999958 ], [ -47.255163465999942, -13.960441182999944 ], [ -47.254908353999951, -13.96019877599997 ], [ -47.254798180999956, -13.960057577999976 ], [ -47.254703560999985, -13.959936384999935 ], [ -47.254490890999932, -13.959577655999965 ], [ -47.253744458999961, -13.958159298999931 ], [ -47.252536929999962, -13.956016215999966 ], [ -47.252185082999972, -13.955357885999945 ], [ -47.251925529999937, -13.95474351699994 ], [ -47.251748347999978, -13.954113565999933 ], [ -47.251621847999957, -13.953424773999927 ], [ -47.251449952999963, -13.951986892999969 ], [ -47.251262186999952, -13.951152651999962 ], [ -47.251103945999944, -13.950586224999938 ], [ -47.250948817999983, -13.950111571999969 ], [ -47.250811044999978, -13.949747263999939 ], [ -47.250650844999939, -13.949397891999979 ], [ -47.250446013999976, -13.949110917999974 ], [ -47.250074524999945, -13.94868579499996 ], [ -47.249784108999961, -13.948387865999962 ], [ -47.249502947999986, -13.948137920999955 ], [ -47.24920930199994, -13.947916914999951 ], [ -47.248674628999936, -13.947568023999963 ], [ -47.248001445999932, -13.947178486999974 ], [ -47.247024015999955, -13.946657128999959 ], [ -47.246548367999935, -13.946355756999935 ], [ -47.24637390099997, -13.946194183999978 ], [ -47.245898508999971, -13.945613604999949 ], [ -47.245362300999943, -13.945081429999959 ], [ -47.245323518999953, -13.944998071999976 ], [ -47.244562026999972, -13.943980723999971 ], [ -47.244081564999931, -13.943219471999953 ], [ -47.24371384899996, -13.942531993999978 ], [ -47.243557405999979, -13.942167670999936 ], [ -47.243404322999936, -13.941662901999962 ], [ -47.243114313999968, -13.940190944999927 ], [ -47.24288016099996, -13.939233057999957 ], [ -47.242832908999958, -13.938919411999962 ], [ -47.242838095999957, -13.938661844999956 ], [ -47.242955386999938, -13.938135064999926 ], [ -47.243109255999968, -13.937717459999931 ], [ -47.243309840999984, -13.937376317999963 ], [ -47.243707220999966, -13.936876319999953 ], [ -47.243891641999937, -13.936557102999927 ], [ -47.244091397999966, -13.936092268999971 ], [ -47.244331474999967, -13.935358702999963 ], [ -47.244391448999977, -13.935008104999952 ], [ -47.24436684899996, -13.934721989999957 ], [ -47.244080722999968, -13.933870390999971 ], [ -47.244035480999969, -13.933735813999931 ], [ -47.244012571999974, -13.933624343999952 ], [ -47.244025291999947, -13.933476221999967 ], [ -47.244055877999983, -13.933424977999948 ], [ -47.244273696999983, -13.933211532999962 ], [ -47.244390738999982, -13.933022780999977 ], [ -47.244621910999967, -13.93230601199997 ], [ -47.244752352999967, -13.932096805999947 ], [ -47.244923301999961, -13.931943970999953 ], [ -47.245689732999949, -13.931460173999938 ], [ -47.245898358999966, -13.931262534999973 ], [ -47.245968697999956, -13.931141981999929 ], [ -47.245982907999974, -13.931081039999981 ], [ -47.245971687999941, -13.930934945999979 ], [ -47.245727371999976, -13.930188047999934 ], [ -47.245644671999969, -13.929815183999949 ], [ -47.245629285999939, -13.929534856999965 ], [ -47.245642969999949, -13.929190107999943 ], [ -47.245729307999966, -13.928514794999955 ], [ -47.24583046999993, -13.928166979999958 ], [ -47.245921277999969, -13.927982354999926 ], [ -47.246040110999957, -13.927816536999956 ], [ -47.246198944999946, -13.92766435599998 ], [ -47.246672100999945, -13.927340123999954 ], [ -47.246767787999943, -13.927239124999971 ], [ -47.246791213999984, -13.927184151999938 ], [ -47.24680802599994, -13.927038431999961 ], [ -47.246797017999938, -13.926780382999937 ], [ -47.246793173999947, -13.926689157999931 ], [ -47.246752141999934, -13.926396959999977 ], [ -47.246679103999952, -13.926085629999932 ], [ -47.246573525999963, -13.925766739999972 ], [ -47.246436313999936, -13.925448050999933 ], [ -47.246263718999955, -13.925124447999963 ], [ -47.246047057999931, -13.924777938999966 ], [ -47.245301086999973, -13.923702700999968 ], [ -47.245193735999976, -13.923477616999946 ], [ -47.24510996999993, -13.923194757999966 ], [ -47.245058254999947, -13.922811486999933 ], [ -47.245072681999943, -13.922342489999949 ], [ -47.245131309999977, -13.922005910999928 ], [ -47.245317449999959, -13.921301213999982 ], [ -47.245332556999983, -13.921017352999968 ], [ -47.24525058699993, -13.920432231999939 ], [ -47.245054280999966, -13.919281984999941 ], [ -47.24490078499997, -13.918617646999962 ], [ -47.244786857999941, -13.918333890999975 ], [ -47.244707726999934, -13.918185710999978 ], [ -47.243945749999966, -13.917011127999956 ], [ -47.243846911999981, -13.916814426999963 ], [ -47.243572915999948, -13.916152100999966 ], [ -47.243194483999957, -13.915527149999946 ], [ -47.243167936999953, -13.915450589999978 ], [ -47.243152909999935, -13.915292964999935 ], [ -47.243260989999953, -13.914674827999931 ], [ -47.243251633999932, -13.914500975999943 ], [ -47.243225959999961, -13.914428473999976 ], [ -47.243184549999967, -13.914364430999967 ], [ -47.243050508999943, -13.914257777999978 ], [ -47.242628131999936, -13.914062608999927 ], [ -47.242520578999972, -13.913978572999952 ], [ -47.24243226699997, -13.913856317999944 ], [ -47.24234325599997, -13.913680849999935 ], [ -47.242301574999942, -13.913569551999956 ], [ -47.24220463599994, -13.913310575999958 ], [ -47.242190419999986, -13.913150592999955 ], [ -47.242242381999972, -13.912947171999974 ], [ -47.242462470999953, -13.91251034499993 ], [ -47.242662041999949, -13.91222867099998 ], [ -47.242863530999955, -13.912030830999981 ], [ -47.243102265999937, -13.911839424999982 ], [ -47.243183577999957, -13.911725186999945 ], [ -47.243210694999959, -13.911516120999977 ], [ -47.24316227099996, -13.911214049999955 ], [ -47.243001850999974, -13.910789129999955 ], [ -47.242670035999936, -13.910153265999952 ], [ -47.242069368999978, -13.909069983999927 ], [ -47.241390094999986, -13.907987421999962 ], [ -47.241202833999978, -13.907646417999956 ], [ -47.24101729399996, -13.907176817999982 ], [ -47.240955053999983, -13.906909118999977 ], [ -47.240938223999933, -13.906660156999976 ], [ -47.240961504999973, -13.906379111999968 ], [ -47.241051308999943, -13.905860264999944 ], [ -47.241149480999979, -13.905432241999961 ], [ -47.24121123599997, -13.905256379999969 ], [ -47.241301266999983, -13.905096884999978 ], [ -47.241516429999933, -13.904801875999965 ], [ -47.24172940699998, -13.90456796999996 ], [ -47.241840253999953, -13.904495477999944 ], [ -47.241957318999937, -13.904463408999959 ], [ -47.242104479999966, -13.904454193999982 ], [ -47.242274057999964, -13.904496457999926 ], [ -47.242450413999961, -13.90462766099995 ], [ -47.242775940999934, -13.905015553999931 ], [ -47.242913195999961, -13.905130038999971 ], [ -47.243057534999934, -13.905183015999967 ], [ -47.243352141999935, -13.905203797999945 ], [ -47.243622038999945, -13.905155953999952 ], [ -47.243781126999977, -13.905098377999934 ], [ -47.244510515999934, -13.904704029999948 ], [ -47.244835370999965, -13.904562249999969 ], [ -47.245397236999963, -13.904453795999927 ], [ -47.245486507999942, -13.90439794699995 ], [ -47.245569238999963, -13.904316133999941 ], [ -47.245710997999936, -13.904121191999934 ], [ -47.245733346999941, -13.90400270799995 ], [ -47.245677456999942, -13.903856572999928 ], [ -47.245514706999984, -13.903582752999966 ], [ -47.245352293999986, -13.903382118999957 ], [ -47.245127628999967, -13.903219285999967 ], [ -47.244516394999948, -13.902946702999941 ], [ -47.244212433999962, -13.902771135999956 ], [ -47.243945077999967, -13.902554840999926 ], [ -47.243713757999956, -13.902277312999956 ], [ -47.243484671999965, -13.901876516999948 ], [ -47.243397794999964, -13.901605339999946 ], [ -47.243392206999943, -13.901419253999961 ], [ -47.243419057999972, -13.901240008999935 ], [ -47.243459118999965, -13.901145397999926 ], [ -47.243538362999971, -13.901056930999971 ], [ -47.243879311999933, -13.90083892399997 ], [ -47.244216750999954, -13.900698113999965 ], [ -47.245672267999964, -13.900360329999955 ], [ -47.24621674399998, -13.900271915999951 ], [ -47.246621147999974, -13.900265569999931 ], [ -47.247483126999953, -13.900376175999952 ], [ -47.247695223999983, -13.900435121999976 ], [ -47.248017730999948, -13.90056786599996 ], [ -47.248243788999957, -13.900626230999933 ], [ -47.248464234999972, -13.900639829999932 ], [ -47.248706612999968, -13.900606692999929 ], [ -47.248754410999936, -13.900585559999968 ], [ -47.248818451999966, -13.900522441999954 ], [ -47.248903574999986, -13.900296124999954 ], [ -47.248918859999947, -13.900164694999944 ], [ -47.248861272999932, -13.89985268099997 ], [ -47.248858194999968, -13.899601334999943 ], [ -47.248884549999957, -13.89944784599993 ], [ -47.248963731999936, -13.899305345999949 ], [ -47.24908238699993, -13.899227718999953 ], [ -47.249186264999935, -13.899190617999977 ], [ -47.249611465999976, -13.899135282999964 ], [ -47.249862994999944, -13.899082723999982 ], [ -47.250303266999936, -13.89891240399993 ], [ -47.250571669999943, -13.89876851899993 ], [ -47.250770458999966, -13.898627894999947 ], [ -47.250903568999945, -13.898495738999941 ], [ -47.25101325299994, -13.898313199999961 ], [ -47.251046668999948, -13.898191721999979 ], [ -47.251065912999934, -13.897982186999968 ], [ -47.251032575999943, -13.897710428999972 ], [ -47.250738169999977, -13.896763130999943 ], [ -47.250556507999931, -13.896178840999937 ], [ -47.250299813999959, -13.89557283399995 ], [ -47.249720958999944, -13.894476808999968 ], [ -47.249508928999944, -13.89400339499997 ], [ -47.249357403999966, -13.893512615999953 ], [ -47.249138181999967, -13.892543837999938 ], [ -47.248953749999941, -13.892026073999943 ], [ -47.248722226999973, -13.891535308999948 ], [ -47.247959333999972, -13.89008415099994 ], [ -47.24784346399997, -13.889808182999957 ], [ -47.247769822999942, -13.889557034999939 ], [ -47.247716003999983, -13.889280223999947 ], [ -47.24768400399995, -13.88899300099996 ], [ -47.24769260599993, -13.888600408999935 ], [ -47.247737882999957, -13.888347171999953 ], [ -47.247901213999967, -13.887715153999977 ], [ -47.247981231999972, -13.887295519999952 ], [ -47.248050520999982, -13.886512025999934 ], [ -47.248057608999943, -13.886431993999963 ], [ -47.247960796999962, -13.88618512599993 ], [ -47.247813814999972, -13.885885859999973 ], [ -47.247627772999977, -13.885612163999951 ], [ -47.247418481999944, -13.885382685999957 ], [ -47.247199768999963, -13.885192598999936 ], [ -47.246980735999955, -13.885036399999933 ], [ -47.246011968999937, -13.88450136299997 ], [ -47.245676285999934, -13.884275213999956 ], [ -47.245375365999962, -13.88399986099995 ], [ -47.245259020999981, -13.88384659999997 ], [ -47.245096568999941, -13.883525065999947 ], [ -47.245035652999945, -13.88334608599996 ], [ -47.244954323999934, -13.882997149999937 ], [ -47.244896230999984, -13.882401142999981 ], [ -47.244912726999985, -13.881579640999973 ], [ -47.245038652999938, -13.879973731999939 ], [ -47.245048149999946, -13.879634893999935 ], [ -47.245036497999934, -13.879500728999972 ], [ -47.24498480799997, -13.879290490999949 ], [ -47.244867676999945, -13.879074437999975 ], [ -47.244726079999964, -13.878920324999967 ], [ -47.244547136999984, -13.878787245999945 ], [ -47.24431468399996, -13.878658001999952 ], [ -47.244122057999959, -13.878573209999956 ], [ -47.243764671999941, -13.878454781999949 ], [ -47.243480559999966, -13.878387092999958 ], [ -47.242575833999979, -13.878246492999949 ], [ -47.242257065999979, -13.878162224999926 ], [ -47.242068766999978, -13.878084980999972 ], [ -47.241925199999969, -13.878004614999952 ], [ -47.241826307999986, -13.877915254999948 ], [ -47.241749845999948, -13.877792528999976 ], [ -47.241647616999956, -13.87751977299996 ], [ -47.241589515999976, -13.877200348999963 ], [ -47.241597040999977, -13.876905893999947 ], [ -47.241631040999948, -13.876748630999941 ], [ -47.24168257499997, -13.876625993999937 ], [ -47.241785112999935, -13.876479214999961 ], [ -47.241892890999964, -13.876377296999976 ], [ -47.242843439999945, -13.875735432999932 ], [ -47.243000785999982, -13.875594927999941 ], [ -47.243055298999934, -13.875493587999927 ], [ -47.243056687999967, -13.875349725999968 ], [ -47.24298616599998, -13.875123484999961 ], [ -47.242883697999957, -13.874950757999954 ], [ -47.242749728999968, -13.874839221999935 ], [ -47.242620659999943, -13.874804534999953 ], [ -47.242182133999961, -13.874777838999933 ], [ -47.241908888999944, -13.874733721999974 ], [ -47.241639969999937, -13.87463941599998 ], [ -47.241153591999932, -13.874435693999942 ], [ -47.240953636999961, -13.874386566999931 ], [ -47.240802000999963, -13.874370789999944 ], [ -47.240703508999957, -13.874380547999976 ], [ -47.240312597999946, -13.874496809999982 ], [ -47.23964267499997, -13.874613640999939 ], [ -47.239420932999963, -13.874703230999955 ], [ -47.23921928599998, -13.874843687999942 ], [ -47.239157578999937, -13.874908769999934 ], [ -47.239052747999949, -13.875019153999972 ], [ -47.238687408999965, -13.875631424999938 ], [ -47.238495783999952, -13.87585256999995 ], [ -47.238197803999981, -13.876102610999965 ], [ -47.237027449999971, -13.876874056999952 ], [ -47.236370461999968, -13.877356621999979 ], [ -47.235840637999956, -13.877839466999944 ], [ -47.235294325999973, -13.878435500999956 ], [ -47.234800625999981, -13.878924609999956 ], [ -47.234564987999931, -13.879185913999947 ], [ -47.234436413999958, -13.87928964699995 ], [ -47.234305988999949, -13.879354812999964 ], [ -47.234130430999983, -13.879371599999956 ], [ -47.23393436899994, -13.879314117999968 ], [ -47.23369467699996, -13.879191435999928 ], [ -47.232737251999936, -13.878638161999959 ], [ -47.232426578999934, -13.878500856999949 ], [ -47.232147930999986, -13.878433917999928 ], [ -47.231826200999933, -13.878407039999956 ], [ -47.231273439999939, -13.878408475999947 ], [ -47.230811075999952, -13.878452728999946 ], [ -47.230346363999956, -13.878580131999968 ], [ -47.229157301999976, -13.87901513099996 ], [ -47.22892756899995, -13.879053461999945 ], [ -47.228827089999982, -13.879039559999967 ], [ -47.228601957999956, -13.878940141999976 ], [ -47.228334484999948, -13.878755449999971 ], [ -47.228062002999934, -13.878511256999957 ], [ -47.227815619999944, -13.878230139999971 ], [ -47.227365756999973, -13.877579865999962 ], [ -47.226091665999945, -13.875533742999949 ], [ -47.225873170999932, -13.87523809299995 ], [ -47.225720029999934, -13.875084251999965 ], [ -47.225566323999942, -13.875006768999981 ], [ -47.225443146999964, -13.875007800999981 ], [ -47.224765957999978, -13.875324170999932 ], [ -47.224641749999932, -13.875362438999957 ], [ -47.224403036999945, -13.875399672999947 ], [ -47.224293429999932, -13.875398049999944 ], [ -47.224106007999978, -13.875353944999972 ], [ -47.22391732799997, -13.875226358999953 ], [ -47.223840535999955, -13.875116458999969 ], [ -47.223846822999974, -13.875048541999945 ], [ -47.224132414999985, -13.874458067999967 ], [ -47.22422180999996, -13.874173436999968 ], [ -47.224251, -13.874005102999945 ], [ -47.224235194999949, -13.873754229999975 ], [ -47.224140379999938, -13.873471095999946 ], [ -47.224042384999962, -13.873300486999938 ], [ -47.223855338999954, -13.873121019999928 ], [ -47.223309322999967, -13.872829973999956 ], [ -47.222821756999963, -13.872461407999936 ], [ -47.222612413999968, -13.872339068999963 ], [ -47.222389005999958, -13.872264386999973 ], [ -47.222177608999971, -13.872246701999927 ], [ -47.221991032999938, -13.872281198999929 ], [ -47.221910734999938, -13.872317530999965 ], [ -47.221780155999966, -13.872424708999972 ], [ -47.221693012999935, -13.872577304999936 ], [ -47.221645, -13.872789090999959 ], [ -47.22161680499994, -13.87356643499993 ], [ -47.221599010999967, -13.873708007999937 ], [ -47.221527967999975, -13.873919641999976 ], [ -47.221257796999964, -13.874304497999958 ], [ -47.220943908999971, -13.87495432299994 ], [ -47.220783610999945, -13.875194146999945 ], [ -47.220609851999939, -13.875409425999976 ], [ -47.220460037999942, -13.875555813999938 ], [ -47.220299282999974, -13.875641128999973 ], [ -47.220176896999931, -13.875647571999934 ], [ -47.220064672999968, -13.875584978999939 ], [ -47.219990845999973, -13.87548517099998 ], [ -47.219930354999974, -13.875338886999941 ], [ -47.219869567999979, -13.874831440999969 ], [ -47.219845751999969, -13.874729370999944 ], [ -47.219755504999966, -13.874546580999947 ], [ -47.219529309999984, -13.874305750999952 ], [ -47.21898450499998, -13.87386007899994 ], [ -47.218727479999984, -13.873615642999937 ], [ -47.218391040999961, -13.873247682999931 ], [ -47.218199444999982, -13.872959098999956 ], [ -47.218118972999946, -13.872744051999973 ], [ -47.218043726999952, -13.872465976999933 ], [ -47.217801925999936, -13.871362264999959 ], [ -47.217732229999967, -13.870860590999939 ], [ -47.217690276999974, -13.870203156999935 ], [ -47.217637502999935, -13.869710906999956 ], [ -47.217523402999973, -13.86890638899996 ], [ -47.217412464999938, -13.868414576999953 ], [ -47.217289875999938, -13.868088316999945 ], [ -47.217211010999961, -13.86793487999995 ], [ -47.217013648999966, -13.867651857999931 ], [ -47.216894241999967, -13.867523907999953 ], [ -47.216714946999957, -13.867370748999974 ], [ -47.216630565999935, -13.867298593999976 ], [ -47.216244727999936, -13.867044477999968 ], [ -47.215889740999955, -13.866883603999952 ], [ -47.215614933999973, -13.866810283999939 ], [ -47.215124041999957, -13.866741180999952 ], [ -47.214773037999976, -13.866727012999945 ], [ -47.21441215699997, -13.866743835999955 ], [ -47.214032661999966, -13.866796971999975 ], [ -47.212856508999948, -13.867080327999929 ], [ -47.212523966999981, -13.867140535999965 ], [ -47.212099084999977, -13.867166790999931 ], [ -47.211865828999976, -13.867145046999951 ], [ -47.21167763699998, -13.867106629999967 ], [ -47.211404812999945, -13.866998588999934 ], [ -47.211082777999934, -13.866772259999948 ], [ -47.210631348999982, -13.86634939399994 ], [ -47.209656458999973, -13.865328379999937 ], [ -47.209386283999947, -13.865109168999936 ], [ -47.209106591999955, -13.864959169999963 ], [ -47.208963435999976, -13.864910584999961 ], [ -47.208665972999938, -13.86485661699993 ], [ -47.207855113999983, -13.864846953999972 ], [ -47.206467165999982, -13.864767137999934 ], [ -47.206199123999966, -13.864714527999979 ], [ -47.205658060999951, -13.864512847999947 ], [ -47.205465713999956, -13.86446506599998 ], [ -47.205217824999977, -13.864470193999978 ], [ -47.204632889999971, -13.864616611999963 ], [ -47.203907707999974, -13.864846249999971 ], [ -47.202622606999967, -13.86529625999998 ], [ -47.20226609499997, -13.865394078999941 ], [ -47.201977529999965, -13.865440141999954 ], [ -47.201530769999977, -13.865460881999979 ], [ -47.200985179999975, -13.865445825999927 ], [ -47.200687132999974, -13.865398539999944 ], [ -47.200576757999954, -13.865334835999931 ], [ -47.200529597999946, -13.865257007999958 ], [ -47.200464961999955, -13.865012803999946 ], [ -47.200462278999964, -13.864904847999981 ], [ -47.200478019999935, -13.864857899999947 ], [ -47.200513976999957, -13.86480706499998 ], [ -47.200672829999974, -13.864667021999935 ], [ -47.201431019999973, -13.864083606999941 ], [ -47.201613137999971, -13.863890402999971 ], [ -47.201694587999953, -13.863731087999952 ], [ -47.201723371999947, -13.863498421999964 ], [ -47.201687452999977, -13.863239863999979 ], [ -47.201622848999932, -13.863126410999939 ], [ -47.201498325999978, -13.863023617999943 ], [ -47.201233311999943, -13.862899499999969 ], [ -47.199604246999968, -13.862414288999958 ], [ -47.199299666999934, -13.862301457999934 ], [ -47.199062134999963, -13.862178896999978 ], [ -47.198278844999948, -13.861709030999975 ], [ -47.197854654999958, -13.861454581999965 ], [ -47.196989642999938, -13.86080037499994 ], [ -47.196194938999952, -13.860256404999973 ], [ -47.195819169999936, -13.860056739999948 ], [ -47.195042211999976, -13.859697844999971 ], [ -47.194774541999948, -13.859546363999982 ], [ -47.194680251999955, -13.859461909999936 ], [ -47.194494181999971, -13.859196021999935 ], [ -47.19426535599996, -13.858936661999962 ], [ -47.194326072999957, -13.859394334999934 ], [ -47.194382234999978, -13.85966274499998 ], [ -47.194459097999982, -13.859880456999974 ], [ -47.194552141999964, -13.860048685999971 ], [ -47.194873155999971, -13.860395048999976 ], [ -47.194922881999958, -13.860470685999928 ], [ -47.195002879999947, -13.860706983999933 ], [ -47.195028622999985, -13.860887473999981 ], [ -47.195053553999969, -13.862219706999952 ], [ -47.195078895999984, -13.862652306999962 ], [ -47.195143722999944, -13.863241778999964 ], [ -47.195142831999931, -13.863608830999965 ], [ -47.195066753999981, -13.864044600999932 ], [ -47.194697122999969, -13.865519530999961 ], [ -47.194442110999944, -13.866988824999964 ], [ -47.194344824999973, -13.867303610999954 ], [ -47.194203162999941, -13.86758075299997 ], [ -47.193978490999939, -13.867862074999948 ], [ -47.193918461999942, -13.867910233999964 ], [ -47.193812230999981, -13.867942993999975 ], [ -47.193688742999939, -13.867910759999972 ], [ -47.193408859999977, -13.867779447999965 ], [ -47.192441828999961, -13.867194454999947 ], [ -47.192360057999963, -13.867163109999979 ], [ -47.192220328999952, -13.867144483999937 ], [ -47.192017883999938, -13.867203136999933 ], [ -47.191982957999983, -13.867226220999953 ], [ -47.191831122999986, -13.867326617999936 ], [ -47.191741485999955, -13.867432510999947 ], [ -47.191709038999932, -13.867502831999957 ], [ -47.191668499999935, -13.867705964999971 ], [ -47.191639705999933, -13.86834190999997 ], [ -47.19159157699994, -13.86862309299994 ], [ -47.191505764999931, -13.868821028999946 ], [ -47.191308215999982, -13.869066141999951 ], [ -47.191161603999944, -13.86917146199994 ], [ -47.190973688999975, -13.86922157999993 ], [ -47.190093470999955, -13.869234348999953 ], [ -47.189846586999977, -13.869258609999974 ], [ -47.189682974999982, -13.869336249999947 ], [ -47.189528213999949, -13.869470014999933 ], [ -47.18945204299996, -13.869572172999938 ], [ -47.189404821999972, -13.869674612999972 ], [ -47.189373183999976, -13.869821371999933 ], [ -47.189379325999937, -13.869923875999973 ], [ -47.189424318999954, -13.87005675499995 ], [ -47.18967164299994, -13.87051239799996 ], [ -47.189763889999938, -13.870723466999948 ], [ -47.189803322999978, -13.870934015999978 ], [ -47.189800907999938, -13.871188764999943 ], [ -47.189760691999936, -13.871357557999943 ], [ -47.189685076999979, -13.871518986999945 ], [ -47.189313458999948, -13.872048397999947 ], [ -47.189143777999959, -13.872346481999955 ], [ -47.189015980999955, -13.872692714999971 ], [ -47.188996320999934, -13.872893763999969 ], [ -47.189036030999944, -13.873143616999926 ], [ -47.189103733999957, -13.873350839999944 ], [ -47.189350755999953, -13.873823020999964 ], [ -47.189462120999963, -13.874080454999955 ], [ -47.189514911999936, -13.874344286999928 ], [ -47.189561025999978, -13.874763779999967 ], [ -47.189616533999981, -13.874883642999976 ], [ -47.189706104999971, -13.874977086999934 ], [ -47.189976635999983, -13.875155744999972 ], [ -47.190208477999931, -13.875232640999968 ], [ -47.190390142999945, -13.875245108999934 ], [ -47.191186045999984, -13.875203723999959 ], [ -47.191431808999937, -13.875236578999932 ], [ -47.191629348999982, -13.875304745999927 ], [ -47.191773403999946, -13.875399235999964 ], [ -47.191872085999933, -13.875517264999928 ], [ -47.192131569999958, -13.876074539999934 ], [ -47.192222385999969, -13.876192097999933 ], [ -47.192322309999952, -13.87627505599994 ], [ -47.192552579999983, -13.876381240999933 ], [ -47.193114940999976, -13.876465467999935 ], [ -47.19338059599994, -13.876528503999964 ], [ -47.193594483999959, -13.876633389999938 ], [ -47.193745719999981, -13.876753656999938 ], [ -47.193833237999968, -13.87685470699995 ], [ -47.193854717999955, -13.876896531999932 ], [ -47.193862132999982, -13.876986644999931 ], [ -47.193644440999947, -13.877941180999926 ], [ -47.193572598999936, -13.878532512999982 ], [ -47.193571345999942, -13.878910140999949 ], [ -47.193663790999949, -13.879946649999965 ], [ -47.193678983999973, -13.880509097999948 ], [ -47.193627840999966, -13.881137742999954 ], [ -47.193576045999976, -13.881481126999972 ], [ -47.193523091999964, -13.881701539999938 ], [ -47.193488294999952, -13.881777755999963 ], [ -47.193379151999977, -13.881904517999942 ], [ -47.193198476999953, -13.882036892999963 ], [ -47.192967797999984, -13.88216284899994 ], [ -47.192606917999967, -13.882281299999931 ], [ -47.192372964999947, -13.882315026999947 ], [ -47.192188190999957, -13.882316685999967 ], [ -47.191961680999952, -13.882266580999953 ], [ -47.19121161299995, -13.881913226999927 ], [ -47.190726259999963, -13.881777703999944 ], [ -47.190310069999953, -13.881728756999962 ], [ -47.189369769999985, -13.881671587999961 ], [ -47.188955739999983, -13.881606535999936 ], [ -47.188224612999932, -13.881457216999934 ], [ -47.18786709799997, -13.881412347999969 ], [ -47.187153708999972, -13.881388919999949 ], [ -47.186464490999981, -13.881437833999939 ], [ -47.185975708999933, -13.881518022999956 ], [ -47.185655263999934, -13.881599414999926 ], [ -47.185190964999947, -13.881765677999965 ], [ -47.184909785999935, -13.881901837999976 ], [ -47.184656895999979, -13.882056449999936 ], [ -47.184321531999956, -13.882322310999939 ], [ -47.184050795999951, -13.882595815999935 ], [ -47.183889839999949, -13.882800025999927 ], [ -47.183827218999966, -13.882937392999963 ], [ -47.183827697999959, -13.883067326999935 ], [ -47.18391573699995, -13.88326352699994 ], [ -47.184047746999966, -13.883444152999971 ], [ -47.184262754999963, -13.883638492999978 ], [ -47.184405794999975, -13.883732905999977 ], [ -47.185128275999944, -13.884113275999937 ], [ -47.185280758999966, -13.884218355999963 ], [ -47.185375091999958, -13.884326215999977 ], [ -47.185443179999936, -13.884456086999933 ], [ -47.185486640999954, -13.884593136999968 ], [ -47.185498793999955, -13.884715286999949 ], [ -47.185458324999956, -13.884828057999982 ], [ -47.185407121999958, -13.884890955999936 ], [ -47.185221509999963, -13.885050026999977 ], [ -47.18461496599997, -13.885503193999966 ], [ -47.184297283999967, -13.88577124699998 ], [ -47.184016310999937, -13.886048186999972 ], [ -47.183795511999961, -13.886321425999938 ], [ -47.183663489999958, -13.886553840999966 ], [ -47.183630279999932, -13.886612330999981 ], [ -47.183416508999983, -13.887200957999937 ], [ -47.18322502999996, -13.887957636999943 ], [ -47.18315520799996, -13.888421903999927 ], [ -47.183142144999977, -13.888804248999975 ], [ -47.18318592299994, -13.889260993999926 ], [ -47.183240306999949, -13.889517312999942 ], [ -47.183367800999974, -13.889886561999958 ], [ -47.183490214999949, -13.89014805599993 ], [ -47.183739303999971, -13.890582903999928 ], [ -47.184627811999974, -13.891927021999948 ], [ -47.184876539999948, -13.892342713999938 ], [ -47.185070223999958, -13.892786548999936 ], [ -47.185131695999985, -13.892999521999968 ], [ -47.185172964999936, -13.893237794999948 ], [ -47.185190458999955, -13.893524714999955 ], [ -47.185183187999939, -13.893843663999974 ], [ -47.185152281999933, -13.894137703999945 ], [ -47.18509781399996, -13.894365268999934 ], [ -47.184958749999964, -13.894645819999937 ], [ -47.184606555999949, -13.895169814999974 ], [ -47.184489620999955, -13.895383932999948 ], [ -47.184366059999945, -13.89570012799993 ], [ -47.184314558999972, -13.895918810999945 ], [ -47.184283316999938, -13.896364208999955 ], [ -47.18430124799994, -13.897653227999967 ], [ -47.18427599499995, -13.897948482999936 ], [ -47.184263126999952, -13.898006337999959 ], [ -47.184229577999986, -13.898156908999965 ], [ -47.184158029999935, -13.898299325999972 ], [ -47.184103505999985, -13.898353669999949 ], [ -47.183933348999972, -13.898445734999939 ], [ -47.183532993999961, -13.898569499999951 ], [ -47.182739028999947, -13.898767268999961 ], [ -47.182226358999969, -13.898937668999963 ], [ -47.181263670999954, -13.899400706999927 ], [ -47.179947500999958, -13.899996027999975 ], [ -47.179645336999954, -13.900195264999979 ], [ -47.179082773999937, -13.900717609999958 ], [ -47.17895961499994, -13.900850728999956 ], [ -47.178639136999948, -13.90132663299994 ], [ -47.178348184999948, -13.901863990999971 ], [ -47.178198450999957, -13.902250899999956 ], [ -47.178108302999931, -13.902689143999964 ], [ -47.178067504999945, -13.903290771999934 ], [ -47.178080135999949, -13.904115747999981 ], [ -47.178146845999947, -13.90458186799998 ], [ -47.178444900999978, -13.905670857999951 ], [ -47.178466058999959, -13.905845969999973 ], [ -47.178446967999946, -13.905930898999941 ], [ -47.178422907999959, -13.90603828299993 ], [ -47.178336460999958, -13.906170711999948 ], [ -47.178176213999961, -13.906334160999961 ], [ -47.177541859999963, -13.906866815999933 ], [ -47.177354333999972, -13.907050930999958 ], [ -47.177156810999975, -13.907323236999957 ], [ -47.176771169999938, -13.907983245999958 ], [ -47.176514250999958, -13.908343280999929 ], [ -47.176192474999937, -13.908741213999974 ], [ -47.175819587999968, -13.909153608999929 ], [ -47.174718464999955, -13.910288707999939 ], [ -47.173829788999967, -13.911283744999935 ], [ -47.173578159999977, -13.911587164999958 ], [ -47.173457421999956, -13.911732729999926 ], [ -47.173209281999959, -13.912083014999951 ], [ -47.172899155999971, -13.912619997999968 ], [ -47.172694699999965, -13.913081761999933 ], [ -47.172564936999947, -13.913518641999929 ], [ -47.172540469999944, -13.913681781999969 ], [ -47.172538110999938, -13.913854844999946 ], [ -47.17259361899994, -13.914310675999957 ], [ -47.172690922999948, -13.914685711999937 ], [ -47.172849759999963, -13.915092457999947 ], [ -47.17317933299995, -13.915744005999954 ], [ -47.173837782999954, -13.916784334999932 ], [ -47.17403007799993, -13.91712843199997 ], [ -47.174249693999968, -13.917604392999976 ], [ -47.174475584999982, -13.918266441999947 ], [ -47.174549767999963, -13.918424002999927 ], [ -47.175077097999974, -13.919191430999945 ], [ -47.175248524999972, -13.919479869999975 ], [ -47.175395572999946, -13.919851747999928 ], [ -47.175467262999973, -13.920197281999947 ], [ -47.175492119999944, -13.920500582999978 ], [ -47.175458029999959, -13.92075209199993 ], [ -47.175367626999957, -13.920986212999935 ], [ -47.174949751999975, -13.921910636999939 ], [ -47.174847224999951, -13.922223208999981 ], [ -47.174823176999951, -13.922361766999927 ], [ -47.174827526999934, -13.922638504999952 ], [ -47.174928673999943, -13.923136485999976 ], [ -47.174984977999941, -13.923557698999957 ], [ -47.174978895999971, -13.924053926999932 ], [ -47.174917501999971, -13.924550649999958 ], [ -47.174821036999958, -13.924957413999948 ], [ -47.174712178999982, -13.925246006999942 ], [ -47.174579534999964, -13.925533275999953 ], [ -47.174532092999982, -13.925682795999933 ], [ -47.174512574999937, -13.925939595999978 ], [ -47.174543531999973, -13.926143535999927 ], [ -47.17458226499997, -13.926239334999934 ], [ -47.174641415999986, -13.926322660999972 ], [ -47.174723344999961, -13.926388434999978 ], [ -47.174940474999971, -13.926469356999974 ], [ -47.175196004999975, -13.926492193999934 ], [ -47.175803284999972, -13.926450440999929 ], [ -47.175988193999956, -13.926488817999939 ], [ -47.176138575999971, -13.926564280999969 ], [ -47.176320485999952, -13.926707051999927 ], [ -47.17641803999993, -13.926831058999937 ], [ -47.176496977999932, -13.92700194899993 ], [ -47.176578032999942, -13.927339445999962 ], [ -47.176606351999965, -13.927725486999975 ], [ -47.176583050999966, -13.928052079999929 ], [ -47.176513056999966, -13.928499450999936 ], [ -47.176337027999978, -13.929319426999939 ], [ -47.176082219999955, -13.930192696999939 ], [ -47.176030147999938, -13.930331775999946 ], [ -47.175662472999932, -13.931312952999974 ], [ -47.175376021999966, -13.931939367999973 ], [ -47.17527232599997, -13.932206408999946 ], [ -47.174891013999968, -13.93330246499994 ], [ -47.174602781999965, -13.934242629999972 ], [ -47.17422221299995, -13.935605967999948 ], [ -47.174068274999968, -13.936296619999951 ], [ -47.173946245999957, -13.937134636999929 ], [ -47.173894014999973, -13.937849228999937 ], [ -47.173907075999978, -13.938176670999951 ], [ -47.173988190999978, -13.938569559999962 ], [ -47.17412578099993, -13.938927606999982 ], [ -47.174306354999942, -13.939212978999933 ], [ -47.174628530999939, -13.939504676999945 ], [ -47.175406477999957, -13.940088680999963 ], [ -47.175818325999956, -13.940432434999934 ], [ -47.176170709999951, -13.94076840699995 ], [ -47.176436304999982, -13.941053559999943 ], [ -47.176601047999952, -13.941268137999941 ], [ -47.176655022999967, -13.941371027999935 ], [ -47.176734422999971, -13.941629924999972 ], [ -47.176803446999941, -13.942005389999963 ], [ -47.176879873999951, -13.942587985999978 ], [ -47.176896776999968, -13.942851056999928 ], [ -47.176855590999935, -13.943223531999934 ], [ -47.176716743999975, -13.943904832999976 ], [ -47.176542084999937, -13.944634435999944 ], [ -47.17604361399998, -13.946200156999964 ], [ -47.176001851999956, -13.946383240999978 ], [ -47.175964839999949, -13.946717636999949 ], [ -47.17597723199998, -13.947091530999955 ], [ -47.176023837999935, -13.947542466999948 ], [ -47.176388730999975, -13.950371115999928 ], [ -47.176485174999982, -13.951951389999977 ], [ -47.176589149999984, -13.952836176999938 ], [ -47.176655095999934, -13.953159168999946 ], [ -47.176776206999932, -13.95343558299993 ], [ -47.177005830999974, -13.953730631999974 ], [ -47.177638027999933, -13.954383336999967 ], [ -47.177874074999977, -13.954682393999974 ], [ -47.177966732999948, -13.954835085999946 ], [ -47.17812553999994, -13.955184533999955 ], [ -47.178479021999976, -13.956234068999947 ], [ -47.178539632999957, -13.956382891999965 ], [ -47.178654180999956, -13.956590597999934 ], [ -47.178771363999942, -13.956724365999946 ], [ -47.178900950999946, -13.956829286999948 ], [ -47.179103306999934, -13.956939428999931 ], [ -47.179240103999973, -13.956974887999934 ], [ -47.179429083999935, -13.956981053999982 ], [ -47.179925336999986, -13.956940365999969 ], [ -47.180609081999933, -13.956826609999951 ], [ -47.18129694199996, -13.956629139999961 ], [ -47.181700904999957, -13.956475241999954 ], [ -47.182672497999931, -13.956050402999949 ], [ -47.184226828999954, -13.955495533999965 ], [ -47.184975306999945, -13.955271666999977 ], [ -47.185199611999963, -13.955158595999933 ], [ -47.200602021999941, -13.964541662999977 ], [ -47.199951845999976, -13.964634842999942 ], [ -47.198739451999984, -13.964701577999961 ], [ -47.197832895999966, -13.964784423999959 ], [ -47.197064427999976, -13.964911557999926 ], [ -47.196705147999978, -13.965025951999962 ], [ -47.19639301999996, -13.965185549999944 ], [ -47.195907839999961, -13.965516770999955 ], [ -47.194554387999972, -13.966554052999982 ], [ -47.193993233999947, -13.967020864999938 ], [ -47.193792648999931, -13.967147825999973 ], [ -47.193509504999952, -13.967291165999939 ], [ -47.193186407999974, -13.967416703999959 ], [ -47.192507809999938, -13.967587560999959 ], [ -47.192115658999967, -13.967719503999945 ], [ -47.191706009999962, -13.967908892999958 ], [ -47.191352506999976, -13.968126147999953 ], [ -47.191111014999933, -13.968349800999931 ], [ -47.190956728999936, -13.968598328999974 ], [ -47.190845122999974, -13.96889860899995 ], [ -47.190637296999967, -13.969609720999927 ], [ -47.190513203999956, -13.969949510999982 ], [ -47.190185530999941, -13.970696674999942 ], [ -47.189978478999933, -13.971118356999966 ], [ -47.189604353999982, -13.971718651999936 ], [ -47.18888114799995, -13.972691759999975 ], [ -47.188653218999946, -13.972951161999958 ], [ -47.188426982999943, -13.973174493999977 ], [ -47.188031793999983, -13.973495132999972 ], [ -47.187712462999968, -13.973668069999974 ], [ -47.186782610999956, -13.974051356999951 ], [ -47.186383146999958, -13.974253026999975 ], [ -47.186162186999979, -13.974388841999939 ], [ -47.185969483999941, -13.974538407999944 ], [ -47.185704402999932, -13.974842057999979 ], [ -47.185547147999955, -13.975110308999945 ], [ -47.185439134999967, -13.97541001299993 ], [ -47.185401078999973, -13.975720291999949 ], [ -47.185417637999933, -13.976434621999942 ], [ -47.185401311999954, -13.976782746999959 ], [ -47.185370985999953, -13.976980818999948 ], [ -47.185292943999968, -13.977132965999942 ], [ -47.185224317999939, -13.977184908999959 ], [ -47.185131738999985, -13.977218362999963 ], [ -47.184655778999968, -13.977286083999957 ], [ -47.184547729999963, -13.977317778999975 ], [ -47.184303985999975, -13.977451628999972 ], [ -47.18412813599997, -13.977632306999965 ], [ -47.183988676999945, -13.977708290999942 ], [ -47.183881292999956, -13.977731937999977 ], [ -47.183710535999978, -13.977736818999972 ], [ -47.183481405999942, -13.977703640999948 ], [ -47.18291054599996, -13.977529955999955 ], [ -47.182635327999947, -13.97746628799996 ], [ -47.182394884999951, -13.97745010899996 ], [ -47.182186185999967, -13.977473853999982 ], [ -47.18200546199995, -13.977530508999962 ], [ -47.181848465999963, -13.977620925999929 ], [ -47.181711506999932, -13.97774622299994 ], [ -47.181566312999962, -13.977930328999946 ], [ -47.181490849999932, -13.978267871999947 ], [ -47.181450909999967, -13.978702684999973 ], [ -47.181438105999973, -13.979542248999962 ], [ -47.181479536999973, -13.980873520999978 ], [ -47.18146106699993, -13.981338139999934 ], [ -47.18139623299993, -13.98203720999993 ], [ -47.181338535999942, -13.982423839999967 ], [ -47.181220948999965, -13.982915736999928 ], [ -47.181105699999932, -13.983233938999945 ], [ -47.180922438999971, -13.983571276999953 ], [ -47.180632190999972, -13.983945449999965 ], [ -47.180447132999973, -13.984141479999948 ], [ -47.180256668999959, -13.984343250999927 ], [ -47.179222539999955, -13.98539034099997 ], [ -47.179042252999977, -13.985543044999929 ], [ -47.178941878999979, -13.985604126999931 ], [ -47.178819811999972, -13.985660795999934 ], [ -47.178470317999938, -13.985777519999942 ], [ -47.177994336999973, -13.985894295999969 ], [ -47.177777116999948, -13.985947662999934 ], [ -47.177374444999941, -13.986018146999982 ], [ -47.176725708999982, -13.98608577899995 ], [ -47.176416150999955, -13.986159491999956 ], [ -47.176241411999968, -13.98623361999995 ], [ -47.176099114999943, -13.986323450999976 ], [ -47.175992133999955, -13.986419922999971 ], [ -47.175774115999957, -13.986703082999952 ], [ -47.175648623999962, -13.986789238999961 ], [ -47.175450474999934, -13.986853636999967 ], [ -47.175317422999967, -13.986873896999953 ], [ -47.174550378999982, -13.986946019999948 ], [ -47.174112783999931, -13.987061901999937 ], [ -47.173876826999958, -13.987169649999942 ], [ -47.173695659999964, -13.987288472999978 ], [ -47.173457092999968, -13.987472779999962 ], [ -47.173192802999949, -13.987716322999972 ], [ -47.17294893199994, -13.988005856999962 ], [ -47.17229464199994, -13.989028734999977 ], [ -47.172029309999971, -13.989397978999932 ], [ -47.171400921999975, -13.990184690999968 ], [ -47.171260902999961, -13.990389438999955 ], [ -47.171146901999975, -13.990595940999981 ], [ -47.171065392999935, -13.990803958999948 ], [ -47.171053068999981, -13.990851328999952 ], [ -47.171010457999955, -13.991013817999942 ], [ -47.170912353999938, -13.991661410999939 ], [ -47.170820944999946, -13.992115661999946 ], [ -47.170677248999937, -13.992598844999975 ], [ -47.170582399999944, -13.992854603999945 ], [ -47.170346762999941, -13.993391018999944 ], [ -47.170073511999931, -13.993922621999957 ], [ -47.169792541999982, -13.994401069999981 ], [ -47.169512363999957, -13.994806318999963 ], [ -47.169219637999959, -13.995146618999968 ], [ -47.169063729999948, -13.995295574999943 ], [ -47.168716936999942, -13.995564160999947 ], [ -47.168297973999984, -13.995813783999949 ], [ -47.167512615999954, -13.996205930999963 ], [ -47.166942443999972, -13.996513923999942 ], [ -47.166393944999982, -13.996872958999973 ], [ -47.166145933999985, -13.997057978999976 ], [ -47.165929460999962, -13.997241361999954 ], [ -47.165740160999974, -13.997401729999979 ], [ -47.165595046999954, -13.997547334999979 ], [ -47.16540441099994, -13.99779220299996 ], [ -47.165299243999982, -13.998004136999953 ], [ -47.165206626999975, -13.99832086899994 ], [ -47.165162840999983, -13.998664272999974 ], [ -47.165162056999975, -13.998787893999975 ], [ -47.165161319999982, -13.998916484999938 ], [ -47.165193771999952, -13.999189808999972 ], [ -47.165390779999939, -13.999939852999944 ], [ -47.165481855999985, -14.000435392999975 ], [ -47.165486278999936, -14.000463003999926 ], [ -47.165499031999957, -14.000490810999963 ], [ -47.165491276999944, -14.000522326999942 ], [ -47.165471651999951, -14.000551056999939 ], [ -47.165089449999982, -14.000843452999959 ], [ -47.164945646999968, -14.000981095999975 ], [ -47.164700610999944, -14.001434554999946 ], [ -47.164638627999977, -14.001544717999934 ], [ -47.164439414999947, -14.001723970999933 ], [ -47.164302841999984, -14.001823596999941 ], [ -47.163676095999961, -14.002129111999977 ], [ -47.163465850999955, -14.002266805999966 ], [ -47.163261047999981, -14.002442131999942 ], [ -47.162968830999944, -14.002778902999978 ], [ -47.161900853999953, -14.004238304999944 ], [ -47.161590639999986, -14.004610204999949 ], [ -47.160898478999968, -14.005312988999947 ], [ -47.160237380999945, -14.005864950999978 ], [ -47.160043516999963, -14.006052827999952 ], [ -47.15990685099996, -14.006222030999936 ], [ -47.159568791999959, -14.006733968999981 ], [ -47.159359431999974, -14.00698668299998 ], [ -47.159166011999957, -14.007162898999979 ], [ -47.158947523999984, -14.007330210999953 ], [ -47.158332229999985, -14.007744499999944 ], [ -47.158101725999984, -14.007972913999936 ], [ -47.157947398999966, -14.008193328999937 ], [ -47.15785525299998, -14.008423218999951 ], [ -47.157843626999977, -14.008515853999938 ], [ -47.157864707999977, -14.008612894999942 ], [ -47.157983269999932, -14.008802953999975 ], [ -47.15847989599996, -14.009403135999946 ], [ -47.158670063999978, -14.00968011599997 ], [ -47.158787211999936, -14.009906872999977 ], [ -47.158880581999938, -14.010134023999967 ], [ -47.158937797999954, -14.010324718999982 ], [ -47.158957484999974, -14.010480327999971 ], [ -47.158916783999985, -14.010837982999931 ], [ -47.158836102999942, -14.011165542999947 ], [ -47.158727011999986, -14.011463536999941 ], [ -47.15842344899994, -14.012171703999968 ], [ -47.158363534999978, -14.012375010999961 ], [ -47.158287546999986, -14.012877831999958 ], [ -47.158239597999966, -14.013014796999926 ], [ -47.158198227999947, -14.013073630999941 ], [ -47.158139641999981, -14.013132165999934 ], [ -47.157955993999963, -14.013265371999978 ], [ -47.157581143999948, -14.013476278999974 ], [ -47.157364773999973, -14.013564143999929 ], [ -47.157279268999957, -14.013584243999958 ], [ -47.157130682999934, -14.01358782899996 ], [ -47.156827710999949, -14.013519144999975 ], [ -47.156262626999933, -14.013337586999967 ], [ -47.155197407999935, -14.012863734999939 ], [ -47.154964279999945, -14.012822076999953 ], [ -47.154832522999982, -14.01283409499996 ], [ -47.154716392999944, -14.012864677999971 ], [ -47.154558014999964, -14.012939462999952 ], [ -47.15439805699998, -14.013062967999929 ], [ -47.154309434999959, -14.013185204999957 ], [ -47.154280076999953, -14.013262002999966 ], [ -47.154260590999968, -14.013444617999937 ], [ -47.154280790999962, -14.013635554999951 ], [ -47.154388942999958, -14.01397923299993 ], [ -47.154410746999986, -14.014104190999944 ], [ -47.154389188999971, -14.014302637999947 ], [ -47.154338349999932, -14.014407910999978 ], [ -47.154299470999945, -14.014446299999975 ], [ -47.154181454999957, -14.014492984999947 ], [ -47.154097132999937, -14.014501054999926 ], [ -47.153348825999956, -14.014449255999978 ], [ -47.153101627999945, -14.014466818999949 ], [ -47.152981574999956, -14.01449355099993 ], [ -47.152862308999943, -14.014535275999947 ], [ -47.152626787999964, -14.014663699999971 ], [ -47.152411016999963, -14.014826013999937 ], [ -47.152018147999968, -14.01518942499996 ], [ -47.151853204999952, -14.015284869999959 ], [ -47.151663545999952, -14.015349810999965 ], [ -47.150823575999937, -14.015551202999973 ], [ -47.150643137999964, -14.015612627999928 ], [ -47.150494422999941, -14.015691932999971 ], [ -47.150277418999963, -14.015881003999937 ], [ -47.150006478999956, -14.01618106799998 ], [ -47.149772288999941, -14.016502130999982 ], [ -47.149675695999974, -14.016692931999955 ], [ -47.149598130999948, -14.016969226999947 ], [ -47.149533704999953, -14.017721526999935 ], [ -47.149456043999976, -14.018146288999958 ], [ -47.149293712999963, -14.018621412999948 ], [ -47.149185668999962, -14.018854604999945 ], [ -47.149072245999946, -14.019056850999959 ], [ -47.148960522999971, -14.019213087999958 ], [ -47.148772967999946, -14.019404877999932 ], [ -47.147837309999943, -14.020184348999976 ], [ -47.147708103999946, -14.02029194399995 ], [ -47.14750698499995, -14.02050798099998 ], [ -47.147382739999955, -14.020691165999949 ], [ -47.147352543999943, -14.020777729999963 ], [ -47.147377357999972, -14.020858474999955 ], [ -47.147469220999938, -14.020964105999951 ], [ -47.147883724999986, -14.021351421999952 ], [ -47.148043236999968, -14.021526391999942 ], [ -47.148157031999972, -14.02170149799997 ], [ -47.148205358999974, -14.021872214999973 ], [ -47.148196930999973, -14.022040273999949 ], [ -47.148147778999942, -14.022207881999975 ], [ -47.14777960999993, -14.02293956699998 ], [ -47.147664104999933, -14.023226410999939 ], [ -47.147638025999981, -14.023357487999931 ], [ -47.147636102999968, -14.02348871199996 ], [ -47.147660148999933, -14.023626029999946 ], [ -47.147711504999961, -14.02377421999995 ], [ -47.147986294999953, -14.024312868999971 ], [ -47.14808193999994, -14.024456688999976 ], [ -47.148209573999964, -14.024597152999945 ], [ -47.148456302999932, -14.024776135999957 ], [ -47.149119075999977, -14.025119402999962 ], [ -47.149246751999954, -14.02521468499998 ], [ -47.149339620999967, -14.025308919999929 ], [ -47.149404458999982, -14.025404217999949 ], [ -47.14947400799997, -14.025587757999972 ], [ -47.149529078999933, -14.025846336999962 ], [ -47.149535011999944, -14.026006045999964 ], [ -47.149494109999978, -14.026115476999962 ], [ -47.149388559999977, -14.026189699999975 ], [ -47.148638295999945, -14.026418484999965 ], [ -47.148488077999957, -14.026486236999972 ], [ -47.148354153999946, -14.026584386999957 ], [ -47.148133988999973, -14.026812792999976 ], [ -47.14794212399994, -14.027059110999971 ], [ -47.147847943999977, -14.027211395999927 ], [ -47.147529196999983, -14.027943997999955 ], [ -47.14721577499995, -14.028572996999969 ], [ -47.146529328999975, -14.029324860999964 ], [ -47.146296072999974, -14.029598834999945 ], [ -47.145977078999977, -14.030047518999936 ], [ -47.145832670999937, -14.030322057999967 ], [ -47.14579532099998, -14.030465253999978 ], [ -47.145792987999982, -14.030602263999981 ], [ -47.145825913999943, -14.030748991999928 ], [ -47.145905112999969, -14.030915458999971 ], [ -47.146035980999955, -14.031104690999939 ], [ -47.146284611999931, -14.03137772599996 ], [ -47.146522091999941, -14.031566551999958 ], [ -47.146980381999981, -14.031863385999941 ], [ -47.14717066999998, -14.032043051999949 ], [ -47.147262384999976, -14.032181937999951 ], [ -47.147346536999976, -14.032392998999967 ], [ -47.147377955999957, -14.032635975999938 ], [ -47.147364413999981, -14.03273206199998 ], [ -47.147343368999941, -14.032777700999929 ], [ -47.147255068999982, -14.032875987999944 ], [ -47.147182019999946, -14.032932570999947 ], [ -47.14688121699993, -14.033118952999928 ], [ -47.146549549999975, -14.033290698999963 ], [ -47.145283351999979, -14.033882620999975 ], [ -47.144570206999958, -14.034294050999961 ], [ -47.144364460999952, -14.034442084999966 ], [ -47.144199368999978, -14.034602770999982 ], [ -47.144064705999938, -14.034781347999967 ], [ -47.143971631999932, -14.034973381999976 ], [ -47.14394442899993, -14.035103294999942 ], [ -47.143941015999985, -14.035233627999958 ], [ -47.14398235799996, -14.035499017999939 ], [ -47.144066535999968, -14.03572300299993 ], [ -47.144407249999972, -14.03636281799993 ], [ -47.144485747999965, -14.036543206999966 ], [ -47.144549881999978, -14.036761405999982 ], [ -47.144588816999942, -14.037006665999968 ], [ -47.144602611999971, -14.037265432999959 ], [ -47.144579875999966, -14.037656181999978 ], [ -47.144413209999982, -14.038571771999955 ], [ -47.144381274999944, -14.038839438999958 ], [ -47.14436397299994, -14.039227338999979 ], [ -47.144380001999934, -14.039666178999937 ], [ -47.14439245899996, -14.039831070999981 ], [ -47.14444276699993, -14.040492078999932 ], [ -47.144513506999942, -14.040862750999963 ], [ -47.144559474999937, -14.040998608999928 ], [ -47.144589846999963, -14.041149064999956 ], [ -47.144630363999966, -14.041633409999974 ], [ -47.14462885699993, -14.041719900999965 ], [ -47.144709692999982, -14.042418950999945 ], [ -47.144666486999938, -14.042539878999946 ], [ -47.14454629599993, -14.043308035999928 ], [ -47.144441098999948, -14.043709005999972 ], [ -47.144057475999944, -14.044683180999982 ], [ -47.143666615999962, -14.045506785999976 ], [ -47.143558737999967, -14.045818862999965 ], [ -47.143500096999958, -14.046051435999971 ], [ -47.143441383999971, -14.046415214999968 ], [ -47.143423884999947, -14.046772122999926 ], [ -47.143445745999941, -14.047091812999952 ], [ -47.143555651999975, -14.04794060699993 ], [ -47.143564694999952, -14.048175921999928 ], [ -47.143547318999936, -14.048307643999976 ], [ -47.143505059999939, -14.048440852999931 ], [ -47.143371506999983, -14.048669662999941 ], [ -47.143115679999937, -14.048947270999975 ], [ -47.142694725999945, -14.049303424999948 ], [ -47.142130667999936, -14.049688228999969 ], [ -47.141738209999971, -14.049934247999943 ], [ -47.141412057999958, -14.050104675999933 ], [ -47.14074678299994, -14.050414651999972 ], [ -47.139609610999969, -14.050829295999961 ], [ -47.139177899999936, -14.051005174999943 ], [ -47.138901552999982, -14.051137296999968 ], [ -47.138716185999954, -14.05125921399997 ], [ -47.138684295999951, -14.051303502999929 ], [ -47.13860851499993, -14.051514900999962 ], [ -47.138569802999939, -14.051721362999956 ], [ -47.13858333099995, -14.052737825999941 ], [ -47.138560360999975, -14.053074359999982 ], [ -47.138519444999986, -14.053223008999964 ], [ -47.138396272999955, -14.053503864999982 ], [ -47.138269018999949, -14.053734062999979 ], [ -47.138107133999938, -14.053982640999948 ], [ -47.13781329699998, -14.05435437899996 ], [ -47.137476962999983, -14.054685106999955 ], [ -47.135400463999986, -14.05635271999995 ], [ -47.135060426999985, -14.056644259999928 ], [ -47.134828755999933, -14.056883694999954 ], [ -47.134471395999981, -14.057303342999944 ], [ -47.134226680999973, -14.057643376999977 ], [ -47.134053875999939, -14.057992532999947 ], [ -47.133963478999931, -14.058245355999929 ], [ -47.133879318999959, -14.058631499999933 ], [ -47.133855852999943, -14.058915266999975 ], [ -47.133855276999952, -14.059231994999948 ], [ -47.133885045999932, -14.059696649999978 ], [ -47.133932191999975, -14.060049010999933 ], [ -47.134090607999951, -14.060950696999953 ], [ -47.134185131999971, -14.062058706999949 ], [ -47.134182018999979, -14.062431029999971 ], [ -47.134131864999972, -14.063080100999969 ], [ -47.134063690999938, -14.063483361999943 ], [ -47.133984255999962, -14.06378045699995 ], [ -47.13393188699996, -14.063922157999968 ], [ -47.133801306999942, -14.064173890999939 ], [ -47.133565681999983, -14.064476795999951 ], [ -47.133398253999985, -14.064638039999977 ], [ -47.133213546999968, -14.064782629999968 ], [ -47.132538869999962, -14.065232102999971 ], [ -47.13236447099996, -14.065390426999954 ], [ -47.132183109999971, -14.065636282999947 ], [ -47.132103413999971, -14.065805786999931 ], [ -47.132055410999953, -14.06596931699994 ], [ -47.132041210999944, -14.066114746999972 ], [ -47.132049618999986, -14.066182896999976 ], [ -47.132109407999963, -14.066331737999974 ], [ -47.132417414999964, -14.066775767999957 ], [ -47.132569687999933, -14.067065570999944 ], [ -47.132616011999971, -14.067219681999973 ], [ -47.132621714999971, -14.067255685999953 ], [ -47.132640403999972, -14.06737434799993 ], [ -47.132644481999932, -14.067524405999961 ], [ -47.132630416999973, -14.067664411999942 ], [ -47.132600011999955, -14.067789201999972 ], [ -47.132554897999967, -14.067895054999951 ], [ -47.132422783999971, -14.068061678999982 ], [ -47.132237055999951, -14.068196336999961 ], [ -47.131568128999959, -14.068558467999935 ], [ -47.131406924999965, -14.068662727999936 ], [ -47.131093660999966, -14.068938937999974 ], [ -47.13085886999994, -14.06920288699996 ], [ -47.130631267999945, -14.06966313199996 ], [ -47.130332928999962, -14.070490605999964 ], [ -47.13025145499995, -14.070817899999952 ], [ -47.129981184999963, -14.072246492999966 ], [ -47.129863209999939, -14.072660496999958 ], [ -47.12975494899996, -14.072944200999927 ], [ -47.129552474999969, -14.073319732999948 ], [ -47.129415927999958, -14.073507992999964 ], [ -47.129308, -14.073628045999953 ], [ -47.129095080999946, -14.073795834999942 ], [ -47.128662614999939, -14.073990730999981 ], [ -47.128681484999959, -14.074193835999949 ], [ -47.128727795999964, -14.074416443999951 ], [ -47.128725242999963, -14.074610204999942 ], [ -47.128691097999933, -14.07479114299997 ], [ -47.12857805699997, -14.075108594999961 ], [ -47.12838464999993, -14.075504016999957 ], [ -47.128054705999944, -14.076069082999936 ], [ -47.127826078999931, -14.076419905999956 ], [ -47.127026518999969, -14.077571964999947 ], [ -47.12626013199997, -14.078898310999932 ], [ -47.125403243999983, -14.08041874099996 ], [ -47.125172612999961, -14.08092383099995 ], [ -47.125098717999947, -14.081130963999954 ], [ -47.125063522999938, -14.081278837999946 ], [ -47.125060518999931, -14.081394167999974 ], [ -47.125079581999955, -14.081513369999982 ], [ -47.125166164999939, -14.081776466999941 ], [ -47.125271406999957, -14.081935390999945 ], [ -47.125413827999978, -14.082040581999934 ], [ -47.125534708999965, -14.082079002999933 ], [ -47.125773463999963, -14.082090900999958 ], [ -47.126638508999974, -14.081989372999942 ], [ -47.126899546999937, -14.081978572999958 ], [ -47.127025949999961, -14.082003479999969 ], [ -47.127116770999976, -14.08205445599998 ], [ -47.127188442999966, -14.082126835999929 ], [ -47.127241463999951, -14.08222441199996 ], [ -47.127260855999964, -14.082358971999952 ], [ -47.127253580999934, -14.082442983999954 ], [ -47.127174144999969, -14.082731131999935 ], [ -47.127044149999961, -14.082997767999927 ], [ -47.126757295999937, -14.083429167999952 ], [ -47.126620942999978, -14.083678961999965 ], [ -47.126540587999955, -14.083888139999942 ], [ -47.126480317999949, -14.084117110999955 ], [ -47.126438617999952, -14.084471794999956 ], [ -47.126456993999966, -14.084946129999935 ], [ -47.126536061999957, -14.085416676999955 ], [ -47.126640432999977, -14.08576076199995 ], [ -47.127134014999967, -14.087116467999977 ], [ -47.127210034999962, -14.087325504999967 ], [ -47.126902607999966, -14.087576595999963 ], [ -47.126573489999942, -14.087752464999937 ], [ -47.126291295999977, -14.08789332799995 ], [ -47.125867042999971, -14.088000851999936 ], [ -47.125430335999965, -14.08803930199997 ], [ -47.12507630999994, -14.088077020999947 ], [ -47.124846250999951, -14.088107879999939 ], [ -47.124587037999959, -14.08817935299993 ], [ -47.124387202999969, -14.088284893999969 ], [ -47.124293457999954, -14.088366436999934 ], [ -47.12421269999993, -14.088574702999949 ], [ -47.124179507999941, -14.088817140999936 ], [ -47.124158234999982, -14.089071004999937 ], [ -47.124101633999942, -14.08933671099993 ], [ -47.124032366999984, -14.089510283999971 ], [ -47.123904574999983, -14.089742025999954 ], [ -47.123682609999946, -14.090009191999968 ], [ -47.123424782999962, -14.09023055199998 ], [ -47.123131626999964, -14.090463753999927 ], [ -47.122767919999944, -14.090732169999967 ], [ -47.122440393999966, -14.091080981999937 ], [ -47.12222991799996, -14.091313452999941 ], [ -47.121535069999936, -14.092178621999949 ], [ -47.121137415999954, -14.092608765999955 ], [ -47.12066974399994, -14.093131772999982 ], [ -47.120143970999948, -14.09375906899993 ], [ -47.119675653999934, -14.094212894999941 ], [ -47.119505500999935, -14.09433546799994 ], [ -47.119293952999953, -14.09445263899994 ], [ -47.118940767999959, -14.09458258899997 ], [ -47.118410721999965, -14.094748688999971 ], [ -47.118092545999957, -14.094832206999968 ], [ -47.117645182999979, -14.094997575999969 ], [ -47.117210056999966, -14.095208960999969 ], [ -47.116846334999934, -14.095477369999969 ], [ -47.116542417999938, -14.095825967999929 ], [ -47.11626191199997, -14.096151297999938 ], [ -47.116086114999973, -14.096302744999946 ], [ -47.115874669999982, -14.096431443999961 ], [ -47.115704192999942, -14.09651942499994 ], [ -47.115445178999948, -14.096613949999949 ], [ -47.11517424699997, -14.096697047999953 ], [ -47.114914806999934, -14.096745452999926 ], [ -47.114749543999949, -14.096758436999949 ], [ -47.114501170999972, -14.096726028999967 ], [ -47.114404861999958, -14.096652839999933 ] ] ] } }
]
}
