{"type": "FeatureCollection", "name": "nascentes_alto", "crs": {"type": "name", "properties": {"name": "urn:ogc:def:crs:OGC:1.3:CRS84"}}, "features": [{"type": "Feature", "properties": {"fid_1": 5569, "GEOCODIGO": 5200605.0, "MUNICIPIO": "ALTO PARAÍSO DE GOIÁS", "UF": "GO", "CD_UF": 52.0, "HIDRO": "nascente"}, "geometry": {"type": "Point", "coordinates": [-47.9283030605449, -14.180724372086242]}}, {"type": "Feature", "properties": {"fid_1": 5570, "GEOCODIGO": 5200605.0, "MUNICIPIO": "ALTO PARAÍSO DE GOIÁS", "UF": "GO", "CD_UF": 52.0, "HIDRO": "nascente"}, "geometry": {"type": "Point", "coordinates": [-47.9278546412918, -14.184923761721505]}}, {"type": "Feature", "properties": {"fid_1": 5571, "GEOCODIGO": 5200605.0, "MUNICIPIO": "ALTO PARAÍSO DE GOIÁS", "UF": "GO", "CD_UF": 52.0, "HIDRO": "nascente"}, "geometry": {"type": "Point", "coordinates": [-47.92214817554675, -14.194025274742378]}}, {"type": "Feature", "properties": {"fid_1": 5572, "GEOCODIGO": 5200605.0, "MUNICIPIO": "ALTO PARAÍSO DE GOIÁS", "UF": "GO", "CD_UF": 52.0, "HIDRO": "nascente"}, "geometry": {"type": "Point", "coordinates": [-47.913631222951665, -14.175838889958799]}}, {"type": "Feature", "properties": {"fid_1": 5573, "GEOCODIGO": 5200605.0, "MUNICIPIO": "ALTO PARAÍSO DE GOIÁS", "UF": "GO", "CD_UF": 52.0, "HIDRO": "nascente"}, "geometry": {"type": "Point", "coordinates": [-47.910256242372036, -14.189666930205469]}}, {"type": "Feature", "properties": {"fid_1": 5574, "GEOCODIGO": 5200605.0, "MUNICIPIO": "ALTO PARAÍSO DE GOIÁS", "UF": "GO", "CD_UF": 52.0, "HIDRO": "nascente"}, "geometry": {"type": "Point", "coordinates": [-47.89966597733694, -14.194069511417888]}}, {"type": "Feature", "properties": {"fid_1": 5575, "GEOCODIGO": 5200605.0, "MUNICIPIO": "ALTO PARAÍSO DE GOIÁS", "UF": "GO", "CD_UF": 52.0, "HIDRO": "nascente"}, "geometry": {"type": "Point", "coordinates": [-47.89519172555241, -14.235685379451965]}}, {"type": "Feature", "properties": {"fid_1": 5576, "GEOCODIGO": 5200605.0, "MUNICIPIO": "ALTO PARAÍSO DE GOIÁS", "UF": "GO", "CD_UF": 52.0, "HIDRO": "nascente"}, "geometry": {"type": "Point", "coordinates": [-47.89293476326713, -14.187028387489631]}}, {"type": "Feature", "properties": {"fid_1": 5577, "GEOCODIGO": 5200605.0, "MUNICIPIO": "ALTO PARAÍSO DE GOIÁS", "UF": "GO", "CD_UF": 52.0, "HIDRO": "nascente"}, "geometry": {"type": "Point", "coordinates": [-47.89096299980841, -14.252419247464882]}}, {"type": "Feature", "properties": {"fid_1": 5578, "GEOCODIGO": 5200605.0, "MUNICIPIO": "ALTO PARAÍSO DE GOIÁS", "UF": "GO", "CD_UF": 52.0, "HIDRO": "nascente"}, "geometry": {"type": "Point", "coordinates": [-47.89020172133896, -14.212821422738582]}}, {"type": "Feature", "properties": {"fid_1": 5579, "GEOCODIGO": 5200605.0, "MUNICIPIO": "ALTO PARAÍSO DE GOIÁS", "UF": "GO", "CD_UF": 52.0, "HIDRO": "nascente"}, "geometry": {"type": "Point", "coordinates": [-47.88819003181347, -14.224699428707682]}}, {"type": "Feature", "properties": {"fid_1": 5580, "GEOCODIGO": 5200605.0, "MUNICIPIO": "ALTO PARAÍSO DE GOIÁS", "UF": "GO", "CD_UF": 52.0, "HIDRO": "nascente"}, "geometry": {"type": "Point", "coordinates": [-47.887692863469915, -14.21718489030525]}}, {"type": "Feature", "properties": {"fid_1": 5581, "GEOCODIGO": 5200605.0, "MUNICIPIO": "ALTO PARAÍSO DE GOIÁS", "UF": "GO", "CD_UF": 52.0, "HIDRO": "nascente"}, "geometry": {"type": "Point", "coordinates": [-47.88541855664324, -14.256599625382105]}}, {"type": "Feature", "properties": {"fid_1": 5582, "GEOCODIGO": 5200605.0, "MUNICIPIO": "ALTO PARAÍSO DE GOIÁS", "UF": "GO", "CD_UF": 52.0, "HIDRO": "nascente"}, "geometry": {"type": "Point", "coordinates": [-47.88448254001399, -14.192778791436467]}}, {"type": "Feature", "properties": {"fid_1": 5583, "GEOCODIGO": 5200605.0, "MUNICIPIO": "ALTO PARAÍSO DE GOIÁS", "UF": "GO", "CD_UF": 52.0, "HIDRO": "nascente"}, "geometry": {"type": "Point", "coordinates": [-47.88437738827027, -14.201755265255256]}}, {"type": "Feature", "properties": {"fid_1": 5584, "GEOCODIGO": 5200605.0, "MUNICIPIO": "ALTO PARAÍSO DE GOIÁS", "UF": "GO", "CD_UF": 52.0, "HIDRO": "nascente"}, "geometry": {"type": "Point", "coordinates": [-47.882257158049285, -14.22065001524633]}}, {"type": "Feature", "properties": {"fid_1": 5585, "GEOCODIGO": 5200605.0, "MUNICIPIO": "ALTO PARAÍSO DE GOIÁS", "UF": "GO", "CD_UF": 52.0, "HIDRO": "nascente"}, "geometry": {"type": "Point", "coordinates": [-47.88231325773205, -14.261528519712206]}}, {"type": "Feature", "properties": {"fid_1": 5586, "GEOCODIGO": 5200605.0, "MUNICIPIO": "ALTO PARAÍSO DE GOIÁS", "UF": "GO", "CD_UF": 52.0, "HIDRO": "nascente"}, "geometry": {"type": "Point", "coordinates": [-47.87887236426485, -14.199013128785143]}}, {"type": "Feature", "properties": {"fid_1": 5587, "GEOCODIGO": 5200605.0, "MUNICIPIO": "ALTO PARAÍSO DE GOIÁS", "UF": "GO", "CD_UF": 52.0, "HIDRO": "nascente"}, "geometry": {"type": "Point", "coordinates": [-47.87430527012044, -14.269168603154904]}}, {"type": "Feature", "properties": {"fid_1": 5588, "GEOCODIGO": 5200605.0, "MUNICIPIO": "ALTO PARAÍSO DE GOIÁS", "UF": "GO", "CD_UF": 52.0, "HIDRO": "nascente"}, "geometry": {"type": "Point", "coordinates": [-47.87169756628403, -14.280602323119124]}}, {"type": "Feature", "properties": {"fid_1": 5589, "GEOCODIGO": 5200605.0, "MUNICIPIO": "ALTO PARAÍSO DE GOIÁS", "UF": "GO", "CD_UF": 52.0, "HIDRO": "nascente"}, "geometry": {"type": "Point", "coordinates": [-47.86969179239215, -14.283920760592483]}}, {"type": "Feature", "properties": {"fid_1": 5590, "GEOCODIGO": 5200605.0, "MUNICIPIO": "ALTO PARAÍSO DE GOIÁS", "UF": "GO", "CD_UF": 52.0, "HIDRO": "nascente"}, "geometry": {"type": "Point", "coordinates": [-47.86906306274556, -14.247672043621208]}}, {"type": "Feature", "properties": {"fid_1": 5591, "GEOCODIGO": 5200605.0, "MUNICIPIO": "ALTO PARAÍSO DE GOIÁS", "UF": "GO", "CD_UF": 52.0, "HIDRO": "nascente"}, "geometry": {"type": "Point", "coordinates": [-47.8685633376407, -14.211965463601503]}}, {"type": "Feature", "properties": {"fid_1": 5592, "GEOCODIGO": 5200605.0, "MUNICIPIO": "ALTO PARAÍSO DE GOIÁS", "UF": "GO", "CD_UF": 52.0, "HIDRO": "nascente"}, "geometry": {"type": "Point", "coordinates": [-47.864827561496256, -14.271811289236707]}}, {"type": "Feature", "properties": {"fid_1": 5593, "GEOCODIGO": 5200605.0, "MUNICIPIO": "ALTO PARAÍSO DE GOIÁS", "UF": "GO", "CD_UF": 52.0, "HIDRO": "nascente"}, "geometry": {"type": "Point", "coordinates": [-47.86500611355384, -14.289688567359047]}}, {"type": "Feature", "properties": {"fid_1": 5594, "GEOCODIGO": 5200605.0, "MUNICIPIO": "ALTO PARAÍSO DE GOIÁS", "UF": "GO", "CD_UF": 52.0, "HIDRO": "nascente"}, "geometry": {"type": "Point", "coordinates": [-47.864146583127784, -14.240821322885068]}}, {"type": "Feature", "properties": {"fid_1": 5595, "GEOCODIGO": 5200605.0, "MUNICIPIO": "ALTO PARAÍSO DE GOIÁS", "UF": "GO", "CD_UF": 52.0, "HIDRO": "nascente"}, "geometry": {"type": "Point", "coordinates": [-47.86180379443317, -14.21197236405671]}}, {"type": "Feature", "properties": {"fid_1": 5596, "GEOCODIGO": 5200605.0, "MUNICIPIO": "ALTO PARAÍSO DE GOIÁS", "UF": "GO", "CD_UF": 52.0, "HIDRO": "nascente"}, "geometry": {"type": "Point", "coordinates": [-47.860519263437254, -14.275260572316354]}}, {"type": "Feature", "properties": {"fid_1": 5597, "GEOCODIGO": 5200605.0, "MUNICIPIO": "ALTO PARAÍSO DE GOIÁS", "UF": "GO", "CD_UF": 52.0, "HIDRO": "nascente"}, "geometry": {"type": "Point", "coordinates": [-47.86004221459331, -14.249433672879567]}}, {"type": "Feature", "properties": {"fid_1": 5598, "GEOCODIGO": 5200605.0, "MUNICIPIO": "ALTO PARAÍSO DE GOIÁS", "UF": "GO", "CD_UF": 52.0, "HIDRO": "nascente"}, "geometry": {"type": "Point", "coordinates": [-47.858986576028066, -14.23845985998012]}}, {"type": "Feature", "properties": {"fid_1": 5599, "GEOCODIGO": 5200605.0, "MUNICIPIO": "ALTO PARAÍSO DE GOIÁS", "UF": "GO", "CD_UF": 52.0, "HIDRO": "nascente"}, "geometry": {"type": "Point", "coordinates": [-47.857966180982125, -14.199020575326953]}}, {"type": "Feature", "properties": {"fid_1": 5600, "GEOCODIGO": 5200605.0, "MUNICIPIO": "ALTO PARAÍSO DE GOIÁS", "UF": "GO", "CD_UF": 52.0, "HIDRO": "nascente"}, "geometry": {"type": "Point", "coordinates": [-47.85764368534329, -14.21158826335626]}}, {"type": "Feature", "properties": {"fid_1": 5601, "GEOCODIGO": 5200605.0, "MUNICIPIO": "ALTO PARAÍSO DE GOIÁS", "UF": "GO", "CD_UF": 52.0, "HIDRO": "nascente"}, "geometry": {"type": "Point", "coordinates": [-47.85721563664423, -14.286145387888276]}}, {"type": "Feature", "properties": {"fid_1": 5602, "GEOCODIGO": 5200605.0, "MUNICIPIO": "ALTO PARAÍSO DE GOIÁS", "UF": "GO", "CD_UF": 52.0, "HIDRO": "nascente"}, "geometry": {"type": "Point", "coordinates": [-47.85612938049668, -14.280458709868629]}}, {"type": "Feature", "properties": {"fid_1": 5603, "GEOCODIGO": 5200605.0, "MUNICIPIO": "ALTO PARAÍSO DE GOIÁS", "UF": "GO", "CD_UF": 52.0, "HIDRO": "nascente"}, "geometry": {"type": "Point", "coordinates": [-47.852201124513805, -14.240281728920975]}}, {"type": "Feature", "properties": {"fid_1": 5604, "GEOCODIGO": 5200605.0, "MUNICIPIO": "ALTO PARAÍSO DE GOIÁS", "UF": "GO", "CD_UF": 52.0, "HIDRO": "nascente"}, "geometry": {"type": "Point", "coordinates": [-47.85257218966854, -14.288855364362842]}}, {"type": "Feature", "properties": {"fid_1": 5605, "GEOCODIGO": 5200605.0, "MUNICIPIO": "ALTO PARAÍSO DE GOIÁS", "UF": "GO", "CD_UF": 52.0, "HIDRO": "nascente"}, "geometry": {"type": "Point", "coordinates": [-47.851962290142374, -14.278432588587998]}}, {"type": "Feature", "properties": {"fid_1": 5606, "GEOCODIGO": 5200605.0, "MUNICIPIO": "ALTO PARAÍSO DE GOIÁS", "UF": "GO", "CD_UF": 52.0, "HIDRO": "nascente"}, "geometry": {"type": "Point", "coordinates": [-47.85098871785227, -14.23233383803702]}}, {"type": "Feature", "properties": {"fid_1": 5607, "GEOCODIGO": 5200605.0, "MUNICIPIO": "ALTO PARAÍSO DE GOIÁS", "UF": "GO", "CD_UF": 52.0, "HIDRO": "nascente"}, "geometry": {"type": "Point", "coordinates": [-47.85024227261239, -14.222576367764717]}}, {"type": "Feature", "properties": {"fid_1": 5608, "GEOCODIGO": 5200605.0, "MUNICIPIO": "ALTO PARAÍSO DE GOIÁS", "UF": "GO", "CD_UF": 52.0, "HIDRO": "nascente"}, "geometry": {"type": "Point", "coordinates": [-47.84935798545668, -14.229827632059978]}}, {"type": "Feature", "properties": {"fid_1": 5609, "GEOCODIGO": 5200605.0, "MUNICIPIO": "ALTO PARAÍSO DE GOIÁS", "UF": "GO", "CD_UF": 52.0, "HIDRO": "nascente"}, "geometry": {"type": "Point", "coordinates": [-47.84826695845284, -14.241376558405195]}}, {"type": "Feature", "properties": {"fid_1": 5610, "GEOCODIGO": 5200605.0, "MUNICIPIO": "ALTO PARAÍSO DE GOIÁS", "UF": "GO", "CD_UF": 52.0, "HIDRO": "nascente"}, "geometry": {"type": "Point", "coordinates": [-47.84603394646725, -14.192169974398658]}}, {"type": "Feature", "properties": {"fid_1": 5611, "GEOCODIGO": 5200605.0, "MUNICIPIO": "ALTO PARAÍSO DE GOIÁS", "UF": "GO", "CD_UF": 52.0, "HIDRO": "nascente"}, "geometry": {"type": "Point", "coordinates": [-47.846116395055304, -14.276025801259303]}}, {"type": "Feature", "properties": {"fid_1": 5612, "GEOCODIGO": 5200605.0, "MUNICIPIO": "ALTO PARAÍSO DE GOIÁS", "UF": "GO", "CD_UF": 52.0, "HIDRO": "nascente"}, "geometry": {"type": "Point", "coordinates": [-47.8455640634746, -14.287737309173055]}}, {"type": "Feature", "properties": {"fid_1": 5613, "GEOCODIGO": 5200605.0, "MUNICIPIO": "ALTO PARAÍSO DE GOIÁS", "UF": "GO", "CD_UF": 52.0, "HIDRO": "nascente"}, "geometry": {"type": "Point", "coordinates": [-47.844088495442435, -14.188359966585372]}}, {"type": "Feature", "properties": {"fid_1": 5614, "GEOCODIGO": 5200605.0, "MUNICIPIO": "ALTO PARAÍSO DE GOIÁS", "UF": "GO", "CD_UF": 52.0, "HIDRO": "nascente"}, "geometry": {"type": "Point", "coordinates": [-47.84463361008049, -14.234925708789868]}}, {"type": "Feature", "properties": {"fid_1": 5615, "GEOCODIGO": 5200605.0, "MUNICIPIO": "ALTO PARAÍSO DE GOIÁS", "UF": "GO", "CD_UF": 52.0, "HIDRO": "nascente"}, "geometry": {"type": "Point", "coordinates": [-47.84302919399407, -14.1714884024478]}}, {"type": "Feature", "properties": {"fid_1": 5616, "GEOCODIGO": 5200605.0, "MUNICIPIO": "ALTO PARAÍSO DE GOIÁS", "UF": "GO", "CD_UF": 52.0, "HIDRO": "nascente"}, "geometry": {"type": "Point", "coordinates": [-47.844523586434974, -14.299095633147166]}}, {"type": "Feature", "properties": {"fid_1": 5617, "GEOCODIGO": 5200605.0, "MUNICIPIO": "ALTO PARAÍSO DE GOIÁS", "UF": "GO", "CD_UF": 52.0, "HIDRO": "nascente"}, "geometry": {"type": "Point", "coordinates": [-47.842795802873354, -14.179856785520023]}}, {"type": "Feature", "properties": {"fid_1": 5618, "GEOCODIGO": 5200605.0, "MUNICIPIO": "ALTO PARAÍSO DE GOIÁS", "UF": "GO", "CD_UF": 52.0, "HIDRO": "nascente"}, "geometry": {"type": "Point", "coordinates": [-47.84304810143306, -14.229170879370432]}}, {"type": "Feature", "properties": {"fid_1": 5619, "GEOCODIGO": 5200605.0, "MUNICIPIO": "ALTO PARAÍSO DE GOIÁS", "UF": "GO", "CD_UF": 52.0, "HIDRO": "nascente"}, "geometry": {"type": "Point", "coordinates": [-47.841085487470586, -14.167563753480907]}}, {"type": "Feature", "properties": {"fid_1": 5620, "GEOCODIGO": 5200605.0, "MUNICIPIO": "ALTO PARAÍSO DE GOIÁS", "UF": "GO", "CD_UF": 52.0, "HIDRO": "nascente"}, "geometry": {"type": "Point", "coordinates": [-47.842437416180104, -14.294098601569996]}}, {"type": "Feature", "properties": {"fid_1": 5621, "GEOCODIGO": 5200605.0, "MUNICIPIO": "ALTO PARAÍSO DE GOIÁS", "UF": "GO", "CD_UF": 52.0, "HIDRO": "nascente"}, "geometry": {"type": "Point", "coordinates": [-47.84085768673615, -14.224650386657723]}}, {"type": "Feature", "properties": {"fid_1": 5622, "GEOCODIGO": 5200605.0, "MUNICIPIO": "ALTO PARAÍSO DE GOIÁS", "UF": "GO", "CD_UF": 52.0, "HIDRO": "nascente"}, "geometry": {"type": "Point", "coordinates": [-47.840993393519646, -14.23602431532466]}}, {"type": "Feature", "properties": {"fid_1": 5623, "GEOCODIGO": 5200605.0, "MUNICIPIO": "ALTO PARAÍSO DE GOIÁS", "UF": "GO", "CD_UF": 52.0, "HIDRO": "nascente"}, "geometry": {"type": "Point", "coordinates": [-47.84045016142308, -14.26798327427045]}}, {"type": "Feature", "properties": {"fid_1": 5624, "GEOCODIGO": 5200605.0, "MUNICIPIO": "ALTO PARAÍSO DE GOIÁS", "UF": "GO", "CD_UF": 52.0, "HIDRO": "nascente"}, "geometry": {"type": "Point", "coordinates": [-47.83830606977499, -14.186199862192112]}}, {"type": "Feature", "properties": {"fid_1": 5625, "GEOCODIGO": 5200605.0, "MUNICIPIO": "ALTO PARAÍSO DE GOIÁS", "UF": "GO", "CD_UF": 52.0, "HIDRO": "nascente"}, "geometry": {"type": "Point", "coordinates": [-47.83626257275709, -14.216944444783868]}}, {"type": "Feature", "properties": {"fid_1": 5626, "GEOCODIGO": 5200605.0, "MUNICIPIO": "ALTO PARAÍSO DE GOIÁS", "UF": "GO", "CD_UF": 52.0, "HIDRO": "nascente"}, "geometry": {"type": "Point", "coordinates": [-47.83405109100213, -14.213952675548844]}}, {"type": "Feature", "properties": {"fid_1": 5627, "GEOCODIGO": 5200605.0, "MUNICIPIO": "ALTO PARAÍSO DE GOIÁS", "UF": "GO", "CD_UF": 52.0, "HIDRO": "nascente"}, "geometry": {"type": "Point", "coordinates": [-47.83444656657479, -14.266374525376863]}}, {"type": "Feature", "properties": {"fid_1": 5628, "GEOCODIGO": 5200605.0, "MUNICIPIO": "ALTO PARAÍSO DE GOIÁS", "UF": "GO", "CD_UF": 52.0, "HIDRO": "nascente"}, "geometry": {"type": "Point", "coordinates": [-47.8337675225057, -14.234303962888303]}}, {"type": "Feature", "properties": {"fid_1": 5629, "GEOCODIGO": 5200605.0, "MUNICIPIO": "ALTO PARAÍSO DE GOIÁS", "UF": "GO", "CD_UF": 52.0, "HIDRO": "nascente"}, "geometry": {"type": "Point", "coordinates": [-47.831309481671994, -14.182189241178454]}}, {"type": "Feature", "properties": {"fid_1": 5630, "GEOCODIGO": 5200605.0, "MUNICIPIO": "ALTO PARAÍSO DE GOIÁS", "UF": "GO", "CD_UF": 52.0, "HIDRO": "nascente"}, "geometry": {"type": "Point", "coordinates": [-47.83202110265578, -14.318104975172742]}}, {"type": "Feature", "properties": {"fid_1": 5631, "GEOCODIGO": 5200605.0, "MUNICIPIO": "ALTO PARAÍSO DE GOIÁS", "UF": "GO", "CD_UF": 52.0, "HIDRO": "nascente"}, "geometry": {"type": "Point", "coordinates": [-47.83104651073383, -14.253762748722636]}}, {"type": "Feature", "properties": {"fid_1": 5632, "GEOCODIGO": 5200605.0, "MUNICIPIO": "ALTO PARAÍSO DE GOIÁS", "UF": "GO", "CD_UF": 52.0, "HIDRO": "nascente"}, "geometry": {"type": "Point", "coordinates": [-47.82957466344555, -14.18015944326368]}}, {"type": "Feature", "properties": {"fid_1": 5633, "GEOCODIGO": 5200605.0, "MUNICIPIO": "ALTO PARAÍSO DE GOIÁS", "UF": "GO", "CD_UF": 52.0, "HIDRO": "nascente"}, "geometry": {"type": "Point", "coordinates": [-47.82837846328468, -14.248375731287762]}}, {"type": "Feature", "properties": {"fid_1": 5634, "GEOCODIGO": 5200605.0, "MUNICIPIO": "ALTO PARAÍSO DE GOIÁS", "UF": "GO", "CD_UF": 52.0, "HIDRO": "nascente"}, "geometry": {"type": "Point", "coordinates": [-47.827912671644775, -14.211577748763089]}}, {"type": "Feature", "properties": {"fid_1": 5635, "GEOCODIGO": 5200605.0, "MUNICIPIO": "ALTO PARAÍSO DE GOIÁS", "UF": "GO", "CD_UF": 52.0, "HIDRO": "nascente"}, "geometry": {"type": "Point", "coordinates": [-47.828973042609796, -14.310833989196581]}}, {"type": "Feature", "properties": {"fid_1": 5636, "GEOCODIGO": 5200605.0, "MUNICIPIO": "ALTO PARAÍSO DE GOIÁS", "UF": "GO", "CD_UF": 52.0, "HIDRO": "nascente"}, "geometry": {"type": "Point", "coordinates": [-47.82909217290834, -14.324277437902031]}}, {"type": "Feature", "properties": {"fid_1": 5637, "GEOCODIGO": 5200605.0, "MUNICIPIO": "ALTO PARAÍSO DE GOIÁS", "UF": "GO", "CD_UF": 52.0, "HIDRO": "nascente"}, "geometry": {"type": "Point", "coordinates": [-47.82755965039766, -14.306801480684227]}}, {"type": "Feature", "properties": {"fid_1": 5638, "GEOCODIGO": 5200605.0, "MUNICIPIO": "ALTO PARAÍSO DE GOIÁS", "UF": "GO", "CD_UF": 52.0, "HIDRO": "nascente"}, "geometry": {"type": "Point", "coordinates": [-47.8252643487059, -14.257364963015698]}}, {"type": "Feature", "properties": {"fid_1": 5639, "GEOCODIGO": 5200605.0, "MUNICIPIO": "ALTO PARAÍSO DE GOIÁS", "UF": "GO", "CD_UF": 52.0, "HIDRO": "nascente"}, "geometry": {"type": "Point", "coordinates": [-47.82483906233175, -14.335533607122604]}}, {"type": "Feature", "properties": {"fid_1": 5640, "GEOCODIGO": 5200605.0, "MUNICIPIO": "ALTO PARAÍSO DE GOIÁS", "UF": "GO", "CD_UF": 52.0, "HIDRO": "nascente"}, "geometry": {"type": "Point", "coordinates": [-47.8234254564705, -14.245251787161646]}}, {"type": "Feature", "properties": {"fid_1": 5641, "GEOCODIGO": 5200605.0, "MUNICIPIO": "ALTO PARAÍSO DE GOIÁS", "UF": "GO", "CD_UF": 52.0, "HIDRO": "nascente"}, "geometry": {"type": "Point", "coordinates": [-47.82214500258564, -14.256224413751667]}}, {"type": "Feature", "properties": {"fid_1": 5642, "GEOCODIGO": 5200605.0, "MUNICIPIO": "ALTO PARAÍSO DE GOIÁS", "UF": "GO", "CD_UF": 52.0, "HIDRO": "nascente"}, "geometry": {"type": "Point", "coordinates": [-47.82192775212473, -14.303094832773414]}}, {"type": "Feature", "properties": {"fid_1": 5643, "GEOCODIGO": 5200605.0, "MUNICIPIO": "ALTO PARAÍSO DE GOIÁS", "UF": "GO", "CD_UF": 52.0, "HIDRO": "nascente"}, "geometry": {"type": "Point", "coordinates": [-47.819357974090025, -14.206877048053537]}}, {"type": "Feature", "properties": {"fid_1": 5644, "GEOCODIGO": 5200605.0, "MUNICIPIO": "ALTO PARAÍSO DE GOIÁS", "UF": "GO", "CD_UF": 52.0, "HIDRO": "nascente"}, "geometry": {"type": "Point", "coordinates": [-47.81828023618319, -14.159464173764803]}}, {"type": "Feature", "properties": {"fid_1": 5645, "GEOCODIGO": 5200605.0, "MUNICIPIO": "ALTO PARAÍSO DE GOIÁS", "UF": "GO", "CD_UF": 52.0, "HIDRO": "nascente"}, "geometry": {"type": "Point", "coordinates": [-47.81852083299316, -14.179152779142154]}}, {"type": "Feature", "properties": {"fid_1": 5646, "GEOCODIGO": 5200605.0, "MUNICIPIO": "ALTO PARAÍSO DE GOIÁS", "UF": "GO", "CD_UF": 52.0, "HIDRO": "nascente"}, "geometry": {"type": "Point", "coordinates": [-47.81939658490936, -14.294938190643139]}}, {"type": "Feature", "properties": {"fid_1": 5647, "GEOCODIGO": 5200605.0, "MUNICIPIO": "ALTO PARAÍSO DE GOIÁS", "UF": "GO", "CD_UF": 52.0, "HIDRO": "nascente"}, "geometry": {"type": "Point", "coordinates": [-47.81901942147593, -14.322709180276147]}}, {"type": "Feature", "properties": {"fid_1": 5648, "GEOCODIGO": 5200605.0, "MUNICIPIO": "ALTO PARAÍSO DE GOIÁS", "UF": "GO", "CD_UF": 52.0, "HIDRO": "nascente"}, "geometry": {"type": "Point", "coordinates": [-47.817152164742176, -14.23847879059157]}}, {"type": "Feature", "properties": {"fid_1": 5649, "GEOCODIGO": 5200605.0, "MUNICIPIO": "ALTO PARAÍSO DE GOIÁS", "UF": "GO", "CD_UF": 52.0, "HIDRO": "nascente"}, "geometry": {"type": "Point", "coordinates": [-47.81797372459829, -14.309985442445814]}}, {"type": "Feature", "properties": {"fid_1": 5650, "GEOCODIGO": 5200605.0, "MUNICIPIO": "ALTO PARAÍSO DE GOIÁS", "UF": "GO", "CD_UF": 52.0, "HIDRO": "nascente"}, "geometry": {"type": "Point", "coordinates": [-47.81648206291248, -14.247834931656541]}}, {"type": "Feature", "properties": {"fid_1": 5651, "GEOCODIGO": 5200605.0, "MUNICIPIO": "ALTO PARAÍSO DE GOIÁS", "UF": "GO", "CD_UF": 52.0, "HIDRO": "nascente"}, "geometry": {"type": "Point", "coordinates": [-47.81505404468851, -14.164354751963591]}}, {"type": "Feature", "properties": {"fid_1": 5652, "GEOCODIGO": 5200605.0, "MUNICIPIO": "ALTO PARAÍSO DE GOIÁS", "UF": "GO", "CD_UF": 52.0, "HIDRO": "nascente"}, "geometry": {"type": "Point", "coordinates": [-47.81443161500917, -14.26128176520501]}}, {"type": "Feature", "properties": {"fid_1": 5653, "GEOCODIGO": 5200605.0, "MUNICIPIO": "ALTO PARAÍSO DE GOIÁS", "UF": "GO", "CD_UF": 52.0, "HIDRO": "nascente"}, "geometry": {"type": "Point", "coordinates": [-47.81520455635606, -14.337602299046079]}}, {"type": "Feature", "properties": {"fid_1": 5654, "GEOCODIGO": 5200605.0, "MUNICIPIO": "ALTO PARAÍSO DE GOIÁS", "UF": "GO", "CD_UF": 52.0, "HIDRO": "nascente"}, "geometry": {"type": "Point", "coordinates": [-47.814958192617105, -14.332688657134]}}, {"type": "Feature", "properties": {"fid_1": 5655, "GEOCODIGO": 5200605.0, "MUNICIPIO": "ALTO PARAÍSO DE GOIÁS", "UF": "GO", "CD_UF": 52.0, "HIDRO": "nascente"}, "geometry": {"type": "Point", "coordinates": [-47.814339541158596, -14.343324357188544]}}, {"type": "Feature", "properties": {"fid_1": 5656, "GEOCODIGO": 5200605.0, "MUNICIPIO": "ALTO PARAÍSO DE GOIÁS", "UF": "GO", "CD_UF": 52.0, "HIDRO": "nascente"}, "geometry": {"type": "Point", "coordinates": [-47.81249066892919, -14.228573689117267]}}, {"type": "Feature", "properties": {"fid_1": 5657, "GEOCODIGO": 5200605.0, "MUNICIPIO": "ALTO PARAÍSO DE GOIÁS", "UF": "GO", "CD_UF": 52.0, "HIDRO": "nascente"}, "geometry": {"type": "Point", "coordinates": [-47.81091116839888, -14.20848462637942]}}, {"type": "Feature", "properties": {"fid_1": 5658, "GEOCODIGO": 5200605.0, "MUNICIPIO": "ALTO PARAÍSO DE GOIÁS", "UF": "GO", "CD_UF": 52.0, "HIDRO": "nascente"}, "geometry": {"type": "Point", "coordinates": [-47.810597446824666, -14.223865880169674]}}, {"type": "Feature", "properties": {"fid_1": 5659, "GEOCODIGO": 5200605.0, "MUNICIPIO": "ALTO PARAÍSO DE GOIÁS", "UF": "GO", "CD_UF": 52.0, "HIDRO": "nascente"}, "geometry": {"type": "Point", "coordinates": [-47.81111855317724, -14.306166599379816]}}, {"type": "Feature", "properties": {"fid_1": 5660, "GEOCODIGO": 5200605.0, "MUNICIPIO": "ALTO PARAÍSO DE GOIÁS", "UF": "GO", "CD_UF": 52.0, "HIDRO": "nascente"}, "geometry": {"type": "Point", "coordinates": [-47.807815039247224, -14.16826966754636]}}, {"type": "Feature", "properties": {"fid_1": 5661, "GEOCODIGO": 5200605.0, "MUNICIPIO": "ALTO PARAÍSO DE GOIÁS", "UF": "GO", "CD_UF": 52.0, "HIDRO": "nascente"}, "geometry": {"type": "Point", "coordinates": [-47.808346767926736, -14.272428768003001]}}, {"type": "Feature", "properties": {"fid_1": 5662, "GEOCODIGO": 5200605.0, "MUNICIPIO": "ALTO PARAÍSO DE GOIÁS", "UF": "GO", "CD_UF": 52.0, "HIDRO": "nascente"}, "geometry": {"type": "Point", "coordinates": [-47.806912933965954, -14.235092880271875]}}, {"type": "Feature", "properties": {"fid_1": 5663, "GEOCODIGO": 5200605.0, "MUNICIPIO": "ALTO PARAÍSO DE GOIÁS", "UF": "GO", "CD_UF": 52.0, "HIDRO": "nascente"}, "geometry": {"type": "Point", "coordinates": [-47.80411395242386, -14.15560622204015]}}, {"type": "Feature", "properties": {"fid_1": 5664, "GEOCODIGO": 5200605.0, "MUNICIPIO": "ALTO PARAÍSO DE GOIÁS", "UF": "GO", "CD_UF": 52.0, "HIDRO": "nascente"}, "geometry": {"type": "Point", "coordinates": [-47.80468417689336, -14.285471476750477]}}, {"type": "Feature", "properties": {"fid_1": 5665, "GEOCODIGO": 5200605.0, "MUNICIPIO": "ALTO PARAÍSO DE GOIÁS", "UF": "GO", "CD_UF": 52.0, "HIDRO": "nascente"}, "geometry": {"type": "Point", "coordinates": [-47.805463738213234, -14.366341607069673]}}, {"type": "Feature", "properties": {"fid_1": 5666, "GEOCODIGO": 5200605.0, "MUNICIPIO": "ALTO PARAÍSO DE GOIÁS", "UF": "GO", "CD_UF": 52.0, "HIDRO": "nascente"}, "geometry": {"type": "Point", "coordinates": [-47.80453008289918, -14.369960295904441]}}, {"type": "Feature", "properties": {"fid_1": 5667, "GEOCODIGO": 5200605.0, "MUNICIPIO": "ALTO PARAÍSO DE GOIÁS", "UF": "GO", "CD_UF": 52.0, "HIDRO": "nascente"}, "geometry": {"type": "Point", "coordinates": [-47.801903107847416, -14.181396621917818]}}, {"type": "Feature", "properties": {"fid_1": 5668, "GEOCODIGO": 5200605.0, "MUNICIPIO": "ALTO PARAÍSO DE GOIÁS", "UF": "GO", "CD_UF": 52.0, "HIDRO": "nascente"}, "geometry": {"type": "Point", "coordinates": [-47.80180627443793, -14.267228488184195]}}, {"type": "Feature", "properties": {"fid_1": 5669, "GEOCODIGO": 5200605.0, "MUNICIPIO": "ALTO PARAÍSO DE GOIÁS", "UF": "GO", "CD_UF": 52.0, "HIDRO": "nascente"}, "geometry": {"type": "Point", "coordinates": [-47.801694551282296, -14.271670559428483]}}, {"type": "Feature", "properties": {"fid_1": 5670, "GEOCODIGO": 5200605.0, "MUNICIPIO": "ALTO PARAÍSO DE GOIÁS", "UF": "GO", "CD_UF": 52.0, "HIDRO": "nascente"}, "geometry": {"type": "Point", "coordinates": [-47.80097400641082, -14.345819992568366]}}, {"type": "Feature", "properties": {"fid_1": 5671, "GEOCODIGO": 5200605.0, "MUNICIPIO": "ALTO PARAÍSO DE GOIÁS", "UF": "GO", "CD_UF": 52.0, "HIDRO": "nascente"}, "geometry": {"type": "Point", "coordinates": [-47.79871193536022, -14.205263609685728]}}, {"type": "Feature", "properties": {"fid_1": 5672, "GEOCODIGO": 5200605.0, "MUNICIPIO": "ALTO PARAÍSO DE GOIÁS", "UF": "GO", "CD_UF": 52.0, "HIDRO": "nascente"}, "geometry": {"type": "Point", "coordinates": [-47.798153930388615, -14.22054585417747]}}, {"type": "Feature", "properties": {"fid_1": 5673, "GEOCODIGO": 5200605.0, "MUNICIPIO": "ALTO PARAÍSO DE GOIÁS", "UF": "GO", "CD_UF": 52.0, "HIDRO": "nascente"}, "geometry": {"type": "Point", "coordinates": [-47.795586052876146, -14.160456035139463]}}, {"type": "Feature", "properties": {"fid_1": 5674, "GEOCODIGO": 5200605.0, "MUNICIPIO": "ALTO PARAÍSO DE GOIÁS", "UF": "GO", "CD_UF": 52.0, "HIDRO": "nascente"}, "geometry": {"type": "Point", "coordinates": [-47.7974224930352, -14.370007523293143]}}, {"type": "Feature", "properties": {"fid_1": 5675, "GEOCODIGO": 5200605.0, "MUNICIPIO": "ALTO PARAÍSO DE GOIÁS", "UF": "GO", "CD_UF": 52.0, "HIDRO": "nascente"}, "geometry": {"type": "Point", "coordinates": [-47.796391020769235, -14.289851248868223]}}, {"type": "Feature", "properties": {"fid_1": 5676, "GEOCODIGO": 5200605.0, "MUNICIPIO": "ALTO PARAÍSO DE GOIÁS", "UF": "GO", "CD_UF": 52.0, "HIDRO": "nascente"}, "geometry": {"type": "Point", "coordinates": [-47.7968139240965, -14.354231917465937]}}, {"type": "Feature", "properties": {"fid_1": 5677, "GEOCODIGO": 5200605.0, "MUNICIPIO": "ALTO PARAÍSO DE GOIÁS", "UF": "GO", "CD_UF": 52.0, "HIDRO": "nascente"}, "geometry": {"type": "Point", "coordinates": [-47.7942906759432, -14.214052108297698]}}, {"type": "Feature", "properties": {"fid_1": 5678, "GEOCODIGO": 5200605.0, "MUNICIPIO": "ALTO PARAÍSO DE GOIÁS", "UF": "GO", "CD_UF": 52.0, "HIDRO": "nascente"}, "geometry": {"type": "Point", "coordinates": [-47.79268410165789, -14.196637755014216]}}, {"type": "Feature", "properties": {"fid_1": 5679, "GEOCODIGO": 5200605.0, "MUNICIPIO": "ALTO PARAÍSO DE GOIÁS", "UF": "GO", "CD_UF": 52.0, "HIDRO": "nascente"}, "geometry": {"type": "Point", "coordinates": [-47.79412368526473, -14.319411776116352]}}, {"type": "Feature", "properties": {"fid_1": 5680, "GEOCODIGO": 5200605.0, "MUNICIPIO": "ALTO PARAÍSO DE GOIÁS", "UF": "GO", "CD_UF": 52.0, "HIDRO": "nascente"}, "geometry": {"type": "Point", "coordinates": [-47.79168531209782, -14.153006366806599]}}, {"type": "Feature", "properties": {"fid_1": 5681, "GEOCODIGO": 5200605.0, "MUNICIPIO": "ALTO PARAÍSO DE GOIÁS", "UF": "GO", "CD_UF": 52.0, "HIDRO": "nascente"}, "geometry": {"type": "Point", "coordinates": [-47.792770558987314, -14.275659576890154]}}, {"type": "Feature", "properties": {"fid_1": 5682, "GEOCODIGO": 5200605.0, "MUNICIPIO": "ALTO PARAÍSO DE GOIÁS", "UF": "GO", "CD_UF": 52.0, "HIDRO": "nascente"}, "geometry": {"type": "Point", "coordinates": [-47.79172086341873, -14.232396221809866]}}, {"type": "Feature", "properties": {"fid_1": 5683, "GEOCODIGO": 5200605.0, "MUNICIPIO": "ALTO PARAÍSO DE GOIÁS", "UF": "GO", "CD_UF": 52.0, "HIDRO": "nascente"}, "geometry": {"type": "Point", "coordinates": [-47.79154107030085, -14.239919158525037]}}, {"type": "Feature", "properties": {"fid_1": 5684, "GEOCODIGO": 5200605.0, "MUNICIPIO": "ALTO PARAÍSO DE GOIÁS", "UF": "GO", "CD_UF": 52.0, "HIDRO": "nascente"}, "geometry": {"type": "Point", "coordinates": [-47.79272649523192, -14.34528955824457]}}, {"type": "Feature", "properties": {"fid_1": 5685, "GEOCODIGO": 5200605.0, "MUNICIPIO": "ALTO PARAÍSO DE GOIÁS", "UF": "GO", "CD_UF": 52.0, "HIDRO": "nascente"}, "geometry": {"type": "Point", "coordinates": [-47.79022503339247, -14.197369252278582]}}, {"type": "Feature", "properties": {"fid_1": 5686, "GEOCODIGO": 5200605.0, "MUNICIPIO": "ALTO PARAÍSO DE GOIÁS", "UF": "GO", "CD_UF": 52.0, "HIDRO": "nascente"}, "geometry": {"type": "Point", "coordinates": [-47.79128090780237, -14.32634920667386]}}, {"type": "Feature", "properties": {"fid_1": 5687, "GEOCODIGO": 5200605.0, "MUNICIPIO": "ALTO PARAÍSO DE GOIÁS", "UF": "GO", "CD_UF": 52.0, "HIDRO": "nascente"}, "geometry": {"type": "Point", "coordinates": [-47.7886084355423, -14.26513967419032]}}, {"type": "Feature", "properties": {"fid_1": 5688, "GEOCODIGO": 5200605.0, "MUNICIPIO": "ALTO PARAÍSO DE GOIÁS", "UF": "GO", "CD_UF": 52.0, "HIDRO": "nascente"}, "geometry": {"type": "Point", "coordinates": [-47.78722441903338, -14.21109363186084]}}, {"type": "Feature", "properties": {"fid_1": 5689, "GEOCODIGO": 5200605.0, "MUNICIPIO": "ALTO PARAÍSO DE GOIÁS", "UF": "GO", "CD_UF": 52.0, "HIDRO": "nascente"}, "geometry": {"type": "Point", "coordinates": [-47.78822510007533, -14.371422768597679]}}, {"type": "Feature", "properties": {"fid_1": 5690, "GEOCODIGO": 5200605.0, "MUNICIPIO": "ALTO PARAÍSO DE GOIÁS", "UF": "GO", "CD_UF": 52.0, "HIDRO": "nascente"}, "geometry": {"type": "Point", "coordinates": [-47.78742025474707, -14.353101296651166]}}, {"type": "Feature", "properties": {"fid_1": 5691, "GEOCODIGO": 5200605.0, "MUNICIPIO": "ALTO PARAÍSO DE GOIÁS", "UF": "GO", "CD_UF": 52.0, "HIDRO": "nascente"}, "geometry": {"type": "Point", "coordinates": [-47.783407355951184, -14.16466482335386]}}, {"type": "Feature", "properties": {"fid_1": 5692, "GEOCODIGO": 5200605.0, "MUNICIPIO": "ALTO PARAÍSO DE GOIÁS", "UF": "GO", "CD_UF": 52.0, "HIDRO": "nascente"}, "geometry": {"type": "Point", "coordinates": [-47.78568744039559, -14.3838095079696]}}, {"type": "Feature", "properties": {"fid_1": 5693, "GEOCODIGO": 5200605.0, "MUNICIPIO": "ALTO PARAÍSO DE GOIÁS", "UF": "GO", "CD_UF": 52.0, "HIDRO": "nascente"}, "geometry": {"type": "Point", "coordinates": [-47.782577193606, -14.141098988310143]}}, {"type": "Feature", "properties": {"fid_1": 5694, "GEOCODIGO": 5200605.0, "MUNICIPIO": "ALTO PARAÍSO DE GOIÁS", "UF": "GO", "CD_UF": 52.0, "HIDRO": "nascente"}, "geometry": {"type": "Point", "coordinates": [-47.78388546009419, -14.332938184507448]}}, {"type": "Feature", "properties": {"fid_1": 5695, "GEOCODIGO": 5200605.0, "MUNICIPIO": "ALTO PARAÍSO DE GOIÁS", "UF": "GO", "CD_UF": 52.0, "HIDRO": "nascente"}, "geometry": {"type": "Point", "coordinates": [-47.78198218648276, -14.188012741051681]}}, {"type": "Feature", "properties": {"fid_1": 5696, "GEOCODIGO": 5200605.0, "MUNICIPIO": "ALTO PARAÍSO DE GOIÁS", "UF": "GO", "CD_UF": 52.0, "HIDRO": "nascente"}, "geometry": {"type": "Point", "coordinates": [-47.78257289953478, -14.255744815481219]}}, {"type": "Feature", "properties": {"fid_1": 5697, "GEOCODIGO": 5200605.0, "MUNICIPIO": "ALTO PARAÍSO DE GOIÁS", "UF": "GO", "CD_UF": 52.0, "HIDRO": "nascente"}, "geometry": {"type": "Point", "coordinates": [-47.783476382221394, -14.351326750877663]}}, {"type": "Feature", "properties": {"fid_1": 5698, "GEOCODIGO": 5200605.0, "MUNICIPIO": "ALTO PARAÍSO DE GOIÁS", "UF": "GO", "CD_UF": 52.0, "HIDRO": "nascente"}, "geometry": {"type": "Point", "coordinates": [-47.78313439869371, -14.323754347515775]}}, {"type": "Feature", "properties": {"fid_1": 5699, "GEOCODIGO": 5200605.0, "MUNICIPIO": "ALTO PARAÍSO DE GOIÁS", "UF": "GO", "CD_UF": 52.0, "HIDRO": "nascente"}, "geometry": {"type": "Point", "coordinates": [-47.78153405864737, -14.206964512299946]}}, {"type": "Feature", "properties": {"fid_1": 5700, "GEOCODIGO": 5200605.0, "MUNICIPIO": "ALTO PARAÍSO DE GOIÁS", "UF": "GO", "CD_UF": 52.0, "HIDRO": "nascente"}, "geometry": {"type": "Point", "coordinates": [-47.7821704301829, -14.347546389860824]}}, {"type": "Feature", "properties": {"fid_1": 5701, "GEOCODIGO": 5200605.0, "MUNICIPIO": "ALTO PARAÍSO DE GOIÁS", "UF": "GO", "CD_UF": 52.0, "HIDRO": "nascente"}, "geometry": {"type": "Point", "coordinates": [-47.78188126040128, -14.362628775599534]}}, {"type": "Feature", "properties": {"fid_1": 5702, "GEOCODIGO": 5200605.0, "MUNICIPIO": "ALTO PARAÍSO DE GOIÁS", "UF": "GO", "CD_UF": 52.0, "HIDRO": "nascente"}, "geometry": {"type": "Point", "coordinates": [-47.77992857987414, -14.290838666808702]}}, {"type": "Feature", "properties": {"fid_1": 5703, "GEOCODIGO": 5200605.0, "MUNICIPIO": "ALTO PARAÍSO DE GOIÁS", "UF": "GO", "CD_UF": 52.0, "HIDRO": "nascente"}, "geometry": {"type": "Point", "coordinates": [-47.77881302548319, -14.345004299521225]}}, {"type": "Feature", "properties": {"fid_1": 5704, "GEOCODIGO": 5200605.0, "MUNICIPIO": "ALTO PARAÍSO DE GOIÁS", "UF": "GO", "CD_UF": 52.0, "HIDRO": "nascente"}, "geometry": {"type": "Point", "coordinates": [-47.777309461102675, -14.264166476555255]}}, {"type": "Feature", "properties": {"fid_1": 5705, "GEOCODIGO": 5200605.0, "MUNICIPIO": "ALTO PARAÍSO DE GOIÁS", "UF": "GO", "CD_UF": 52.0, "HIDRO": "nascente"}, "geometry": {"type": "Point", "coordinates": [-47.77609188967814, -14.195458744347087]}}, {"type": "Feature", "properties": {"fid_1": 5706, "GEOCODIGO": 5200605.0, "MUNICIPIO": "ALTO PARAÍSO DE GOIÁS", "UF": "GO", "CD_UF": 52.0, "HIDRO": "nascente"}, "geometry": {"type": "Point", "coordinates": [-47.77616337610802, -14.236235879570698]}}, {"type": "Feature", "properties": {"fid_1": 5707, "GEOCODIGO": 5200605.0, "MUNICIPIO": "ALTO PARAÍSO DE GOIÁS", "UF": "GO", "CD_UF": 52.0, "HIDRO": "nascente"}, "geometry": {"type": "Point", "coordinates": [-47.775099698427454, -14.154806168811367]}}, {"type": "Feature", "properties": {"fid_1": 5708, "GEOCODIGO": 5200605.0, "MUNICIPIO": "ALTO PARAÍSO DE GOIÁS", "UF": "GO", "CD_UF": 52.0, "HIDRO": "nascente"}, "geometry": {"type": "Point", "coordinates": [-47.777209997665246, -14.34058682061635]}}, {"type": "Feature", "properties": {"fid_1": 5709, "GEOCODIGO": 5200605.0, "MUNICIPIO": "ALTO PARAÍSO DE GOIÁS", "UF": "GO", "CD_UF": 52.0, "HIDRO": "nascente"}, "geometry": {"type": "Point", "coordinates": [-47.774012402707335, -14.216963683286377]}}, {"type": "Feature", "properties": {"fid_1": 5710, "GEOCODIGO": 5200605.0, "MUNICIPIO": "ALTO PARAÍSO DE GOIÁS", "UF": "GO", "CD_UF": 52.0, "HIDRO": "nascente"}, "geometry": {"type": "Point", "coordinates": [-47.77202174144734, -14.33330159456583]}}, {"type": "Feature", "properties": {"fid_1": 5711, "GEOCODIGO": 5200605.0, "MUNICIPIO": "ALTO PARAÍSO DE GOIÁS", "UF": "GO", "CD_UF": 52.0, "HIDRO": "nascente"}, "geometry": {"type": "Point", "coordinates": [-47.7725244347046, -14.394630251959692]}}, {"type": "Feature", "properties": {"fid_1": 5712, "GEOCODIGO": 5200605.0, "MUNICIPIO": "ALTO PARAÍSO DE GOIÁS", "UF": "GO", "CD_UF": 52.0, "HIDRO": "nascente"}, "geometry": {"type": "Point", "coordinates": [-47.76892378651704, -14.218082225700305]}}, {"type": "Feature", "properties": {"fid_1": 5713, "GEOCODIGO": 5200605.0, "MUNICIPIO": "ALTO PARAÍSO DE GOIÁS", "UF": "GO", "CD_UF": 52.0, "HIDRO": "nascente"}, "geometry": {"type": "Point", "coordinates": [-47.76960077348453, -14.33126191245566]}}, {"type": "Feature", "properties": {"fid_1": 5714, "GEOCODIGO": 5200605.0, "MUNICIPIO": "ALTO PARAÍSO DE GOIÁS", "UF": "GO", "CD_UF": 52.0, "HIDRO": "nascente"}, "geometry": {"type": "Point", "coordinates": [-47.765545317481575, -14.210260470037367]}}, {"type": "Feature", "properties": {"fid_1": 5715, "GEOCODIGO": 5200605.0, "MUNICIPIO": "ALTO PARAÍSO DE GOIÁS", "UF": "GO", "CD_UF": 52.0, "HIDRO": "nascente"}, "geometry": {"type": "Point", "coordinates": [-47.763420279428146, -14.204713233915633]}}, {"type": "Feature", "properties": {"fid_1": 5716, "GEOCODIGO": 5200605.0, "MUNICIPIO": "ALTO PARAÍSO DE GOIÁS", "UF": "GO", "CD_UF": 52.0, "HIDRO": "nascente"}, "geometry": {"type": "Point", "coordinates": [-47.76276081333763, -14.154783289448604]}}, {"type": "Feature", "properties": {"fid_1": 5717, "GEOCODIGO": 5200605.0, "MUNICIPIO": "ALTO PARAÍSO DE GOIÁS", "UF": "GO", "CD_UF": 52.0, "HIDRO": "nascente"}, "geometry": {"type": "Point", "coordinates": [-47.76239602720027, -14.212398934605433]}}, {"type": "Feature", "properties": {"fid_1": 5718, "GEOCODIGO": 5200605.0, "MUNICIPIO": "ALTO PARAÍSO DE GOIÁS", "UF": "GO", "CD_UF": 52.0, "HIDRO": "nascente"}, "geometry": {"type": "Point", "coordinates": [-47.762478964560756, -14.2632486611084]}}, {"type": "Feature", "properties": {"fid_1": 5719, "GEOCODIGO": 5200605.0, "MUNICIPIO": "ALTO PARAÍSO DE GOIÁS", "UF": "GO", "CD_UF": 52.0, "HIDRO": "nascente"}, "geometry": {"type": "Point", "coordinates": [-47.76135391153275, -14.287815221787413]}}, {"type": "Feature", "properties": {"fid_1": 5720, "GEOCODIGO": 5200605.0, "MUNICIPIO": "ALTO PARAÍSO DE GOIÁS", "UF": "GO", "CD_UF": 52.0, "HIDRO": "nascente"}, "geometry": {"type": "Point", "coordinates": [-47.75991925982847, -14.329792038108092]}}, {"type": "Feature", "properties": {"fid_1": 5721, "GEOCODIGO": 5200605.0, "MUNICIPIO": "ALTO PARAÍSO DE GOIÁS", "UF": "GO", "CD_UF": 52.0, "HIDRO": "nascente"}, "geometry": {"type": "Point", "coordinates": [-47.760024349181364, -14.401332019736687]}}, {"type": "Feature", "properties": {"fid_1": 5722, "GEOCODIGO": 5200605.0, "MUNICIPIO": "ALTO PARAÍSO DE GOIÁS", "UF": "GO", "CD_UF": 52.0, "HIDRO": "nascente"}, "geometry": {"type": "Point", "coordinates": [-47.75836146080533, -14.291501173247134]}}, {"type": "Feature", "properties": {"fid_1": 5723, "GEOCODIGO": 5200605.0, "MUNICIPIO": "ALTO PARAÍSO DE GOIÁS", "UF": "GO", "CD_UF": 52.0, "HIDRO": "nascente"}, "geometry": {"type": "Point", "coordinates": [-47.75921178091518, -14.374682092764434]}}, {"type": "Feature", "properties": {"fid_1": 5724, "GEOCODIGO": 5200605.0, "MUNICIPIO": "ALTO PARAÍSO DE GOIÁS", "UF": "GO", "CD_UF": 52.0, "HIDRO": "nascente"}, "geometry": {"type": "Point", "coordinates": [-47.75695245550349, -14.215232449966688]}}, {"type": "Feature", "properties": {"fid_1": 5725, "GEOCODIGO": 5200605.0, "MUNICIPIO": "ALTO PARAÍSO DE GOIÁS", "UF": "GO", "CD_UF": 52.0, "HIDRO": "nascente"}, "geometry": {"type": "Point", "coordinates": [-47.7563471329203, -14.199909983938074]}}, {"type": "Feature", "properties": {"fid_1": 5726, "GEOCODIGO": 5200605.0, "MUNICIPIO": "ALTO PARAÍSO DE GOIÁS", "UF": "GO", "CD_UF": 52.0, "HIDRO": "nascente"}, "geometry": {"type": "Point", "coordinates": [-47.75566021111873, -14.153110649940611]}}, {"type": "Feature", "properties": {"fid_1": 5727, "GEOCODIGO": 5200605.0, "MUNICIPIO": "ALTO PARAÍSO DE GOIÁS", "UF": "GO", "CD_UF": 52.0, "HIDRO": "nascente"}, "geometry": {"type": "Point", "coordinates": [-47.756118929570206, -14.19659224432336]}}, {"type": "Feature", "properties": {"fid_1": 5728, "GEOCODIGO": 5200605.0, "MUNICIPIO": "ALTO PARAÍSO DE GOIÁS", "UF": "GO", "CD_UF": 52.0, "HIDRO": "nascente"}, "geometry": {"type": "Point", "coordinates": [-47.758456757270565, -14.395326281285122]}}, {"type": "Feature", "properties": {"fid_1": 5729, "GEOCODIGO": 5200605.0, "MUNICIPIO": "ALTO PARAÍSO DE GOIÁS", "UF": "GO", "CD_UF": 52.0, "HIDRO": "nascente"}, "geometry": {"type": "Point", "coordinates": [-47.75631002406542, -14.234502390560229]}}, {"type": "Feature", "properties": {"fid_1": 5730, "GEOCODIGO": 5200605.0, "MUNICIPIO": "ALTO PARAÍSO DE GOIÁS", "UF": "GO", "CD_UF": 52.0, "HIDRO": "nascente"}, "geometry": {"type": "Point", "coordinates": [-47.75744350340175, -14.331573780428325]}}, {"type": "Feature", "properties": {"fid_1": 5731, "GEOCODIGO": 5200605.0, "MUNICIPIO": "ALTO PARAÍSO DE GOIÁS", "UF": "GO", "CD_UF": 52.0, "HIDRO": "nascente"}, "geometry": {"type": "Point", "coordinates": [-47.75807415464356, -14.388727636499361]}}, {"type": "Feature", "properties": {"fid_1": 5732, "GEOCODIGO": 5200605.0, "MUNICIPIO": "ALTO PARAÍSO DE GOIÁS", "UF": "GO", "CD_UF": 52.0, "HIDRO": "nascente"}, "geometry": {"type": "Point", "coordinates": [-47.75348523938161, -14.112855594142143]}}, {"type": "Feature", "properties": {"fid_1": 5733, "GEOCODIGO": 5200605.0, "MUNICIPIO": "ALTO PARAÍSO DE GOIÁS", "UF": "GO", "CD_UF": 52.0, "HIDRO": "nascente"}, "geometry": {"type": "Point", "coordinates": [-47.753226549011536, -14.208624247203034]}}, {"type": "Feature", "properties": {"fid_1": 5734, "GEOCODIGO": 5200605.0, "MUNICIPIO": "ALTO PARAÍSO DE GOIÁS", "UF": "GO", "CD_UF": 52.0, "HIDRO": "nascente"}, "geometry": {"type": "Point", "coordinates": [-47.75399771700312, -14.291728304163787]}}, {"type": "Feature", "properties": {"fid_1": 5735, "GEOCODIGO": 5200605.0, "MUNICIPIO": "ALTO PARAÍSO DE GOIÁS", "UF": "GO", "CD_UF": 52.0, "HIDRO": "nascente"}, "geometry": {"type": "Point", "coordinates": [-47.75175302754378, -14.1541327922806]}}, {"type": "Feature", "properties": {"fid_1": 5736, "GEOCODIGO": 5200605.0, "MUNICIPIO": "ALTO PARAÍSO DE GOIÁS", "UF": "GO", "CD_UF": 52.0, "HIDRO": "nascente"}, "geometry": {"type": "Point", "coordinates": [-47.75356668836618, -14.32855849275082]}}, {"type": "Feature", "properties": {"fid_1": 5737, "GEOCODIGO": 5200605.0, "MUNICIPIO": "ALTO PARAÍSO DE GOIÁS", "UF": "GO", "CD_UF": 52.0, "HIDRO": "nascente"}, "geometry": {"type": "Point", "coordinates": [-47.75273304785621, -14.365133168935992]}}, {"type": "Feature", "properties": {"fid_1": 5738, "GEOCODIGO": 5200605.0, "MUNICIPIO": "ALTO PARAÍSO DE GOIÁS", "UF": "GO", "CD_UF": 52.0, "HIDRO": "nascente"}, "geometry": {"type": "Point", "coordinates": [-47.752279377206754, -14.390332231171655]}}, {"type": "Feature", "properties": {"fid_1": 5739, "GEOCODIGO": 5200605.0, "MUNICIPIO": "ALTO PARAÍSO DE GOIÁS", "UF": "GO", "CD_UF": 52.0, "HIDRO": "nascente"}, "geometry": {"type": "Point", "coordinates": [-47.752008362267944, -14.379671626814448]}}, {"type": "Feature", "properties": {"fid_1": 5740, "GEOCODIGO": 5200605.0, "MUNICIPIO": "ALTO PARAÍSO DE GOIÁS", "UF": "GO", "CD_UF": 52.0, "HIDRO": "nascente"}, "geometry": {"type": "Point", "coordinates": [-47.74813576797429, -14.174774937797599]}}, {"type": "Feature", "properties": {"fid_1": 5741, "GEOCODIGO": 5200605.0, "MUNICIPIO": "ALTO PARAÍSO DE GOIÁS", "UF": "GO", "CD_UF": 52.0, "HIDRO": "nascente"}, "geometry": {"type": "Point", "coordinates": [-47.74623316062116, -14.147751704302937]}}, {"type": "Feature", "properties": {"fid_1": 5742, "GEOCODIGO": 5200605.0, "MUNICIPIO": "ALTO PARAÍSO DE GOIÁS", "UF": "GO", "CD_UF": 52.0, "HIDRO": "nascente"}, "geometry": {"type": "Point", "coordinates": [-47.74747108710314, -14.3015090901302]}}, {"type": "Feature", "properties": {"fid_1": 5743, "GEOCODIGO": 5200605.0, "MUNICIPIO": "ALTO PARAÍSO DE GOIÁS", "UF": "GO", "CD_UF": 52.0, "HIDRO": "nascente"}, "geometry": {"type": "Point", "coordinates": [-47.74617341720769, -14.289546828375185]}}, {"type": "Feature", "properties": {"fid_1": 5744, "GEOCODIGO": 5200605.0, "MUNICIPIO": "ALTO PARAÍSO DE GOIÁS", "UF": "GO", "CD_UF": 52.0, "HIDRO": "nascente"}, "geometry": {"type": "Point", "coordinates": [-47.74516348155138, -14.379769795596424]}}, {"type": "Feature", "properties": {"fid_1": 5745, "GEOCODIGO": 5200605.0, "MUNICIPIO": "ALTO PARAÍSO DE GOIÁS", "UF": "GO", "CD_UF": 52.0, "HIDRO": "nascente"}, "geometry": {"type": "Point", "coordinates": [-47.744180162738786, -14.305477357726007]}}, {"type": "Feature", "properties": {"fid_1": 5746, "GEOCODIGO": 5200605.0, "MUNICIPIO": "ALTO PARAÍSO DE GOIÁS", "UF": "GO", "CD_UF": 52.0, "HIDRO": "nascente"}, "geometry": {"type": "Point", "coordinates": [-47.74303049842669, -14.212678054363526]}}, {"type": "Feature", "properties": {"fid_1": 5747, "GEOCODIGO": 5200605.0, "MUNICIPIO": "ALTO PARAÍSO DE GOIÁS", "UF": "GO", "CD_UF": 52.0, "HIDRO": "nascente"}, "geometry": {"type": "Point", "coordinates": [-47.74445744597468, -14.368029457540874]}}, {"type": "Feature", "properties": {"fid_1": 5748, "GEOCODIGO": 5200605.0, "MUNICIPIO": "ALTO PARAÍSO DE GOIÁS", "UF": "GO", "CD_UF": 52.0, "HIDRO": "nascente"}, "geometry": {"type": "Point", "coordinates": [-47.74353059107359, -14.385230986882979]}}, {"type": "Feature", "properties": {"fid_1": 5749, "GEOCODIGO": 5200605.0, "MUNICIPIO": "ALTO PARAÍSO DE GOIÁS", "UF": "GO", "CD_UF": 52.0, "HIDRO": "nascente"}, "geometry": {"type": "Point", "coordinates": [-47.74126817769663, -14.2899574307945]}}, {"type": "Feature", "properties": {"fid_1": 5750, "GEOCODIGO": 5200605.0, "MUNICIPIO": "ALTO PARAÍSO DE GOIÁS", "UF": "GO", "CD_UF": 52.0, "HIDRO": "nascente"}, "geometry": {"type": "Point", "coordinates": [-47.73906980271895, -14.152527357304512]}}, {"type": "Feature", "properties": {"fid_1": 5751, "GEOCODIGO": 5200605.0, "MUNICIPIO": "ALTO PARAÍSO DE GOIÁS", "UF": "GO", "CD_UF": 52.0, "HIDRO": "nascente"}, "geometry": {"type": "Point", "coordinates": [-47.73872496865937, -14.124907405249445]}}, {"type": "Feature", "properties": {"fid_1": 5752, "GEOCODIGO": 5200605.0, "MUNICIPIO": "ALTO PARAÍSO DE GOIÁS", "UF": "GO", "CD_UF": 52.0, "HIDRO": "nascente"}, "geometry": {"type": "Point", "coordinates": [-47.73905363404305, -14.203748253240665]}}, {"type": "Feature", "properties": {"fid_1": 5753, "GEOCODIGO": 5200605.0, "MUNICIPIO": "ALTO PARAÍSO DE GOIÁS", "UF": "GO", "CD_UF": 52.0, "HIDRO": "nascente"}, "geometry": {"type": "Point", "coordinates": [-47.73988172356135, -14.304558403326853]}}, {"type": "Feature", "properties": {"fid_1": 5754, "GEOCODIGO": 5200605.0, "MUNICIPIO": "ALTO PARAÍSO DE GOIÁS", "UF": "GO", "CD_UF": 52.0, "HIDRO": "nascente"}, "geometry": {"type": "Point", "coordinates": [-47.738608067939964, -14.213692737435274]}}, {"type": "Feature", "properties": {"fid_1": 5755, "GEOCODIGO": 5200605.0, "MUNICIPIO": "ALTO PARAÍSO DE GOIÁS", "UF": "GO", "CD_UF": 52.0, "HIDRO": "nascente"}, "geometry": {"type": "Point", "coordinates": [-47.740185878197494, -14.385196820201719]}}, {"type": "Feature", "properties": {"fid_1": 5756, "GEOCODIGO": 5200605.0, "MUNICIPIO": "ALTO PARAÍSO DE GOIÁS", "UF": "GO", "CD_UF": 52.0, "HIDRO": "nascente"}, "geometry": {"type": "Point", "coordinates": [-47.73645676654366, -14.176112530337873]}}, {"type": "Feature", "properties": {"fid_1": 5757, "GEOCODIGO": 5200605.0, "MUNICIPIO": "ALTO PARAÍSO DE GOIÁS", "UF": "GO", "CD_UF": 52.0, "HIDRO": "nascente"}, "geometry": {"type": "Point", "coordinates": [-47.73663891777222, -14.291613933276977]}}, {"type": "Feature", "properties": {"fid_1": 5758, "GEOCODIGO": 5200605.0, "MUNICIPIO": "ALTO PARAÍSO DE GOIÁS", "UF": "GO", "CD_UF": 52.0, "HIDRO": "nascente"}, "geometry": {"type": "Point", "coordinates": [-47.73709165515816, -14.359722216149802]}}, {"type": "Feature", "properties": {"fid_1": 5759, "GEOCODIGO": 5200605.0, "MUNICIPIO": "ALTO PARAÍSO DE GOIÁS", "UF": "GO", "CD_UF": 52.0, "HIDRO": "nascente"}, "geometry": {"type": "Point", "coordinates": [-47.7333151670953, -14.133481726284193]}}, {"type": "Feature", "properties": {"fid_1": 5760, "GEOCODIGO": 5200605.0, "MUNICIPIO": "ALTO PARAÍSO DE GOIÁS", "UF": "GO", "CD_UF": 52.0, "HIDRO": "nascente"}, "geometry": {"type": "Point", "coordinates": [-47.73206967355425, -14.289114523304766]}}, {"type": "Feature", "properties": {"fid_1": 5761, "GEOCODIGO": 5200605.0, "MUNICIPIO": "ALTO PARAÍSO DE GOIÁS", "UF": "GO", "CD_UF": 52.0, "HIDRO": "nascente"}, "geometry": {"type": "Point", "coordinates": [-47.73278869776725, -14.381559161358705]}}, {"type": "Feature", "properties": {"fid_1": 5762, "GEOCODIGO": 5200605.0, "MUNICIPIO": "ALTO PARAÍSO DE GOIÁS", "UF": "GO", "CD_UF": 52.0, "HIDRO": "nascente"}, "geometry": {"type": "Point", "coordinates": [-47.72980979427217, -14.21758579413948]}}, {"type": "Feature", "properties": {"fid_1": 5763, "GEOCODIGO": 5200605.0, "MUNICIPIO": "ALTO PARAÍSO DE GOIÁS", "UF": "GO", "CD_UF": 52.0, "HIDRO": "nascente"}, "geometry": {"type": "Point", "coordinates": [-47.73051753698362, -14.283404566914513]}}, {"type": "Feature", "properties": {"fid_1": 5764, "GEOCODIGO": 5200605.0, "MUNICIPIO": "ALTO PARAÍSO DE GOIÁS", "UF": "GO", "CD_UF": 52.0, "HIDRO": "nascente"}, "geometry": {"type": "Point", "coordinates": [-47.728359471846595, -14.136256571620635]}}, {"type": "Feature", "properties": {"fid_1": 5765, "GEOCODIGO": 5200605.0, "MUNICIPIO": "ALTO PARAÍSO DE GOIÁS", "UF": "GO", "CD_UF": 52.0, "HIDRO": "nascente"}, "geometry": {"type": "Point", "coordinates": [-47.728765507076865, -14.183541153928738]}}, {"type": "Feature", "properties": {"fid_1": 5766, "GEOCODIGO": 5200605.0, "MUNICIPIO": "ALTO PARAÍSO DE GOIÁS", "UF": "GO", "CD_UF": 52.0, "HIDRO": "nascente"}, "geometry": {"type": "Point", "coordinates": [-47.728873728213316, -14.22137128548332]}}, {"type": "Feature", "properties": {"fid_1": 5767, "GEOCODIGO": 5200605.0, "MUNICIPIO": "ALTO PARAÍSO DE GOIÁS", "UF": "GO", "CD_UF": 52.0, "HIDRO": "nascente"}, "geometry": {"type": "Point", "coordinates": [-47.72808318784363, -14.172701638727059]}}, {"type": "Feature", "properties": {"fid_1": 5768, "GEOCODIGO": 5200605.0, "MUNICIPIO": "ALTO PARAÍSO DE GOIÁS", "UF": "GO", "CD_UF": 52.0, "HIDRO": "nascente"}, "geometry": {"type": "Point", "coordinates": [-47.72914081953193, -14.291761725398693]}}, {"type": "Feature", "properties": {"fid_1": 5769, "GEOCODIGO": 5200605.0, "MUNICIPIO": "ALTO PARAÍSO DE GOIÁS", "UF": "GO", "CD_UF": 52.0, "HIDRO": "nascente"}, "geometry": {"type": "Point", "coordinates": [-47.728092054418084, -14.27496241875554]}}, {"type": "Feature", "properties": {"fid_1": 5770, "GEOCODIGO": 5200605.0, "MUNICIPIO": "ALTO PARAÍSO DE GOIÁS", "UF": "GO", "CD_UF": 52.0, "HIDRO": "nascente"}, "geometry": {"type": "Point", "coordinates": [-47.72719382304014, -14.250624491634795]}}, {"type": "Feature", "properties": {"fid_1": 5771, "GEOCODIGO": 5200605.0, "MUNICIPIO": "ALTO PARAÍSO DE GOIÁS", "UF": "GO", "CD_UF": 52.0, "HIDRO": "nascente"}, "geometry": {"type": "Point", "coordinates": [-47.72638580763767, -14.225780487455866]}}, {"type": "Feature", "properties": {"fid_1": 5772, "GEOCODIGO": 5200605.0, "MUNICIPIO": "ALTO PARAÍSO DE GOIÁS", "UF": "GO", "CD_UF": 52.0, "HIDRO": "nascente"}, "geometry": {"type": "Point", "coordinates": [-47.72819327744286, -14.39420427429884]}}, {"type": "Feature", "properties": {"fid_1": 5773, "GEOCODIGO": 5200605.0, "MUNICIPIO": "ALTO PARAÍSO DE GOIÁS", "UF": "GO", "CD_UF": 52.0, "HIDRO": "nascente"}, "geometry": {"type": "Point", "coordinates": [-47.72609556410379, -14.357611533139595]}}, {"type": "Feature", "properties": {"fid_1": 5774, "GEOCODIGO": 5200605.0, "MUNICIPIO": "ALTO PARAÍSO DE GOIÁS", "UF": "GO", "CD_UF": 52.0, "HIDRO": "nascente"}, "geometry": {"type": "Point", "coordinates": [-47.72282756467547, -14.094678001401196]}}, {"type": "Feature", "properties": {"fid_1": 5775, "GEOCODIGO": 5200605.0, "MUNICIPIO": "ALTO PARAÍSO DE GOIÁS", "UF": "GO", "CD_UF": 52.0, "HIDRO": "nascente"}, "geometry": {"type": "Point", "coordinates": [-47.72357354676279, -14.21084654205711]}}, {"type": "Feature", "properties": {"fid_1": 5776, "GEOCODIGO": 5200605.0, "MUNICIPIO": "ALTO PARAÍSO DE GOIÁS", "UF": "GO", "CD_UF": 52.0, "HIDRO": "nascente"}, "geometry": {"type": "Point", "coordinates": [-47.72574760252247, -14.400572480926547]}}, {"type": "Feature", "properties": {"fid_1": 5777, "GEOCODIGO": 5200605.0, "MUNICIPIO": "ALTO PARAÍSO DE GOIÁS", "UF": "GO", "CD_UF": 52.0, "HIDRO": "nascente"}, "geometry": {"type": "Point", "coordinates": [-47.723128809684894, -14.28616951674982]}}, {"type": "Feature", "properties": {"fid_1": 5778, "GEOCODIGO": 5200605.0, "MUNICIPIO": "ALTO PARAÍSO DE GOIÁS", "UF": "GO", "CD_UF": 52.0, "HIDRO": "nascente"}, "geometry": {"type": "Point", "coordinates": [-47.72394822464927, -14.367089423771782]}}, {"type": "Feature", "properties": {"fid_1": 5779, "GEOCODIGO": 5200605.0, "MUNICIPIO": "ALTO PARAÍSO DE GOIÁS", "UF": "GO", "CD_UF": 52.0, "HIDRO": "nascente"}, "geometry": {"type": "Point", "coordinates": [-47.72407292594662, -14.377616388234951]}}, {"type": "Feature", "properties": {"fid_1": 5780, "GEOCODIGO": 5200605.0, "MUNICIPIO": "ALTO PARAÍSO DE GOIÁS", "UF": "GO", "CD_UF": 52.0, "HIDRO": "nascente"}, "geometry": {"type": "Point", "coordinates": [-47.72009114484742, -14.144385364441984]}}, {"type": "Feature", "properties": {"fid_1": 5781, "GEOCODIGO": 5200605.0, "MUNICIPIO": "ALTO PARAÍSO DE GOIÁS", "UF": "GO", "CD_UF": 52.0, "HIDRO": "nascente"}, "geometry": {"type": "Point", "coordinates": [-47.72145980655206, -14.296923333030206]}}, {"type": "Feature", "properties": {"fid_1": 5782, "GEOCODIGO": 5200605.0, "MUNICIPIO": "ALTO PARAÍSO DE GOIÁS", "UF": "GO", "CD_UF": 52.0, "HIDRO": "nascente"}, "geometry": {"type": "Point", "coordinates": [-47.72209597500749, -14.402241772057627]}}, {"type": "Feature", "properties": {"fid_1": 5783, "GEOCODIGO": 5200605.0, "MUNICIPIO": "ALTO PARAÍSO DE GOIÁS", "UF": "GO", "CD_UF": 52.0, "HIDRO": "nascente"}, "geometry": {"type": "Point", "coordinates": [-47.71849772510548, -14.216414587893404]}}, {"type": "Feature", "properties": {"fid_1": 5784, "GEOCODIGO": 5200605.0, "MUNICIPIO": "ALTO PARAÍSO DE GOIÁS", "UF": "GO", "CD_UF": 52.0, "HIDRO": "nascente"}, "geometry": {"type": "Point", "coordinates": [-47.71832907320327, -14.299961727353553]}}, {"type": "Feature", "properties": {"fid_1": 5785, "GEOCODIGO": 5200605.0, "MUNICIPIO": "ALTO PARAÍSO DE GOIÁS", "UF": "GO", "CD_UF": 52.0, "HIDRO": "nascente"}, "geometry": {"type": "Point", "coordinates": [-47.71958499205305, -14.425102366139798]}}, {"type": "Feature", "properties": {"fid_1": 5786, "GEOCODIGO": 5200605.0, "MUNICIPIO": "ALTO PARAÍSO DE GOIÁS", "UF": "GO", "CD_UF": 52.0, "HIDRO": "nascente"}, "geometry": {"type": "Point", "coordinates": [-47.71697333880148, -14.225735510125691]}}, {"type": "Feature", "properties": {"fid_1": 5787, "GEOCODIGO": 5200605.0, "MUNICIPIO": "ALTO PARAÍSO DE GOIÁS", "UF": "GO", "CD_UF": 52.0, "HIDRO": "nascente"}, "geometry": {"type": "Point", "coordinates": [-47.71935531098777, -14.440769855188817]}}, {"type": "Feature", "properties": {"fid_1": 5788, "GEOCODIGO": 5200605.0, "MUNICIPIO": "ALTO PARAÍSO DE GOIÁS", "UF": "GO", "CD_UF": 52.0, "HIDRO": "nascente"}, "geometry": {"type": "Point", "coordinates": [-47.71562160333124, -14.184937834042717]}}, {"type": "Feature", "properties": {"fid_1": 5789, "GEOCODIGO": 5200605.0, "MUNICIPIO": "ALTO PARAÍSO DE GOIÁS", "UF": "GO", "CD_UF": 52.0, "HIDRO": "nascente"}, "geometry": {"type": "Point", "coordinates": [-47.716025230325144, -14.243877681982008]}}, {"type": "Feature", "properties": {"fid_1": 5790, "GEOCODIGO": 5200605.0, "MUNICIPIO": "ALTO PARAÍSO DE GOIÁS", "UF": "GO", "CD_UF": 52.0, "HIDRO": "nascente"}, "geometry": {"type": "Point", "coordinates": [-47.71406687633203, -14.29488627928698]}}, {"type": "Feature", "properties": {"fid_1": 5791, "GEOCODIGO": 5200605.0, "MUNICIPIO": "ALTO PARAÍSO DE GOIÁS", "UF": "GO", "CD_UF": 52.0, "HIDRO": "nascente"}, "geometry": {"type": "Point", "coordinates": [-47.71402927322281, -14.387414509680223]}}, {"type": "Feature", "properties": {"fid_1": 5792, "GEOCODIGO": 5200605.0, "MUNICIPIO": "ALTO PARAÍSO DE GOIÁS", "UF": "GO", "CD_UF": 52.0, "HIDRO": "nascente"}, "geometry": {"type": "Point", "coordinates": [-47.71426634561389, -14.43343691560691]}}, {"type": "Feature", "properties": {"fid_1": 5793, "GEOCODIGO": 5200605.0, "MUNICIPIO": "ALTO PARAÍSO DE GOIÁS", "UF": "GO", "CD_UF": 52.0, "HIDRO": "nascente"}, "geometry": {"type": "Point", "coordinates": [-47.71422124224654, -14.44318264206062]}}, {"type": "Feature", "properties": {"fid_1": 5794, "GEOCODIGO": 5200605.0, "MUNICIPIO": "ALTO PARAÍSO DE GOIÁS", "UF": "GO", "CD_UF": 52.0, "HIDRO": "nascente"}, "geometry": {"type": "Point", "coordinates": [-47.71357719985968, -14.408238702126726]}}, {"type": "Feature", "properties": {"fid_1": 5795, "GEOCODIGO": 5200605.0, "MUNICIPIO": "ALTO PARAÍSO DE GOIÁS", "UF": "GO", "CD_UF": 52.0, "HIDRO": "nascente"}, "geometry": {"type": "Point", "coordinates": [-47.7105850180505, -14.233960716520407]}}, {"type": "Feature", "properties": {"fid_1": 5796, "GEOCODIGO": 5200605.0, "MUNICIPIO": "ALTO PARAÍSO DE GOIÁS", "UF": "GO", "CD_UF": 52.0, "HIDRO": "nascente"}, "geometry": {"type": "Point", "coordinates": [-47.712472452951175, -14.400005796323903]}}, {"type": "Feature", "properties": {"fid_1": 5797, "GEOCODIGO": 5200605.0, "MUNICIPIO": "ALTO PARAÍSO DE GOIÁS", "UF": "GO", "CD_UF": 52.0, "HIDRO": "nascente"}, "geometry": {"type": "Point", "coordinates": [-47.70938087088459, -14.172493259211448]}}, {"type": "Feature", "properties": {"fid_1": 5798, "GEOCODIGO": 5200605.0, "MUNICIPIO": "ALTO PARAÍSO DE GOIÁS", "UF": "GO", "CD_UF": 52.0, "HIDRO": "nascente"}, "geometry": {"type": "Point", "coordinates": [-47.70888303972017, -14.179844037011591]}}, {"type": "Feature", "properties": {"fid_1": 5799, "GEOCODIGO": 5200605.0, "MUNICIPIO": "ALTO PARAÍSO DE GOIÁS", "UF": "GO", "CD_UF": 52.0, "HIDRO": "nascente"}, "geometry": {"type": "Point", "coordinates": [-47.710351672945706, -14.376146433738716]}}, {"type": "Feature", "properties": {"fid_1": 5800, "GEOCODIGO": 5200605.0, "MUNICIPIO": "ALTO PARAÍSO DE GOIÁS", "UF": "GO", "CD_UF": 52.0, "HIDRO": "nascente"}, "geometry": {"type": "Point", "coordinates": [-47.70755163619332, -14.293147837180738]}}, {"type": "Feature", "properties": {"fid_1": 5801, "GEOCODIGO": 5200605.0, "MUNICIPIO": "ALTO PARAÍSO DE GOIÁS", "UF": "GO", "CD_UF": 52.0, "HIDRO": "nascente"}, "geometry": {"type": "Point", "coordinates": [-47.70584636707232, -14.17323378356325]}}, {"type": "Feature", "properties": {"fid_1": 5802, "GEOCODIGO": 5200605.0, "MUNICIPIO": "ALTO PARAÍSO DE GOIÁS", "UF": "GO", "CD_UF": 52.0, "HIDRO": "nascente"}, "geometry": {"type": "Point", "coordinates": [-47.70767812124809, -14.350285247511975]}}, {"type": "Feature", "properties": {"fid_1": 5803, "GEOCODIGO": 5200605.0, "MUNICIPIO": "ALTO PARAÍSO DE GOIÁS", "UF": "GO", "CD_UF": 52.0, "HIDRO": "nascente"}, "geometry": {"type": "Point", "coordinates": [-47.704585616275814, -14.18956381096376]}}, {"type": "Feature", "properties": {"fid_1": 5804, "GEOCODIGO": 5200605.0, "MUNICIPIO": "ALTO PARAÍSO DE GOIÁS", "UF": "GO", "CD_UF": 52.0, "HIDRO": "nascente"}, "geometry": {"type": "Point", "coordinates": [-47.703844374563616, -14.150612628101365]}}, {"type": "Feature", "properties": {"fid_1": 5805, "GEOCODIGO": 5200605.0, "MUNICIPIO": "ALTO PARAÍSO DE GOIÁS", "UF": "GO", "CD_UF": 52.0, "HIDRO": "nascente"}, "geometry": {"type": "Point", "coordinates": [-47.70700776244709, -14.440310865170785]}}, {"type": "Feature", "properties": {"fid_1": 5806, "GEOCODIGO": 5200605.0, "MUNICIPIO": "ALTO PARAÍSO DE GOIÁS", "UF": "GO", "CD_UF": 52.0, "HIDRO": "nascente"}, "geometry": {"type": "Point", "coordinates": [-47.703993050771864, -14.210195078896385]}}, {"type": "Feature", "properties": {"fid_1": 5807, "GEOCODIGO": 5200605.0, "MUNICIPIO": "ALTO PARAÍSO DE GOIÁS", "UF": "GO", "CD_UF": 52.0, "HIDRO": "nascente"}, "geometry": {"type": "Point", "coordinates": [-47.70491174704084, -14.338398304179796]}}, {"type": "Feature", "properties": {"fid_1": 5808, "GEOCODIGO": 5200605.0, "MUNICIPIO": "ALTO PARAÍSO DE GOIÁS", "UF": "GO", "CD_UF": 52.0, "HIDRO": "nascente"}, "geometry": {"type": "Point", "coordinates": [-47.703097356088314, -14.216657896079527]}}, {"type": "Feature", "properties": {"fid_1": 5809, "GEOCODIGO": 5200605.0, "MUNICIPIO": "ALTO PARAÍSO DE GOIÁS", "UF": "GO", "CD_UF": 52.0, "HIDRO": "nascente"}, "geometry": {"type": "Point", "coordinates": [-47.7043371710768, -14.378547035605033]}}, {"type": "Feature", "properties": {"fid_1": 5810, "GEOCODIGO": 5200605.0, "MUNICIPIO": "ALTO PARAÍSO DE GOIÁS", "UF": "GO", "CD_UF": 52.0, "HIDRO": "nascente"}, "geometry": {"type": "Point", "coordinates": [-47.700979924986555, -14.18456069756617]}}, {"type": "Feature", "properties": {"fid_1": 5811, "GEOCODIGO": 5200605.0, "MUNICIPIO": "ALTO PARAÍSO DE GOIÁS", "UF": "GO", "CD_UF": 52.0, "HIDRO": "nascente"}, "geometry": {"type": "Point", "coordinates": [-47.7016390081372, -14.334339601825224]}}, {"type": "Feature", "properties": {"fid_1": 5812, "GEOCODIGO": 5200605.0, "MUNICIPIO": "ALTO PARAÍSO DE GOIÁS", "UF": "GO", "CD_UF": 52.0, "HIDRO": "nascente"}, "geometry": {"type": "Point", "coordinates": [-47.699686043688494, -14.203255859029337]}}, {"type": "Feature", "properties": {"fid_1": 5813, "GEOCODIGO": 5200605.0, "MUNICIPIO": "ALTO PARAÍSO DE GOIÁS", "UF": "GO", "CD_UF": 52.0, "HIDRO": "nascente"}, "geometry": {"type": "Point", "coordinates": [-47.70113012358989, -14.346588009675386]}}, {"type": "Feature", "properties": {"fid_1": 5814, "GEOCODIGO": 5200605.0, "MUNICIPIO": "ALTO PARAÍSO DE GOIÁS", "UF": "GO", "CD_UF": 52.0, "HIDRO": "nascente"}, "geometry": {"type": "Point", "coordinates": [-47.69767275472407, -14.09410035543939]}}, {"type": "Feature", "properties": {"fid_1": 5815, "GEOCODIGO": 5200605.0, "MUNICIPIO": "ALTO PARAÍSO DE GOIÁS", "UF": "GO", "CD_UF": 52.0, "HIDRO": "nascente"}, "geometry": {"type": "Point", "coordinates": [-47.70029371594636, -14.325816763372785]}}, {"type": "Feature", "properties": {"fid_1": 5816, "GEOCODIGO": 5200605.0, "MUNICIPIO": "ALTO PARAÍSO DE GOIÁS", "UF": "GO", "CD_UF": 52.0, "HIDRO": "nascente"}, "geometry": {"type": "Point", "coordinates": [-47.70152434978986, -14.433163322381699]}}, {"type": "Feature", "properties": {"fid_1": 5817, "GEOCODIGO": 5200605.0, "MUNICIPIO": "ALTO PARAÍSO DE GOIÁS", "UF": "GO", "CD_UF": 52.0, "HIDRO": "nascente"}, "geometry": {"type": "Point", "coordinates": [-47.70149982969932, -14.4414759518478]}}, {"type": "Feature", "properties": {"fid_1": 5818, "GEOCODIGO": 5200605.0, "MUNICIPIO": "ALTO PARAÍSO DE GOIÁS", "UF": "GO", "CD_UF": 52.0, "HIDRO": "nascente"}, "geometry": {"type": "Point", "coordinates": [-47.69902119120192, -14.299798550916496]}}, {"type": "Feature", "properties": {"fid_1": 5819, "GEOCODIGO": 5200605.0, "MUNICIPIO": "ALTO PARAÍSO DE GOIÁS", "UF": "GO", "CD_UF": 52.0, "HIDRO": "nascente"}, "geometry": {"type": "Point", "coordinates": [-47.69746043348948, -14.184129959044329]}}, {"type": "Feature", "properties": {"fid_1": 5820, "GEOCODIGO": 5200605.0, "MUNICIPIO": "ALTO PARAÍSO DE GOIÁS", "UF": "GO", "CD_UF": 52.0, "HIDRO": "nascente"}, "geometry": {"type": "Point", "coordinates": [-47.69982182105939, -14.385650419317601]}}, {"type": "Feature", "properties": {"fid_1": 5821, "GEOCODIGO": 5200605.0, "MUNICIPIO": "ALTO PARAÍSO DE GOIÁS", "UF": "GO", "CD_UF": 52.0, "HIDRO": "nascente"}, "geometry": {"type": "Point", "coordinates": [-47.69634672816354, -14.200091971060118]}}, {"type": "Feature", "properties": {"fid_1": 5822, "GEOCODIGO": 5200605.0, "MUNICIPIO": "ALTO PARAÍSO DE GOIÁS", "UF": "GO", "CD_UF": 52.0, "HIDRO": "nascente"}, "geometry": {"type": "Point", "coordinates": [-47.699405930107986, -14.457117006570316]}}, {"type": "Feature", "properties": {"fid_1": 5823, "GEOCODIGO": 5200605.0, "MUNICIPIO": "ALTO PARAÍSO DE GOIÁS", "UF": "GO", "CD_UF": 52.0, "HIDRO": "nascente"}, "geometry": {"type": "Point", "coordinates": [-47.69823045301016, -14.373875361297225]}}, {"type": "Feature", "properties": {"fid_1": 5824, "GEOCODIGO": 5200605.0, "MUNICIPIO": "ALTO PARAÍSO DE GOIÁS", "UF": "GO", "CD_UF": 52.0, "HIDRO": "nascente"}, "geometry": {"type": "Point", "coordinates": [-47.69781851126609, -14.381895930308067]}}, {"type": "Feature", "properties": {"fid_1": 5825, "GEOCODIGO": 5200605.0, "MUNICIPIO": "ALTO PARAÍSO DE GOIÁS", "UF": "GO", "CD_UF": 52.0, "HIDRO": "nascente"}, "geometry": {"type": "Point", "coordinates": [-47.69745653069135, -14.366507094349737]}}, {"type": "Feature", "properties": {"fid_1": 5826, "GEOCODIGO": 5200605.0, "MUNICIPIO": "ALTO PARAÍSO DE GOIÁS", "UF": "GO", "CD_UF": 52.0, "HIDRO": "nascente"}, "geometry": {"type": "Point", "coordinates": [-47.69446064326235, -14.211092079659073]}}, {"type": "Feature", "properties": {"fid_1": 5827, "GEOCODIGO": 5200605.0, "MUNICIPIO": "ALTO PARAÍSO DE GOIÁS", "UF": "GO", "CD_UF": 52.0, "HIDRO": "nascente"}, "geometry": {"type": "Point", "coordinates": [-47.696099750420416, -14.372125680067171]}}, {"type": "Feature", "properties": {"fid_1": 5828, "GEOCODIGO": 5200605.0, "MUNICIPIO": "ALTO PARAÍSO DE GOIÁS", "UF": "GO", "CD_UF": 52.0, "HIDRO": "nascente"}, "geometry": {"type": "Point", "coordinates": [-47.69468882392356, -14.28118947871433]}}, {"type": "Feature", "properties": {"fid_1": 5829, "GEOCODIGO": 5200605.0, "MUNICIPIO": "ALTO PARAÍSO DE GOIÁS", "UF": "GO", "CD_UF": 52.0, "HIDRO": "nascente"}, "geometry": {"type": "Point", "coordinates": [-47.69269797480413, -14.14191952558741]}}, {"type": "Feature", "properties": {"fid_1": 5830, "GEOCODIGO": 5200605.0, "MUNICIPIO": "ALTO PARAÍSO DE GOIÁS", "UF": "GO", "CD_UF": 52.0, "HIDRO": "nascente"}, "geometry": {"type": "Point", "coordinates": [-47.69598204742559, -14.430028032664206]}}, {"type": "Feature", "properties": {"fid_1": 5831, "GEOCODIGO": 5200605.0, "MUNICIPIO": "ALTO PARAÍSO DE GOIÁS", "UF": "GO", "CD_UF": 52.0, "HIDRO": "nascente"}, "geometry": {"type": "Point", "coordinates": [-47.69199252400035, -14.152527759764771]}}, {"type": "Feature", "properties": {"fid_1": 5832, "GEOCODIGO": 5200605.0, "MUNICIPIO": "ALTO PARAÍSO DE GOIÁS", "UF": "GO", "CD_UF": 52.0, "HIDRO": "nascente"}, "geometry": {"type": "Point", "coordinates": [-47.693367073738244, -14.297808906655634]}}, {"type": "Feature", "properties": {"fid_1": 5833, "GEOCODIGO": 5200605.0, "MUNICIPIO": "ALTO PARAÍSO DE GOIÁS", "UF": "GO", "CD_UF": 52.0, "HIDRO": "nascente"}, "geometry": {"type": "Point", "coordinates": [-47.69497119436136, -14.45199055478668]}}, {"type": "Feature", "properties": {"fid_1": 5834, "GEOCODIGO": 5200605.0, "MUNICIPIO": "ALTO PARAÍSO DE GOIÁS", "UF": "GO", "CD_UF": 52.0, "HIDRO": "nascente"}, "geometry": {"type": "Point", "coordinates": [-47.69400021488234, -14.444715060375131]}}, {"type": "Feature", "properties": {"fid_1": 5835, "GEOCODIGO": 5200605.0, "MUNICIPIO": "ALTO PARAÍSO DE GOIÁS", "UF": "GO", "CD_UF": 52.0, "HIDRO": "nascente"}, "geometry": {"type": "Point", "coordinates": [-47.69373775016985, -14.44920225833177]}}, {"type": "Feature", "properties": {"fid_1": 5836, "GEOCODIGO": 5200605.0, "MUNICIPIO": "ALTO PARAÍSO DE GOIÁS", "UF": "GO", "CD_UF": 52.0, "HIDRO": "nascente"}, "geometry": {"type": "Point", "coordinates": [-47.690364340715284, -14.209888761780116]}}, {"type": "Feature", "properties": {"fid_1": 5837, "GEOCODIGO": 5200605.0, "MUNICIPIO": "ALTO PARAÍSO DE GOIÁS", "UF": "GO", "CD_UF": 52.0, "HIDRO": "nascente"}, "geometry": {"type": "Point", "coordinates": [-47.689439725003126, -14.16650283586276]}}, {"type": "Feature", "properties": {"fid_1": 5838, "GEOCODIGO": 5200605.0, "MUNICIPIO": "ALTO PARAÍSO DE GOIÁS", "UF": "GO", "CD_UF": 52.0, "HIDRO": "nascente"}, "geometry": {"type": "Point", "coordinates": [-47.689202741621806, -14.179524962560098]}}, {"type": "Feature", "properties": {"fid_1": 5839, "GEOCODIGO": 5200605.0, "MUNICIPIO": "ALTO PARAÍSO DE GOIÁS", "UF": "GO", "CD_UF": 52.0, "HIDRO": "nascente"}, "geometry": {"type": "Point", "coordinates": [-47.688917051247714, -14.199129252697007]}}, {"type": "Feature", "properties": {"fid_1": 5840, "GEOCODIGO": 5200605.0, "MUNICIPIO": "ALTO PARAÍSO DE GOIÁS", "UF": "GO", "CD_UF": 52.0, "HIDRO": "nascente"}, "geometry": {"type": "Point", "coordinates": [-47.6882276724583, -14.172488430387348]}}, {"type": "Feature", "properties": {"fid_1": 5841, "GEOCODIGO": 5200605.0, "MUNICIPIO": "ALTO PARAÍSO DE GOIÁS", "UF": "GO", "CD_UF": 52.0, "HIDRO": "nascente"}, "geometry": {"type": "Point", "coordinates": [-47.68724080815698, -14.09132446110545]}}, {"type": "Feature", "properties": {"fid_1": 5842, "GEOCODIGO": 5200605.0, "MUNICIPIO": "ALTO PARAÍSO DE GOIÁS", "UF": "GO", "CD_UF": 52.0, "HIDRO": "nascente"}, "geometry": {"type": "Point", "coordinates": [-47.69031987410389, -14.411793971765047]}}, {"type": "Feature", "properties": {"fid_1": 5843, "GEOCODIGO": 5200605.0, "MUNICIPIO": "ALTO PARAÍSO DE GOIÁS", "UF": "GO", "CD_UF": 52.0, "HIDRO": "nascente"}, "geometry": {"type": "Point", "coordinates": [-47.68919411978641, -14.319730781886664]}}, {"type": "Feature", "properties": {"fid_1": 5844, "GEOCODIGO": 5200605.0, "MUNICIPIO": "ALTO PARAÍSO DE GOIÁS", "UF": "GO", "CD_UF": 52.0, "HIDRO": "nascente"}, "geometry": {"type": "Point", "coordinates": [-47.68993568815938, -14.427841071158669]}}, {"type": "Feature", "properties": {"fid_1": 5845, "GEOCODIGO": 5200605.0, "MUNICIPIO": "ALTO PARAÍSO DE GOIÁS", "UF": "GO", "CD_UF": 52.0, "HIDRO": "nascente"}, "geometry": {"type": "Point", "coordinates": [-47.68907280159712, -14.371395828352348]}}, {"type": "Feature", "properties": {"fid_1": 5846, "GEOCODIGO": 5200605.0, "MUNICIPIO": "ALTO PARAÍSO DE GOIÁS", "UF": "GO", "CD_UF": 52.0, "HIDRO": "nascente"}, "geometry": {"type": "Point", "coordinates": [-47.688360154384576, -14.335230399649566]}}, {"type": "Feature", "properties": {"fid_1": 5847, "GEOCODIGO": 5200605.0, "MUNICIPIO": "ALTO PARAÍSO DE GOIÁS", "UF": "GO", "CD_UF": 52.0, "HIDRO": "nascente"}, "geometry": {"type": "Point", "coordinates": [-47.6853994080069, -14.13043250036472]}}, {"type": "Feature", "properties": {"fid_1": 5848, "GEOCODIGO": 5200605.0, "MUNICIPIO": "ALTO PARAÍSO DE GOIÁS", "UF": "GO", "CD_UF": 52.0, "HIDRO": "nascente"}, "geometry": {"type": "Point", "coordinates": [-47.68848864308174, -14.409666165097848]}}, {"type": "Feature", "properties": {"fid_1": 5849, "GEOCODIGO": 5200605.0, "MUNICIPIO": "ALTO PARAÍSO DE GOIÁS", "UF": "GO", "CD_UF": 52.0, "HIDRO": "nascente"}, "geometry": {"type": "Point", "coordinates": [-47.68867444979229, -14.453430840777557]}}, {"type": "Feature", "properties": {"fid_1": 5850, "GEOCODIGO": 5200605.0, "MUNICIPIO": "ALTO PARAÍSO DE GOIÁS", "UF": "GO", "CD_UF": 52.0, "HIDRO": "nascente"}, "geometry": {"type": "Point", "coordinates": [-47.68472684086058, -14.177476602545836]}}, {"type": "Feature", "properties": {"fid_1": 5851, "GEOCODIGO": 5200605.0, "MUNICIPIO": "ALTO PARAÍSO DE GOIÁS", "UF": "GO", "CD_UF": 52.0, "HIDRO": "nascente"}, "geometry": {"type": "Point", "coordinates": [-47.68779888534329, -14.446347802842832]}}, {"type": "Feature", "properties": {"fid_1": 5852, "GEOCODIGO": 5200605.0, "MUNICIPIO": "ALTO PARAÍSO DE GOIÁS", "UF": "GO", "CD_UF": 52.0, "HIDRO": "nascente"}, "geometry": {"type": "Point", "coordinates": [-47.68444482928808, -14.166541282355311]}}, {"type": "Feature", "properties": {"fid_1": 5853, "GEOCODIGO": 5200605.0, "MUNICIPIO": "ALTO PARAÍSO DE GOIÁS", "UF": "GO", "CD_UF": 52.0, "HIDRO": "nascente"}, "geometry": {"type": "Point", "coordinates": [-47.68656379910045, -14.417187615042623]}}, {"type": "Feature", "properties": {"fid_1": 5854, "GEOCODIGO": 5200605.0, "MUNICIPIO": "ALTO PARAÍSO DE GOIÁS", "UF": "GO", "CD_UF": 52.0, "HIDRO": "nascente"}, "geometry": {"type": "Point", "coordinates": [-47.68182734979448, -14.099902268223884]}}, {"type": "Feature", "properties": {"fid_1": 5855, "GEOCODIGO": 5200605.0, "MUNICIPIO": "ALTO PARAÍSO DE GOIÁS", "UF": "GO", "CD_UF": 52.0, "HIDRO": "nascente"}, "geometry": {"type": "Point", "coordinates": [-47.68394216356128, -14.295718791405175]}}, {"type": "Feature", "properties": {"fid_1": 5856, "GEOCODIGO": 5200605.0, "MUNICIPIO": "ALTO PARAÍSO DE GOIÁS", "UF": "GO", "CD_UF": 52.0, "HIDRO": "nascente"}, "geometry": {"type": "Point", "coordinates": [-47.684580266649895, -14.402158367919528]}}, {"type": "Feature", "properties": {"fid_1": 5857, "GEOCODIGO": 5200605.0, "MUNICIPIO": "ALTO PARAÍSO DE GOIÁS", "UF": "GO", "CD_UF": 52.0, "HIDRO": "nascente"}, "geometry": {"type": "Point", "coordinates": [-47.683131173497614, -14.280933067148878]}}, {"type": "Feature", "properties": {"fid_1": 5858, "GEOCODIGO": 5200605.0, "MUNICIPIO": "ALTO PARAÍSO DE GOIÁS", "UF": "GO", "CD_UF": 52.0, "HIDRO": "nascente"}, "geometry": {"type": "Point", "coordinates": [-47.68190916374701, -14.212064744533935]}}, {"type": "Feature", "properties": {"fid_1": 5859, "GEOCODIGO": 5200605.0, "MUNICIPIO": "ALTO PARAÍSO DE GOIÁS", "UF": "GO", "CD_UF": 52.0, "HIDRO": "nascente"}, "geometry": {"type": "Point", "coordinates": [-47.68050095744033, -14.159965325445869]}}, {"type": "Feature", "properties": {"fid_1": 5860, "GEOCODIGO": 5200605.0, "MUNICIPIO": "ALTO PARAÍSO DE GOIÁS", "UF": "GO", "CD_UF": 52.0, "HIDRO": "nascente"}, "geometry": {"type": "Point", "coordinates": [-47.68023312269953, -14.143091366998291]}}, {"type": "Feature", "properties": {"fid_1": 5861, "GEOCODIGO": 5200605.0, "MUNICIPIO": "ALTO PARAÍSO DE GOIÁS", "UF": "GO", "CD_UF": 52.0, "HIDRO": "nascente"}, "geometry": {"type": "Point", "coordinates": [-47.68090159361367, -14.24750009000953]}}, {"type": "Feature", "properties": {"fid_1": 5862, "GEOCODIGO": 5200605.0, "MUNICIPIO": "ALTO PARAÍSO DE GOIÁS", "UF": "GO", "CD_UF": 52.0, "HIDRO": "nascente"}, "geometry": {"type": "Point", "coordinates": [-47.68107418097946, -14.274215841670296]}}, {"type": "Feature", "properties": {"fid_1": 5863, "GEOCODIGO": 5200605.0, "MUNICIPIO": "ALTO PARAÍSO DE GOIÁS", "UF": "GO", "CD_UF": 52.0, "HIDRO": "nascente"}, "geometry": {"type": "Point", "coordinates": [-47.67945841699154, -14.15084965086142]}}, {"type": "Feature", "properties": {"fid_1": 5864, "GEOCODIGO": 5200605.0, "MUNICIPIO": "ALTO PARAÍSO DE GOIÁS", "UF": "GO", "CD_UF": 52.0, "HIDRO": "nascente"}, "geometry": {"type": "Point", "coordinates": [-47.6811269216642, -14.300600342837368]}}, {"type": "Feature", "properties": {"fid_1": 5865, "GEOCODIGO": 5200605.0, "MUNICIPIO": "ALTO PARAÍSO DE GOIÁS", "UF": "GO", "CD_UF": 52.0, "HIDRO": "nascente"}, "geometry": {"type": "Point", "coordinates": [-47.679620194629734, -14.201962432162503]}}, {"type": "Feature", "properties": {"fid_1": 5866, "GEOCODIGO": 5200605.0, "MUNICIPIO": "ALTO PARAÍSO DE GOIÁS", "UF": "GO", "CD_UF": 52.0, "HIDRO": "nascente"}, "geometry": {"type": "Point", "coordinates": [-47.68094825357504, -14.339426510170858]}}, {"type": "Feature", "properties": {"fid_1": 5867, "GEOCODIGO": 5200605.0, "MUNICIPIO": "ALTO PARAÍSO DE GOIÁS", "UF": "GO", "CD_UF": 52.0, "HIDRO": "nascente"}, "geometry": {"type": "Point", "coordinates": [-47.68078114748273, -14.367372577573155]}}, {"type": "Feature", "properties": {"fid_1": 5868, "GEOCODIGO": 5200605.0, "MUNICIPIO": "ALTO PARAÍSO DE GOIÁS", "UF": "GO", "CD_UF": 52.0, "HIDRO": "nascente"}, "geometry": {"type": "Point", "coordinates": [-47.68009597079627, -14.33740801934035]}}, {"type": "Feature", "properties": {"fid_1": 5869, "GEOCODIGO": 5200605.0, "MUNICIPIO": "ALTO PARAÍSO DE GOIÁS", "UF": "GO", "CD_UF": 52.0, "HIDRO": "nascente"}, "geometry": {"type": "Point", "coordinates": [-47.67678884371012, -14.089747195355008]}}, {"type": "Feature", "properties": {"fid_1": 5870, "GEOCODIGO": 5200605.0, "MUNICIPIO": "ALTO PARAÍSO DE GOIÁS", "UF": "GO", "CD_UF": 52.0, "HIDRO": "nascente"}, "geometry": {"type": "Point", "coordinates": [-47.6808339625945, -14.432948234882963]}}, {"type": "Feature", "properties": {"fid_1": 5871, "GEOCODIGO": 5200605.0, "MUNICIPIO": "ALTO PARAÍSO DE GOIÁS", "UF": "GO", "CD_UF": 52.0, "HIDRO": "nascente"}, "geometry": {"type": "Point", "coordinates": [-47.680548958218026, -14.44595903641979]}}, {"type": "Feature", "properties": {"fid_1": 5872, "GEOCODIGO": 5200605.0, "MUNICIPIO": "ALTO PARAÍSO DE GOIÁS", "UF": "GO", "CD_UF": 52.0, "HIDRO": "nascente"}, "geometry": {"type": "Point", "coordinates": [-47.679998969837705, -14.420248432350975]}}, {"type": "Feature", "properties": {"fid_1": 5873, "GEOCODIGO": 5200605.0, "MUNICIPIO": "ALTO PARAÍSO DE GOIÁS", "UF": "GO", "CD_UF": 52.0, "HIDRO": "nascente"}, "geometry": {"type": "Point", "coordinates": [-47.67562016835619, -14.140420018975941]}}, {"type": "Feature", "properties": {"fid_1": 5874, "GEOCODIGO": 5200605.0, "MUNICIPIO": "ALTO PARAÍSO DE GOIÁS", "UF": "GO", "CD_UF": 52.0, "HIDRO": "nascente"}, "geometry": {"type": "Point", "coordinates": [-47.67615486022169, -14.209433574090273]}}, {"type": "Feature", "properties": {"fid_1": 5875, "GEOCODIGO": 5200605.0, "MUNICIPIO": "ALTO PARAÍSO DE GOIÁS", "UF": "GO", "CD_UF": 52.0, "HIDRO": "nascente"}, "geometry": {"type": "Point", "coordinates": [-47.674900267769104, -14.135351592327861]}}, {"type": "Feature", "properties": {"fid_1": 5876, "GEOCODIGO": 5200605.0, "MUNICIPIO": "ALTO PARAÍSO DE GOIÁS", "UF": "GO", "CD_UF": 52.0, "HIDRO": "nascente"}, "geometry": {"type": "Point", "coordinates": [-47.67718107193375, -14.329054334898053]}}, {"type": "Feature", "properties": {"fid_1": 5877, "GEOCODIGO": 5200605.0, "MUNICIPIO": "ALTO PARAÍSO DE GOIÁS", "UF": "GO", "CD_UF": 52.0, "HIDRO": "nascente"}, "geometry": {"type": "Point", "coordinates": [-47.67474456992541, -14.146762013935962]}}, {"type": "Feature", "properties": {"fid_1": 5878, "GEOCODIGO": 5200605.0, "MUNICIPIO": "ALTO PARAÍSO DE GOIÁS", "UF": "GO", "CD_UF": 52.0, "HIDRO": "nascente"}, "geometry": {"type": "Point", "coordinates": [-47.67691280805941, -14.390345739212039]}}, {"type": "Feature", "properties": {"fid_1": 5879, "GEOCODIGO": 5200605.0, "MUNICIPIO": "ALTO PARAÍSO DE GOIÁS", "UF": "GO", "CD_UF": 52.0, "HIDRO": "nascente"}, "geometry": {"type": "Point", "coordinates": [-47.677404936091875, -14.446392429038058]}}, {"type": "Feature", "properties": {"fid_1": 5880, "GEOCODIGO": 5200605.0, "MUNICIPIO": "ALTO PARAÍSO DE GOIÁS", "UF": "GO", "CD_UF": 52.0, "HIDRO": "nascente"}, "geometry": {"type": "Point", "coordinates": [-47.673549980847184, -14.206721924882698]}}, {"type": "Feature", "properties": {"fid_1": 5881, "GEOCODIGO": 5200605.0, "MUNICIPIO": "ALTO PARAÍSO DE GOIÁS", "UF": "GO", "CD_UF": 52.0, "HIDRO": "nascente"}, "geometry": {"type": "Point", "coordinates": [-47.672936970033795, -14.156578661097276]}}, {"type": "Feature", "properties": {"fid_1": 5882, "GEOCODIGO": 5200605.0, "MUNICIPIO": "ALTO PARAÍSO DE GOIÁS", "UF": "GO", "CD_UF": 52.0, "HIDRO": "nascente"}, "geometry": {"type": "Point", "coordinates": [-47.6735092065653, -14.381889498269777]}}, {"type": "Feature", "properties": {"fid_1": 5883, "GEOCODIGO": 5200605.0, "MUNICIPIO": "ALTO PARAÍSO DE GOIÁS", "UF": "GO", "CD_UF": 52.0, "HIDRO": "nascente"}, "geometry": {"type": "Point", "coordinates": [-47.672386249544246, -14.291974165731373]}}, {"type": "Feature", "properties": {"fid_1": 5884, "GEOCODIGO": 5200605.0, "MUNICIPIO": "ALTO PARAÍSO DE GOIÁS", "UF": "GO", "CD_UF": 52.0, "HIDRO": "nascente"}, "geometry": {"type": "Point", "coordinates": [-47.67051723319894, -14.134472951497383]}}, {"type": "Feature", "properties": {"fid_1": 5885, "GEOCODIGO": 5200605.0, "MUNICIPIO": "ALTO PARAÍSO DE GOIÁS", "UF": "GO", "CD_UF": 52.0, "HIDRO": "nascente"}, "geometry": {"type": "Point", "coordinates": [-47.66908507827036, -14.195700709128186]}}, {"type": "Feature", "properties": {"fid_1": 5886, "GEOCODIGO": 5200605.0, "MUNICIPIO": "ALTO PARAÍSO DE GOIÁS", "UF": "GO", "CD_UF": 52.0, "HIDRO": "nascente"}, "geometry": {"type": "Point", "coordinates": [-47.6711579256632, -14.401635056907127]}}, {"type": "Feature", "properties": {"fid_1": 5887, "GEOCODIGO": 5200605.0, "MUNICIPIO": "ALTO PARAÍSO DE GOIÁS", "UF": "GO", "CD_UF": 52.0, "HIDRO": "nascente"}, "geometry": {"type": "Point", "coordinates": [-47.671491220778385, -14.448458735699237]}}, {"type": "Feature", "properties": {"fid_1": 5888, "GEOCODIGO": 5200605.0, "MUNICIPIO": "ALTO PARAÍSO DE GOIÁS", "UF": "GO", "CD_UF": 52.0, "HIDRO": "nascente"}, "geometry": {"type": "Point", "coordinates": [-47.670727653851884, -14.41699230712167]}}, {"type": "Feature", "properties": {"fid_1": 5889, "GEOCODIGO": 5200605.0, "MUNICIPIO": "ALTO PARAÍSO DE GOIÁS", "UF": "GO", "CD_UF": 52.0, "HIDRO": "nascente"}, "geometry": {"type": "Point", "coordinates": [-47.67028021244627, -14.427305265721087]}}, {"type": "Feature", "properties": {"fid_1": 5890, "GEOCODIGO": 5200605.0, "MUNICIPIO": "ALTO PARAÍSO DE GOIÁS", "UF": "GO", "CD_UF": 52.0, "HIDRO": "nascente"}, "geometry": {"type": "Point", "coordinates": [-47.6663944938659, -14.162029698317848]}}, {"type": "Feature", "properties": {"fid_1": 5891, "GEOCODIGO": 5200605.0, "MUNICIPIO": "ALTO PARAÍSO DE GOIÁS", "UF": "GO", "CD_UF": 52.0, "HIDRO": "nascente"}, "geometry": {"type": "Point", "coordinates": [-47.669361121226046, -14.423183682213967]}}, {"type": "Feature", "properties": {"fid_1": 5892, "GEOCODIGO": 5200605.0, "MUNICIPIO": "ALTO PARAÍSO DE GOIÁS", "UF": "GO", "CD_UF": 52.0, "HIDRO": "nascente"}, "geometry": {"type": "Point", "coordinates": [-47.66623396698302, -14.205635840362635]}}, {"type": "Feature", "properties": {"fid_1": 5893, "GEOCODIGO": 5200605.0, "MUNICIPIO": "ALTO PARAÍSO DE GOIÁS", "UF": "GO", "CD_UF": 52.0, "HIDRO": "nascente"}, "geometry": {"type": "Point", "coordinates": [-47.66788777329973, -14.38419904217313]}}, {"type": "Feature", "properties": {"fid_1": 5894, "GEOCODIGO": 5200605.0, "MUNICIPIO": "ALTO PARAÍSO DE GOIÁS", "UF": "GO", "CD_UF": 52.0, "HIDRO": "nascente"}, "geometry": {"type": "Point", "coordinates": [-47.66799742727305, -14.409405401845046]}}, {"type": "Feature", "properties": {"fid_1": 5895, "GEOCODIGO": 5200605.0, "MUNICIPIO": "ALTO PARAÍSO DE GOIÁS", "UF": "GO", "CD_UF": 52.0, "HIDRO": "nascente"}, "geometry": {"type": "Point", "coordinates": [-47.66551189282104, -14.218142760879353]}}, {"type": "Feature", "properties": {"fid_1": 5896, "GEOCODIGO": 5200605.0, "MUNICIPIO": "ALTO PARAÍSO DE GOIÁS", "UF": "GO", "CD_UF": 52.0, "HIDRO": "nascente"}, "geometry": {"type": "Point", "coordinates": [-47.664965941026466, -14.228645577283062]}}, {"type": "Feature", "properties": {"fid_1": 5897, "GEOCODIGO": 5200605.0, "MUNICIPIO": "ALTO PARAÍSO DE GOIÁS", "UF": "GO", "CD_UF": 52.0, "HIDRO": "nascente"}, "geometry": {"type": "Point", "coordinates": [-47.66300205951478, -14.111967948342782]}}, {"type": "Feature", "properties": {"fid_1": 5898, "GEOCODIGO": 5200605.0, "MUNICIPIO": "ALTO PARAÍSO DE GOIÁS", "UF": "GO", "CD_UF": 52.0, "HIDRO": "nascente"}, "geometry": {"type": "Point", "coordinates": [-47.666386446815665, -14.452160652631525]}}, {"type": "Feature", "properties": {"fid_1": 5899, "GEOCODIGO": 5200605.0, "MUNICIPIO": "ALTO PARAÍSO DE GOIÁS", "UF": "GO", "CD_UF": 52.0, "HIDRO": "nascente"}, "geometry": {"type": "Point", "coordinates": [-47.66453285227127, -14.329497857211102]}}, {"type": "Feature", "properties": {"fid_1": 5900, "GEOCODIGO": 5200605.0, "MUNICIPIO": "ALTO PARAÍSO DE GOIÁS", "UF": "GO", "CD_UF": 52.0, "HIDRO": "nascente"}, "geometry": {"type": "Point", "coordinates": [-47.66176807922926, -14.102586944140544]}}, {"type": "Feature", "properties": {"fid_1": 5901, "GEOCODIGO": 5200605.0, "MUNICIPIO": "ALTO PARAÍSO DE GOIÁS", "UF": "GO", "CD_UF": 52.0, "HIDRO": "nascente"}, "geometry": {"type": "Point", "coordinates": [-47.66493368465008, -14.398298558190197]}}, {"type": "Feature", "properties": {"fid_1": 5902, "GEOCODIGO": 5200605.0, "MUNICIPIO": "ALTO PARAÍSO DE GOIÁS", "UF": "GO", "CD_UF": 52.0, "HIDRO": "nascente"}, "geometry": {"type": "Point", "coordinates": [-47.66095722207912, -14.132047030897617]}}, {"type": "Feature", "properties": {"fid_1": 5903, "GEOCODIGO": 5200605.0, "MUNICIPIO": "ALTO PARAÍSO DE GOIÁS", "UF": "GO", "CD_UF": 52.0, "HIDRO": "nascente"}, "geometry": {"type": "Point", "coordinates": [-47.65943542143436, -14.121568936801248]}}, {"type": "Feature", "properties": {"fid_1": 5904, "GEOCODIGO": 5200605.0, "MUNICIPIO": "ALTO PARAÍSO DE GOIÁS", "UF": "GO", "CD_UF": 52.0, "HIDRO": "nascente"}, "geometry": {"type": "Point", "coordinates": [-47.66216537640487, -14.38010525968542]}}, {"type": "Feature", "properties": {"fid_1": 5905, "GEOCODIGO": 5200605.0, "MUNICIPIO": "ALTO PARAÍSO DE GOIÁS", "UF": "GO", "CD_UF": 52.0, "HIDRO": "nascente"}, "geometry": {"type": "Point", "coordinates": [-47.66164335684464, -14.437788922899522]}}, {"type": "Feature", "properties": {"fid_1": 5906, "GEOCODIGO": 5200605.0, "MUNICIPIO": "ALTO PARAÍSO DE GOIÁS", "UF": "GO", "CD_UF": 52.0, "HIDRO": "nascente"}, "geometry": {"type": "Point", "coordinates": [-47.659345040282254, -14.262308512744383]}}, {"type": "Feature", "properties": {"fid_1": 5907, "GEOCODIGO": 5200605.0, "MUNICIPIO": "ALTO PARAÍSO DE GOIÁS", "UF": "GO", "CD_UF": 52.0, "HIDRO": "nascente"}, "geometry": {"type": "Point", "coordinates": [-47.65939224469788, -14.279030199192148]}}, {"type": "Feature", "properties": {"fid_1": 5908, "GEOCODIGO": 5200605.0, "MUNICIPIO": "ALTO PARAÍSO DE GOIÁS", "UF": "GO", "CD_UF": 52.0, "HIDRO": "nascente"}, "geometry": {"type": "Point", "coordinates": [-47.65737221505168, -14.108276582374067]}}, {"type": "Feature", "properties": {"fid_1": 5909, "GEOCODIGO": 5200605.0, "MUNICIPIO": "ALTO PARAÍSO DE GOIÁS", "UF": "GO", "CD_UF": 52.0, "HIDRO": "nascente"}, "geometry": {"type": "Point", "coordinates": [-47.65729141600004, -14.114181829740211]}}, {"type": "Feature", "properties": {"fid_1": 5910, "GEOCODIGO": 5200605.0, "MUNICIPIO": "ALTO PARAÍSO DE GOIÁS", "UF": "GO", "CD_UF": 52.0, "HIDRO": "nascente"}, "geometry": {"type": "Point", "coordinates": [-47.66055832099225, -14.415224215658847]}}, {"type": "Feature", "properties": {"fid_1": 5911, "GEOCODIGO": 5200605.0, "MUNICIPIO": "ALTO PARAÍSO DE GOIÁS", "UF": "GO", "CD_UF": 52.0, "HIDRO": "nascente"}, "geometry": {"type": "Point", "coordinates": [-47.66022369257593, -14.398614179805703]}}, {"type": "Feature", "properties": {"fid_1": 5912, "GEOCODIGO": 5200605.0, "MUNICIPIO": "ALTO PARAÍSO DE GOIÁS", "UF": "GO", "CD_UF": 52.0, "HIDRO": "nascente"}, "geometry": {"type": "Point", "coordinates": [-47.65684968003215, -14.117615462811571]}}, {"type": "Feature", "properties": {"fid_1": 5913, "GEOCODIGO": 5200605.0, "MUNICIPIO": "ALTO PARAÍSO DE GOIÁS", "UF": "GO", "CD_UF": 52.0, "HIDRO": "nascente"}, "geometry": {"type": "Point", "coordinates": [-47.658820852848564, -14.291640573714565]}}, {"type": "Feature", "properties": {"fid_1": 5914, "GEOCODIGO": 5200605.0, "MUNICIPIO": "ALTO PARAÍSO DE GOIÁS", "UF": "GO", "CD_UF": 52.0, "HIDRO": "nascente"}, "geometry": {"type": "Point", "coordinates": [-47.65749883603194, -14.2135399672525]}}, {"type": "Feature", "properties": {"fid_1": 5915, "GEOCODIGO": 5200605.0, "MUNICIPIO": "ALTO PARAÍSO DE GOIÁS", "UF": "GO", "CD_UF": 52.0, "HIDRO": "nascente"}, "geometry": {"type": "Point", "coordinates": [-47.65880718514828, -14.375232640265082]}}, {"type": "Feature", "properties": {"fid_1": 5916, "GEOCODIGO": 5200605.0, "MUNICIPIO": "ALTO PARAÍSO DE GOIÁS", "UF": "GO", "CD_UF": 52.0, "HIDRO": "nascente"}, "geometry": {"type": "Point", "coordinates": [-47.655992873034805, -14.163509160964919]}}, {"type": "Feature", "properties": {"fid_1": 5917, "GEOCODIGO": 5200605.0, "MUNICIPIO": "ALTO PARAÍSO DE GOIÁS", "UF": "GO", "CD_UF": 52.0, "HIDRO": "nascente"}, "geometry": {"type": "Point", "coordinates": [-47.655037811705796, -14.198562249966518]}}, {"type": "Feature", "properties": {"fid_1": 5918, "GEOCODIGO": 5200605.0, "MUNICIPIO": "ALTO PARAÍSO DE GOIÁS", "UF": "GO", "CD_UF": 52.0, "HIDRO": "nascente"}, "geometry": {"type": "Point", "coordinates": [-47.65396924243019, -14.134529608048405]}}, {"type": "Feature", "properties": {"fid_1": 5919, "GEOCODIGO": 5200605.0, "MUNICIPIO": "ALTO PARAÍSO DE GOIÁS", "UF": "GO", "CD_UF": 52.0, "HIDRO": "nascente"}, "geometry": {"type": "Point", "coordinates": [-47.65611445627882, -14.322260972508628]}}, {"type": "Feature", "properties": {"fid_1": 5920, "GEOCODIGO": 5200605.0, "MUNICIPIO": "ALTO PARAÍSO DE GOIÁS", "UF": "GO", "CD_UF": 52.0, "HIDRO": "nascente"}, "geometry": {"type": "Point", "coordinates": [-47.65544577049534, -14.30783631371524]}}, {"type": "Feature", "properties": {"fid_1": 5921, "GEOCODIGO": 5200605.0, "MUNICIPIO": "ALTO PARAÍSO DE GOIÁS", "UF": "GO", "CD_UF": 52.0, "HIDRO": "nascente"}, "geometry": {"type": "Point", "coordinates": [-47.65459749480369, -14.295641977803406]}}, {"type": "Feature", "properties": {"fid_1": 5922, "GEOCODIGO": 5200605.0, "MUNICIPIO": "ALTO PARAÍSO DE GOIÁS", "UF": "GO", "CD_UF": 52.0, "HIDRO": "nascente"}, "geometry": {"type": "Point", "coordinates": [-47.654474019332504, -14.35990561025058]}}, {"type": "Feature", "properties": {"fid_1": 5923, "GEOCODIGO": 5200605.0, "MUNICIPIO": "ALTO PARAÍSO DE GOIÁS", "UF": "GO", "CD_UF": 52.0, "HIDRO": "nascente"}, "geometry": {"type": "Point", "coordinates": [-47.64967917727305, -14.11121418276815]}}, {"type": "Feature", "properties": {"fid_1": 5924, "GEOCODIGO": 5200605.0, "MUNICIPIO": "ALTO PARAÍSO DE GOIÁS", "UF": "GO", "CD_UF": 52.0, "HIDRO": "nascente"}, "geometry": {"type": "Point", "coordinates": [-47.65025896695394, -14.21352919863799]}}, {"type": "Feature", "properties": {"fid_1": 5925, "GEOCODIGO": 5200605.0, "MUNICIPIO": "ALTO PARAÍSO DE GOIÁS", "UF": "GO", "CD_UF": 52.0, "HIDRO": "nascente"}, "geometry": {"type": "Point", "coordinates": [-47.65125234931434, -14.301073332828011]}}, {"type": "Feature", "properties": {"fid_1": 5926, "GEOCODIGO": 5200605.0, "MUNICIPIO": "ALTO PARAÍSO DE GOIÁS", "UF": "GO", "CD_UF": 52.0, "HIDRO": "nascente"}, "geometry": {"type": "Point", "coordinates": [-47.648962037061075, -14.16216884318791]}}, {"type": "Feature", "properties": {"fid_1": 5927, "GEOCODIGO": 5200605.0, "MUNICIPIO": "ALTO PARAÍSO DE GOIÁS", "UF": "GO", "CD_UF": 52.0, "HIDRO": "nascente"}, "geometry": {"type": "Point", "coordinates": [-47.648375117909346, -14.198755612724808]}}, {"type": "Feature", "properties": {"fid_1": 5928, "GEOCODIGO": 5200605.0, "MUNICIPIO": "ALTO PARAÍSO DE GOIÁS", "UF": "GO", "CD_UF": 52.0, "HIDRO": "nascente"}, "geometry": {"type": "Point", "coordinates": [-47.64899232846597, -14.326746773199524]}}, {"type": "Feature", "properties": {"fid_1": 5929, "GEOCODIGO": 5200605.0, "MUNICIPIO": "ALTO PARAÍSO DE GOIÁS", "UF": "GO", "CD_UF": 52.0, "HIDRO": "nascente"}, "geometry": {"type": "Point", "coordinates": [-47.646448566002675, -14.126589740172387]}}, {"type": "Feature", "properties": {"fid_1": 5930, "GEOCODIGO": 5200605.0, "MUNICIPIO": "ALTO PARAÍSO DE GOIÁS", "UF": "GO", "CD_UF": 52.0, "HIDRO": "nascente"}, "geometry": {"type": "Point", "coordinates": [-47.649019381399974, -14.430160919157498]}}, {"type": "Feature", "properties": {"fid_1": 5931, "GEOCODIGO": 5200605.0, "MUNICIPIO": "ALTO PARAÍSO DE GOIÁS", "UF": "GO", "CD_UF": 52.0, "HIDRO": "nascente"}, "geometry": {"type": "Point", "coordinates": [-47.64658658356989, -14.270795393321402]}}, {"type": "Feature", "properties": {"fid_1": 5932, "GEOCODIGO": 5200605.0, "MUNICIPIO": "ALTO PARAÍSO DE GOIÁS", "UF": "GO", "CD_UF": 52.0, "HIDRO": "nascente"}, "geometry": {"type": "Point", "coordinates": [-47.64518242306642, -14.189442703652425]}}, {"type": "Feature", "properties": {"fid_1": 5933, "GEOCODIGO": 5200605.0, "MUNICIPIO": "ALTO PARAÍSO DE GOIÁS", "UF": "GO", "CD_UF": 52.0, "HIDRO": "nascente"}, "geometry": {"type": "Point", "coordinates": [-47.644954172449104, -14.175011764303957]}}, {"type": "Feature", "properties": {"fid_1": 5934, "GEOCODIGO": 5200605.0, "MUNICIPIO": "ALTO PARAÍSO DE GOIÁS", "UF": "GO", "CD_UF": 52.0, "HIDRO": "nascente"}, "geometry": {"type": "Point", "coordinates": [-47.64747672104639, -14.415329209504879]}}, {"type": "Feature", "properties": {"fid_1": 5935, "GEOCODIGO": 5200605.0, "MUNICIPIO": "ALTO PARAÍSO DE GOIÁS", "UF": "GO", "CD_UF": 52.0, "HIDRO": "nascente"}, "geometry": {"type": "Point", "coordinates": [-47.64242742037014, -14.100477954746001]}}, {"type": "Feature", "properties": {"fid_1": 5936, "GEOCODIGO": 5200605.0, "MUNICIPIO": "ALTO PARAÍSO DE GOIÁS", "UF": "GO", "CD_UF": 52.0, "HIDRO": "nascente"}, "geometry": {"type": "Point", "coordinates": [-47.643384192241484, -14.209983666479905]}}, {"type": "Feature", "properties": {"fid_1": 5937, "GEOCODIGO": 5200605.0, "MUNICIPIO": "ALTO PARAÍSO DE GOIÁS", "UF": "GO", "CD_UF": 52.0, "HIDRO": "nascente"}, "geometry": {"type": "Point", "coordinates": [-47.64203125002964, -14.120699618364736]}}, {"type": "Feature", "properties": {"fid_1": 5938, "GEOCODIGO": 5200605.0, "MUNICIPIO": "ALTO PARAÍSO DE GOIÁS", "UF": "GO", "CD_UF": 52.0, "HIDRO": "nascente"}, "geometry": {"type": "Point", "coordinates": [-47.64463019543387, -14.349638289461048]}}, {"type": "Feature", "properties": {"fid_1": 5939, "GEOCODIGO": 5200605.0, "MUNICIPIO": "ALTO PARAÍSO DE GOIÁS", "UF": "GO", "CD_UF": 52.0, "HIDRO": "nascente"}, "geometry": {"type": "Point", "coordinates": [-47.644554675043246, -14.367625529943716]}}, {"type": "Feature", "properties": {"fid_1": 5940, "GEOCODIGO": 5200605.0, "MUNICIPIO": "ALTO PARAÍSO DE GOIÁS", "UF": "GO", "CD_UF": 52.0, "HIDRO": "nascente"}, "geometry": {"type": "Point", "coordinates": [-47.643497271014695, -14.37936278784786]}}, {"type": "Feature", "properties": {"fid_1": 5941, "GEOCODIGO": 5200605.0, "MUNICIPIO": "ALTO PARAÍSO DE GOIÁS", "UF": "GO", "CD_UF": 52.0, "HIDRO": "nascente"}, "geometry": {"type": "Point", "coordinates": [-47.641176490538975, -14.200302351633624]}}, {"type": "Feature", "properties": {"fid_1": 5942, "GEOCODIGO": 5200605.0, "MUNICIPIO": "ALTO PARAÍSO DE GOIÁS", "UF": "GO", "CD_UF": 52.0, "HIDRO": "nascente"}, "geometry": {"type": "Point", "coordinates": [-47.64196719277066, -14.29291632425892]}}, {"type": "Feature", "properties": {"fid_1": 5943, "GEOCODIGO": 5200605.0, "MUNICIPIO": "ALTO PARAÍSO DE GOIÁS", "UF": "GO", "CD_UF": 52.0, "HIDRO": "nascente"}, "geometry": {"type": "Point", "coordinates": [-47.63976051413819, -14.191850862690655]}}, {"type": "Feature", "properties": {"fid_1": 5944, "GEOCODIGO": 5200605.0, "MUNICIPIO": "ALTO PARAÍSO DE GOIÁS", "UF": "GO", "CD_UF": 52.0, "HIDRO": "nascente"}, "geometry": {"type": "Point", "coordinates": [-47.63902944952731, -14.15839898261884]}}, {"type": "Feature", "properties": {"fid_1": 5945, "GEOCODIGO": 5200605.0, "MUNICIPIO": "ALTO PARAÍSO DE GOIÁS", "UF": "GO", "CD_UF": 52.0, "HIDRO": "nascente"}, "geometry": {"type": "Point", "coordinates": [-47.63771236798509, -14.134780287256298]}}, {"type": "Feature", "properties": {"fid_1": 5946, "GEOCODIGO": 5200605.0, "MUNICIPIO": "ALTO PARAÍSO DE GOIÁS", "UF": "GO", "CD_UF": 52.0, "HIDRO": "nascente"}, "geometry": {"type": "Point", "coordinates": [-47.64006677863638, -14.349312038673776]}}, {"type": "Feature", "properties": {"fid_1": 5947, "GEOCODIGO": 5200605.0, "MUNICIPIO": "ALTO PARAÍSO DE GOIÁS", "UF": "GO", "CD_UF": 52.0, "HIDRO": "nascente"}, "geometry": {"type": "Point", "coordinates": [-47.640594403133626, -14.416664480786032]}}, {"type": "Feature", "properties": {"fid_1": 5948, "GEOCODIGO": 5200605.0, "MUNICIPIO": "ALTO PARAÍSO DE GOIÁS", "UF": "GO", "CD_UF": 52.0, "HIDRO": "nascente"}, "geometry": {"type": "Point", "coordinates": [-47.63901483232023, -14.28588056896811]}}, {"type": "Feature", "properties": {"fid_1": 5949, "GEOCODIGO": 5200605.0, "MUNICIPIO": "ALTO PARAÍSO DE GOIÁS", "UF": "GO", "CD_UF": 52.0, "HIDRO": "nascente"}, "geometry": {"type": "Point", "coordinates": [-47.63982012058687, -14.406191131438636]}}, {"type": "Feature", "properties": {"fid_1": 5950, "GEOCODIGO": 5200605.0, "MUNICIPIO": "ALTO PARAÍSO DE GOIÁS", "UF": "GO", "CD_UF": 52.0, "HIDRO": "nascente"}, "geometry": {"type": "Point", "coordinates": [-47.634290830015985, -14.091239528299413]}}, {"type": "Feature", "properties": {"fid_1": 5951, "GEOCODIGO": 5200605.0, "MUNICIPIO": "ALTO PARAÍSO DE GOIÁS", "UF": "GO", "CD_UF": 52.0, "HIDRO": "nascente"}, "geometry": {"type": "Point", "coordinates": [-47.6342073544407, -14.201350924040696]}}, {"type": "Feature", "properties": {"fid_1": 5952, "GEOCODIGO": 5200605.0, "MUNICIPIO": "ALTO PARAÍSO DE GOIÁS", "UF": "GO", "CD_UF": 52.0, "HIDRO": "nascente"}, "geometry": {"type": "Point", "coordinates": [-47.635708167650094, -14.38360045003852]}}, {"type": "Feature", "properties": {"fid_1": 5953, "GEOCODIGO": 5200605.0, "MUNICIPIO": "ALTO PARAÍSO DE GOIÁS", "UF": "GO", "CD_UF": 52.0, "HIDRO": "nascente"}, "geometry": {"type": "Point", "coordinates": [-47.63604375969274, -14.422666781799698]}}, {"type": "Feature", "properties": {"fid_1": 5954, "GEOCODIGO": 5200605.0, "MUNICIPIO": "ALTO PARAÍSO DE GOIÁS", "UF": "GO", "CD_UF": 52.0, "HIDRO": "nascente"}, "geometry": {"type": "Point", "coordinates": [-47.63204667604271, -14.188517235371288]}}, {"type": "Feature", "properties": {"fid_1": 5955, "GEOCODIGO": 5200605.0, "MUNICIPIO": "ALTO PARAÍSO DE GOIÁS", "UF": "GO", "CD_UF": 52.0, "HIDRO": "nascente"}, "geometry": {"type": "Point", "coordinates": [-47.62923790366773, -14.179782952238233]}}, {"type": "Feature", "properties": {"fid_1": 5956, "GEOCODIGO": 5200605.0, "MUNICIPIO": "ALTO PARAÍSO DE GOIÁS", "UF": "GO", "CD_UF": 52.0, "HIDRO": "nascente"}, "geometry": {"type": "Point", "coordinates": [-47.63156743379995, -14.407411124173198]}}, {"type": "Feature", "properties": {"fid_1": 5957, "GEOCODIGO": 5200605.0, "MUNICIPIO": "ALTO PARAÍSO DE GOIÁS", "UF": "GO", "CD_UF": 52.0, "HIDRO": "nascente"}, "geometry": {"type": "Point", "coordinates": [-47.63067681197813, -14.379229219938303]}}, {"type": "Feature", "properties": {"fid_1": 5958, "GEOCODIGO": 5200605.0, "MUNICIPIO": "ALTO PARAÍSO DE GOIÁS", "UF": "GO", "CD_UF": 52.0, "HIDRO": "nascente"}, "geometry": {"type": "Point", "coordinates": [-47.62746349732697, -14.193803285206176]}}, {"type": "Feature", "properties": {"fid_1": 5959, "GEOCODIGO": 5200605.0, "MUNICIPIO": "ALTO PARAÍSO DE GOIÁS", "UF": "GO", "CD_UF": 52.0, "HIDRO": "nascente"}, "geometry": {"type": "Point", "coordinates": [-47.62664719602521, -14.415175543549857]}}, {"type": "Feature", "properties": {"fid_1": 5960, "GEOCODIGO": 5200605.0, "MUNICIPIO": "ALTO PARAÍSO DE GOIÁS", "UF": "GO", "CD_UF": 52.0, "HIDRO": "nascente"}, "geometry": {"type": "Point", "coordinates": [-47.62253063011089, -14.0676604114944]}}, {"type": "Feature", "properties": {"fid_1": 5961, "GEOCODIGO": 5200605.0, "MUNICIPIO": "ALTO PARAÍSO DE GOIÁS", "UF": "GO", "CD_UF": 52.0, "HIDRO": "nascente"}, "geometry": {"type": "Point", "coordinates": [-47.625156496498214, -14.403497724338152]}}, {"type": "Feature", "properties": {"fid_1": 5962, "GEOCODIGO": 5200605.0, "MUNICIPIO": "ALTO PARAÍSO DE GOIÁS", "UF": "GO", "CD_UF": 52.0, "HIDRO": "nascente"}, "geometry": {"type": "Point", "coordinates": [-47.624573997575645, -14.422646159604907]}}, {"type": "Feature", "properties": {"fid_1": 5963, "GEOCODIGO": 5200605.0, "MUNICIPIO": "ALTO PARAÍSO DE GOIÁS", "UF": "GO", "CD_UF": 52.0, "HIDRO": "nascente"}, "geometry": {"type": "Point", "coordinates": [-47.61992250175765, -14.379527149288323]}}, {"type": "Feature", "properties": {"fid_1": 5964, "GEOCODIGO": 5200605.0, "MUNICIPIO": "ALTO PARAÍSO DE GOIÁS", "UF": "GO", "CD_UF": 52.0, "HIDRO": "nascente"}, "geometry": {"type": "Point", "coordinates": [-47.62024914797533, -14.410402265754124]}}, {"type": "Feature", "properties": {"fid_1": 5965, "GEOCODIGO": 5200605.0, "MUNICIPIO": "ALTO PARAÍSO DE GOIÁS", "UF": "GO", "CD_UF": 52.0, "HIDRO": "nascente"}, "geometry": {"type": "Point", "coordinates": [-47.61950017737021, -14.37290702626996]}}, {"type": "Feature", "properties": {"fid_1": 5966, "GEOCODIGO": 5200605.0, "MUNICIPIO": "ALTO PARAÍSO DE GOIÁS", "UF": "GO", "CD_UF": 52.0, "HIDRO": "nascente"}, "geometry": {"type": "Point", "coordinates": [-47.615756809404616, -14.080183100164044]}}, {"type": "Feature", "properties": {"fid_1": 5967, "GEOCODIGO": 5200605.0, "MUNICIPIO": "ALTO PARAÍSO DE GOIÁS", "UF": "GO", "CD_UF": 52.0, "HIDRO": "nascente"}, "geometry": {"type": "Point", "coordinates": [-47.61962003819595, -14.419613299080758]}}, {"type": "Feature", "properties": {"fid_1": 5968, "GEOCODIGO": 5200605.0, "MUNICIPIO": "ALTO PARAÍSO DE GOIÁS", "UF": "GO", "CD_UF": 52.0, "HIDRO": "nascente"}, "geometry": {"type": "Point", "coordinates": [-47.616541306822086, -14.259535439654561]}}, {"type": "Feature", "properties": {"fid_1": 5969, "GEOCODIGO": 5200605.0, "MUNICIPIO": "ALTO PARAÍSO DE GOIÁS", "UF": "GO", "CD_UF": 52.0, "HIDRO": "nascente"}, "geometry": {"type": "Point", "coordinates": [-47.61695767469159, -14.298523712310487]}}, {"type": "Feature", "properties": {"fid_1": 5970, "GEOCODIGO": 5200605.0, "MUNICIPIO": "ALTO PARAÍSO DE GOIÁS", "UF": "GO", "CD_UF": 52.0, "HIDRO": "nascente"}, "geometry": {"type": "Point", "coordinates": [-47.61343652567319, -14.093616873604876]}}, {"type": "Feature", "properties": {"fid_1": 5971, "GEOCODIGO": 5200605.0, "MUNICIPIO": "ALTO PARAÍSO DE GOIÁS", "UF": "GO", "CD_UF": 52.0, "HIDRO": "nascente"}, "geometry": {"type": "Point", "coordinates": [-47.61322572796101, -14.098666380988433]}}, {"type": "Feature", "properties": {"fid_1": 5972, "GEOCODIGO": 5200605.0, "MUNICIPIO": "ALTO PARAÍSO DE GOIÁS", "UF": "GO", "CD_UF": 52.0, "HIDRO": "nascente"}, "geometry": {"type": "Point", "coordinates": [-47.614927621608516, -14.292762117595489]}}, {"type": "Feature", "properties": {"fid_1": 5973, "GEOCODIGO": 5200605.0, "MUNICIPIO": "ALTO PARAÍSO DE GOIÁS", "UF": "GO", "CD_UF": 52.0, "HIDRO": "nascente"}, "geometry": {"type": "Point", "coordinates": [-47.61546273036891, -14.396288651160095]}}, {"type": "Feature", "properties": {"fid_1": 5974, "GEOCODIGO": 5200605.0, "MUNICIPIO": "ALTO PARAÍSO DE GOIÁS", "UF": "GO", "CD_UF": 52.0, "HIDRO": "nascente"}, "geometry": {"type": "Point", "coordinates": [-47.61519654590806, -14.420409738980638]}}, {"type": "Feature", "properties": {"fid_1": 5975, "GEOCODIGO": 5200605.0, "MUNICIPIO": "ALTO PARAÍSO DE GOIÁS", "UF": "GO", "CD_UF": 52.0, "HIDRO": "nascente"}, "geometry": {"type": "Point", "coordinates": [-47.60970609409987, -14.085252728247667]}}, {"type": "Feature", "properties": {"fid_1": 5976, "GEOCODIGO": 5200605.0, "MUNICIPIO": "ALTO PARAÍSO DE GOIÁS", "UF": "GO", "CD_UF": 52.0, "HIDRO": "nascente"}, "geometry": {"type": "Point", "coordinates": [-47.61301234325005, -14.415744493246708]}}, {"type": "Feature", "properties": {"fid_1": 5977, "GEOCODIGO": 5200605.0, "MUNICIPIO": "ALTO PARAÍSO DE GOIÁS", "UF": "GO", "CD_UF": 52.0, "HIDRO": "nascente"}, "geometry": {"type": "Point", "coordinates": [-47.60934358822797, -14.200521919483506]}}, {"type": "Feature", "properties": {"fid_1": 5978, "GEOCODIGO": 5200605.0, "MUNICIPIO": "ALTO PARAÍSO DE GOIÁS", "UF": "GO", "CD_UF": 52.0, "HIDRO": "nascente"}, "geometry": {"type": "Point", "coordinates": [-47.61002366902036, -14.312205361019712]}}, {"type": "Feature", "properties": {"fid_1": 5979, "GEOCODIGO": 5200605.0, "MUNICIPIO": "ALTO PARAÍSO DE GOIÁS", "UF": "GO", "CD_UF": 52.0, "HIDRO": "nascente"}, "geometry": {"type": "Point", "coordinates": [-47.610192202483816, -14.40127687346102]}}, {"type": "Feature", "properties": {"fid_1": 5980, "GEOCODIGO": 5200605.0, "MUNICIPIO": "ALTO PARAÍSO DE GOIÁS", "UF": "GO", "CD_UF": 52.0, "HIDRO": "nascente"}, "geometry": {"type": "Point", "coordinates": [-47.60822513766707, -14.284984825157103]}}, {"type": "Feature", "properties": {"fid_1": 5981, "GEOCODIGO": 5200605.0, "MUNICIPIO": "ALTO PARAÍSO DE GOIÁS", "UF": "GO", "CD_UF": 52.0, "HIDRO": "nascente"}, "geometry": {"type": "Point", "coordinates": [-47.60640293567377, -14.281060631862518]}}, {"type": "Feature", "properties": {"fid_1": 5982, "GEOCODIGO": 5200605.0, "MUNICIPIO": "ALTO PARAÍSO DE GOIÁS", "UF": "GO", "CD_UF": 52.0, "HIDRO": "nascente"}, "geometry": {"type": "Point", "coordinates": [-47.603134950687, -14.11892685781401]}}, {"type": "Feature", "properties": {"fid_1": 5983, "GEOCODIGO": 5200605.0, "MUNICIPIO": "ALTO PARAÍSO DE GOIÁS", "UF": "GO", "CD_UF": 52.0, "HIDRO": "nascente"}, "geometry": {"type": "Point", "coordinates": [-47.60423680683188, -14.226513971553288]}}, {"type": "Feature", "properties": {"fid_1": 5984, "GEOCODIGO": 5200605.0, "MUNICIPIO": "ALTO PARAÍSO DE GOIÁS", "UF": "GO", "CD_UF": 52.0, "HIDRO": "nascente"}, "geometry": {"type": "Point", "coordinates": [-47.602420529455074, -14.099517325604392]}}, {"type": "Feature", "properties": {"fid_1": 5985, "GEOCODIGO": 5200605.0, "MUNICIPIO": "ALTO PARAÍSO DE GOIÁS", "UF": "GO", "CD_UF": 52.0, "HIDRO": "nascente"}, "geometry": {"type": "Point", "coordinates": [-47.60535570579875, -14.397003466676196]}}, {"type": "Feature", "properties": {"fid_1": 5986, "GEOCODIGO": 5200605.0, "MUNICIPIO": "ALTO PARAÍSO DE GOIÁS", "UF": "GO", "CD_UF": 52.0, "HIDRO": "nascente"}, "geometry": {"type": "Point", "coordinates": [-47.601300571242874, -14.103995988033924]}}, {"type": "Feature", "properties": {"fid_1": 5987, "GEOCODIGO": 5200605.0, "MUNICIPIO": "ALTO PARAÍSO DE GOIÁS", "UF": "GO", "CD_UF": 52.0, "HIDRO": "nascente"}, "geometry": {"type": "Point", "coordinates": [-47.602448529590276, -14.257635846203957]}}, {"type": "Feature", "properties": {"fid_1": 5988, "GEOCODIGO": 5200605.0, "MUNICIPIO": "ALTO PARAÍSO DE GOIÁS", "UF": "GO", "CD_UF": 52.0, "HIDRO": "nascente"}, "geometry": {"type": "Point", "coordinates": [-47.60107075212764, -14.197060428191476]}}, {"type": "Feature", "properties": {"fid_1": 5989, "GEOCODIGO": 5200605.0, "MUNICIPIO": "ALTO PARAÍSO DE GOIÁS", "UF": "GO", "CD_UF": 52.0, "HIDRO": "nascente"}, "geometry": {"type": "Point", "coordinates": [-47.601862182741776, -14.37879767679801]}}, {"type": "Feature", "properties": {"fid_1": 5990, "GEOCODIGO": 5200605.0, "MUNICIPIO": "ALTO PARAÍSO DE GOIÁS", "UF": "GO", "CD_UF": 52.0, "HIDRO": "nascente"}, "geometry": {"type": "Point", "coordinates": [-47.60191517106171, -14.404119709182844]}}, {"type": "Feature", "properties": {"fid_1": 5991, "GEOCODIGO": 5200605.0, "MUNICIPIO": "ALTO PARAÍSO DE GOIÁS", "UF": "GO", "CD_UF": 52.0, "HIDRO": "nascente"}, "geometry": {"type": "Point", "coordinates": [-47.59913063055952, -14.215472805731697]}}, {"type": "Feature", "properties": {"fid_1": 5992, "GEOCODIGO": 5200605.0, "MUNICIPIO": "ALTO PARAÍSO DE GOIÁS", "UF": "GO", "CD_UF": 52.0, "HIDRO": "nascente"}, "geometry": {"type": "Point", "coordinates": [-47.600639645623986, -14.349448359555781]}}, {"type": "Feature", "properties": {"fid_1": 5993, "GEOCODIGO": 5200605.0, "MUNICIPIO": "ALTO PARAÍSO DE GOIÁS", "UF": "GO", "CD_UF": 52.0, "HIDRO": "nascente"}, "geometry": {"type": "Point", "coordinates": [-47.596026940803505, -14.114760315551093]}}, {"type": "Feature", "properties": {"fid_1": 5994, "GEOCODIGO": 5200605.0, "MUNICIPIO": "ALTO PARAÍSO DE GOIÁS", "UF": "GO", "CD_UF": 52.0, "HIDRO": "nascente"}, "geometry": {"type": "Point", "coordinates": [-47.598088724703715, -14.404351216946518]}}, {"type": "Feature", "properties": {"fid_1": 5995, "GEOCODIGO": 5200605.0, "MUNICIPIO": "ALTO PARAÍSO DE GOIÁS", "UF": "GO", "CD_UF": 52.0, "HIDRO": "nascente"}, "geometry": {"type": "Point", "coordinates": [-47.59331327009204, -14.074933232059319]}}, {"type": "Feature", "properties": {"fid_1": 5996, "GEOCODIGO": 5200605.0, "MUNICIPIO": "ALTO PARAÍSO DE GOIÁS", "UF": "GO", "CD_UF": 52.0, "HIDRO": "nascente"}, "geometry": {"type": "Point", "coordinates": [-47.594407689567355, -14.20384477234208]}}, {"type": "Feature", "properties": {"fid_1": 5997, "GEOCODIGO": 5200605.0, "MUNICIPIO": "ALTO PARAÍSO DE GOIÁS", "UF": "GO", "CD_UF": 52.0, "HIDRO": "nascente"}, "geometry": {"type": "Point", "coordinates": [-47.592565612903044, -14.112089211693155]}}, {"type": "Feature", "properties": {"fid_1": 5998, "GEOCODIGO": 5200605.0, "MUNICIPIO": "ALTO PARAÍSO DE GOIÁS", "UF": "GO", "CD_UF": 52.0, "HIDRO": "nascente"}, "geometry": {"type": "Point", "coordinates": [-47.595601049670314, -14.419697680353407]}}, {"type": "Feature", "properties": {"fid_1": 5999, "GEOCODIGO": 5200605.0, "MUNICIPIO": "ALTO PARAÍSO DE GOIÁS", "UF": "GO", "CD_UF": 52.0, "HIDRO": "nascente"}, "geometry": {"type": "Point", "coordinates": [-47.59326102350589, -14.279382321087763]}}, {"type": "Feature", "properties": {"fid_1": 6000, "GEOCODIGO": 5200605.0, "MUNICIPIO": "ALTO PARAÍSO DE GOIÁS", "UF": "GO", "CD_UF": 52.0, "HIDRO": "nascente"}, "geometry": {"type": "Point", "coordinates": [-47.58976870456198, -14.065128105742282]}}, {"type": "Feature", "properties": {"fid_1": 6001, "GEOCODIGO": 5200605.0, "MUNICIPIO": "ALTO PARAÍSO DE GOIÁS", "UF": "GO", "CD_UF": 52.0, "HIDRO": "nascente"}, "geometry": {"type": "Point", "coordinates": [-47.59158712166923, -14.250314985985769]}}, {"type": "Feature", "properties": {"fid_1": 6002, "GEOCODIGO": 5200605.0, "MUNICIPIO": "ALTO PARAÍSO DE GOIÁS", "UF": "GO", "CD_UF": 52.0, "HIDRO": "nascente"}, "geometry": {"type": "Point", "coordinates": [-47.59025614312046, -14.173689510584149]}}, {"type": "Feature", "properties": {"fid_1": 6003, "GEOCODIGO": 5200605.0, "MUNICIPIO": "ALTO PARAÍSO DE GOIÁS", "UF": "GO", "CD_UF": 52.0, "HIDRO": "nascente"}, "geometry": {"type": "Point", "coordinates": [-47.59051971611566, -14.201878493757608]}}, {"type": "Feature", "properties": {"fid_1": 6004, "GEOCODIGO": 5200605.0, "MUNICIPIO": "ALTO PARAÍSO DE GOIÁS", "UF": "GO", "CD_UF": 52.0, "HIDRO": "nascente"}, "geometry": {"type": "Point", "coordinates": [-47.589688047253965, -14.178936295352703]}}, {"type": "Feature", "properties": {"fid_1": 6005, "GEOCODIGO": 5200605.0, "MUNICIPIO": "ALTO PARAÍSO DE GOIÁS", "UF": "GO", "CD_UF": 52.0, "HIDRO": "nascente"}, "geometry": {"type": "Point", "coordinates": [-47.58965985376024, -14.356169556961905]}}, {"type": "Feature", "properties": {"fid_1": 6006, "GEOCODIGO": 5200605.0, "MUNICIPIO": "ALTO PARAÍSO DE GOIÁS", "UF": "GO", "CD_UF": 52.0, "HIDRO": "nascente"}, "geometry": {"type": "Point", "coordinates": [-47.58827953411936, -14.282291860326628]}}, {"type": "Feature", "properties": {"fid_1": 6007, "GEOCODIGO": 5200605.0, "MUNICIPIO": "ALTO PARAÍSO DE GOIÁS", "UF": "GO", "CD_UF": 52.0, "HIDRO": "nascente"}, "geometry": {"type": "Point", "coordinates": [-47.58948233403345, -14.422379972609816]}}, {"type": "Feature", "properties": {"fid_1": 6008, "GEOCODIGO": 5200605.0, "MUNICIPIO": "ALTO PARAÍSO DE GOIÁS", "UF": "GO", "CD_UF": 52.0, "HIDRO": "nascente"}, "geometry": {"type": "Point", "coordinates": [-47.5877694524075, -14.406113089272244]}}, {"type": "Feature", "properties": {"fid_1": 6009, "GEOCODIGO": 5200605.0, "MUNICIPIO": "ALTO PARAÍSO DE GOIÁS", "UF": "GO", "CD_UF": 52.0, "HIDRO": "nascente"}, "geometry": {"type": "Point", "coordinates": [-47.582343346884024, -14.192016436470915]}}, {"type": "Feature", "properties": {"fid_1": 6010, "GEOCODIGO": 5200605.0, "MUNICIPIO": "ALTO PARAÍSO DE GOIÁS", "UF": "GO", "CD_UF": 52.0, "HIDRO": "nascente"}, "geometry": {"type": "Point", "coordinates": [-47.582573532092795, -14.217892651413576]}}, {"type": "Feature", "properties": {"fid_1": 6011, "GEOCODIGO": 5200605.0, "MUNICIPIO": "ALTO PARAÍSO DE GOIÁS", "UF": "GO", "CD_UF": 52.0, "HIDRO": "nascente"}, "geometry": {"type": "Point", "coordinates": [-47.5825756092451, -14.340681574419628]}}, {"type": "Feature", "properties": {"fid_1": 6012, "GEOCODIGO": 5200605.0, "MUNICIPIO": "ALTO PARAÍSO DE GOIÁS", "UF": "GO", "CD_UF": 52.0, "HIDRO": "nascente"}, "geometry": {"type": "Point", "coordinates": [-47.582995468347185, -14.41062999912082]}}, {"type": "Feature", "properties": {"fid_1": 6013, "GEOCODIGO": 5200605.0, "MUNICIPIO": "ALTO PARAÍSO DE GOIÁS", "UF": "GO", "CD_UF": 52.0, "HIDRO": "nascente"}, "geometry": {"type": "Point", "coordinates": [-47.578237834621135, -14.061917004423323]}}, {"type": "Feature", "properties": {"fid_1": 6014, "GEOCODIGO": 5200605.0, "MUNICIPIO": "ALTO PARAÍSO DE GOIÁS", "UF": "GO", "CD_UF": 52.0, "HIDRO": "nascente"}, "geometry": {"type": "Point", "coordinates": [-47.578988395755424, -14.129715129569071]}}, {"type": "Feature", "properties": {"fid_1": 6015, "GEOCODIGO": 5200605.0, "MUNICIPIO": "ALTO PARAÍSO DE GOIÁS", "UF": "GO", "CD_UF": 52.0, "HIDRO": "nascente"}, "geometry": {"type": "Point", "coordinates": [-47.57878919266888, -14.299582335664379]}}, {"type": "Feature", "properties": {"fid_1": 6016, "GEOCODIGO": 5200605.0, "MUNICIPIO": "ALTO PARAÍSO DE GOIÁS", "UF": "GO", "CD_UF": 52.0, "HIDRO": "nascente"}, "geometry": {"type": "Point", "coordinates": [-47.57733755159231, -14.205798456823088]}}, {"type": "Feature", "properties": {"fid_1": 6017, "GEOCODIGO": 5200605.0, "MUNICIPIO": "ALTO PARAÍSO DE GOIÁS", "UF": "GO", "CD_UF": 52.0, "HIDRO": "nascente"}, "geometry": {"type": "Point", "coordinates": [-47.57724158688551, -14.373072132822186]}}, {"type": "Feature", "properties": {"fid_1": 6018, "GEOCODIGO": 5200605.0, "MUNICIPIO": "ALTO PARAÍSO DE GOIÁS", "UF": "GO", "CD_UF": 52.0, "HIDRO": "nascente"}, "geometry": {"type": "Point", "coordinates": [-47.57525936531015, -14.254762474273583]}}, {"type": "Feature", "properties": {"fid_1": 6019, "GEOCODIGO": 5200605.0, "MUNICIPIO": "ALTO PARAÍSO DE GOIÁS", "UF": "GO", "CD_UF": 52.0, "HIDRO": "nascente"}, "geometry": {"type": "Point", "coordinates": [-47.57203877081343, -14.053409056121565]}}, {"type": "Feature", "properties": {"fid_1": 6020, "GEOCODIGO": 5200605.0, "MUNICIPIO": "ALTO PARAÍSO DE GOIÁS", "UF": "GO", "CD_UF": 52.0, "HIDRO": "nascente"}, "geometry": {"type": "Point", "coordinates": [-47.5750699713049, -14.353965317221599]}}, {"type": "Feature", "properties": {"fid_1": 6021, "GEOCODIGO": 5200605.0, "MUNICIPIO": "ALTO PARAÍSO DE GOIÁS", "UF": "GO", "CD_UF": 52.0, "HIDRO": "nascente"}, "geometry": {"type": "Point", "coordinates": [-47.57082296981498, -14.170028940642627]}}, {"type": "Feature", "properties": {"fid_1": 6022, "GEOCODIGO": 5200605.0, "MUNICIPIO": "ALTO PARAÍSO DE GOIÁS", "UF": "GO", "CD_UF": 52.0, "HIDRO": "nascente"}, "geometry": {"type": "Point", "coordinates": [-47.56948485717656, -14.209058544408938]}}, {"type": "Feature", "properties": {"fid_1": 6023, "GEOCODIGO": 5200605.0, "MUNICIPIO": "ALTO PARAÍSO DE GOIÁS", "UF": "GO", "CD_UF": 52.0, "HIDRO": "nascente"}, "geometry": {"type": "Point", "coordinates": [-47.570299862038475, -14.28180399768369]}}, {"type": "Feature", "properties": {"fid_1": 6024, "GEOCODIGO": 5200605.0, "MUNICIPIO": "ALTO PARAÍSO DE GOIÁS", "UF": "GO", "CD_UF": 52.0, "HIDRO": "nascente"}, "geometry": {"type": "Point", "coordinates": [-47.57122411504449, -14.439981148283763]}}, {"type": "Feature", "properties": {"fid_1": 6025, "GEOCODIGO": 5200605.0, "MUNICIPIO": "ALTO PARAÍSO DE GOIÁS", "UF": "GO", "CD_UF": 52.0, "HIDRO": "nascente"}, "geometry": {"type": "Point", "coordinates": [-47.56968917104068, -14.333616469143024]}}, {"type": "Feature", "properties": {"fid_1": 6026, "GEOCODIGO": 5200605.0, "MUNICIPIO": "ALTO PARAÍSO DE GOIÁS", "UF": "GO", "CD_UF": 52.0, "HIDRO": "nascente"}, "geometry": {"type": "Point", "coordinates": [-47.57007636874327, -14.367924740770224]}}, {"type": "Feature", "properties": {"fid_1": 6027, "GEOCODIGO": 5200605.0, "MUNICIPIO": "ALTO PARAÍSO DE GOIÁS", "UF": "GO", "CD_UF": 52.0, "HIDRO": "nascente"}, "geometry": {"type": "Point", "coordinates": [-47.56959069898598, -14.356608898244719]}}, {"type": "Feature", "properties": {"fid_1": 6028, "GEOCODIGO": 5200605.0, "MUNICIPIO": "ALTO PARAÍSO DE GOIÁS", "UF": "GO", "CD_UF": 52.0, "HIDRO": "nascente"}, "geometry": {"type": "Point", "coordinates": [-47.56772088450062, -14.235068131532188]}}, {"type": "Feature", "properties": {"fid_1": 6029, "GEOCODIGO": 5200605.0, "MUNICIPIO": "ALTO PARAÍSO DE GOIÁS", "UF": "GO", "CD_UF": 52.0, "HIDRO": "nascente"}, "geometry": {"type": "Point", "coordinates": [-47.56900246599071, -14.36304934910605]}}, {"type": "Feature", "properties": {"fid_1": 6030, "GEOCODIGO": 5200605.0, "MUNICIPIO": "ALTO PARAÍSO DE GOIÁS", "UF": "GO", "CD_UF": 52.0, "HIDRO": "nascente"}, "geometry": {"type": "Point", "coordinates": [-47.568922000664344, -14.372923868208762]}}, {"type": "Feature", "properties": {"fid_1": 6031, "GEOCODIGO": 5200605.0, "MUNICIPIO": "ALTO PARAÍSO DE GOIÁS", "UF": "GO", "CD_UF": 52.0, "HIDRO": "nascente"}, "geometry": {"type": "Point", "coordinates": [-47.56833391371266, -14.358692571123292]}}, {"type": "Feature", "properties": {"fid_1": 6032, "GEOCODIGO": 5200605.0, "MUNICIPIO": "ALTO PARAÍSO DE GOIÁS", "UF": "GO", "CD_UF": 52.0, "HIDRO": "nascente"}, "geometry": {"type": "Point", "coordinates": [-47.56579318283369, -14.144574589642897]}}, {"type": "Feature", "properties": {"fid_1": 6033, "GEOCODIGO": 5200605.0, "MUNICIPIO": "ALTO PARAÍSO DE GOIÁS", "UF": "GO", "CD_UF": 52.0, "HIDRO": "nascente"}, "geometry": {"type": "Point", "coordinates": [-47.56867294535276, -14.433733890923795]}}, {"type": "Feature", "properties": {"fid_1": 6034, "GEOCODIGO": 5200605.0, "MUNICIPIO": "ALTO PARAÍSO DE GOIÁS", "UF": "GO", "CD_UF": 52.0, "HIDRO": "nascente"}, "geometry": {"type": "Point", "coordinates": [-47.56301776730846, -14.049500932709982]}}, {"type": "Feature", "properties": {"fid_1": 6035, "GEOCODIGO": 5200605.0, "MUNICIPIO": "ALTO PARAÍSO DE GOIÁS", "UF": "GO", "CD_UF": 52.0, "HIDRO": "nascente"}, "geometry": {"type": "Point", "coordinates": [-47.567037661027086, -14.42530255968713]}}, {"type": "Feature", "properties": {"fid_1": 6036, "GEOCODIGO": 5200605.0, "MUNICIPIO": "ALTO PARAÍSO DE GOIÁS", "UF": "GO", "CD_UF": 52.0, "HIDRO": "nascente"}, "geometry": {"type": "Point", "coordinates": [-47.56721992625058, -14.44536857952362]}}, {"type": "Feature", "properties": {"fid_1": 6037, "GEOCODIGO": 5200605.0, "MUNICIPIO": "ALTO PARAÍSO DE GOIÁS", "UF": "GO", "CD_UF": 52.0, "HIDRO": "nascente"}, "geometry": {"type": "Point", "coordinates": [-47.56147678131699, -14.089943373857281]}}, {"type": "Feature", "properties": {"fid_1": 6038, "GEOCODIGO": 5200605.0, "MUNICIPIO": "ALTO PARAÍSO DE GOIÁS", "UF": "GO", "CD_UF": 52.0, "HIDRO": "nascente"}, "geometry": {"type": "Point", "coordinates": [-47.56414038716715, -14.33892457953098]}}, {"type": "Feature", "properties": {"fid_1": 6039, "GEOCODIGO": 5200605.0, "MUNICIPIO": "ALTO PARAÍSO DE GOIÁS", "UF": "GO", "CD_UF": 52.0, "HIDRO": "nascente"}, "geometry": {"type": "Point", "coordinates": [-47.560959723997364, -14.104840388315317]}}, {"type": "Feature", "properties": {"fid_1": 6040, "GEOCODIGO": 5200605.0, "MUNICIPIO": "ALTO PARAÍSO DE GOIÁS", "UF": "GO", "CD_UF": 52.0, "HIDRO": "nascente"}, "geometry": {"type": "Point", "coordinates": [-47.56219426026939, -14.261309252839638]}}, {"type": "Feature", "properties": {"fid_1": 6041, "GEOCODIGO": 5200605.0, "MUNICIPIO": "ALTO PARAÍSO DE GOIÁS", "UF": "GO", "CD_UF": 52.0, "HIDRO": "nascente"}, "geometry": {"type": "Point", "coordinates": [-47.56236951626654, -14.331676082109222]}}, {"type": "Feature", "properties": {"fid_1": 6042, "GEOCODIGO": 5200605.0, "MUNICIPIO": "ALTO PARAÍSO DE GOIÁS", "UF": "GO", "CD_UF": 52.0, "HIDRO": "nascente"}, "geometry": {"type": "Point", "coordinates": [-47.5591265499358, -14.099798285137759]}}, {"type": "Feature", "properties": {"fid_1": 6043, "GEOCODIGO": 5200605.0, "MUNICIPIO": "ALTO PARAÍSO DE GOIÁS", "UF": "GO", "CD_UF": 52.0, "HIDRO": "nascente"}, "geometry": {"type": "Point", "coordinates": [-47.56261019257778, -14.445492391285773]}}, {"type": "Feature", "properties": {"fid_1": 6044, "GEOCODIGO": 5200605.0, "MUNICIPIO": "ALTO PARAÍSO DE GOIÁS", "UF": "GO", "CD_UF": 52.0, "HIDRO": "nascente"}, "geometry": {"type": "Point", "coordinates": [-47.55954741228498, -14.214980905338729]}}, {"type": "Feature", "properties": {"fid_1": 6045, "GEOCODIGO": 5200605.0, "MUNICIPIO": "ALTO PARAÍSO DE GOIÁS", "UF": "GO", "CD_UF": 52.0, "HIDRO": "nascente"}, "geometry": {"type": "Point", "coordinates": [-47.55964568213696, -14.294376058263966]}}, {"type": "Feature", "properties": {"fid_1": 6046, "GEOCODIGO": 5200605.0, "MUNICIPIO": "ALTO PARAÍSO DE GOIÁS", "UF": "GO", "CD_UF": 52.0, "HIDRO": "nascente"}, "geometry": {"type": "Point", "coordinates": [-47.55665347066632, -14.0590984001169]}}, {"type": "Feature", "properties": {"fid_1": 6047, "GEOCODIGO": 5200605.0, "MUNICIPIO": "ALTO PARAÍSO DE GOIÁS", "UF": "GO", "CD_UF": 52.0, "HIDRO": "nascente"}, "geometry": {"type": "Point", "coordinates": [-47.557739131016376, -14.15926796591646]}}, {"type": "Feature", "properties": {"fid_1": 6048, "GEOCODIGO": 5200605.0, "MUNICIPIO": "ALTO PARAÍSO DE GOIÁS", "UF": "GO", "CD_UF": 52.0, "HIDRO": "nascente"}, "geometry": {"type": "Point", "coordinates": [-47.55921158715317, -14.307439619840295]}}, {"type": "Feature", "properties": {"fid_1": 6049, "GEOCODIGO": 5200605.0, "MUNICIPIO": "ALTO PARAÍSO DE GOIÁS", "UF": "GO", "CD_UF": 52.0, "HIDRO": "nascente"}, "geometry": {"type": "Point", "coordinates": [-47.55816362410796, -14.255805265621232]}}, {"type": "Feature", "properties": {"fid_1": 6050, "GEOCODIGO": 5200605.0, "MUNICIPIO": "ALTO PARAÍSO DE GOIÁS", "UF": "GO", "CD_UF": 52.0, "HIDRO": "nascente"}, "geometry": {"type": "Point", "coordinates": [-47.55716201634053, -14.199394148128205]}}, {"type": "Feature", "properties": {"fid_1": 6051, "GEOCODIGO": 5200605.0, "MUNICIPIO": "ALTO PARAÍSO DE GOIÁS", "UF": "GO", "CD_UF": 52.0, "HIDRO": "nascente"}, "geometry": {"type": "Point", "coordinates": [-47.554991669278785, -14.206910545224103]}}, {"type": "Feature", "properties": {"fid_1": 6052, "GEOCODIGO": 5200605.0, "MUNICIPIO": "ALTO PARAÍSO DE GOIÁS", "UF": "GO", "CD_UF": 52.0, "HIDRO": "nascente"}, "geometry": {"type": "Point", "coordinates": [-47.55527930608261, -14.280340157102001]}}, {"type": "Feature", "properties": {"fid_1": 6053, "GEOCODIGO": 5200605.0, "MUNICIPIO": "ALTO PARAÍSO DE GOIÁS", "UF": "GO", "CD_UF": 52.0, "HIDRO": "nascente"}, "geometry": {"type": "Point", "coordinates": [-47.55311044040197, -14.144822689395863]}}, {"type": "Feature", "properties": {"fid_1": 6054, "GEOCODIGO": 5200605.0, "MUNICIPIO": "ALTO PARAÍSO DE GOIÁS", "UF": "GO", "CD_UF": 52.0, "HIDRO": "nascente"}, "geometry": {"type": "Point", "coordinates": [-47.555656357378275, -14.413194157331834]}}, {"type": "Feature", "properties": {"fid_1": 6055, "GEOCODIGO": 5200605.0, "MUNICIPIO": "ALTO PARAÍSO DE GOIÁS", "UF": "GO", "CD_UF": 52.0, "HIDRO": "nascente"}, "geometry": {"type": "Point", "coordinates": [-47.55201189678831, -14.196740371469197]}}, {"type": "Feature", "properties": {"fid_1": 6056, "GEOCODIGO": 5200605.0, "MUNICIPIO": "ALTO PARAÍSO DE GOIÁS", "UF": "GO", "CD_UF": 52.0, "HIDRO": "nascente"}, "geometry": {"type": "Point", "coordinates": [-47.55102916298128, -14.248297797617944]}}, {"type": "Feature", "properties": {"fid_1": 6057, "GEOCODIGO": 5200605.0, "MUNICIPIO": "ALTO PARAÍSO DE GOIÁS", "UF": "GO", "CD_UF": 52.0, "HIDRO": "nascente"}, "geometry": {"type": "Point", "coordinates": [-47.549324048687055, -14.193166646105414]}}, {"type": "Feature", "properties": {"fid_1": 6058, "GEOCODIGO": 5200605.0, "MUNICIPIO": "ALTO PARAÍSO DE GOIÁS", "UF": "GO", "CD_UF": 52.0, "HIDRO": "nascente"}, "geometry": {"type": "Point", "coordinates": [-47.548729899603636, -14.18713909071246]}}, {"type": "Feature", "properties": {"fid_1": 6059, "GEOCODIGO": 5200605.0, "MUNICIPIO": "ALTO PARAÍSO DE GOIÁS", "UF": "GO", "CD_UF": 52.0, "HIDRO": "nascente"}, "geometry": {"type": "Point", "coordinates": [-47.54875550697976, -14.203312745968352]}}, {"type": "Feature", "properties": {"fid_1": 6060, "GEOCODIGO": 5200605.0, "MUNICIPIO": "ALTO PARAÍSO DE GOIÁS", "UF": "GO", "CD_UF": 52.0, "HIDRO": "nascente"}, "geometry": {"type": "Point", "coordinates": [-47.54813779547334, -14.180427719350744]}}, {"type": "Feature", "properties": {"fid_1": 6061, "GEOCODIGO": 5200605.0, "MUNICIPIO": "ALTO PARAÍSO DE GOIÁS", "UF": "GO", "CD_UF": 52.0, "HIDRO": "nascente"}, "geometry": {"type": "Point", "coordinates": [-47.54929480109528, -14.313945235118798]}}, {"type": "Feature", "properties": {"fid_1": 6062, "GEOCODIGO": 5200605.0, "MUNICIPIO": "ALTO PARAÍSO DE GOIÁS", "UF": "GO", "CD_UF": 52.0, "HIDRO": "nascente"}, "geometry": {"type": "Point", "coordinates": [-47.54642088293519, -14.33270542851981]}}, {"type": "Feature", "properties": {"fid_1": 6063, "GEOCODIGO": 5200605.0, "MUNICIPIO": "ALTO PARAÍSO DE GOIÁS", "UF": "GO", "CD_UF": 52.0, "HIDRO": "nascente"}, "geometry": {"type": "Point", "coordinates": [-47.54724147583826, -14.412211289382535]}}, {"type": "Feature", "properties": {"fid_1": 6064, "GEOCODIGO": 5200605.0, "MUNICIPIO": "ALTO PARAÍSO DE GOIÁS", "UF": "GO", "CD_UF": 52.0, "HIDRO": "nascente"}, "geometry": {"type": "Point", "coordinates": [-47.54293575267251, -14.13597475274209]}}, {"type": "Feature", "properties": {"fid_1": 6065, "GEOCODIGO": 5200605.0, "MUNICIPIO": "ALTO PARAÍSO DE GOIÁS", "UF": "GO", "CD_UF": 52.0, "HIDRO": "nascente"}, "geometry": {"type": "Point", "coordinates": [-47.544125087529935, -14.32922762205065]}}, {"type": "Feature", "properties": {"fid_1": 6066, "GEOCODIGO": 5200605.0, "MUNICIPIO": "ALTO PARAÍSO DE GOIÁS", "UF": "GO", "CD_UF": 52.0, "HIDRO": "nascente"}, "geometry": {"type": "Point", "coordinates": [-47.542292048943466, -14.196866018132447]}}, {"type": "Feature", "properties": {"fid_1": 6067, "GEOCODIGO": 5200605.0, "MUNICIPIO": "ALTO PARAÍSO DE GOIÁS", "UF": "GO", "CD_UF": 52.0, "HIDRO": "nascente"}, "geometry": {"type": "Point", "coordinates": [-47.541078967488495, -14.18798401928886]}}, {"type": "Feature", "properties": {"fid_1": 6068, "GEOCODIGO": 5200605.0, "MUNICIPIO": "ALTO PARAÍSO DE GOIÁS", "UF": "GO", "CD_UF": 52.0, "HIDRO": "nascente"}, "geometry": {"type": "Point", "coordinates": [-47.53875330586532, -14.050170341481966]}}, {"type": "Feature", "properties": {"fid_1": 6069, "GEOCODIGO": 5200605.0, "MUNICIPIO": "ALTO PARAÍSO DE GOIÁS", "UF": "GO", "CD_UF": 52.0, "HIDRO": "nascente"}, "geometry": {"type": "Point", "coordinates": [-47.542700289873515, -14.407941115431669]}}, {"type": "Feature", "properties": {"fid_1": 6070, "GEOCODIGO": 5200605.0, "MUNICIPIO": "ALTO PARAÍSO DE GOIÁS", "UF": "GO", "CD_UF": 52.0, "HIDRO": "nascente"}, "geometry": {"type": "Point", "coordinates": [-47.539333169892735, -14.227204465204201]}}, {"type": "Feature", "properties": {"fid_1": 6071, "GEOCODIGO": 5200605.0, "MUNICIPIO": "ALTO PARAÍSO DE GOIÁS", "UF": "GO", "CD_UF": 52.0, "HIDRO": "nascente"}, "geometry": {"type": "Point", "coordinates": [-47.53604327633361, -14.022227893834494]}}, {"type": "Feature", "properties": {"fid_1": 6072, "GEOCODIGO": 5200605.0, "MUNICIPIO": "ALTO PARAÍSO DE GOIÁS", "UF": "GO", "CD_UF": 52.0, "HIDRO": "nascente"}, "geometry": {"type": "Point", "coordinates": [-47.537686079872316, -14.197085999038249]}}, {"type": "Feature", "properties": {"fid_1": 6073, "GEOCODIGO": 5200605.0, "MUNICIPIO": "ALTO PARAÍSO DE GOIÁS", "UF": "GO", "CD_UF": 52.0, "HIDRO": "nascente"}, "geometry": {"type": "Point", "coordinates": [-47.5353386537947, -14.02845968878042]}}, {"type": "Feature", "properties": {"fid_1": 6074, "GEOCODIGO": 5200605.0, "MUNICIPIO": "ALTO PARAÍSO DE GOIÁS", "UF": "GO", "CD_UF": 52.0, "HIDRO": "nascente"}, "geometry": {"type": "Point", "coordinates": [-47.53469100873182, -14.010629191446347]}}, {"type": "Feature", "properties": {"fid_1": 6075, "GEOCODIGO": 5200605.0, "MUNICIPIO": "ALTO PARAÍSO DE GOIÁS", "UF": "GO", "CD_UF": 52.0, "HIDRO": "nascente"}, "geometry": {"type": "Point", "coordinates": [-47.534223000038295, -14.199424291982373]}}, {"type": "Feature", "properties": {"fid_1": 6076, "GEOCODIGO": 5200605.0, "MUNICIPIO": "ALTO PARAÍSO DE GOIÁS", "UF": "GO", "CD_UF": 52.0, "HIDRO": "nascente"}, "geometry": {"type": "Point", "coordinates": [-47.53501603113634, -14.404102450417724]}}, {"type": "Feature", "properties": {"fid_1": 6077, "GEOCODIGO": 5200605.0, "MUNICIPIO": "ALTO PARAÍSO DE GOIÁS", "UF": "GO", "CD_UF": 52.0, "HIDRO": "nascente"}, "geometry": {"type": "Point", "coordinates": [-47.533816400507696, -14.342081200556063]}}, {"type": "Feature", "properties": {"fid_1": 6078, "GEOCODIGO": 5200605.0, "MUNICIPIO": "ALTO PARAÍSO DE GOIÁS", "UF": "GO", "CD_UF": 52.0, "HIDRO": "nascente"}, "geometry": {"type": "Point", "coordinates": [-47.52960430617978, -14.047783711719417]}}, {"type": "Feature", "properties": {"fid_1": 6079, "GEOCODIGO": 5200605.0, "MUNICIPIO": "ALTO PARAÍSO DE GOIÁS", "UF": "GO", "CD_UF": 52.0, "HIDRO": "nascente"}, "geometry": {"type": "Point", "coordinates": [-47.53082426852579, -14.203960821177564]}}, {"type": "Feature", "properties": {"fid_1": 6080, "GEOCODIGO": 5200605.0, "MUNICIPIO": "ALTO PARAÍSO DE GOIÁS", "UF": "GO", "CD_UF": 52.0, "HIDRO": "nascente"}, "geometry": {"type": "Point", "coordinates": [-47.53063941341263, -14.19135272428768]}}, {"type": "Feature", "properties": {"fid_1": 6081, "GEOCODIGO": 5200605.0, "MUNICIPIO": "ALTO PARAÍSO DE GOIÁS", "UF": "GO", "CD_UF": 52.0, "HIDRO": "nascente"}, "geometry": {"type": "Point", "coordinates": [-47.53145633045208, -14.3270986775491]}}, {"type": "Feature", "properties": {"fid_1": 6082, "GEOCODIGO": 5200605.0, "MUNICIPIO": "ALTO PARAÍSO DE GOIÁS", "UF": "GO", "CD_UF": 52.0, "HIDRO": "nascente"}, "geometry": {"type": "Point", "coordinates": [-47.528263913960835, -14.063647686090963]}}, {"type": "Feature", "properties": {"fid_1": 6083, "GEOCODIGO": 5200605.0, "MUNICIPIO": "ALTO PARAÍSO DE GOIÁS", "UF": "GO", "CD_UF": 52.0, "HIDRO": "nascente"}, "geometry": {"type": "Point", "coordinates": [-47.53012871420157, -14.30182978246935]}}, {"type": "Feature", "properties": {"fid_1": 6084, "GEOCODIGO": 5200605.0, "MUNICIPIO": "ALTO PARAÍSO DE GOIÁS", "UF": "GO", "CD_UF": 52.0, "HIDRO": "nascente"}, "geometry": {"type": "Point", "coordinates": [-47.52603094974494, -14.061803661262957]}}, {"type": "Feature", "properties": {"fid_1": 6085, "GEOCODIGO": 5200605.0, "MUNICIPIO": "ALTO PARAÍSO DE GOIÁS", "UF": "GO", "CD_UF": 52.0, "HIDRO": "nascente"}, "geometry": {"type": "Point", "coordinates": [-47.52528762718351, -14.019092840544747]}}, {"type": "Feature", "properties": {"fid_1": 6086, "GEOCODIGO": 5200605.0, "MUNICIPIO": "ALTO PARAÍSO DE GOIÁS", "UF": "GO", "CD_UF": 52.0, "HIDRO": "nascente"}, "geometry": {"type": "Point", "coordinates": [-47.526747332039264, -14.331457697484272]}}, {"type": "Feature", "properties": {"fid_1": 6087, "GEOCODIGO": 5200605.0, "MUNICIPIO": "ALTO PARAÍSO DE GOIÁS", "UF": "GO", "CD_UF": 52.0, "HIDRO": "nascente"}, "geometry": {"type": "Point", "coordinates": [-47.525956237307646, -14.325725845417582]}}, {"type": "Feature", "properties": {"fid_1": 6088, "GEOCODIGO": 5200605.0, "MUNICIPIO": "ALTO PARAÍSO DE GOIÁS", "UF": "GO", "CD_UF": 52.0, "HIDRO": "nascente"}, "geometry": {"type": "Point", "coordinates": [-47.52469279903539, -14.236688773500942]}}, {"type": "Feature", "properties": {"fid_1": 6089, "GEOCODIGO": 5200605.0, "MUNICIPIO": "ALTO PARAÍSO DE GOIÁS", "UF": "GO", "CD_UF": 52.0, "HIDRO": "nascente"}, "geometry": {"type": "Point", "coordinates": [-47.52377134194315, -14.191853082852797]}}, {"type": "Feature", "properties": {"fid_1": 6090, "GEOCODIGO": 5200605.0, "MUNICIPIO": "ALTO PARAÍSO DE GOIÁS", "UF": "GO", "CD_UF": 52.0, "HIDRO": "nascente"}, "geometry": {"type": "Point", "coordinates": [-47.523980573961644, -14.338115653361067]}}, {"type": "Feature", "properties": {"fid_1": 6091, "GEOCODIGO": 5200605.0, "MUNICIPIO": "ALTO PARAÍSO DE GOIÁS", "UF": "GO", "CD_UF": 52.0, "HIDRO": "nascente"}, "geometry": {"type": "Point", "coordinates": [-47.52106966392543, -14.113007779650232]}}, {"type": "Feature", "properties": {"fid_1": 6092, "GEOCODIGO": 5200605.0, "MUNICIPIO": "ALTO PARAÍSO DE GOIÁS", "UF": "GO", "CD_UF": 52.0, "HIDRO": "nascente"}, "geometry": {"type": "Point", "coordinates": [-47.51965710400715, -14.014827358545846]}}, {"type": "Feature", "properties": {"fid_1": 6093, "GEOCODIGO": 5200605.0, "MUNICIPIO": "ALTO PARAÍSO DE GOIÁS", "UF": "GO", "CD_UF": 52.0, "HIDRO": "nascente"}, "geometry": {"type": "Point", "coordinates": [-47.52295011570804, -14.335043373003673]}}, {"type": "Feature", "properties": {"fid_1": 6094, "GEOCODIGO": 5200605.0, "MUNICIPIO": "ALTO PARAÍSO DE GOIÁS", "UF": "GO", "CD_UF": 52.0, "HIDRO": "nascente"}, "geometry": {"type": "Point", "coordinates": [-47.521029041173094, -14.200904595738072]}}, {"type": "Feature", "properties": {"fid_1": 6095, "GEOCODIGO": 5200605.0, "MUNICIPIO": "ALTO PARAÍSO DE GOIÁS", "UF": "GO", "CD_UF": 52.0, "HIDRO": "nascente"}, "geometry": {"type": "Point", "coordinates": [-47.51952666695182, -14.108256358824386]}}, {"type": "Feature", "properties": {"fid_1": 6096, "GEOCODIGO": 5200605.0, "MUNICIPIO": "ALTO PARAÍSO DE GOIÁS", "UF": "GO", "CD_UF": 52.0, "HIDRO": "nascente"}, "geometry": {"type": "Point", "coordinates": [-47.52013182607937, -14.211543893445338]}}, {"type": "Feature", "properties": {"fid_1": 6097, "GEOCODIGO": 5200605.0, "MUNICIPIO": "ALTO PARAÍSO DE GOIÁS", "UF": "GO", "CD_UF": 52.0, "HIDRO": "nascente"}, "geometry": {"type": "Point", "coordinates": [-47.51833830102951, -14.123644517059441]}}, {"type": "Feature", "properties": {"fid_1": 6098, "GEOCODIGO": 5200605.0, "MUNICIPIO": "ALTO PARAÍSO DE GOIÁS", "UF": "GO", "CD_UF": 52.0, "HIDRO": "nascente"}, "geometry": {"type": "Point", "coordinates": [-47.5210826451776, -14.37977465154119]}}, {"type": "Feature", "properties": {"fid_1": 6099, "GEOCODIGO": 5200605.0, "MUNICIPIO": "ALTO PARAÍSO DE GOIÁS", "UF": "GO", "CD_UF": 52.0, "HIDRO": "nascente"}, "geometry": {"type": "Point", "coordinates": [-47.51754950408886, -14.099162698863436]}}, {"type": "Feature", "properties": {"fid_1": 6100, "GEOCODIGO": 5200605.0, "MUNICIPIO": "ALTO PARAÍSO DE GOIÁS", "UF": "GO", "CD_UF": 52.0, "HIDRO": "nascente"}, "geometry": {"type": "Point", "coordinates": [-47.517180000281925, -14.202854828181955]}}, {"type": "Feature", "properties": {"fid_1": 6101, "GEOCODIGO": 5200605.0, "MUNICIPIO": "ALTO PARAÍSO DE GOIÁS", "UF": "GO", "CD_UF": 52.0, "HIDRO": "nascente"}, "geometry": {"type": "Point", "coordinates": [-47.51591115122629, -14.157644307594467]}}, {"type": "Feature", "properties": {"fid_1": 6102, "GEOCODIGO": 5200605.0, "MUNICIPIO": "ALTO PARAÍSO DE GOIÁS", "UF": "GO", "CD_UF": 52.0, "HIDRO": "nascente"}, "geometry": {"type": "Point", "coordinates": [-47.513004753298816, -14.021092778976366]}}, {"type": "Feature", "properties": {"fid_1": 6103, "GEOCODIGO": 5200605.0, "MUNICIPIO": "ALTO PARAÍSO DE GOIÁS", "UF": "GO", "CD_UF": 52.0, "HIDRO": "nascente"}, "geometry": {"type": "Point", "coordinates": [-47.51314953059021, -14.08184362824574]}}, {"type": "Feature", "properties": {"fid_1": 6104, "GEOCODIGO": 5200605.0, "MUNICIPIO": "ALTO PARAÍSO DE GOIÁS", "UF": "GO", "CD_UF": 52.0, "HIDRO": "nascente"}, "geometry": {"type": "Point", "coordinates": [-47.51300643703003, -14.112174464967717]}}, {"type": "Feature", "properties": {"fid_1": 6105, "GEOCODIGO": 5200605.0, "MUNICIPIO": "ALTO PARAÍSO DE GOIÁS", "UF": "GO", "CD_UF": 52.0, "HIDRO": "nascente"}, "geometry": {"type": "Point", "coordinates": [-47.516150566895405, -14.40707293334287]}}, {"type": "Feature", "properties": {"fid_1": 6106, "GEOCODIGO": 5200605.0, "MUNICIPIO": "ALTO PARAÍSO DE GOIÁS", "UF": "GO", "CD_UF": 52.0, "HIDRO": "nascente"}, "geometry": {"type": "Point", "coordinates": [-47.51079600343781, -14.010687214282791]}}, {"type": "Feature", "properties": {"fid_1": 6107, "GEOCODIGO": 5200605.0, "MUNICIPIO": "ALTO PARAÍSO DE GOIÁS", "UF": "GO", "CD_UF": 52.0, "HIDRO": "nascente"}, "geometry": {"type": "Point", "coordinates": [-47.51471470681579, -14.41746507635915]}}, {"type": "Feature", "properties": {"fid_1": 6108, "GEOCODIGO": 5200605.0, "MUNICIPIO": "ALTO PARAÍSO DE GOIÁS", "UF": "GO", "CD_UF": 52.0, "HIDRO": "nascente"}, "geometry": {"type": "Point", "coordinates": [-47.51301700443393, -14.276571744662892]}}, {"type": "Feature", "properties": {"fid_1": 6109, "GEOCODIGO": 5200605.0, "MUNICIPIO": "ALTO PARAÍSO DE GOIÁS", "UF": "GO", "CD_UF": 52.0, "HIDRO": "nascente"}, "geometry": {"type": "Point", "coordinates": [-47.508602924602584, -14.021672369320601]}}, {"type": "Feature", "properties": {"fid_1": 6110, "GEOCODIGO": 5200605.0, "MUNICIPIO": "ALTO PARAÍSO DE GOIÁS", "UF": "GO", "CD_UF": 52.0, "HIDRO": "nascente"}, "geometry": {"type": "Point", "coordinates": [-47.50700257030086, -13.97813092729676]}}, {"type": "Feature", "properties": {"fid_1": 6111, "GEOCODIGO": 5200605.0, "MUNICIPIO": "ALTO PARAÍSO DE GOIÁS", "UF": "GO", "CD_UF": 52.0, "HIDRO": "nascente"}, "geometry": {"type": "Point", "coordinates": [-47.50760140961287, -14.060582230354536]}}, {"type": "Feature", "properties": {"fid_1": 6112, "GEOCODIGO": 5200605.0, "MUNICIPIO": "ALTO PARAÍSO DE GOIÁS", "UF": "GO", "CD_UF": 52.0, "HIDRO": "nascente"}, "geometry": {"type": "Point", "coordinates": [-47.50606964887236, -14.114509945551207]}}, {"type": "Feature", "properties": {"fid_1": 6113, "GEOCODIGO": 5200605.0, "MUNICIPIO": "ALTO PARAÍSO DE GOIÁS", "UF": "GO", "CD_UF": 52.0, "HIDRO": "nascente"}, "geometry": {"type": "Point", "coordinates": [-47.509048612490204, -14.416234845527066]}}, {"type": "Feature", "properties": {"fid_1": 6114, "GEOCODIGO": 5200605.0, "MUNICIPIO": "ALTO PARAÍSO DE GOIÁS", "UF": "GO", "CD_UF": 52.0, "HIDRO": "nascente"}, "geometry": {"type": "Point", "coordinates": [-47.50623042157061, -14.167495741747006]}}, {"type": "Feature", "properties": {"fid_1": 6115, "GEOCODIGO": 5200605.0, "MUNICIPIO": "ALTO PARAÍSO DE GOIÁS", "UF": "GO", "CD_UF": 52.0, "HIDRO": "nascente"}, "geometry": {"type": "Point", "coordinates": [-47.504496002464904, -14.032017392782198]}}, {"type": "Feature", "properties": {"fid_1": 6116, "GEOCODIGO": 5200605.0, "MUNICIPIO": "ALTO PARAÍSO DE GOIÁS", "UF": "GO", "CD_UF": 52.0, "HIDRO": "nascente"}, "geometry": {"type": "Point", "coordinates": [-47.504966237204826, -14.179705862309902]}}, {"type": "Feature", "properties": {"fid_1": 6117, "GEOCODIGO": 5200605.0, "MUNICIPIO": "ALTO PARAÍSO DE GOIÁS", "UF": "GO", "CD_UF": 52.0, "HIDRO": "nascente"}, "geometry": {"type": "Point", "coordinates": [-47.505392833623766, -14.256445269895254]}}, {"type": "Feature", "properties": {"fid_1": 6118, "GEOCODIGO": 5200605.0, "MUNICIPIO": "ALTO PARAÍSO DE GOIÁS", "UF": "GO", "CD_UF": 52.0, "HIDRO": "nascente"}, "geometry": {"type": "Point", "coordinates": [-47.50199171221845, -13.96486595338383]}}, {"type": "Feature", "properties": {"fid_1": 6119, "GEOCODIGO": 5200605.0, "MUNICIPIO": "ALTO PARAÍSO DE GOIÁS", "UF": "GO", "CD_UF": 52.0, "HIDRO": "nascente"}, "geometry": {"type": "Point", "coordinates": [-47.50313617910245, -14.07417506037327]}}, {"type": "Feature", "properties": {"fid_1": 6120, "GEOCODIGO": 5200605.0, "MUNICIPIO": "ALTO PARAÍSO DE GOIÁS", "UF": "GO", "CD_UF": 52.0, "HIDRO": "nascente"}, "geometry": {"type": "Point", "coordinates": [-47.50227688150712, -14.112878462842763]}}, {"type": "Feature", "properties": {"fid_1": 6121, "GEOCODIGO": 5200605.0, "MUNICIPIO": "ALTO PARAÍSO DE GOIÁS", "UF": "GO", "CD_UF": 52.0, "HIDRO": "nascente"}, "geometry": {"type": "Point", "coordinates": [-47.500186397603834, -14.012943387901377]}}, {"type": "Feature", "properties": {"fid_1": 6122, "GEOCODIGO": 5200605.0, "MUNICIPIO": "ALTO PARAÍSO DE GOIÁS", "UF": "GO", "CD_UF": 52.0, "HIDRO": "nascente"}, "geometry": {"type": "Point", "coordinates": [-47.50002356232272, -14.053625540269493]}}, {"type": "Feature", "properties": {"fid_1": 6123, "GEOCODIGO": 5200605.0, "MUNICIPIO": "ALTO PARAÍSO DE GOIÁS", "UF": "GO", "CD_UF": 52.0, "HIDRO": "nascente"}, "geometry": {"type": "Point", "coordinates": [-47.500069604967315, -14.172687096095192]}}, {"type": "Feature", "properties": {"fid_1": 6124, "GEOCODIGO": 5200605.0, "MUNICIPIO": "ALTO PARAÍSO DE GOIÁS", "UF": "GO", "CD_UF": 52.0, "HIDRO": "nascente"}, "geometry": {"type": "Point", "coordinates": [-47.50218329532041, -14.372473967015392]}}, {"type": "Feature", "properties": {"fid_1": 6125, "GEOCODIGO": 5200605.0, "MUNICIPIO": "ALTO PARAÍSO DE GOIÁS", "UF": "GO", "CD_UF": 52.0, "HIDRO": "nascente"}, "geometry": {"type": "Point", "coordinates": [-47.50083738435306, -14.253321290497734]}}, {"type": "Feature", "properties": {"fid_1": 6126, "GEOCODIGO": 5200605.0, "MUNICIPIO": "ALTO PARAÍSO DE GOIÁS", "UF": "GO", "CD_UF": 52.0, "HIDRO": "nascente"}, "geometry": {"type": "Point", "coordinates": [-47.49794400877857, -13.991012316196596]}}, {"type": "Feature", "properties": {"fid_1": 6127, "GEOCODIGO": 5200605.0, "MUNICIPIO": "ALTO PARAÍSO DE GOIÁS", "UF": "GO", "CD_UF": 52.0, "HIDRO": "nascente"}, "geometry": {"type": "Point", "coordinates": [-47.49812906061975, -14.026002027681985]}}, {"type": "Feature", "properties": {"fid_1": 6128, "GEOCODIGO": 5200605.0, "MUNICIPIO": "ALTO PARAÍSO DE GOIÁS", "UF": "GO", "CD_UF": 52.0, "HIDRO": "nascente"}, "geometry": {"type": "Point", "coordinates": [-47.499302238306896, -14.146547198892481]}}, {"type": "Feature", "properties": {"fid_1": 6129, "GEOCODIGO": 5200605.0, "MUNICIPIO": "ALTO PARAÍSO DE GOIÁS", "UF": "GO", "CD_UF": 52.0, "HIDRO": "nascente"}, "geometry": {"type": "Point", "coordinates": [-47.49805185525343, -14.067425714592483]}}, {"type": "Feature", "properties": {"fid_1": 6130, "GEOCODIGO": 5200605.0, "MUNICIPIO": "ALTO PARAÍSO DE GOIÁS", "UF": "GO", "CD_UF": 52.0, "HIDRO": "nascente"}, "geometry": {"type": "Point", "coordinates": [-47.49666521598091, -13.978555076237589]}}, {"type": "Feature", "properties": {"fid_1": 6131, "GEOCODIGO": 5200605.0, "MUNICIPIO": "ALTO PARAÍSO DE GOIÁS", "UF": "GO", "CD_UF": 52.0, "HIDRO": "nascente"}, "geometry": {"type": "Point", "coordinates": [-47.49992884881118, -14.293935055139231]}}, {"type": "Feature", "properties": {"fid_1": 6132, "GEOCODIGO": 5200605.0, "MUNICIPIO": "ALTO PARAÍSO DE GOIÁS", "UF": "GO", "CD_UF": 52.0, "HIDRO": "nascente"}, "geometry": {"type": "Point", "coordinates": [-47.49735502827489, -14.151426894319863]}}, {"type": "Feature", "properties": {"fid_1": 6133, "GEOCODIGO": 5200605.0, "MUNICIPIO": "ALTO PARAÍSO DE GOIÁS", "UF": "GO", "CD_UF": 52.0, "HIDRO": "nascente"}, "geometry": {"type": "Point", "coordinates": [-47.49726440190459, -14.171728956278763]}}, {"type": "Feature", "properties": {"fid_1": 6134, "GEOCODIGO": 5200605.0, "MUNICIPIO": "ALTO PARAÍSO DE GOIÁS", "UF": "GO", "CD_UF": 52.0, "HIDRO": "nascente"}, "geometry": {"type": "Point", "coordinates": [-47.495825560257884, -14.055202504702647]}}, {"type": "Feature", "properties": {"fid_1": 6135, "GEOCODIGO": 5200605.0, "MUNICIPIO": "ALTO PARAÍSO DE GOIÁS", "UF": "GO", "CD_UF": 52.0, "HIDRO": "nascente"}, "geometry": {"type": "Point", "coordinates": [-47.49382891007298, -13.970958029900087]}}, {"type": "Feature", "properties": {"fid_1": 6136, "GEOCODIGO": 5200605.0, "MUNICIPIO": "ALTO PARAÍSO DE GOIÁS", "UF": "GO", "CD_UF": 52.0, "HIDRO": "nascente"}, "geometry": {"type": "Point", "coordinates": [-47.498233018889486, -14.41836730546913]}}, {"type": "Feature", "properties": {"fid_1": 6137, "GEOCODIGO": 5200605.0, "MUNICIPIO": "ALTO PARAÍSO DE GOIÁS", "UF": "GO", "CD_UF": 52.0, "HIDRO": "nascente"}, "geometry": {"type": "Point", "coordinates": [-47.49385754610858, -14.1257247072652]}}, {"type": "Feature", "properties": {"fid_1": 6138, "GEOCODIGO": 5200605.0, "MUNICIPIO": "ALTO PARAÍSO DE GOIÁS", "UF": "GO", "CD_UF": 52.0, "HIDRO": "nascente"}, "geometry": {"type": "Point", "coordinates": [-47.492810637406954, -14.083793511989146]}}, {"type": "Feature", "properties": {"fid_1": 6139, "GEOCODIGO": 5200605.0, "MUNICIPIO": "ALTO PARAÍSO DE GOIÁS", "UF": "GO", "CD_UF": 52.0, "HIDRO": "nascente"}, "geometry": {"type": "Point", "coordinates": [-47.49568347603194, -14.349354085283167]}}, {"type": "Feature", "properties": {"fid_1": 6140, "GEOCODIGO": 5200605.0, "MUNICIPIO": "ALTO PARAÍSO DE GOIÁS", "UF": "GO", "CD_UF": 52.0, "HIDRO": "nascente"}, "geometry": {"type": "Point", "coordinates": [-47.49166782056848, -13.990692269444164]}}, {"type": "Feature", "properties": {"fid_1": 6141, "GEOCODIGO": 5200605.0, "MUNICIPIO": "ALTO PARAÍSO DE GOIÁS", "UF": "GO", "CD_UF": 52.0, "HIDRO": "nascente"}, "geometry": {"type": "Point", "coordinates": [-47.49504114942999, -14.321353146872061]}}, {"type": "Feature", "properties": {"fid_1": 6142, "GEOCODIGO": 5200605.0, "MUNICIPIO": "ALTO PARAÍSO DE GOIÁS", "UF": "GO", "CD_UF": 52.0, "HIDRO": "nascente"}, "geometry": {"type": "Point", "coordinates": [-47.493381738721766, -14.171171628375042]}}, {"type": "Feature", "properties": {"fid_1": 6143, "GEOCODIGO": 5200605.0, "MUNICIPIO": "ALTO PARAÍSO DE GOIÁS", "UF": "GO", "CD_UF": 52.0, "HIDRO": "nascente"}, "geometry": {"type": "Point", "coordinates": [-47.49080334447698, -14.006900993418983]}}, {"type": "Feature", "properties": {"fid_1": 6144, "GEOCODIGO": 5200605.0, "MUNICIPIO": "ALTO PARAÍSO DE GOIÁS", "UF": "GO", "CD_UF": 52.0, "HIDRO": "nascente"}, "geometry": {"type": "Point", "coordinates": [-47.49173487252778, -14.189107979791533]}}, {"type": "Feature", "properties": {"fid_1": 6145, "GEOCODIGO": 5200605.0, "MUNICIPIO": "ALTO PARAÍSO DE GOIÁS", "UF": "GO", "CD_UF": 52.0, "HIDRO": "nascente"}, "geometry": {"type": "Point", "coordinates": [-47.49047528184797, -14.07809907009155]}}, {"type": "Feature", "properties": {"fid_1": 6146, "GEOCODIGO": 5200605.0, "MUNICIPIO": "ALTO PARAÍSO DE GOIÁS", "UF": "GO", "CD_UF": 52.0, "HIDRO": "nascente"}, "geometry": {"type": "Point", "coordinates": [-47.4900556338786, -14.048526762261012]}}, {"type": "Feature", "properties": {"fid_1": 6147, "GEOCODIGO": 5200605.0, "MUNICIPIO": "ALTO PARAÍSO DE GOIÁS", "UF": "GO", "CD_UF": 52.0, "HIDRO": "nascente"}, "geometry": {"type": "Point", "coordinates": [-47.49316940869806, -14.3346046817798]}}, {"type": "Feature", "properties": {"fid_1": 6148, "GEOCODIGO": 5200605.0, "MUNICIPIO": "ALTO PARAÍSO DE GOIÁS", "UF": "GO", "CD_UF": 52.0, "HIDRO": "nascente"}, "geometry": {"type": "Point", "coordinates": [-47.49096616907238, -14.149076512511066]}}, {"type": "Feature", "properties": {"fid_1": 6149, "GEOCODIGO": 5200605.0, "MUNICIPIO": "ALTO PARAÍSO DE GOIÁS", "UF": "GO", "CD_UF": 52.0, "HIDRO": "nascente"}, "geometry": {"type": "Point", "coordinates": [-47.492733281058115, -14.318548561429036]}}, {"type": "Feature", "properties": {"fid_1": 6150, "GEOCODIGO": 5200605.0, "MUNICIPIO": "ALTO PARAÍSO DE GOIÁS", "UF": "GO", "CD_UF": 52.0, "HIDRO": "nascente"}, "geometry": {"type": "Point", "coordinates": [-47.48898938480596, -14.041441685688566]}}, {"type": "Feature", "properties": {"fid_1": 6151, "GEOCODIGO": 5200605.0, "MUNICIPIO": "ALTO PARAÍSO DE GOIÁS", "UF": "GO", "CD_UF": 52.0, "HIDRO": "nascente"}, "geometry": {"type": "Point", "coordinates": [-47.49004065235332, -14.15912990522398]}}, {"type": "Feature", "properties": {"fid_1": 6152, "GEOCODIGO": 5200605.0, "MUNICIPIO": "ALTO PARAÍSO DE GOIÁS", "UF": "GO", "CD_UF": 52.0, "HIDRO": "nascente"}, "geometry": {"type": "Point", "coordinates": [-47.48749978891348, -14.00093772721919]}}, {"type": "Feature", "properties": {"fid_1": 6153, "GEOCODIGO": 5200605.0, "MUNICIPIO": "ALTO PARAÍSO DE GOIÁS", "UF": "GO", "CD_UF": 52.0, "HIDRO": "nascente"}, "geometry": {"type": "Point", "coordinates": [-47.486791572594264, -13.983879898763087]}}, {"type": "Feature", "properties": {"fid_1": 6154, "GEOCODIGO": 5200605.0, "MUNICIPIO": "ALTO PARAÍSO DE GOIÁS", "UF": "GO", "CD_UF": 52.0, "HIDRO": "nascente"}, "geometry": {"type": "Point", "coordinates": [-47.48854897550419, -14.167088404799363]}}, {"type": "Feature", "properties": {"fid_1": 6155, "GEOCODIGO": 5200605.0, "MUNICIPIO": "ALTO PARAÍSO DE GOIÁS", "UF": "GO", "CD_UF": 52.0, "HIDRO": "nascente"}, "geometry": {"type": "Point", "coordinates": [-47.48576389791824, -14.047604530720223]}}, {"type": "Feature", "properties": {"fid_1": 6156, "GEOCODIGO": 5200605.0, "MUNICIPIO": "ALTO PARAÍSO DE GOIÁS", "UF": "GO", "CD_UF": 52.0, "HIDRO": "nascente"}, "geometry": {"type": "Point", "coordinates": [-47.48649998348207, -14.192376445586254]}}, {"type": "Feature", "properties": {"fid_1": 6157, "GEOCODIGO": 5200605.0, "MUNICIPIO": "ALTO PARAÍSO DE GOIÁS", "UF": "GO", "CD_UF": 52.0, "HIDRO": "nascente"}, "geometry": {"type": "Point", "coordinates": [-47.48488867292861, -14.116923941687709]}}, {"type": "Feature", "properties": {"fid_1": 6158, "GEOCODIGO": 5200605.0, "MUNICIPIO": "ALTO PARAÍSO DE GOIÁS", "UF": "GO", "CD_UF": 52.0, "HIDRO": "nascente"}, "geometry": {"type": "Point", "coordinates": [-47.485840902405265, -14.241349982198047]}}, {"type": "Feature", "properties": {"fid_1": 6159, "GEOCODIGO": 5200605.0, "MUNICIPIO": "ALTO PARAÍSO DE GOIÁS", "UF": "GO", "CD_UF": 52.0, "HIDRO": "nascente"}, "geometry": {"type": "Point", "coordinates": [-47.48614422480078, -14.300497003046168]}}, {"type": "Feature", "properties": {"fid_1": 6160, "GEOCODIGO": 5200605.0, "MUNICIPIO": "ALTO PARAÍSO DE GOIÁS", "UF": "GO", "CD_UF": 52.0, "HIDRO": "nascente"}, "geometry": {"type": "Point", "coordinates": [-47.48607634648164, -14.399748639263947]}}, {"type": "Feature", "properties": {"fid_1": 6161, "GEOCODIGO": 5200605.0, "MUNICIPIO": "ALTO PARAÍSO DE GOIÁS", "UF": "GO", "CD_UF": 52.0, "HIDRO": "nascente"}, "geometry": {"type": "Point", "coordinates": [-47.483293932777954, -14.165005128308515]}}, {"type": "Feature", "properties": {"fid_1": 6162, "GEOCODIGO": 5200605.0, "MUNICIPIO": "ALTO PARAÍSO DE GOIÁS", "UF": "GO", "CD_UF": 52.0, "HIDRO": "nascente"}, "geometry": {"type": "Point", "coordinates": [-47.485286529723616, -14.35626945401144]}}, {"type": "Feature", "properties": {"fid_1": 6163, "GEOCODIGO": 5200605.0, "MUNICIPIO": "ALTO PARAÍSO DE GOIÁS", "UF": "GO", "CD_UF": 52.0, "HIDRO": "nascente"}, "geometry": {"type": "Point", "coordinates": [-47.484819586437744, -14.323399182227162]}}, {"type": "Feature", "properties": {"fid_1": 6164, "GEOCODIGO": 5200605.0, "MUNICIPIO": "ALTO PARAÍSO DE GOIÁS", "UF": "GO", "CD_UF": 52.0, "HIDRO": "nascente"}, "geometry": {"type": "Point", "coordinates": [-47.48067107654245, -14.003011454802614]}}, {"type": "Feature", "properties": {"fid_1": 6165, "GEOCODIGO": 5200605.0, "MUNICIPIO": "ALTO PARAÍSO DE GOIÁS", "UF": "GO", "CD_UF": 52.0, "HIDRO": "nascente"}, "geometry": {"type": "Point", "coordinates": [-47.48051759179221, -14.10038042178158]}}, {"type": "Feature", "properties": {"fid_1": 6166, "GEOCODIGO": 5200605.0, "MUNICIPIO": "ALTO PARAÍSO DE GOIÁS", "UF": "GO", "CD_UF": 52.0, "HIDRO": "nascente"}, "geometry": {"type": "Point", "coordinates": [-47.48011710323182, -14.064262785268037]}}, {"type": "Feature", "properties": {"fid_1": 6167, "GEOCODIGO": 5200605.0, "MUNICIPIO": "ALTO PARAÍSO DE GOIÁS", "UF": "GO", "CD_UF": 52.0, "HIDRO": "nascente"}, "geometry": {"type": "Point", "coordinates": [-47.48114032942068, -14.171326492882288]}}, {"type": "Feature", "properties": {"fid_1": 6168, "GEOCODIGO": 5200605.0, "MUNICIPIO": "ALTO PARAÍSO DE GOIÁS", "UF": "GO", "CD_UF": 52.0, "HIDRO": "nascente"}, "geometry": {"type": "Point", "coordinates": [-47.48152484360724, -14.235458818314891]}}, {"type": "Feature", "properties": {"fid_1": 6169, "GEOCODIGO": 5200605.0, "MUNICIPIO": "ALTO PARAÍSO DE GOIÁS", "UF": "GO", "CD_UF": 52.0, "HIDRO": "nascente"}, "geometry": {"type": "Point", "coordinates": [-47.48103287648903, -14.197645953737416]}}, {"type": "Feature", "properties": {"fid_1": 6170, "GEOCODIGO": 5200605.0, "MUNICIPIO": "ALTO PARAÍSO DE GOIÁS", "UF": "GO", "CD_UF": 52.0, "HIDRO": "nascente"}, "geometry": {"type": "Point", "coordinates": [-47.48042655054076, -14.151644820167224]}}, {"type": "Feature", "properties": {"fid_1": 6171, "GEOCODIGO": 5200605.0, "MUNICIPIO": "ALTO PARAÍSO DE GOIÁS", "UF": "GO", "CD_UF": 52.0, "HIDRO": "nascente"}, "geometry": {"type": "Point", "coordinates": [-47.48011228853856, -14.161805816107707]}}, {"type": "Feature", "properties": {"fid_1": 6172, "GEOCODIGO": 5200605.0, "MUNICIPIO": "ALTO PARAÍSO DE GOIÁS", "UF": "GO", "CD_UF": 52.0, "HIDRO": "nascente"}, "geometry": {"type": "Point", "coordinates": [-47.47743527431123, -14.13372424574391]}}, {"type": "Feature", "properties": {"fid_1": 6173, "GEOCODIGO": 5200605.0, "MUNICIPIO": "ALTO PARAÍSO DE GOIÁS", "UF": "GO", "CD_UF": 52.0, "HIDRO": "nascente"}, "geometry": {"type": "Point", "coordinates": [-47.478518537391366, -14.312797153928527]}}, {"type": "Feature", "properties": {"fid_1": 6174, "GEOCODIGO": 5200605.0, "MUNICIPIO": "ALTO PARAÍSO DE GOIÁS", "UF": "GO", "CD_UF": 52.0, "HIDRO": "nascente"}, "geometry": {"type": "Point", "coordinates": [-47.47551066789964, -14.058320214477433]}}, {"type": "Feature", "properties": {"fid_1": 6175, "GEOCODIGO": 5200605.0, "MUNICIPIO": "ALTO PARAÍSO DE GOIÁS", "UF": "GO", "CD_UF": 52.0, "HIDRO": "nascente"}, "geometry": {"type": "Point", "coordinates": [-47.47625221810255, -14.141409249917253]}}, {"type": "Feature", "properties": {"fid_1": 6176, "GEOCODIGO": 5200605.0, "MUNICIPIO": "ALTO PARAÍSO DE GOIÁS", "UF": "GO", "CD_UF": 52.0, "HIDRO": "nascente"}, "geometry": {"type": "Point", "coordinates": [-47.47507307863685, -14.12501995080313]}}, {"type": "Feature", "properties": {"fid_1": 6177, "GEOCODIGO": 5200605.0, "MUNICIPIO": "ALTO PARAÍSO DE GOIÁS", "UF": "GO", "CD_UF": 52.0, "HIDRO": "nascente"}, "geometry": {"type": "Point", "coordinates": [-47.4764203108349, -14.267721275483568]}}, {"type": "Feature", "properties": {"fid_1": 6178, "GEOCODIGO": 5200605.0, "MUNICIPIO": "ALTO PARAÍSO DE GOIÁS", "UF": "GO", "CD_UF": 52.0, "HIDRO": "nascente"}, "geometry": {"type": "Point", "coordinates": [-47.47399984521425, -14.099353565440516]}}, {"type": "Feature", "properties": {"fid_1": 6179, "GEOCODIGO": 5200605.0, "MUNICIPIO": "ALTO PARAÍSO DE GOIÁS", "UF": "GO", "CD_UF": 52.0, "HIDRO": "nascente"}, "geometry": {"type": "Point", "coordinates": [-47.473034652209684, -14.054488416464572]}}, {"type": "Feature", "properties": {"fid_1": 6180, "GEOCODIGO": 5200605.0, "MUNICIPIO": "ALTO PARAÍSO DE GOIÁS", "UF": "GO", "CD_UF": 52.0, "HIDRO": "nascente"}, "geometry": {"type": "Point", "coordinates": [-47.47209671732108, -14.00068943658719]}}, {"type": "Feature", "properties": {"fid_1": 6181, "GEOCODIGO": 5200605.0, "MUNICIPIO": "ALTO PARAÍSO DE GOIÁS", "UF": "GO", "CD_UF": 52.0, "HIDRO": "nascente"}, "geometry": {"type": "Point", "coordinates": [-47.47346923859501, -14.262232237863783]}}, {"type": "Feature", "properties": {"fid_1": 6182, "GEOCODIGO": 5200605.0, "MUNICIPIO": "ALTO PARAÍSO DE GOIÁS", "UF": "GO", "CD_UF": 52.0, "HIDRO": "nascente"}, "geometry": {"type": "Point", "coordinates": [-47.4703994852368, -14.04126633017844]}}, {"type": "Feature", "properties": {"fid_1": 6183, "GEOCODIGO": 5200605.0, "MUNICIPIO": "ALTO PARAÍSO DE GOIÁS", "UF": "GO", "CD_UF": 52.0, "HIDRO": "nascente"}, "geometry": {"type": "Point", "coordinates": [-47.470996658735864, -14.147637403164655]}}, {"type": "Feature", "properties": {"fid_1": 6184, "GEOCODIGO": 5200605.0, "MUNICIPIO": "ALTO PARAÍSO DE GOIÁS", "UF": "GO", "CD_UF": 52.0, "HIDRO": "nascente"}, "geometry": {"type": "Point", "coordinates": [-47.46931537392819, -14.016220819339308]}}, {"type": "Feature", "properties": {"fid_1": 6185, "GEOCODIGO": 5200605.0, "MUNICIPIO": "ALTO PARAÍSO DE GOIÁS", "UF": "GO", "CD_UF": 52.0, "HIDRO": "nascente"}, "geometry": {"type": "Point", "coordinates": [-47.47032360716272, -14.136467652919011]}}, {"type": "Feature", "properties": {"fid_1": 6186, "GEOCODIGO": 5200605.0, "MUNICIPIO": "ALTO PARAÍSO DE GOIÁS", "UF": "GO", "CD_UF": 52.0, "HIDRO": "nascente"}, "geometry": {"type": "Point", "coordinates": [-47.46828688780218, -13.990531843996271]}}, {"type": "Feature", "properties": {"fid_1": 6187, "GEOCODIGO": 5200605.0, "MUNICIPIO": "ALTO PARAÍSO DE GOIÁS", "UF": "GO", "CD_UF": 52.0, "HIDRO": "nascente"}, "geometry": {"type": "Point", "coordinates": [-47.470565018405026, -14.35924483322114]}}, {"type": "Feature", "properties": {"fid_1": 6188, "GEOCODIGO": 5200605.0, "MUNICIPIO": "ALTO PARAÍSO DE GOIÁS", "UF": "GO", "CD_UF": 52.0, "HIDRO": "nascente"}, "geometry": {"type": "Point", "coordinates": [-47.46739556280774, -14.099185066108433]}}, {"type": "Feature", "properties": {"fid_1": 6189, "GEOCODIGO": 5200605.0, "MUNICIPIO": "ALTO PARAÍSO DE GOIÁS", "UF": "GO", "CD_UF": 52.0, "HIDRO": "nascente"}, "geometry": {"type": "Point", "coordinates": [-47.464748863133465, -14.001346568835645]}}, {"type": "Feature", "properties": {"fid_1": 6190, "GEOCODIGO": 5200605.0, "MUNICIPIO": "ALTO PARAÍSO DE GOIÁS", "UF": "GO", "CD_UF": 52.0, "HIDRO": "nascente"}, "geometry": {"type": "Point", "coordinates": [-47.46590106379351, -14.110412065597332]}}, {"type": "Feature", "properties": {"fid_1": 6191, "GEOCODIGO": 5200605.0, "MUNICIPIO": "ALTO PARAÍSO DE GOIÁS", "UF": "GO", "CD_UF": 52.0, "HIDRO": "nascente"}, "geometry": {"type": "Point", "coordinates": [-47.465868412797995, -14.12058196769364]}}, {"type": "Feature", "properties": {"fid_1": 6192, "GEOCODIGO": 5200605.0, "MUNICIPIO": "ALTO PARAÍSO DE GOIÁS", "UF": "GO", "CD_UF": 52.0, "HIDRO": "nascente"}, "geometry": {"type": "Point", "coordinates": [-47.46725156273548, -14.351839488645359]}}, {"type": "Feature", "properties": {"fid_1": 6193, "GEOCODIGO": 5200605.0, "MUNICIPIO": "ALTO PARAÍSO DE GOIÁS", "UF": "GO", "CD_UF": 52.0, "HIDRO": "nascente"}, "geometry": {"type": "Point", "coordinates": [-47.46362633370158, -14.017140837090304]}}, {"type": "Feature", "properties": {"fid_1": 6194, "GEOCODIGO": 5200605.0, "MUNICIPIO": "ALTO PARAÍSO DE GOIÁS", "UF": "GO", "CD_UF": 52.0, "HIDRO": "nascente"}, "geometry": {"type": "Point", "coordinates": [-47.4657573901465, -14.216527065617699]}}, {"type": "Feature", "properties": {"fid_1": 6195, "GEOCODIGO": 5200605.0, "MUNICIPIO": "ALTO PARAÍSO DE GOIÁS", "UF": "GO", "CD_UF": 52.0, "HIDRO": "nascente"}, "geometry": {"type": "Point", "coordinates": [-47.46481778722666, -14.148358458868007]}}, {"type": "Feature", "properties": {"fid_1": 6196, "GEOCODIGO": 5200605.0, "MUNICIPIO": "ALTO PARAÍSO DE GOIÁS", "UF": "GO", "CD_UF": 52.0, "HIDRO": "nascente"}, "geometry": {"type": "Point", "coordinates": [-47.46427001892134, -14.16692244311378]}}, {"type": "Feature", "properties": {"fid_1": 6197, "GEOCODIGO": 5200605.0, "MUNICIPIO": "ALTO PARAÍSO DE GOIÁS", "UF": "GO", "CD_UF": 52.0, "HIDRO": "nascente"}, "geometry": {"type": "Point", "coordinates": [-47.462995653739945, -14.055993594811797]}}, {"type": "Feature", "properties": {"fid_1": 6198, "GEOCODIGO": 5200605.0, "MUNICIPIO": "ALTO PARAÍSO DE GOIÁS", "UF": "GO", "CD_UF": 52.0, "HIDRO": "nascente"}, "geometry": {"type": "Point", "coordinates": [-47.46254186967085, -14.090229284642799]}}, {"type": "Feature", "properties": {"fid_1": 6199, "GEOCODIGO": 5200605.0, "MUNICIPIO": "ALTO PARAÍSO DE GOIÁS", "UF": "GO", "CD_UF": 52.0, "HIDRO": "nascente"}, "geometry": {"type": "Point", "coordinates": [-47.46374723347792, -14.21984092081209]}}, {"type": "Feature", "properties": {"fid_1": 6200, "GEOCODIGO": 5200605.0, "MUNICIPIO": "ALTO PARAÍSO DE GOIÁS", "UF": "GO", "CD_UF": 52.0, "HIDRO": "nascente"}, "geometry": {"type": "Point", "coordinates": [-47.464316013482495, -14.310376837298717]}}, {"type": "Feature", "properties": {"fid_1": 6201, "GEOCODIGO": 5200605.0, "MUNICIPIO": "ALTO PARAÍSO DE GOIÁS", "UF": "GO", "CD_UF": 52.0, "HIDRO": "nascente"}, "geometry": {"type": "Point", "coordinates": [-47.46093966846916, -14.145912986324193]}}, {"type": "Feature", "properties": {"fid_1": 6202, "GEOCODIGO": 5200605.0, "MUNICIPIO": "ALTO PARAÍSO DE GOIÁS", "UF": "GO", "CD_UF": 52.0, "HIDRO": "nascente"}, "geometry": {"type": "Point", "coordinates": [-47.461851328881785, -14.282706796302437]}}, {"type": "Feature", "properties": {"fid_1": 6203, "GEOCODIGO": 5200605.0, "MUNICIPIO": "ALTO PARAÍSO DE GOIÁS", "UF": "GO", "CD_UF": 52.0, "HIDRO": "nascente"}, "geometry": {"type": "Point", "coordinates": [-47.458685975516175, -14.083228641333323]}}, {"type": "Feature", "properties": {"fid_1": 6204, "GEOCODIGO": 5200605.0, "MUNICIPIO": "ALTO PARAÍSO DE GOIÁS", "UF": "GO", "CD_UF": 52.0, "HIDRO": "nascente"}, "geometry": {"type": "Point", "coordinates": [-47.45760378591449, -14.106447069205995]}}, {"type": "Feature", "properties": {"fid_1": 6205, "GEOCODIGO": 5200605.0, "MUNICIPIO": "ALTO PARAÍSO DE GOIÁS", "UF": "GO", "CD_UF": 52.0, "HIDRO": "nascente"}, "geometry": {"type": "Point", "coordinates": [-47.45850092247114, -14.204573712097687]}}, {"type": "Feature", "properties": {"fid_1": 6206, "GEOCODIGO": 5200605.0, "MUNICIPIO": "ALTO PARAÍSO DE GOIÁS", "UF": "GO", "CD_UF": 52.0, "HIDRO": "nascente"}, "geometry": {"type": "Point", "coordinates": [-47.45696216423629, -14.090961498517643]}}, {"type": "Feature", "properties": {"fid_1": 6207, "GEOCODIGO": 5200605.0, "MUNICIPIO": "ALTO PARAÍSO DE GOIÁS", "UF": "GO", "CD_UF": 52.0, "HIDRO": "nascente"}, "geometry": {"type": "Point", "coordinates": [-47.45676250082567, -14.097550241678933]}}, {"type": "Feature", "properties": {"fid_1": 6208, "GEOCODIGO": 5200605.0, "MUNICIPIO": "ALTO PARAÍSO DE GOIÁS", "UF": "GO", "CD_UF": 52.0, "HIDRO": "nascente"}, "geometry": {"type": "Point", "coordinates": [-47.45778432640235, -14.263163700350782]}}, {"type": "Feature", "properties": {"fid_1": 6209, "GEOCODIGO": 5200605.0, "MUNICIPIO": "ALTO PARAÍSO DE GOIÁS", "UF": "GO", "CD_UF": 52.0, "HIDRO": "nascente"}, "geometry": {"type": "Point", "coordinates": [-47.45495711963753, -14.001872177145689]}}, {"type": "Feature", "properties": {"fid_1": 6210, "GEOCODIGO": 5200605.0, "MUNICIPIO": "ALTO PARAÍSO DE GOIÁS", "UF": "GO", "CD_UF": 52.0, "HIDRO": "nascente"}, "geometry": {"type": "Point", "coordinates": [-47.454895060078876, -14.144295255255996]}}, {"type": "Feature", "properties": {"fid_1": 6211, "GEOCODIGO": 5200605.0, "MUNICIPIO": "ALTO PARAÍSO DE GOIÁS", "UF": "GO", "CD_UF": 52.0, "HIDRO": "nascente"}, "geometry": {"type": "Point", "coordinates": [-47.45388670134646, -14.080292105859023]}}, {"type": "Feature", "properties": {"fid_1": 6212, "GEOCODIGO": 5200605.0, "MUNICIPIO": "ALTO PARAÍSO DE GOIÁS", "UF": "GO", "CD_UF": 52.0, "HIDRO": "nascente"}, "geometry": {"type": "Point", "coordinates": [-47.45472884605571, -14.182353023659417]}}, {"type": "Feature", "properties": {"fid_1": 6213, "GEOCODIGO": 5200605.0, "MUNICIPIO": "ALTO PARAÍSO DE GOIÁS", "UF": "GO", "CD_UF": 52.0, "HIDRO": "nascente"}, "geometry": {"type": "Point", "coordinates": [-47.45487553502983, -14.204375082229152]}}, {"type": "Feature", "properties": {"fid_1": 6214, "GEOCODIGO": 5200605.0, "MUNICIPIO": "ALTO PARAÍSO DE GOIÁS", "UF": "GO", "CD_UF": 52.0, "HIDRO": "nascente"}, "geometry": {"type": "Point", "coordinates": [-47.453314251386416, -14.105333020174884]}}, {"type": "Feature", "properties": {"fid_1": 6215, "GEOCODIGO": 5200605.0, "MUNICIPIO": "ALTO PARAÍSO DE GOIÁS", "UF": "GO", "CD_UF": 52.0, "HIDRO": "nascente"}, "geometry": {"type": "Point", "coordinates": [-47.45217106666877, -14.023994711649216]}}, {"type": "Feature", "properties": {"fid_1": 6216, "GEOCODIGO": 5200605.0, "MUNICIPIO": "ALTO PARAÍSO DE GOIÁS", "UF": "GO", "CD_UF": 52.0, "HIDRO": "nascente"}, "geometry": {"type": "Point", "coordinates": [-47.45375715829636, -14.22618886160881]}}, {"type": "Feature", "properties": {"fid_1": 6217, "GEOCODIGO": 5200605.0, "MUNICIPIO": "ALTO PARAÍSO DE GOIÁS", "UF": "GO", "CD_UF": 52.0, "HIDRO": "nascente"}, "geometry": {"type": "Point", "coordinates": [-47.451019154430085, -14.016191997313369]}}, {"type": "Feature", "properties": {"fid_1": 6218, "GEOCODIGO": 5200605.0, "MUNICIPIO": "ALTO PARAÍSO DE GOIÁS", "UF": "GO", "CD_UF": 52.0, "HIDRO": "nascente"}, "geometry": {"type": "Point", "coordinates": [-47.45150811899383, -14.118803662262732]}}, {"type": "Feature", "properties": {"fid_1": 6219, "GEOCODIGO": 5200605.0, "MUNICIPIO": "ALTO PARAÍSO DE GOIÁS", "UF": "GO", "CD_UF": 52.0, "HIDRO": "nascente"}, "geometry": {"type": "Point", "coordinates": [-47.44990005283424, -13.990167707200312]}}, {"type": "Feature", "properties": {"fid_1": 6220, "GEOCODIGO": 5200605.0, "MUNICIPIO": "ALTO PARAÍSO DE GOIÁS", "UF": "GO", "CD_UF": 52.0, "HIDRO": "nascente"}, "geometry": {"type": "Point", "coordinates": [-47.4517637632485, -14.259826036620298]}}, {"type": "Feature", "properties": {"fid_1": 6221, "GEOCODIGO": 5200605.0, "MUNICIPIO": "ALTO PARAÍSO DE GOIÁS", "UF": "GO", "CD_UF": 52.0, "HIDRO": "nascente"}, "geometry": {"type": "Point", "coordinates": [-47.449764720854596, -14.075379461699242]}}, {"type": "Feature", "properties": {"fid_1": 6222, "GEOCODIGO": 5200605.0, "MUNICIPIO": "ALTO PARAÍSO DE GOIÁS", "UF": "GO", "CD_UF": 52.0, "HIDRO": "nascente"}, "geometry": {"type": "Point", "coordinates": [-47.44984691275284, -14.238263087027004]}}, {"type": "Feature", "properties": {"fid_1": 6223, "GEOCODIGO": 5200605.0, "MUNICIPIO": "ALTO PARAÍSO DE GOIÁS", "UF": "GO", "CD_UF": 52.0, "HIDRO": "nascente"}, "geometry": {"type": "Point", "coordinates": [-47.44718352328384, -14.001147828072407]}}, {"type": "Feature", "properties": {"fid_1": 6224, "GEOCODIGO": 5200605.0, "MUNICIPIO": "ALTO PARAÍSO DE GOIÁS", "UF": "GO", "CD_UF": 52.0, "HIDRO": "nascente"}, "geometry": {"type": "Point", "coordinates": [-47.450156492727714, -14.3358541365605]}}, {"type": "Feature", "properties": {"fid_1": 6225, "GEOCODIGO": 5200605.0, "MUNICIPIO": "ALTO PARAÍSO DE GOIÁS", "UF": "GO", "CD_UF": 52.0, "HIDRO": "nascente"}, "geometry": {"type": "Point", "coordinates": [-47.4471371360415, -14.056333850221517]}}, {"type": "Feature", "properties": {"fid_1": 6226, "GEOCODIGO": 5200605.0, "MUNICIPIO": "ALTO PARAÍSO DE GOIÁS", "UF": "GO", "CD_UF": 52.0, "HIDRO": "nascente"}, "geometry": {"type": "Point", "coordinates": [-47.44390219278255, -14.008450081858802]}}, {"type": "Feature", "properties": {"fid_1": 6227, "GEOCODIGO": 5200605.0, "MUNICIPIO": "ALTO PARAÍSO DE GOIÁS", "UF": "GO", "CD_UF": 52.0, "HIDRO": "nascente"}, "geometry": {"type": "Point", "coordinates": [-47.444024885181264, -14.14847894590333]}}, {"type": "Feature", "properties": {"fid_1": 6228, "GEOCODIGO": 5200605.0, "MUNICIPIO": "ALTO PARAÍSO DE GOIÁS", "UF": "GO", "CD_UF": 52.0, "HIDRO": "nascente"}, "geometry": {"type": "Point", "coordinates": [-47.442467947519056, -14.031399097075035]}}, {"type": "Feature", "properties": {"fid_1": 6229, "GEOCODIGO": 5200605.0, "MUNICIPIO": "ALTO PARAÍSO DE GOIÁS", "UF": "GO", "CD_UF": 52.0, "HIDRO": "nascente"}, "geometry": {"type": "Point", "coordinates": [-47.44496058577226, -14.276502957677778]}}, {"type": "Feature", "properties": {"fid_1": 6230, "GEOCODIGO": 5200605.0, "MUNICIPIO": "ALTO PARAÍSO DE GOIÁS", "UF": "GO", "CD_UF": 52.0, "HIDRO": "nascente"}, "geometry": {"type": "Point", "coordinates": [-47.44268927330038, -14.108806293761674]}}, {"type": "Feature", "properties": {"fid_1": 6231, "GEOCODIGO": 5200605.0, "MUNICIPIO": "ALTO PARAÍSO DE GOIÁS", "UF": "GO", "CD_UF": 52.0, "HIDRO": "nascente"}, "geometry": {"type": "Point", "coordinates": [-47.44291761157552, -14.221684955346579]}}, {"type": "Feature", "properties": {"fid_1": 6232, "GEOCODIGO": 5200605.0, "MUNICIPIO": "ALTO PARAÍSO DE GOIÁS", "UF": "GO", "CD_UF": 52.0, "HIDRO": "nascente"}, "geometry": {"type": "Point", "coordinates": [-47.44308251289121, -14.251289950369847]}}, {"type": "Feature", "properties": {"fid_1": 6233, "GEOCODIGO": 5200605.0, "MUNICIPIO": "ALTO PARAÍSO DE GOIÁS", "UF": "GO", "CD_UF": 52.0, "HIDRO": "nascente"}, "geometry": {"type": "Point", "coordinates": [-47.44218203314609, -14.23365898351319]}}, {"type": "Feature", "properties": {"fid_1": 6234, "GEOCODIGO": 5200605.0, "MUNICIPIO": "ALTO PARAÍSO DE GOIÁS", "UF": "GO", "CD_UF": 52.0, "HIDRO": "nascente"}, "geometry": {"type": "Point", "coordinates": [-47.43891464456007, -13.979307145481288]}}, {"type": "Feature", "properties": {"fid_1": 6235, "GEOCODIGO": 5200605.0, "MUNICIPIO": "ALTO PARAÍSO DE GOIÁS", "UF": "GO", "CD_UF": 52.0, "HIDRO": "nascente"}, "geometry": {"type": "Point", "coordinates": [-47.442455606092366, -14.333350449453912]}}, {"type": "Feature", "properties": {"fid_1": 6236, "GEOCODIGO": 5200605.0, "MUNICIPIO": "ALTO PARAÍSO DE GOIÁS", "UF": "GO", "CD_UF": 52.0, "HIDRO": "nascente"}, "geometry": {"type": "Point", "coordinates": [-47.43969075999334, -14.210508926358433]}}, {"type": "Feature", "properties": {"fid_1": 6237, "GEOCODIGO": 5200605.0, "MUNICIPIO": "ALTO PARAÍSO DE GOIÁS", "UF": "GO", "CD_UF": 52.0, "HIDRO": "nascente"}, "geometry": {"type": "Point", "coordinates": [-47.44054583438993, -14.30951439203226]}}, {"type": "Feature", "properties": {"fid_1": 6238, "GEOCODIGO": 5200605.0, "MUNICIPIO": "ALTO PARAÍSO DE GOIÁS", "UF": "GO", "CD_UF": 52.0, "HIDRO": "nascente"}, "geometry": {"type": "Point", "coordinates": [-47.439745622657796, -14.276650896761252]}}, {"type": "Feature", "properties": {"fid_1": 6239, "GEOCODIGO": 5200605.0, "MUNICIPIO": "ALTO PARAÍSO DE GOIÁS", "UF": "GO", "CD_UF": 52.0, "HIDRO": "nascente"}, "geometry": {"type": "Point", "coordinates": [-47.43673767975729, -14.121383710155863]}}, {"type": "Feature", "properties": {"fid_1": 6240, "GEOCODIGO": 5200605.0, "MUNICIPIO": "ALTO PARAÍSO DE GOIÁS", "UF": "GO", "CD_UF": 52.0, "HIDRO": "nascente"}, "geometry": {"type": "Point", "coordinates": [-47.43611977848495, -14.065434059806641]}}, {"type": "Feature", "properties": {"fid_1": 6241, "GEOCODIGO": 5200605.0, "MUNICIPIO": "ALTO PARAÍSO DE GOIÁS", "UF": "GO", "CD_UF": 52.0, "HIDRO": "nascente"}, "geometry": {"type": "Point", "coordinates": [-47.436060547894726, -14.11379100658025]}}, {"type": "Feature", "properties": {"fid_1": 6242, "GEOCODIGO": 5200605.0, "MUNICIPIO": "ALTO PARAÍSO DE GOIÁS", "UF": "GO", "CD_UF": 52.0, "HIDRO": "nascente"}, "geometry": {"type": "Point", "coordinates": [-47.43758593135212, -14.286064959351801]}}, {"type": "Feature", "properties": {"fid_1": 6243, "GEOCODIGO": 5200605.0, "MUNICIPIO": "ALTO PARAÍSO DE GOIÁS", "UF": "GO", "CD_UF": 52.0, "HIDRO": "nascente"}, "geometry": {"type": "Point", "coordinates": [-47.43592280517414, -14.142268709174367]}}, {"type": "Feature", "properties": {"fid_1": 6244, "GEOCODIGO": 5200605.0, "MUNICIPIO": "ALTO PARAÍSO DE GOIÁS", "UF": "GO", "CD_UF": 52.0, "HIDRO": "nascente"}, "geometry": {"type": "Point", "coordinates": [-47.43229684566682, -13.983160457180286]}}, {"type": "Feature", "properties": {"fid_1": 6245, "GEOCODIGO": 5200605.0, "MUNICIPIO": "ALTO PARAÍSO DE GOIÁS", "UF": "GO", "CD_UF": 52.0, "HIDRO": "nascente"}, "geometry": {"type": "Point", "coordinates": [-47.435603439763, -14.306096742524684]}}, {"type": "Feature", "properties": {"fid_1": 6246, "GEOCODIGO": 5200605.0, "MUNICIPIO": "ALTO PARAÍSO DE GOIÁS", "UF": "GO", "CD_UF": 52.0, "HIDRO": "nascente"}, "geometry": {"type": "Point", "coordinates": [-47.43209302174535, -14.05054316910091]}}, {"type": "Feature", "properties": {"fid_1": 6247, "GEOCODIGO": 5200605.0, "MUNICIPIO": "ALTO PARAÍSO DE GOIÁS", "UF": "GO", "CD_UF": 52.0, "HIDRO": "nascente"}, "geometry": {"type": "Point", "coordinates": [-47.43433919811388, -14.326159408223454]}}, {"type": "Feature", "properties": {"fid_1": 6248, "GEOCODIGO": 5200605.0, "MUNICIPIO": "ALTO PARAÍSO DE GOIÁS", "UF": "GO", "CD_UF": 52.0, "HIDRO": "nascente"}, "geometry": {"type": "Point", "coordinates": [-47.433144091327975, -14.229875286846212]}}, {"type": "Feature", "properties": {"fid_1": 6249, "GEOCODIGO": 5200605.0, "MUNICIPIO": "ALTO PARAÍSO DE GOIÁS", "UF": "GO", "CD_UF": 52.0, "HIDRO": "nascente"}, "geometry": {"type": "Point", "coordinates": [-47.43187368160382, -14.150806159976986]}}, {"type": "Feature", "properties": {"fid_1": 6250, "GEOCODIGO": 5200605.0, "MUNICIPIO": "ALTO PARAÍSO DE GOIÁS", "UF": "GO", "CD_UF": 52.0, "HIDRO": "nascente"}, "geometry": {"type": "Point", "coordinates": [-47.43152634017691, -14.223761150189164]}}, {"type": "Feature", "properties": {"fid_1": 6251, "GEOCODIGO": 5200605.0, "MUNICIPIO": "ALTO PARAÍSO DE GOIÁS", "UF": "GO", "CD_UF": 52.0, "HIDRO": "nascente"}, "geometry": {"type": "Point", "coordinates": [-47.42858941465709, -14.036070590514077]}}, {"type": "Feature", "properties": {"fid_1": 6252, "GEOCODIGO": 5200605.0, "MUNICIPIO": "ALTO PARAÍSO DE GOIÁS", "UF": "GO", "CD_UF": 52.0, "HIDRO": "nascente"}, "geometry": {"type": "Point", "coordinates": [-47.42940723636295, -14.267611843430824]}}, {"type": "Feature", "properties": {"fid_1": 6253, "GEOCODIGO": 5200605.0, "MUNICIPIO": "ALTO PARAÍSO DE GOIÁS", "UF": "GO", "CD_UF": 52.0, "HIDRO": "nascente"}, "geometry": {"type": "Point", "coordinates": [-47.42644256061127, -14.099299159253471]}}, {"type": "Feature", "properties": {"fid_1": 6254, "GEOCODIGO": 5200605.0, "MUNICIPIO": "ALTO PARAÍSO DE GOIÁS", "UF": "GO", "CD_UF": 52.0, "HIDRO": "nascente"}, "geometry": {"type": "Point", "coordinates": [-47.425424181725454, -14.045190430036461]}}, {"type": "Feature", "properties": {"fid_1": 6255, "GEOCODIGO": 5200605.0, "MUNICIPIO": "ALTO PARAÍSO DE GOIÁS", "UF": "GO", "CD_UF": 52.0, "HIDRO": "nascente"}, "geometry": {"type": "Point", "coordinates": [-47.426162745609446, -14.148213511549518]}}, {"type": "Feature", "properties": {"fid_1": 6256, "GEOCODIGO": 5200605.0, "MUNICIPIO": "ALTO PARAÍSO DE GOIÁS", "UF": "GO", "CD_UF": 52.0, "HIDRO": "nascente"}, "geometry": {"type": "Point", "coordinates": [-47.425167278018684, -14.07749966581331]}}, {"type": "Feature", "properties": {"fid_1": 6257, "GEOCODIGO": 5200605.0, "MUNICIPIO": "ALTO PARAÍSO DE GOIÁS", "UF": "GO", "CD_UF": 52.0, "HIDRO": "nascente"}, "geometry": {"type": "Point", "coordinates": [-47.427617227771336, -14.309320214747297]}}, {"type": "Feature", "properties": {"fid_1": 6258, "GEOCODIGO": 5200605.0, "MUNICIPIO": "ALTO PARAÍSO DE GOIÁS", "UF": "GO", "CD_UF": 52.0, "HIDRO": "nascente"}, "geometry": {"type": "Point", "coordinates": [-47.42379991147687, -14.086745657090429]}}, {"type": "Feature", "properties": {"fid_1": 6259, "GEOCODIGO": 5200605.0, "MUNICIPIO": "ALTO PARAÍSO DE GOIÁS", "UF": "GO", "CD_UF": 52.0, "HIDRO": "nascente"}, "geometry": {"type": "Point", "coordinates": [-47.42343848001883, -14.081677276196466]}}, {"type": "Feature", "properties": {"fid_1": 6260, "GEOCODIGO": 5200605.0, "MUNICIPIO": "ALTO PARAÍSO DE GOIÁS", "UF": "GO", "CD_UF": 52.0, "HIDRO": "nascente"}, "geometry": {"type": "Point", "coordinates": [-47.421984313889965, -14.071314326287368]}}, {"type": "Feature", "properties": {"fid_1": 6261, "GEOCODIGO": 5200605.0, "MUNICIPIO": "ALTO PARAÍSO DE GOIÁS", "UF": "GO", "CD_UF": 52.0, "HIDRO": "nascente"}, "geometry": {"type": "Point", "coordinates": [-47.42082462958797, -13.997511779964748]}}, {"type": "Feature", "properties": {"fid_1": 6262, "GEOCODIGO": 5200605.0, "MUNICIPIO": "ALTO PARAÍSO DE GOIÁS", "UF": "GO", "CD_UF": 52.0, "HIDRO": "nascente"}, "geometry": {"type": "Point", "coordinates": [-47.420120788762794, -14.040144396026557]}}, {"type": "Feature", "properties": {"fid_1": 6263, "GEOCODIGO": 5200605.0, "MUNICIPIO": "ALTO PARAÍSO DE GOIÁS", "UF": "GO", "CD_UF": 52.0, "HIDRO": "nascente"}, "geometry": {"type": "Point", "coordinates": [-47.42122080301507, -14.155125329011659]}}, {"type": "Feature", "properties": {"fid_1": 6264, "GEOCODIGO": 5200605.0, "MUNICIPIO": "ALTO PARAÍSO DE GOIÁS", "UF": "GO", "CD_UF": 52.0, "HIDRO": "nascente"}, "geometry": {"type": "Point", "coordinates": [-47.42017757096894, -14.093092241720328]}}, {"type": "Feature", "properties": {"fid_1": 6265, "GEOCODIGO": 5200605.0, "MUNICIPIO": "ALTO PARAÍSO DE GOIÁS", "UF": "GO", "CD_UF": 52.0, "HIDRO": "nascente"}, "geometry": {"type": "Point", "coordinates": [-47.42057111385231, -14.2751213432611]}}, {"type": "Feature", "properties": {"fid_1": 6266, "GEOCODIGO": 5200605.0, "MUNICIPIO": "ALTO PARAÍSO DE GOIÁS", "UF": "GO", "CD_UF": 52.0, "HIDRO": "nascente"}, "geometry": {"type": "Point", "coordinates": [-47.41816808405157, -14.07756252001227]}}, {"type": "Feature", "properties": {"fid_1": 6267, "GEOCODIGO": 5200605.0, "MUNICIPIO": "ALTO PARAÍSO DE GOIÁS", "UF": "GO", "CD_UF": 52.0, "HIDRO": "nascente"}, "geometry": {"type": "Point", "coordinates": [-47.42036188619981, -14.30968857343395]}}, {"type": "Feature", "properties": {"fid_1": 6268, "GEOCODIGO": 5200605.0, "MUNICIPIO": "ALTO PARAÍSO DE GOIÁS", "UF": "GO", "CD_UF": 52.0, "HIDRO": "nascente"}, "geometry": {"type": "Point", "coordinates": [-47.41473288384272, -14.040542137089092]}}, {"type": "Feature", "properties": {"fid_1": 6269, "GEOCODIGO": 5200605.0, "MUNICIPIO": "ALTO PARAÍSO DE GOIÁS", "UF": "GO", "CD_UF": 52.0, "HIDRO": "nascente"}, "geometry": {"type": "Point", "coordinates": [-47.41738282827787, -14.318384351154462]}}, {"type": "Feature", "properties": {"fid_1": 6270, "GEOCODIGO": 5200605.0, "MUNICIPIO": "ALTO PARAÍSO DE GOIÁS", "UF": "GO", "CD_UF": 52.0, "HIDRO": "nascente"}, "geometry": {"type": "Point", "coordinates": [-47.41370107250191, -14.105692942271295]}}, {"type": "Feature", "properties": {"fid_1": 6271, "GEOCODIGO": 5200605.0, "MUNICIPIO": "ALTO PARAÍSO DE GOIÁS", "UF": "GO", "CD_UF": 52.0, "HIDRO": "nascente"}, "geometry": {"type": "Point", "coordinates": [-47.41238951275483, -14.040220765567456]}}, {"type": "Feature", "properties": {"fid_1": 6272, "GEOCODIGO": 5200605.0, "MUNICIPIO": "ALTO PARAÍSO DE GOIÁS", "UF": "GO", "CD_UF": 52.0, "HIDRO": "nascente"}, "geometry": {"type": "Point", "coordinates": [-47.41208125090621, -14.059990424167253]}}, {"type": "Feature", "properties": {"fid_1": 6273, "GEOCODIGO": 5200605.0, "MUNICIPIO": "ALTO PARAÍSO DE GOIÁS", "UF": "GO", "CD_UF": 52.0, "HIDRO": "nascente"}, "geometry": {"type": "Point", "coordinates": [-47.412203512155855, -14.083492037224921]}}, {"type": "Feature", "properties": {"fid_1": 6274, "GEOCODIGO": 5200605.0, "MUNICIPIO": "ALTO PARAÍSO DE GOIÁS", "UF": "GO", "CD_UF": 52.0, "HIDRO": "nascente"}, "geometry": {"type": "Point", "coordinates": [-47.409703816130104, -13.999300077391108]}}, {"type": "Feature", "properties": {"fid_1": 6275, "GEOCODIGO": 5200605.0, "MUNICIPIO": "ALTO PARAÍSO DE GOIÁS", "UF": "GO", "CD_UF": 52.0, "HIDRO": "nascente"}, "geometry": {"type": "Point", "coordinates": [-47.4101967535211, -14.086048777082315]}}, {"type": "Feature", "properties": {"fid_1": 6276, "GEOCODIGO": 5200605.0, "MUNICIPIO": "ALTO PARAÍSO DE GOIÁS", "UF": "GO", "CD_UF": 52.0, "HIDRO": "nascente"}, "geometry": {"type": "Point", "coordinates": [-47.409204939321015, -14.049917254963303]}}, {"type": "Feature", "properties": {"fid_1": 6277, "GEOCODIGO": 5200605.0, "MUNICIPIO": "ALTO PARAÍSO DE GOIÁS", "UF": "GO", "CD_UF": 52.0, "HIDRO": "nascente"}, "geometry": {"type": "Point", "coordinates": [-47.407526520871045, -14.087823980177555]}}, {"type": "Feature", "properties": {"fid_1": 6278, "GEOCODIGO": 5200605.0, "MUNICIPIO": "ALTO PARAÍSO DE GOIÁS", "UF": "GO", "CD_UF": 52.0, "HIDRO": "nascente"}, "geometry": {"type": "Point", "coordinates": [-47.40643045759969, -14.267828761096503]}}, {"type": "Feature", "properties": {"fid_1": 6279, "GEOCODIGO": 5200605.0, "MUNICIPIO": "ALTO PARAÍSO DE GOIÁS", "UF": "GO", "CD_UF": 52.0, "HIDRO": "nascente"}, "geometry": {"type": "Point", "coordinates": [-47.40639584713755, -14.288509637182642]}}, {"type": "Feature", "properties": {"fid_1": 6280, "GEOCODIGO": 5200605.0, "MUNICIPIO": "ALTO PARAÍSO DE GOIÁS", "UF": "GO", "CD_UF": 52.0, "HIDRO": "nascente"}, "geometry": {"type": "Point", "coordinates": [-47.40333137452988, -14.068839671728925]}}, {"type": "Feature", "properties": {"fid_1": 6281, "GEOCODIGO": 5200605.0, "MUNICIPIO": "ALTO PARAÍSO DE GOIÁS", "UF": "GO", "CD_UF": 52.0, "HIDRO": "nascente"}, "geometry": {"type": "Point", "coordinates": [-47.402336089283004, -14.013806398395543]}}, {"type": "Feature", "properties": {"fid_1": 6282, "GEOCODIGO": 5200605.0, "MUNICIPIO": "ALTO PARAÍSO DE GOIÁS", "UF": "GO", "CD_UF": 52.0, "HIDRO": "nascente"}, "geometry": {"type": "Point", "coordinates": [-47.40508699545974, -14.296896128487449]}}, {"type": "Feature", "properties": {"fid_1": 6283, "GEOCODIGO": 5200605.0, "MUNICIPIO": "ALTO PARAÍSO DE GOIÁS", "UF": "GO", "CD_UF": 52.0, "HIDRO": "nascente"}, "geometry": {"type": "Point", "coordinates": [-47.402618768442494, -14.094637438150027]}}, {"type": "Feature", "properties": {"fid_1": 6284, "GEOCODIGO": 5200605.0, "MUNICIPIO": "ALTO PARAÍSO DE GOIÁS", "UF": "GO", "CD_UF": 52.0, "HIDRO": "nascente"}, "geometry": {"type": "Point", "coordinates": [-47.40152941996027, -14.317284732002287]}}, {"type": "Feature", "properties": {"fid_1": 6285, "GEOCODIGO": 5200605.0, "MUNICIPIO": "ALTO PARAÍSO DE GOIÁS", "UF": "GO", "CD_UF": 52.0, "HIDRO": "nascente"}, "geometry": {"type": "Point", "coordinates": [-47.400305299775496, -14.277288774797011]}}, {"type": "Feature", "properties": {"fid_1": 6286, "GEOCODIGO": 5200605.0, "MUNICIPIO": "ALTO PARAÍSO DE GOIÁS", "UF": "GO", "CD_UF": 52.0, "HIDRO": "nascente"}, "geometry": {"type": "Point", "coordinates": [-47.3974563088425, -14.093405127369198]}}, {"type": "Feature", "properties": {"fid_1": 6287, "GEOCODIGO": 5200605.0, "MUNICIPIO": "ALTO PARAÍSO DE GOIÁS", "UF": "GO", "CD_UF": 52.0, "HIDRO": "nascente"}, "geometry": {"type": "Point", "coordinates": [-47.39512207009423, -13.993351931762502]}}, {"type": "Feature", "properties": {"fid_1": 6288, "GEOCODIGO": 5200605.0, "MUNICIPIO": "ALTO PARAÍSO DE GOIÁS", "UF": "GO", "CD_UF": 52.0, "HIDRO": "nascente"}, "geometry": {"type": "Point", "coordinates": [-47.39621079496853, -14.306791797489193]}}, {"type": "Feature", "properties": {"fid_1": 6289, "GEOCODIGO": 5200605.0, "MUNICIPIO": "ALTO PARAÍSO DE GOIÁS", "UF": "GO", "CD_UF": 52.0, "HIDRO": "nascente"}, "geometry": {"type": "Point", "coordinates": [-47.39021373914895, -13.984352657767952]}}, {"type": "Feature", "properties": {"fid_1": 6290, "GEOCODIGO": 5200605.0, "MUNICIPIO": "ALTO PARAÍSO DE GOIÁS", "UF": "GO", "CD_UF": 52.0, "HIDRO": "nascente"}, "geometry": {"type": "Point", "coordinates": [-47.38884319998591, -13.994500281493485]}}, {"type": "Feature", "properties": {"fid_1": 6291, "GEOCODIGO": 5200605.0, "MUNICIPIO": "ALTO PARAÍSO DE GOIÁS", "UF": "GO", "CD_UF": 52.0, "HIDRO": "nascente"}, "geometry": {"type": "Point", "coordinates": [-47.3880416928742, -14.043550910838837]}}, {"type": "Feature", "properties": {"fid_1": 6292, "GEOCODIGO": 5200605.0, "MUNICIPIO": "ALTO PARAÍSO DE GOIÁS", "UF": "GO", "CD_UF": 52.0, "HIDRO": "nascente"}, "geometry": {"type": "Point", "coordinates": [-47.38412004376183, -13.976401631992465]}}, {"type": "Feature", "properties": {"fid_1": 6293, "GEOCODIGO": 5200605.0, "MUNICIPIO": "ALTO PARAÍSO DE GOIÁS", "UF": "GO", "CD_UF": 52.0, "HIDRO": "nascente"}, "geometry": {"type": "Point", "coordinates": [-47.383831091178, -13.988624576755193]}}, {"type": "Feature", "properties": {"fid_1": 6294, "GEOCODIGO": 5200605.0, "MUNICIPIO": "ALTO PARAÍSO DE GOIÁS", "UF": "GO", "CD_UF": 52.0, "HIDRO": "nascente"}, "geometry": {"type": "Point", "coordinates": [-47.38374614126623, -14.020120563209916]}}, {"type": "Feature", "properties": {"fid_1": 6295, "GEOCODIGO": 5200605.0, "MUNICIPIO": "ALTO PARAÍSO DE GOIÁS", "UF": "GO", "CD_UF": 52.0, "HIDRO": "nascente"}, "geometry": {"type": "Point", "coordinates": [-47.38323713072943, -14.01514564536092]}}, {"type": "Feature", "properties": {"fid_1": 6296, "GEOCODIGO": 5200605.0, "MUNICIPIO": "ALTO PARAÍSO DE GOIÁS", "UF": "GO", "CD_UF": 52.0, "HIDRO": "nascente"}, "geometry": {"type": "Point", "coordinates": [-47.383848132421704, -14.087469616741187]}}, {"type": "Feature", "properties": {"fid_1": 6297, "GEOCODIGO": 5200605.0, "MUNICIPIO": "ALTO PARAÍSO DE GOIÁS", "UF": "GO", "CD_UF": 52.0, "HIDRO": "nascente"}, "geometry": {"type": "Point", "coordinates": [-47.381223046935595, -14.006327231104716]}}, {"type": "Feature", "properties": {"fid_1": 6298, "GEOCODIGO": 5200605.0, "MUNICIPIO": "ALTO PARAÍSO DE GOIÁS", "UF": "GO", "CD_UF": 52.0, "HIDRO": "nascente"}, "geometry": {"type": "Point", "coordinates": [-47.379110694221666, -14.03281394595481]}}, {"type": "Feature", "properties": {"fid_1": 6299, "GEOCODIGO": 5200605.0, "MUNICIPIO": "ALTO PARAÍSO DE GOIÁS", "UF": "GO", "CD_UF": 52.0, "HIDRO": "nascente"}, "geometry": {"type": "Point", "coordinates": [-47.37767835012725, -13.969236693618127]}}, {"type": "Feature", "properties": {"fid_1": 6300, "GEOCODIGO": 5200605.0, "MUNICIPIO": "ALTO PARAÍSO DE GOIÁS", "UF": "GO", "CD_UF": 52.0, "HIDRO": "nascente"}, "geometry": {"type": "Point", "coordinates": [-47.378396060557385, -14.085668253303938]}}, {"type": "Feature", "properties": {"fid_1": 6301, "GEOCODIGO": 5200605.0, "MUNICIPIO": "ALTO PARAÍSO DE GOIÁS", "UF": "GO", "CD_UF": 52.0, "HIDRO": "nascente"}, "geometry": {"type": "Point", "coordinates": [-47.376847054015805, -13.984842585028964]}}, {"type": "Feature", "properties": {"fid_1": 6302, "GEOCODIGO": 5200605.0, "MUNICIPIO": "ALTO PARAÍSO DE GOIÁS", "UF": "GO", "CD_UF": 52.0, "HIDRO": "nascente"}, "geometry": {"type": "Point", "coordinates": [-47.377099488950854, -14.096165220656957]}}, {"type": "Feature", "properties": {"fid_1": 6303, "GEOCODIGO": 5200605.0, "MUNICIPIO": "ALTO PARAÍSO DE GOIÁS", "UF": "GO", "CD_UF": 52.0, "HIDRO": "nascente"}, "geometry": {"type": "Point", "coordinates": [-47.37617029210724, -14.017581485734983]}}, {"type": "Feature", "properties": {"fid_1": 6304, "GEOCODIGO": 5200605.0, "MUNICIPIO": "ALTO PARAÍSO DE GOIÁS", "UF": "GO", "CD_UF": 52.0, "HIDRO": "nascente"}, "geometry": {"type": "Point", "coordinates": [-47.37369225332071, -14.032064041249216]}}, {"type": "Feature", "properties": {"fid_1": 6305, "GEOCODIGO": 5200605.0, "MUNICIPIO": "ALTO PARAÍSO DE GOIÁS", "UF": "GO", "CD_UF": 52.0, "HIDRO": "nascente"}, "geometry": {"type": "Point", "coordinates": [-47.370143679023776, -14.027521154735654]}}, {"type": "Feature", "properties": {"fid_1": 6306, "GEOCODIGO": 5200605.0, "MUNICIPIO": "ALTO PARAÍSO DE GOIÁS", "UF": "GO", "CD_UF": 52.0, "HIDRO": "nascente"}, "geometry": {"type": "Point", "coordinates": [-47.36907208610759, -14.01480039438326]}}, {"type": "Feature", "properties": {"fid_1": 6307, "GEOCODIGO": 5200605.0, "MUNICIPIO": "ALTO PARAÍSO DE GOIÁS", "UF": "GO", "CD_UF": 52.0, "HIDRO": "nascente"}, "geometry": {"type": "Point", "coordinates": [-47.36904971127449, -14.057825701244456]}}, {"type": "Feature", "properties": {"fid_1": 6308, "GEOCODIGO": 5200605.0, "MUNICIPIO": "ALTO PARAÍSO DE GOIÁS", "UF": "GO", "CD_UF": 52.0, "HIDRO": "nascente"}, "geometry": {"type": "Point", "coordinates": [-47.36700585323869, -14.003115491214185]}}, {"type": "Feature", "properties": {"fid_1": 6309, "GEOCODIGO": 5200605.0, "MUNICIPIO": "ALTO PARAÍSO DE GOIÁS", "UF": "GO", "CD_UF": 52.0, "HIDRO": "nascente"}, "geometry": {"type": "Point", "coordinates": [-47.36604239338365, -14.0623655521268]}}, {"type": "Feature", "properties": {"fid_1": 6310, "GEOCODIGO": 5200605.0, "MUNICIPIO": "ALTO PARAÍSO DE GOIÁS", "UF": "GO", "CD_UF": 52.0, "HIDRO": "nascente"}, "geometry": {"type": "Point", "coordinates": [-47.365288377878294, -14.085279767224485]}}, {"type": "Feature", "properties": {"fid_1": 6311, "GEOCODIGO": 5200605.0, "MUNICIPIO": "ALTO PARAÍSO DE GOIÁS", "UF": "GO", "CD_UF": 52.0, "HIDRO": "nascente"}, "geometry": {"type": "Point", "coordinates": [-47.36482878680332, -14.071039880177368]}}, {"type": "Feature", "properties": {"fid_1": 6312, "GEOCODIGO": 5200605.0, "MUNICIPIO": "ALTO PARAÍSO DE GOIÁS", "UF": "GO", "CD_UF": 52.0, "HIDRO": "nascente"}, "geometry": {"type": "Point", "coordinates": [-47.363202414161776, -14.096146693815793]}}, {"type": "Feature", "properties": {"fid_1": 6313, "GEOCODIGO": 5200605.0, "MUNICIPIO": "ALTO PARAÍSO DE GOIÁS", "UF": "GO", "CD_UF": 52.0, "HIDRO": "nascente"}, "geometry": {"type": "Point", "coordinates": [-47.363023280542166, -14.116681402597038]}}, {"type": "Feature", "properties": {"fid_1": 6314, "GEOCODIGO": 5200605.0, "MUNICIPIO": "ALTO PARAÍSO DE GOIÁS", "UF": "GO", "CD_UF": 52.0, "HIDRO": "nascente"}, "geometry": {"type": "Point", "coordinates": [-47.361065176760526, -14.08005777121165]}}, {"type": "Feature", "properties": {"fid_1": 6315, "GEOCODIGO": 5200605.0, "MUNICIPIO": "ALTO PARAÍSO DE GOIÁS", "UF": "GO", "CD_UF": 52.0, "HIDRO": "nascente"}, "geometry": {"type": "Point", "coordinates": [-47.358826663784754, -13.995510015946007]}}, {"type": "Feature", "properties": {"fid_1": 6316, "GEOCODIGO": 5200605.0, "MUNICIPIO": "ALTO PARAÍSO DE GOIÁS", "UF": "GO", "CD_UF": 52.0, "HIDRO": "nascente"}, "geometry": {"type": "Point", "coordinates": [-47.35823475874103, -14.013395741879611]}}, {"type": "Feature", "properties": {"fid_1": 6317, "GEOCODIGO": 5200605.0, "MUNICIPIO": "ALTO PARAÍSO DE GOIÁS", "UF": "GO", "CD_UF": 52.0, "HIDRO": "nascente"}, "geometry": {"type": "Point", "coordinates": [-47.356946557361574, -14.095800996769881]}}, {"type": "Feature", "properties": {"fid_1": 6318, "GEOCODIGO": 5200605.0, "MUNICIPIO": "ALTO PARAÍSO DE GOIÁS", "UF": "GO", "CD_UF": 52.0, "HIDRO": "nascente"}, "geometry": {"type": "Point", "coordinates": [-47.356259021609105, -14.080749318269786]}}, {"type": "Feature", "properties": {"fid_1": 6319, "GEOCODIGO": 5200605.0, "MUNICIPIO": "ALTO PARAÍSO DE GOIÁS", "UF": "GO", "CD_UF": 52.0, "HIDRO": "nascente"}, "geometry": {"type": "Point", "coordinates": [-47.355693060928694, -14.108161698245132]}}, {"type": "Feature", "properties": {"fid_1": 6320, "GEOCODIGO": 5200605.0, "MUNICIPIO": "ALTO PARAÍSO DE GOIÁS", "UF": "GO", "CD_UF": 52.0, "HIDRO": "nascente"}, "geometry": {"type": "Point", "coordinates": [-47.35355525266925, -14.086447549523923]}}, {"type": "Feature", "properties": {"fid_1": 6321, "GEOCODIGO": 5200605.0, "MUNICIPIO": "ALTO PARAÍSO DE GOIÁS", "UF": "GO", "CD_UF": 52.0, "HIDRO": "nascente"}, "geometry": {"type": "Point", "coordinates": [-47.353641350543896, -14.097339351280437]}}, {"type": "Feature", "properties": {"fid_1": 6322, "GEOCODIGO": 5200605.0, "MUNICIPIO": "ALTO PARAÍSO DE GOIÁS", "UF": "GO", "CD_UF": 52.0, "HIDRO": "nascente"}, "geometry": {"type": "Point", "coordinates": [-47.352169908762505, -13.974108386600376]}}, {"type": "Feature", "properties": {"fid_1": 6323, "GEOCODIGO": 5200605.0, "MUNICIPIO": "ALTO PARAÍSO DE GOIÁS", "UF": "GO", "CD_UF": 52.0, "HIDRO": "nascente"}, "geometry": {"type": "Point", "coordinates": [-47.35186323367586, -14.020368420849296]}}, {"type": "Feature", "properties": {"fid_1": 6324, "GEOCODIGO": 5200605.0, "MUNICIPIO": "ALTO PARAÍSO DE GOIÁS", "UF": "GO", "CD_UF": 52.0, "HIDRO": "nascente"}, "geometry": {"type": "Point", "coordinates": [-47.35192593529169, -14.112403068427978]}}, {"type": "Feature", "properties": {"fid_1": 6325, "GEOCODIGO": 5200605.0, "MUNICIPIO": "ALTO PARAÍSO DE GOIÁS", "UF": "GO", "CD_UF": 52.0, "HIDRO": "nascente"}, "geometry": {"type": "Point", "coordinates": [-47.34909805147408, -14.075673788755498]}}, {"type": "Feature", "properties": {"fid_1": 6326, "GEOCODIGO": 5200605.0, "MUNICIPIO": "ALTO PARAÍSO DE GOIÁS", "UF": "GO", "CD_UF": 52.0, "HIDRO": "nascente"}, "geometry": {"type": "Point", "coordinates": [-47.34913378889096, -14.103362559155222]}}, {"type": "Feature", "properties": {"fid_1": 6327, "GEOCODIGO": 5200605.0, "MUNICIPIO": "ALTO PARAÍSO DE GOIÁS", "UF": "GO", "CD_UF": 52.0, "HIDRO": "nascente"}, "geometry": {"type": "Point", "coordinates": [-47.347206543792836, -14.030232407160712]}}, {"type": "Feature", "properties": {"fid_1": 6328, "GEOCODIGO": 5200605.0, "MUNICIPIO": "ALTO PARAÍSO DE GOIÁS", "UF": "GO", "CD_UF": 52.0, "HIDRO": "nascente"}, "geometry": {"type": "Point", "coordinates": [-47.34572050374469, -14.007730521063426]}}, {"type": "Feature", "properties": {"fid_1": 6329, "GEOCODIGO": 5200605.0, "MUNICIPIO": "ALTO PARAÍSO DE GOIÁS", "UF": "GO", "CD_UF": 52.0, "HIDRO": "nascente"}, "geometry": {"type": "Point", "coordinates": [-47.34674068978759, -14.131144763577781]}}, {"type": "Feature", "properties": {"fid_1": 6330, "GEOCODIGO": 5200605.0, "MUNICIPIO": "ALTO PARAÍSO DE GOIÁS", "UF": "GO", "CD_UF": 52.0, "HIDRO": "nascente"}, "geometry": {"type": "Point", "coordinates": [-47.34500097358764, -13.975910932598392]}}, {"type": "Feature", "properties": {"fid_1": 6331, "GEOCODIGO": 5200605.0, "MUNICIPIO": "ALTO PARAÍSO DE GOIÁS", "UF": "GO", "CD_UF": 52.0, "HIDRO": "nascente"}, "geometry": {"type": "Point", "coordinates": [-47.34579250919458, -14.088431365987898]}}, {"type": "Feature", "properties": {"fid_1": 6332, "GEOCODIGO": 5200605.0, "MUNICIPIO": "ALTO PARAÍSO DE GOIÁS", "UF": "GO", "CD_UF": 52.0, "HIDRO": "nascente"}, "geometry": {"type": "Point", "coordinates": [-47.343986660043235, -13.993662673004033]}}, {"type": "Feature", "properties": {"fid_1": 6333, "GEOCODIGO": 5200605.0, "MUNICIPIO": "ALTO PARAÍSO DE GOIÁS", "UF": "GO", "CD_UF": 52.0, "HIDRO": "nascente"}, "geometry": {"type": "Point", "coordinates": [-47.343383477281435, -14.03686110172391]}}, {"type": "Feature", "properties": {"fid_1": 6334, "GEOCODIGO": 5200605.0, "MUNICIPIO": "ALTO PARAÍSO DE GOIÁS", "UF": "GO", "CD_UF": 52.0, "HIDRO": "nascente"}, "geometry": {"type": "Point", "coordinates": [-47.34310356003285, -14.10590735406611]}}, {"type": "Feature", "properties": {"fid_1": 6335, "GEOCODIGO": 5200605.0, "MUNICIPIO": "ALTO PARAÍSO DE GOIÁS", "UF": "GO", "CD_UF": 52.0, "HIDRO": "nascente"}, "geometry": {"type": "Point", "coordinates": [-47.34264244513857, -14.094323200682402]}}, {"type": "Feature", "properties": {"fid_1": 6336, "GEOCODIGO": 5200605.0, "MUNICIPIO": "ALTO PARAÍSO DE GOIÁS", "UF": "GO", "CD_UF": 52.0, "HIDRO": "nascente"}, "geometry": {"type": "Point", "coordinates": [-47.33915202340948, -14.11432947655954]}}, {"type": "Feature", "properties": {"fid_1": 6337, "GEOCODIGO": 5200605.0, "MUNICIPIO": "ALTO PARAÍSO DE GOIÁS", "UF": "GO", "CD_UF": 52.0, "HIDRO": "nascente"}, "geometry": {"type": "Point", "coordinates": [-47.3378062912235, -14.086017555359001]}}, {"type": "Feature", "properties": {"fid_1": 6338, "GEOCODIGO": 5200605.0, "MUNICIPIO": "ALTO PARAÍSO DE GOIÁS", "UF": "GO", "CD_UF": 52.0, "HIDRO": "nascente"}, "geometry": {"type": "Point", "coordinates": [-47.33264146230566, -13.97811242239691]}}, {"type": "Feature", "properties": {"fid_1": 6339, "GEOCODIGO": 5200605.0, "MUNICIPIO": "ALTO PARAÍSO DE GOIÁS", "UF": "GO", "CD_UF": 52.0, "HIDRO": "nascente"}, "geometry": {"type": "Point", "coordinates": [-47.33095219130614, -14.024923673064153]}}, {"type": "Feature", "properties": {"fid_1": 6340, "GEOCODIGO": 5200605.0, "MUNICIPIO": "ALTO PARAÍSO DE GOIÁS", "UF": "GO", "CD_UF": 52.0, "HIDRO": "nascente"}, "geometry": {"type": "Point", "coordinates": [-47.33163356673409, -14.103440228572364]}}, {"type": "Feature", "properties": {"fid_1": 6341, "GEOCODIGO": 5200605.0, "MUNICIPIO": "ALTO PARAÍSO DE GOIÁS", "UF": "GO", "CD_UF": 52.0, "HIDRO": "nascente"}, "geometry": {"type": "Point", "coordinates": [-47.32970492495827, -14.137523615817923]}}, {"type": "Feature", "properties": {"fid_1": 6342, "GEOCODIGO": 5200605.0, "MUNICIPIO": "ALTO PARAÍSO DE GOIÁS", "UF": "GO", "CD_UF": 52.0, "HIDRO": "nascente"}, "geometry": {"type": "Point", "coordinates": [-47.3291197952939, -14.125192647753918]}}, {"type": "Feature", "properties": {"fid_1": 6343, "GEOCODIGO": 5200605.0, "MUNICIPIO": "ALTO PARAÍSO DE GOIÁS", "UF": "GO", "CD_UF": 52.0, "HIDRO": "nascente"}, "geometry": {"type": "Point", "coordinates": [-47.32226350700263, -13.978719448057708]}}, {"type": "Feature", "properties": {"fid_1": 6344, "GEOCODIGO": 5200605.0, "MUNICIPIO": "ALTO PARAÍSO DE GOIÁS", "UF": "GO", "CD_UF": 52.0, "HIDRO": "nascente"}, "geometry": {"type": "Point", "coordinates": [-47.32319980887966, -14.109386496286175]}}, {"type": "Feature", "properties": {"fid_1": 6345, "GEOCODIGO": 5200605.0, "MUNICIPIO": "ALTO PARAÍSO DE GOIÁS", "UF": "GO", "CD_UF": 52.0, "HIDRO": "nascente"}, "geometry": {"type": "Point", "coordinates": [-47.322294177293436, -14.114587985451312]}}, {"type": "Feature", "properties": {"fid_1": 6346, "GEOCODIGO": 5200605.0, "MUNICIPIO": "ALTO PARAÍSO DE GOIÁS", "UF": "GO", "CD_UF": 52.0, "HIDRO": "nascente"}, "geometry": {"type": "Point", "coordinates": [-47.32075484158315, -14.012032831610787]}}, {"type": "Feature", "properties": {"fid_1": 6347, "GEOCODIGO": 5200605.0, "MUNICIPIO": "ALTO PARAÍSO DE GOIÁS", "UF": "GO", "CD_UF": 52.0, "HIDRO": "nascente"}, "geometry": {"type": "Point", "coordinates": [-47.32072875826574, -14.106024646709315]}}, {"type": "Feature", "properties": {"fid_1": 6348, "GEOCODIGO": 5200605.0, "MUNICIPIO": "ALTO PARAÍSO DE GOIÁS", "UF": "GO", "CD_UF": 52.0, "HIDRO": "nascente"}, "geometry": {"type": "Point", "coordinates": [-47.32067988006439, -14.126591836799491]}}, {"type": "Feature", "properties": {"fid_1": 6349, "GEOCODIGO": 5200605.0, "MUNICIPIO": "ALTO PARAÍSO DE GOIÁS", "UF": "GO", "CD_UF": 52.0, "HIDRO": "nascente"}, "geometry": {"type": "Point", "coordinates": [-47.31863057452802, -14.010281183103576]}}, {"type": "Feature", "properties": {"fid_1": 6350, "GEOCODIGO": 5200605.0, "MUNICIPIO": "ALTO PARAÍSO DE GOIÁS", "UF": "GO", "CD_UF": 52.0, "HIDRO": "nascente"}, "geometry": {"type": "Point", "coordinates": [-47.317844995670754, -14.102771094663758]}}, {"type": "Feature", "properties": {"fid_1": 6351, "GEOCODIGO": 5200605.0, "MUNICIPIO": "ALTO PARAÍSO DE GOIÁS", "UF": "GO", "CD_UF": 52.0, "HIDRO": "nascente"}, "geometry": {"type": "Point", "coordinates": [-47.31722121095078, -14.128640241999635]}}, {"type": "Feature", "properties": {"fid_1": 6352, "GEOCODIGO": 5200605.0, "MUNICIPIO": "ALTO PARAÍSO DE GOIÁS", "UF": "GO", "CD_UF": 52.0, "HIDRO": "nascente"}, "geometry": {"type": "Point", "coordinates": [-47.31719272554101, -14.151298802688004]}}, {"type": "Feature", "properties": {"fid_1": 6353, "GEOCODIGO": 5200605.0, "MUNICIPIO": "ALTO PARAÍSO DE GOIÁS", "UF": "GO", "CD_UF": 52.0, "HIDRO": "nascente"}, "geometry": {"type": "Point", "coordinates": [-47.31475970987197, -14.116385357660793]}}, {"type": "Feature", "properties": {"fid_1": 6354, "GEOCODIGO": 5200605.0, "MUNICIPIO": "ALTO PARAÍSO DE GOIÁS", "UF": "GO", "CD_UF": 52.0, "HIDRO": "nascente"}, "geometry": {"type": "Point", "coordinates": [-47.31389360452509, -14.033260914159255]}}, {"type": "Feature", "properties": {"fid_1": 6355, "GEOCODIGO": 5200605.0, "MUNICIPIO": "ALTO PARAÍSO DE GOIÁS", "UF": "GO", "CD_UF": 52.0, "HIDRO": "nascente"}, "geometry": {"type": "Point", "coordinates": [-47.313427361093474, -14.133262425860117]}}, {"type": "Feature", "properties": {"fid_1": 6356, "GEOCODIGO": 5200605.0, "MUNICIPIO": "ALTO PARAÍSO DE GOIÁS", "UF": "GO", "CD_UF": 52.0, "HIDRO": "nascente"}, "geometry": {"type": "Point", "coordinates": [-47.31197525466136, -14.004353240858672]}}, {"type": "Feature", "properties": {"fid_1": 6357, "GEOCODIGO": 5200605.0, "MUNICIPIO": "ALTO PARAÍSO DE GOIÁS", "UF": "GO", "CD_UF": 52.0, "HIDRO": "nascente"}, "geometry": {"type": "Point", "coordinates": [-47.31161359646129, -14.136482177230157]}}, {"type": "Feature", "properties": {"fid_1": 6358, "GEOCODIGO": 5200605.0, "MUNICIPIO": "ALTO PARAÍSO DE GOIÁS", "UF": "GO", "CD_UF": 52.0, "HIDRO": "nascente"}, "geometry": {"type": "Point", "coordinates": [-47.31149051498564, -14.148285940661314]}}, {"type": "Feature", "properties": {"fid_1": 6359, "GEOCODIGO": 5200605.0, "MUNICIPIO": "ALTO PARAÍSO DE GOIÁS", "UF": "GO", "CD_UF": 52.0, "HIDRO": "nascente"}, "geometry": {"type": "Point", "coordinates": [-47.309821155597476, -14.097834057546038]}}, {"type": "Feature", "properties": {"fid_1": 6360, "GEOCODIGO": 5200605.0, "MUNICIPIO": "ALTO PARAÍSO DE GOIÁS", "UF": "GO", "CD_UF": 52.0, "HIDRO": "nascente"}, "geometry": {"type": "Point", "coordinates": [-47.30913269829416, -14.142757412843144]}}, {"type": "Feature", "properties": {"fid_1": 6361, "GEOCODIGO": 5200605.0, "MUNICIPIO": "ALTO PARAÍSO DE GOIÁS", "UF": "GO", "CD_UF": 52.0, "HIDRO": "nascente"}, "geometry": {"type": "Point", "coordinates": [-47.308396325158576, -14.107004591722836]}}, {"type": "Feature", "properties": {"fid_1": 6362, "GEOCODIGO": 5200605.0, "MUNICIPIO": "ALTO PARAÍSO DE GOIÁS", "UF": "GO", "CD_UF": 52.0, "HIDRO": "nascente"}, "geometry": {"type": "Point", "coordinates": [-47.3076137902186, -14.123290266400161]}}, {"type": "Feature", "properties": {"fid_1": 6363, "GEOCODIGO": 5200605.0, "MUNICIPIO": "ALTO PARAÍSO DE GOIÁS", "UF": "GO", "CD_UF": 52.0, "HIDRO": "nascente"}, "geometry": {"type": "Point", "coordinates": [-47.30728301197718, -14.103972727185898]}}, {"type": "Feature", "properties": {"fid_1": 6364, "GEOCODIGO": 5200605.0, "MUNICIPIO": "ALTO PARAÍSO DE GOIÁS", "UF": "GO", "CD_UF": 52.0, "HIDRO": "nascente"}, "geometry": {"type": "Point", "coordinates": [-47.30685459267912, -14.099737109582009]}}, {"type": "Feature", "properties": {"fid_1": 6365, "GEOCODIGO": 5200605.0, "MUNICIPIO": "ALTO PARAÍSO DE GOIÁS", "UF": "GO", "CD_UF": 52.0, "HIDRO": "nascente"}, "geometry": {"type": "Point", "coordinates": [-47.306805909958754, -14.127737319259928]}}, {"type": "Feature", "properties": {"fid_1": 6366, "GEOCODIGO": 5200605.0, "MUNICIPIO": "ALTO PARAÍSO DE GOIÁS", "UF": "GO", "CD_UF": 52.0, "HIDRO": "nascente"}, "geometry": {"type": "Point", "coordinates": [-47.306067158851775, -14.074868380656191]}}, {"type": "Feature", "properties": {"fid_1": 6367, "GEOCODIGO": 5200605.0, "MUNICIPIO": "ALTO PARAÍSO DE GOIÁS", "UF": "GO", "CD_UF": 52.0, "HIDRO": "nascente"}, "geometry": {"type": "Point", "coordinates": [-47.30436348326135, -13.978733923170257]}}, {"type": "Feature", "properties": {"fid_1": 6368, "GEOCODIGO": 5200605.0, "MUNICIPIO": "ALTO PARAÍSO DE GOIÁS", "UF": "GO", "CD_UF": 52.0, "HIDRO": "nascente"}, "geometry": {"type": "Point", "coordinates": [-47.305591684759285, -14.131079661666014]}}, {"type": "Feature", "properties": {"fid_1": 6369, "GEOCODIGO": 5200605.0, "MUNICIPIO": "ALTO PARAÍSO DE GOIÁS", "UF": "GO", "CD_UF": 52.0, "HIDRO": "nascente"}, "geometry": {"type": "Point", "coordinates": [-47.30415956424044, -14.136293161041362]}}, {"type": "Feature", "properties": {"fid_1": 6370, "GEOCODIGO": 5200605.0, "MUNICIPIO": "ALTO PARAÍSO DE GOIÁS", "UF": "GO", "CD_UF": 52.0, "HIDRO": "nascente"}, "geometry": {"type": "Point", "coordinates": [-47.30133895433181, -14.133043934175305]}}, {"type": "Feature", "properties": {"fid_1": 6371, "GEOCODIGO": 5200605.0, "MUNICIPIO": "ALTO PARAÍSO DE GOIÁS", "UF": "GO", "CD_UF": 52.0, "HIDRO": "nascente"}, "geometry": {"type": "Point", "coordinates": [-47.296865715533976, -14.100156696815773]}}, {"type": "Feature", "properties": {"fid_1": 6372, "GEOCODIGO": 5200605.0, "MUNICIPIO": "ALTO PARAÍSO DE GOIÁS", "UF": "GO", "CD_UF": 52.0, "HIDRO": "nascente"}, "geometry": {"type": "Point", "coordinates": [-47.2969465635521, -14.113395346351423]}}, {"type": "Feature", "properties": {"fid_1": 6373, "GEOCODIGO": 5200605.0, "MUNICIPIO": "ALTO PARAÍSO DE GOIÁS", "UF": "GO", "CD_UF": 52.0, "HIDRO": "nascente"}, "geometry": {"type": "Point", "coordinates": [-47.293559486025934, -14.137460990158967]}}, {"type": "Feature", "properties": {"fid_1": 6374, "GEOCODIGO": 5200605.0, "MUNICIPIO": "ALTO PARAÍSO DE GOIÁS", "UF": "GO", "CD_UF": 52.0, "HIDRO": "nascente"}, "geometry": {"type": "Point", "coordinates": [-47.29203953060936, -14.013293766304617]}}, {"type": "Feature", "properties": {"fid_1": 6375, "GEOCODIGO": 5200605.0, "MUNICIPIO": "ALTO PARAÍSO DE GOIÁS", "UF": "GO", "CD_UF": 52.0, "HIDRO": "nascente"}, "geometry": {"type": "Point", "coordinates": [-47.29185200807118, -14.006700251062384]}}, {"type": "Feature", "properties": {"fid_1": 6376, "GEOCODIGO": 5200605.0, "MUNICIPIO": "ALTO PARAÍSO DE GOIÁS", "UF": "GO", "CD_UF": 52.0, "HIDRO": "nascente"}, "geometry": {"type": "Point", "coordinates": [-47.29201069736129, -14.144917164996258]}}, {"type": "Feature", "properties": {"fid_1": 6377, "GEOCODIGO": 5200605.0, "MUNICIPIO": "ALTO PARAÍSO DE GOIÁS", "UF": "GO", "CD_UF": 52.0, "HIDRO": "nascente"}, "geometry": {"type": "Point", "coordinates": [-47.28994938999603, -14.062026971857078]}}, {"type": "Feature", "properties": {"fid_1": 6378, "GEOCODIGO": 5200605.0, "MUNICIPIO": "ALTO PARAÍSO DE GOIÁS", "UF": "GO", "CD_UF": 52.0, "HIDRO": "nascente"}, "geometry": {"type": "Point", "coordinates": [-47.28827758650874, -13.975431766245787]}}, {"type": "Feature", "properties": {"fid_1": 6379, "GEOCODIGO": 5200605.0, "MUNICIPIO": "ALTO PARAÍSO DE GOIÁS", "UF": "GO", "CD_UF": 52.0, "HIDRO": "nascente"}, "geometry": {"type": "Point", "coordinates": [-47.28867732782206, -14.070111984693039]}}, {"type": "Feature", "properties": {"fid_1": 6380, "GEOCODIGO": 5200605.0, "MUNICIPIO": "ALTO PARAÍSO DE GOIÁS", "UF": "GO", "CD_UF": 52.0, "HIDRO": "nascente"}, "geometry": {"type": "Point", "coordinates": [-47.28764670827258, -14.100327456234982]}}, {"type": "Feature", "properties": {"fid_1": 6381, "GEOCODIGO": 5200605.0, "MUNICIPIO": "ALTO PARAÍSO DE GOIÁS", "UF": "GO", "CD_UF": 52.0, "HIDRO": "nascente"}, "geometry": {"type": "Point", "coordinates": [-47.28773843219431, -14.140380972679909]}}, {"type": "Feature", "properties": {"fid_1": 6382, "GEOCODIGO": 5200605.0, "MUNICIPIO": "ALTO PARAÍSO DE GOIÁS", "UF": "GO", "CD_UF": 52.0, "HIDRO": "nascente"}, "geometry": {"type": "Point", "coordinates": [-47.28630306930555, -14.011104449257813]}}, {"type": "Feature", "properties": {"fid_1": 6383, "GEOCODIGO": 5200605.0, "MUNICIPIO": "ALTO PARAÍSO DE GOIÁS", "UF": "GO", "CD_UF": 52.0, "HIDRO": "nascente"}, "geometry": {"type": "Point", "coordinates": [-47.28545963188094, -14.095637320594514]}}, {"type": "Feature", "properties": {"fid_1": 6384, "GEOCODIGO": 5200605.0, "MUNICIPIO": "ALTO PARAÍSO DE GOIÁS", "UF": "GO", "CD_UF": 52.0, "HIDRO": "nascente"}, "geometry": {"type": "Point", "coordinates": [-47.284816253710765, -14.117813239034724]}}, {"type": "Feature", "properties": {"fid_1": 6385, "GEOCODIGO": 5200605.0, "MUNICIPIO": "ALTO PARAÍSO DE GOIÁS", "UF": "GO", "CD_UF": 52.0, "HIDRO": "nascente"}, "geometry": {"type": "Point", "coordinates": [-47.28239514911815, -13.97629684936389]}}, {"type": "Feature", "properties": {"fid_1": 6386, "GEOCODIGO": 5200605.0, "MUNICIPIO": "ALTO PARAÍSO DE GOIÁS", "UF": "GO", "CD_UF": 52.0, "HIDRO": "nascente"}, "geometry": {"type": "Point", "coordinates": [-47.281393124413, -14.024401230311204]}}, {"type": "Feature", "properties": {"fid_1": 6387, "GEOCODIGO": 5200605.0, "MUNICIPIO": "ALTO PARAÍSO DE GOIÁS", "UF": "GO", "CD_UF": 52.0, "HIDRO": "nascente"}, "geometry": {"type": "Point", "coordinates": [-47.28073464095982, -14.010636878634237]}}, {"type": "Feature", "properties": {"fid_1": 6388, "GEOCODIGO": 5200605.0, "MUNICIPIO": "ALTO PARAÍSO DE GOIÁS", "UF": "GO", "CD_UF": 52.0, "HIDRO": "nascente"}, "geometry": {"type": "Point", "coordinates": [-47.2799022040578, -14.019793561771058]}}, {"type": "Feature", "properties": {"fid_1": 6389, "GEOCODIGO": 5200605.0, "MUNICIPIO": "ALTO PARAÍSO DE GOIÁS", "UF": "GO", "CD_UF": 52.0, "HIDRO": "nascente"}, "geometry": {"type": "Point", "coordinates": [-47.27701260864112, -14.096044083639391]}}, {"type": "Feature", "properties": {"fid_1": 6390, "GEOCODIGO": 5200605.0, "MUNICIPIO": "ALTO PARAÍSO DE GOIÁS", "UF": "GO", "CD_UF": 52.0, "HIDRO": "nascente"}, "geometry": {"type": "Point", "coordinates": [-47.27740311856311, -14.140335499808245]}}, {"type": "Feature", "properties": {"fid_1": 6391, "GEOCODIGO": 5200605.0, "MUNICIPIO": "ALTO PARAÍSO DE GOIÁS", "UF": "GO", "CD_UF": 52.0, "HIDRO": "nascente"}, "geometry": {"type": "Point", "coordinates": [-47.27074796251328, -14.08824626945077]}}, {"type": "Feature", "properties": {"fid_1": 6392, "GEOCODIGO": 5200605.0, "MUNICIPIO": "ALTO PARAÍSO DE GOIÁS", "UF": "GO", "CD_UF": 52.0, "HIDRO": "nascente"}, "geometry": {"type": "Point", "coordinates": [-47.26992836692723, -14.085490887690742]}}, {"type": "Feature", "properties": {"fid_1": 6393, "GEOCODIGO": 5200605.0, "MUNICIPIO": "ALTO PARAÍSO DE GOIÁS", "UF": "GO", "CD_UF": 52.0, "HIDRO": "nascente"}, "geometry": {"type": "Point", "coordinates": [-47.268329487653716, -13.991343067604435]}}, {"type": "Feature", "properties": {"fid_1": 6394, "GEOCODIGO": 5200605.0, "MUNICIPIO": "ALTO PARAÍSO DE GOIÁS", "UF": "GO", "CD_UF": 52.0, "HIDRO": "nascente"}, "geometry": {"type": "Point", "coordinates": [-47.26911868920216, -14.107562609584123]}}, {"type": "Feature", "properties": {"fid_1": 6395, "GEOCODIGO": 5200605.0, "MUNICIPIO": "ALTO PARAÍSO DE GOIÁS", "UF": "GO", "CD_UF": 52.0, "HIDRO": "nascente"}, "geometry": {"type": "Point", "coordinates": [-47.26757330189822, -14.112314320149125]}}, {"type": "Feature", "properties": {"fid_1": 6396, "GEOCODIGO": 5200605.0, "MUNICIPIO": "ALTO PARAÍSO DE GOIÁS", "UF": "GO", "CD_UF": 52.0, "HIDRO": "nascente"}, "geometry": {"type": "Point", "coordinates": [-47.26513257031451, -14.122150124299322]}}, {"type": "Feature", "properties": {"fid_1": 6397, "GEOCODIGO": 5200605.0, "MUNICIPIO": "ALTO PARAÍSO DE GOIÁS", "UF": "GO", "CD_UF": 52.0, "HIDRO": "nascente"}, "geometry": {"type": "Point", "coordinates": [-47.26352925467451, -14.036348951672156]}}, {"type": "Feature", "properties": {"fid_1": 6398, "GEOCODIGO": 5200605.0, "MUNICIPIO": "ALTO PARAÍSO DE GOIÁS", "UF": "GO", "CD_UF": 52.0, "HIDRO": "nascente"}, "geometry": {"type": "Point", "coordinates": [-47.26151616431789, -13.970365631997296]}}, {"type": "Feature", "properties": {"fid_1": 6399, "GEOCODIGO": 5200605.0, "MUNICIPIO": "ALTO PARAÍSO DE GOIÁS", "UF": "GO", "CD_UF": 52.0, "HIDRO": "nascente"}, "geometry": {"type": "Point", "coordinates": [-47.259157364330555, -14.034466551882712]}}, {"type": "Feature", "properties": {"fid_1": 6400, "GEOCODIGO": 5200605.0, "MUNICIPIO": "ALTO PARAÍSO DE GOIÁS", "UF": "GO", "CD_UF": 52.0, "HIDRO": "nascente"}, "geometry": {"type": "Point", "coordinates": [-47.26003822274522, -14.132042435798668]}}, {"type": "Feature", "properties": {"fid_1": 6401, "GEOCODIGO": 5200605.0, "MUNICIPIO": "ALTO PARAÍSO DE GOIÁS", "UF": "GO", "CD_UF": 52.0, "HIDRO": "nascente"}, "geometry": {"type": "Point", "coordinates": [-47.25704082193892, -13.980994139323979]}}, {"type": "Feature", "properties": {"fid_1": 6402, "GEOCODIGO": 5200605.0, "MUNICIPIO": "ALTO PARAÍSO DE GOIÁS", "UF": "GO", "CD_UF": 52.0, "HIDRO": "nascente"}, "geometry": {"type": "Point", "coordinates": [-47.25583928596599, -14.009868317287987]}}, {"type": "Feature", "properties": {"fid_1": 6403, "GEOCODIGO": 5200605.0, "MUNICIPIO": "ALTO PARAÍSO DE GOIÁS", "UF": "GO", "CD_UF": 52.0, "HIDRO": "nascente"}, "geometry": {"type": "Point", "coordinates": [-47.25382453662478, -14.019483941229264]}}, {"type": "Feature", "properties": {"fid_1": 6404, "GEOCODIGO": 5200605.0, "MUNICIPIO": "ALTO PARAÍSO DE GOIÁS", "UF": "GO", "CD_UF": 52.0, "HIDRO": "nascente"}, "geometry": {"type": "Point", "coordinates": [-47.24898079672435, -14.055608033483974]}}, {"type": "Feature", "properties": {"fid_1": 6405, "GEOCODIGO": 5200605.0, "MUNICIPIO": "ALTO PARAÍSO DE GOIÁS", "UF": "GO", "CD_UF": 52.0, "HIDRO": "nascente"}, "geometry": {"type": "Point", "coordinates": [-47.248838111048165, -14.112575281950507]}}, {"type": "Feature", "properties": {"fid_1": 6406, "GEOCODIGO": 5200605.0, "MUNICIPIO": "ALTO PARAÍSO DE GOIÁS", "UF": "GO", "CD_UF": 52.0, "HIDRO": "nascente"}, "geometry": {"type": "Point", "coordinates": [-47.24673113805033, -14.01348655015059]}}, {"type": "Feature", "properties": {"fid_1": 6407, "GEOCODIGO": 5200605.0, "MUNICIPIO": "ALTO PARAÍSO DE GOIÁS", "UF": "GO", "CD_UF": 52.0, "HIDRO": "nascente"}, "geometry": {"type": "Point", "coordinates": [-47.244968842535386, -14.0556411502716]}}, {"type": "Feature", "properties": {"fid_1": 6408, "GEOCODIGO": 5200605.0, "MUNICIPIO": "ALTO PARAÍSO DE GOIÁS", "UF": "GO", "CD_UF": 52.0, "HIDRO": "nascente"}, "geometry": {"type": "Point", "coordinates": [-47.24465350162131, -14.121257854149945]}}, {"type": "Feature", "properties": {"fid_1": 6409, "GEOCODIGO": 5200605.0, "MUNICIPIO": "ALTO PARAÍSO DE GOIÁS", "UF": "GO", "CD_UF": 52.0, "HIDRO": "nascente"}, "geometry": {"type": "Point", "coordinates": [-47.244041664800406, -14.112643664837513]}}, {"type": "Feature", "properties": {"fid_1": 6410, "GEOCODIGO": 5200605.0, "MUNICIPIO": "ALTO PARAÍSO DE GOIÁS", "UF": "GO", "CD_UF": 52.0, "HIDRO": "nascente"}, "geometry": {"type": "Point", "coordinates": [-47.24163458970048, -13.975011714399313]}}, {"type": "Feature", "properties": {"fid_1": 6411, "GEOCODIGO": 5200605.0, "MUNICIPIO": "ALTO PARAÍSO DE GOIÁS", "UF": "GO", "CD_UF": 52.0, "HIDRO": "nascente"}, "geometry": {"type": "Point", "coordinates": [-47.24179234251196, -14.013471083022779]}}, {"type": "Feature", "properties": {"fid_1": 6412, "GEOCODIGO": 5200605.0, "MUNICIPIO": "ALTO PARAÍSO DE GOIÁS", "UF": "GO", "CD_UF": 52.0, "HIDRO": "nascente"}, "geometry": {"type": "Point", "coordinates": [-47.242405557184, -14.129417576688525]}}, {"type": "Feature", "properties": {"fid_1": 6413, "GEOCODIGO": 5200605.0, "MUNICIPIO": "ALTO PARAÍSO DE GOIÁS", "UF": "GO", "CD_UF": 52.0, "HIDRO": "nascente"}, "geometry": {"type": "Point", "coordinates": [-47.24066602443719, -13.983510682331566]}}, {"type": "Feature", "properties": {"fid_1": 6414, "GEOCODIGO": 5200605.0, "MUNICIPIO": "ALTO PARAÍSO DE GOIÁS", "UF": "GO", "CD_UF": 52.0, "HIDRO": "nascente"}, "geometry": {"type": "Point", "coordinates": [-47.23926467083197, -13.891927469065513]}}, {"type": "Feature", "properties": {"fid_1": 6415, "GEOCODIGO": 5200605.0, "MUNICIPIO": "ALTO PARAÍSO DE GOIÁS", "UF": "GO", "CD_UF": 52.0, "HIDRO": "nascente"}, "geometry": {"type": "Point", "coordinates": [-47.239892657836826, -14.003985929766552]}}, {"type": "Feature", "properties": {"fid_1": 6416, "GEOCODIGO": 5200605.0, "MUNICIPIO": "ALTO PARAÍSO DE GOIÁS", "UF": "GO", "CD_UF": 52.0, "HIDRO": "nascente"}, "geometry": {"type": "Point", "coordinates": [-47.23805628381451, -14.11360070185754]}}, {"type": "Feature", "properties": {"fid_1": 6417, "GEOCODIGO": 5200605.0, "MUNICIPIO": "ALTO PARAÍSO DE GOIÁS", "UF": "GO", "CD_UF": 52.0, "HIDRO": "nascente"}, "geometry": {"type": "Point", "coordinates": [-47.23660980828945, -14.037316078404922]}}, {"type": "Feature", "properties": {"fid_1": 6418, "GEOCODIGO": 5200605.0, "MUNICIPIO": "ALTO PARAÍSO DE GOIÁS", "UF": "GO", "CD_UF": 52.0, "HIDRO": "nascente"}, "geometry": {"type": "Point", "coordinates": [-47.23463471453699, -13.888035580265981]}}, {"type": "Feature", "properties": {"fid_1": 6419, "GEOCODIGO": 5200605.0, "MUNICIPIO": "ALTO PARAÍSO DE GOIÁS", "UF": "GO", "CD_UF": 52.0, "HIDRO": "nascente"}, "geometry": {"type": "Point", "coordinates": [-47.23499080578265, -13.9836002116361]}}, {"type": "Feature", "properties": {"fid_1": 6420, "GEOCODIGO": 5200605.0, "MUNICIPIO": "ALTO PARAÍSO DE GOIÁS", "UF": "GO", "CD_UF": 52.0, "HIDRO": "nascente"}, "geometry": {"type": "Point", "coordinates": [-47.23521270151353, -14.113938230165289]}}, {"type": "Feature", "properties": {"fid_1": 6421, "GEOCODIGO": 5200605.0, "MUNICIPIO": "ALTO PARAÍSO DE GOIÁS", "UF": "GO", "CD_UF": 52.0, "HIDRO": "nascente"}, "geometry": {"type": "Point", "coordinates": [-47.23176103938176, -14.007714268062765]}}, {"type": "Feature", "properties": {"fid_1": 6422, "GEOCODIGO": 5200605.0, "MUNICIPIO": "ALTO PARAÍSO DE GOIÁS", "UF": "GO", "CD_UF": 52.0, "HIDRO": "nascente"}, "geometry": {"type": "Point", "coordinates": [-47.2312723885969, -14.037662676712081]}}, {"type": "Feature", "properties": {"fid_1": 6423, "GEOCODIGO": 5200605.0, "MUNICIPIO": "ALTO PARAÍSO DE GOIÁS", "UF": "GO", "CD_UF": 52.0, "HIDRO": "nascente"}, "geometry": {"type": "Point", "coordinates": [-47.22878312111486, -13.899215496739307]}}, {"type": "Feature", "properties": {"fid_1": 6424, "GEOCODIGO": 5200605.0, "MUNICIPIO": "ALTO PARAÍSO DE GOIÁS", "UF": "GO", "CD_UF": 52.0, "HIDRO": "nascente"}, "geometry": {"type": "Point", "coordinates": [-47.228521641503264, -14.113118428202005]}}, {"type": "Feature", "properties": {"fid_1": 6425, "GEOCODIGO": 5200605.0, "MUNICIPIO": "ALTO PARAÍSO DE GOIÁS", "UF": "GO", "CD_UF": 52.0, "HIDRO": "nascente"}, "geometry": {"type": "Point", "coordinates": [-47.22777568688046, -14.042097083797547]}}, {"type": "Feature", "properties": {"fid_1": 6426, "GEOCODIGO": 5200605.0, "MUNICIPIO": "ALTO PARAÍSO DE GOIÁS", "UF": "GO", "CD_UF": 52.0, "HIDRO": "nascente"}, "geometry": {"type": "Point", "coordinates": [-47.2278277891549, -14.070053419673199]}}, {"type": "Feature", "properties": {"fid_1": 6427, "GEOCODIGO": 5200605.0, "MUNICIPIO": "ALTO PARAÍSO DE GOIÁS", "UF": "GO", "CD_UF": 52.0, "HIDRO": "nascente"}, "geometry": {"type": "Point", "coordinates": [-47.22610559395642, -14.012653880893435]}}, {"type": "Feature", "properties": {"fid_1": 6428, "GEOCODIGO": 5200605.0, "MUNICIPIO": "ALTO PARAÍSO DE GOIÁS", "UF": "GO", "CD_UF": 52.0, "HIDRO": "nascente"}, "geometry": {"type": "Point", "coordinates": [-47.2250368220075, -14.068583663517273]}}, {"type": "Feature", "properties": {"fid_1": 6429, "GEOCODIGO": 5200605.0, "MUNICIPIO": "ALTO PARAÍSO DE GOIÁS", "UF": "GO", "CD_UF": 52.0, "HIDRO": "nascente"}, "geometry": {"type": "Point", "coordinates": [-47.22348860363334, -13.924205013922686]}}, {"type": "Feature", "properties": {"fid_1": 6430, "GEOCODIGO": 5200605.0, "MUNICIPIO": "ALTO PARAÍSO DE GOIÁS", "UF": "GO", "CD_UF": 52.0, "HIDRO": "nascente"}, "geometry": {"type": "Point", "coordinates": [-47.22236882518975, -13.884789644330047]}}, {"type": "Feature", "properties": {"fid_1": 6431, "GEOCODIGO": 5200605.0, "MUNICIPIO": "ALTO PARAÍSO DE GOIÁS", "UF": "GO", "CD_UF": 52.0, "HIDRO": "nascente"}, "geometry": {"type": "Point", "coordinates": [-47.223133550925745, -14.000000204620015]}}, {"type": "Feature", "properties": {"fid_1": 6432, "GEOCODIGO": 5200605.0, "MUNICIPIO": "ALTO PARAÍSO DE GOIÁS", "UF": "GO", "CD_UF": 52.0, "HIDRO": "nascente"}, "geometry": {"type": "Point", "coordinates": [-47.22332476068816, -14.065596052819384]}}, {"type": "Feature", "properties": {"fid_1": 6433, "GEOCODIGO": 5200605.0, "MUNICIPIO": "ALTO PARAÍSO DE GOIÁS", "UF": "GO", "CD_UF": 52.0, "HIDRO": "nascente"}, "geometry": {"type": "Point", "coordinates": [-47.222054606891426, -13.93421132535872]}}, {"type": "Feature", "properties": {"fid_1": 6434, "GEOCODIGO": 5200605.0, "MUNICIPIO": "ALTO PARAÍSO DE GOIÁS", "UF": "GO", "CD_UF": 52.0, "HIDRO": "nascente"}, "geometry": {"type": "Point", "coordinates": [-47.22214911385568, -13.979389039349819]}}, {"type": "Feature", "properties": {"fid_1": 6435, "GEOCODIGO": 5200605.0, "MUNICIPIO": "ALTO PARAÍSO DE GOIÁS", "UF": "GO", "CD_UF": 52.0, "HIDRO": "nascente"}, "geometry": {"type": "Point", "coordinates": [-47.2207337097989, -13.88915779606018]}}, {"type": "Feature", "properties": {"fid_1": 6436, "GEOCODIGO": 5200605.0, "MUNICIPIO": "ALTO PARAÍSO DE GOIÁS", "UF": "GO", "CD_UF": 52.0, "HIDRO": "nascente"}, "geometry": {"type": "Point", "coordinates": [-47.220769145079935, -13.992802757639316]}}, {"type": "Feature", "properties": {"fid_1": 6437, "GEOCODIGO": 5200605.0, "MUNICIPIO": "ALTO PARAÍSO DE GOIÁS", "UF": "GO", "CD_UF": 52.0, "HIDRO": "nascente"}, "geometry": {"type": "Point", "coordinates": [-47.21741636847504, -13.915801375834299]}}, {"type": "Feature", "properties": {"fid_1": 6438, "GEOCODIGO": 5200605.0, "MUNICIPIO": "ALTO PARAÍSO DE GOIÁS", "UF": "GO", "CD_UF": 52.0, "HIDRO": "nascente"}, "geometry": {"type": "Point", "coordinates": [-47.217555146431536, -14.016548240164628]}}, {"type": "Feature", "properties": {"fid_1": 6439, "GEOCODIGO": 5200605.0, "MUNICIPIO": "ALTO PARAÍSO DE GOIÁS", "UF": "GO", "CD_UF": 52.0, "HIDRO": "nascente"}, "geometry": {"type": "Point", "coordinates": [-47.216260895156495, -13.887655820256109]}}, {"type": "Feature", "properties": {"fid_1": 6440, "GEOCODIGO": 5200605.0, "MUNICIPIO": "ALTO PARAÍSO DE GOIÁS", "UF": "GO", "CD_UF": 52.0, "HIDRO": "nascente"}, "geometry": {"type": "Point", "coordinates": [-47.217922104258946, -14.066896263684011]}}, {"type": "Feature", "properties": {"fid_1": 6441, "GEOCODIGO": 5200605.0, "MUNICIPIO": "ALTO PARAÍSO DE GOIÁS", "UF": "GO", "CD_UF": 52.0, "HIDRO": "nascente"}, "geometry": {"type": "Point", "coordinates": [-47.21657295933124, -14.00339962800228]}}, {"type": "Feature", "properties": {"fid_1": 6442, "GEOCODIGO": 5200605.0, "MUNICIPIO": "ALTO PARAÍSO DE GOIÁS", "UF": "GO", "CD_UF": 52.0, "HIDRO": "nascente"}, "geometry": {"type": "Point", "coordinates": [-47.2169088126768, -14.060099225483397]}}, {"type": "Feature", "properties": {"fid_1": 6443, "GEOCODIGO": 5200605.0, "MUNICIPIO": "ALTO PARAÍSO DE GOIÁS", "UF": "GO", "CD_UF": 52.0, "HIDRO": "nascente"}, "geometry": {"type": "Point", "coordinates": [-47.21630755518284, -14.037476524684989]}}, {"type": "Feature", "properties": {"fid_1": 6444, "GEOCODIGO": 5200605.0, "MUNICIPIO": "ALTO PARAÍSO DE GOIÁS", "UF": "GO", "CD_UF": 52.0, "HIDRO": "nascente"}, "geometry": {"type": "Point", "coordinates": [-47.21300174334521, -13.961624948018702]}}, {"type": "Feature", "properties": {"fid_1": 6445, "GEOCODIGO": 5200605.0, "MUNICIPIO": "ALTO PARAÍSO DE GOIÁS", "UF": "GO", "CD_UF": 52.0, "HIDRO": "nascente"}, "geometry": {"type": "Point", "coordinates": [-47.21208140453659, -13.910178919562913]}}, {"type": "Feature", "properties": {"fid_1": 6446, "GEOCODIGO": 5200605.0, "MUNICIPIO": "ALTO PARAÍSO DE GOIÁS", "UF": "GO", "CD_UF": 52.0, "HIDRO": "nascente"}, "geometry": {"type": "Point", "coordinates": [-47.21246300382731, -14.045200242844592]}}, {"type": "Feature", "properties": {"fid_1": 6447, "GEOCODIGO": 5200605.0, "MUNICIPIO": "ALTO PARAÍSO DE GOIÁS", "UF": "GO", "CD_UF": 52.0, "HIDRO": "nascente"}, "geometry": {"type": "Point", "coordinates": [-47.21173509464115, -14.010014377012787]}}, {"type": "Feature", "properties": {"fid_1": 6448, "GEOCODIGO": 5200605.0, "MUNICIPIO": "ALTO PARAÍSO DE GOIÁS", "UF": "GO", "CD_UF": 52.0, "HIDRO": "nascente"}, "geometry": {"type": "Point", "coordinates": [-47.210486457027436, -13.899371783248112]}}, {"type": "Feature", "properties": {"fid_1": 6449, "GEOCODIGO": 5200605.0, "MUNICIPIO": "ALTO PARAÍSO DE GOIÁS", "UF": "GO", "CD_UF": 52.0, "HIDRO": "nascente"}, "geometry": {"type": "Point", "coordinates": [-47.21080206030081, -13.952612789570145]}}, {"type": "Feature", "properties": {"fid_1": 6450, "GEOCODIGO": 5200605.0, "MUNICIPIO": "ALTO PARAÍSO DE GOIÁS", "UF": "GO", "CD_UF": 52.0, "HIDRO": "nascente"}, "geometry": {"type": "Point", "coordinates": [-47.21096508669602, -14.036597438136077]}}, {"type": "Feature", "properties": {"fid_1": 6451, "GEOCODIGO": 5200605.0, "MUNICIPIO": "ALTO PARAÍSO DE GOIÁS", "UF": "GO", "CD_UF": 52.0, "HIDRO": "nascente"}, "geometry": {"type": "Point", "coordinates": [-47.21116642483179, -14.064211478541738]}}, {"type": "Feature", "properties": {"fid_1": 6452, "GEOCODIGO": 5200605.0, "MUNICIPIO": "ALTO PARAÍSO DE GOIÁS", "UF": "GO", "CD_UF": 52.0, "HIDRO": "nascente"}, "geometry": {"type": "Point", "coordinates": [-47.20995680402617, -14.05449837214298]}}, {"type": "Feature", "properties": {"fid_1": 6453, "GEOCODIGO": 5200605.0, "MUNICIPIO": "ALTO PARAÍSO DE GOIÁS", "UF": "GO", "CD_UF": 52.0, "HIDRO": "nascente"}, "geometry": {"type": "Point", "coordinates": [-47.21042438063937, -14.112690578964711]}}, {"type": "Feature", "properties": {"fid_1": 6454, "GEOCODIGO": 5200605.0, "MUNICIPIO": "ALTO PARAÍSO DE GOIÁS", "UF": "GO", "CD_UF": 52.0, "HIDRO": "nascente"}, "geometry": {"type": "Point", "coordinates": [-47.207548458267055, -13.876346009495016]}}, {"type": "Feature", "properties": {"fid_1": 6455, "GEOCODIGO": 5200605.0, "MUNICIPIO": "ALTO PARAÍSO DE GOIÁS", "UF": "GO", "CD_UF": 52.0, "HIDRO": "nascente"}, "geometry": {"type": "Point", "coordinates": [-47.208693001370946, -14.040907424589632]}}, {"type": "Feature", "properties": {"fid_1": 6456, "GEOCODIGO": 5200605.0, "MUNICIPIO": "ALTO PARAÍSO DE GOIÁS", "UF": "GO", "CD_UF": 52.0, "HIDRO": "nascente"}, "geometry": {"type": "Point", "coordinates": [-47.207705276154414, -14.019521206131316]}}, {"type": "Feature", "properties": {"fid_1": 6457, "GEOCODIGO": 5200605.0, "MUNICIPIO": "ALTO PARAÍSO DE GOIÁS", "UF": "GO", "CD_UF": 52.0, "HIDRO": "nascente"}, "geometry": {"type": "Point", "coordinates": [-47.20694123180453, -13.974886062890295]}}, {"type": "Feature", "properties": {"fid_1": 6458, "GEOCODIGO": 5200605.0, "MUNICIPIO": "ALTO PARAÍSO DE GOIÁS", "UF": "GO", "CD_UF": 52.0, "HIDRO": "nascente"}, "geometry": {"type": "Point", "coordinates": [-47.20582725891539, -13.885307289841807]}}, {"type": "Feature", "properties": {"fid_1": 6459, "GEOCODIGO": 5200605.0, "MUNICIPIO": "ALTO PARAÍSO DE GOIÁS", "UF": "GO", "CD_UF": 52.0, "HIDRO": "nascente"}, "geometry": {"type": "Point", "coordinates": [-47.207350107371, -14.064247001894223]}}, {"type": "Feature", "properties": {"fid_1": 6460, "GEOCODIGO": 5200605.0, "MUNICIPIO": "ALTO PARAÍSO DE GOIÁS", "UF": "GO", "CD_UF": 52.0, "HIDRO": "nascente"}, "geometry": {"type": "Point", "coordinates": [-47.205587588405876, -13.96647562937425]}}, {"type": "Feature", "properties": {"fid_1": 6461, "GEOCODIGO": 5200605.0, "MUNICIPIO": "ALTO PARAÍSO DE GOIÁS", "UF": "GO", "CD_UF": 52.0, "HIDRO": "nascente"}, "geometry": {"type": "Point", "coordinates": [-47.20469265447843, -13.906922340697067]}}, {"type": "Feature", "properties": {"fid_1": 6462, "GEOCODIGO": 5200605.0, "MUNICIPIO": "ALTO PARAÍSO DE GOIÁS", "UF": "GO", "CD_UF": 52.0, "HIDRO": "nascente"}, "geometry": {"type": "Point", "coordinates": [-47.205803755354786, -14.051233593318381]}}, {"type": "Feature", "properties": {"fid_1": 6463, "GEOCODIGO": 5200605.0, "MUNICIPIO": "ALTO PARAÍSO DE GOIÁS", "UF": "GO", "CD_UF": 52.0, "HIDRO": "nascente"}, "geometry": {"type": "Point", "coordinates": [-47.204159726176634, -14.013849720229564]}}, {"type": "Feature", "properties": {"fid_1": 6464, "GEOCODIGO": 5200605.0, "MUNICIPIO": "ALTO PARAÍSO DE GOIÁS", "UF": "GO", "CD_UF": 52.0, "HIDRO": "nascente"}, "geometry": {"type": "Point", "coordinates": [-47.20323468634567, -13.958569609872935]}}, {"type": "Feature", "properties": {"fid_1": 6465, "GEOCODIGO": 5200605.0, "MUNICIPIO": "ALTO PARAÍSO DE GOIÁS", "UF": "GO", "CD_UF": 52.0, "HIDRO": "nascente"}, "geometry": {"type": "Point", "coordinates": [-47.20388384973025, -14.113196253981029]}}, {"type": "Feature", "properties": {"fid_1": 6466, "GEOCODIGO": 5200605.0, "MUNICIPIO": "ALTO PARAÍSO DE GOIÁS", "UF": "GO", "CD_UF": 52.0, "HIDRO": "nascente"}, "geometry": {"type": "Point", "coordinates": [-47.201048939087194, -14.042945154215271]}}, {"type": "Feature", "properties": {"fid_1": 6467, "GEOCODIGO": 5200605.0, "MUNICIPIO": "ALTO PARAÍSO DE GOIÁS", "UF": "GO", "CD_UF": 52.0, "HIDRO": "nascente"}, "geometry": {"type": "Point", "coordinates": [-47.19873167248542, -13.9067339167832]}}, {"type": "Feature", "properties": {"fid_1": 6468, "GEOCODIGO": 5200605.0, "MUNICIPIO": "ALTO PARAÍSO DE GOIÁS", "UF": "GO", "CD_UF": 52.0, "HIDRO": "nascente"}, "geometry": {"type": "Point", "coordinates": [-47.19881150740428, -13.993478304044258]}}, {"type": "Feature", "properties": {"fid_1": 6469, "GEOCODIGO": 5200605.0, "MUNICIPIO": "ALTO PARAÍSO DE GOIÁS", "UF": "GO", "CD_UF": 52.0, "HIDRO": "nascente"}, "geometry": {"type": "Point", "coordinates": [-47.19687352366553, -13.974537421037432]}}, {"type": "Feature", "properties": {"fid_1": 6470, "GEOCODIGO": 5200605.0, "MUNICIPIO": "ALTO PARAÍSO DE GOIÁS", "UF": "GO", "CD_UF": 52.0, "HIDRO": "nascente"}, "geometry": {"type": "Point", "coordinates": [-47.19526812229465, -13.945073888541698]}}, {"type": "Feature", "properties": {"fid_1": 6471, "GEOCODIGO": 5200605.0, "MUNICIPIO": "ALTO PARAÍSO DE GOIÁS", "UF": "GO", "CD_UF": 52.0, "HIDRO": "nascente"}, "geometry": {"type": "Point", "coordinates": [-47.19551401626248, -14.042180562018773]}}, {"type": "Feature", "properties": {"fid_1": 6472, "GEOCODIGO": 5200605.0, "MUNICIPIO": "ALTO PARAÍSO DE GOIÁS", "UF": "GO", "CD_UF": 52.0, "HIDRO": "nascente"}, "geometry": {"type": "Point", "coordinates": [-47.19513852393037, -14.047141011102902]}}, {"type": "Feature", "properties": {"fid_1": 6473, "GEOCODIGO": 5200605.0, "MUNICIPIO": "ALTO PARAÍSO DE GOIÁS", "UF": "GO", "CD_UF": 52.0, "HIDRO": "nascente"}, "geometry": {"type": "Point", "coordinates": [-47.193118040713415, -14.119011882552948]}}, {"type": "Feature", "properties": {"fid_1": 6474, "GEOCODIGO": 5200605.0, "MUNICIPIO": "ALTO PARAÍSO DE GOIÁS", "UF": "GO", "CD_UF": 52.0, "HIDRO": "nascente"}, "geometry": {"type": "Point", "coordinates": [-47.19248754786608, -14.05780488215366]}}, {"type": "Feature", "properties": {"fid_1": 6475, "GEOCODIGO": 5200605.0, "MUNICIPIO": "ALTO PARAÍSO DE GOIÁS", "UF": "GO", "CD_UF": 52.0, "HIDRO": "nascente"}, "geometry": {"type": "Point", "coordinates": [-47.190010960836496, -13.943654441945997]}}, {"type": "Feature", "properties": {"fid_1": 6476, "GEOCODIGO": 5200605.0, "MUNICIPIO": "ALTO PARAÍSO DE GOIÁS", "UF": "GO", "CD_UF": 52.0, "HIDRO": "nascente"}, "geometry": {"type": "Point", "coordinates": [-47.189875998054255, -13.951865919305098]}}, {"type": "Feature", "properties": {"fid_1": 6477, "GEOCODIGO": 5200605.0, "MUNICIPIO": "ALTO PARAÍSO DE GOIÁS", "UF": "GO", "CD_UF": 52.0, "HIDRO": "nascente"}, "geometry": {"type": "Point", "coordinates": [-47.187998607092204, -13.997378655923985]}}, {"type": "Feature", "properties": {"fid_1": 6478, "GEOCODIGO": 5200605.0, "MUNICIPIO": "ALTO PARAÍSO DE GOIÁS", "UF": "GO", "CD_UF": 52.0, "HIDRO": "nascente"}, "geometry": {"type": "Point", "coordinates": [-47.18800891172051, -14.05649258187488]}}, {"type": "Feature", "properties": {"fid_1": 6479, "GEOCODIGO": 5200605.0, "MUNICIPIO": "ALTO PARAÍSO DE GOIÁS", "UF": "GO", "CD_UF": 52.0, "HIDRO": "nascente"}, "geometry": {"type": "Point", "coordinates": [-47.18537911731419, -13.989540064248972]}}, {"type": "Feature", "properties": {"fid_1": 6480, "GEOCODIGO": 5200605.0, "MUNICIPIO": "ALTO PARAÍSO DE GOIÁS", "UF": "GO", "CD_UF": 52.0, "HIDRO": "nascente"}, "geometry": {"type": "Point", "coordinates": [-47.18340758035921, -13.946798066354201]}}, {"type": "Feature", "properties": {"fid_1": 6481, "GEOCODIGO": 5200605.0, "MUNICIPIO": "ALTO PARAÍSO DE GOIÁS", "UF": "GO", "CD_UF": 52.0, "HIDRO": "nascente"}, "geometry": {"type": "Point", "coordinates": [-47.18286683395892, -14.00251246684169]}}, {"type": "Feature", "properties": {"fid_1": 6482, "GEOCODIGO": 5200605.0, "MUNICIPIO": "ALTO PARAÍSO DE GOIÁS", "UF": "GO", "CD_UF": 52.0, "HIDRO": "nascente"}, "geometry": {"type": "Point", "coordinates": [-47.18285911252818, -14.010076416673257]}}, {"type": "Feature", "properties": {"fid_1": 6483, "GEOCODIGO": 5200605.0, "MUNICIPIO": "ALTO PARAÍSO DE GOIÁS", "UF": "GO", "CD_UF": 52.0, "HIDRO": "nascente"}, "geometry": {"type": "Point", "coordinates": [-47.18233589495257, -14.134718603189524]}}, {"type": "Feature", "properties": {"fid_1": 6484, "GEOCODIGO": 5200605.0, "MUNICIPIO": "ALTO PARAÍSO DE GOIÁS", "UF": "GO", "CD_UF": 52.0, "HIDRO": "nascente"}, "geometry": {"type": "Point", "coordinates": [-47.181137270002694, -14.021911068024002]}}, {"type": "Feature", "properties": {"fid_1": 6485, "GEOCODIGO": 5200605.0, "MUNICIPIO": "ALTO PARAÍSO DE GOIÁS", "UF": "GO", "CD_UF": 52.0, "HIDRO": "nascente"}, "geometry": {"type": "Point", "coordinates": [-47.1807772547186, -14.02946943019676]}}, {"type": "Feature", "properties": {"fid_1": 6486, "GEOCODIGO": 5200605.0, "MUNICIPIO": "ALTO PARAÍSO DE GOIÁS", "UF": "GO", "CD_UF": 52.0, "HIDRO": "nascente"}, "geometry": {"type": "Point", "coordinates": [-47.17872488287908, -14.045831228161408]}}, {"type": "Feature", "properties": {"fid_1": 6487, "GEOCODIGO": 5200605.0, "MUNICIPIO": "ALTO PARAÍSO DE GOIÁS", "UF": "GO", "CD_UF": 52.0, "HIDRO": "nascente"}, "geometry": {"type": "Point", "coordinates": [-47.177717400905195, -14.015782895655404]}}, {"type": "Feature", "properties": {"fid_1": 6488, "GEOCODIGO": 5200605.0, "MUNICIPIO": "ALTO PARAÍSO DE GOIÁS", "UF": "GO", "CD_UF": 52.0, "HIDRO": "nascente"}, "geometry": {"type": "Point", "coordinates": [-47.17728321921385, -14.04428032538725]}}, {"type": "Feature", "properties": {"fid_1": 6489, "GEOCODIGO": 5200605.0, "MUNICIPIO": "ALTO PARAÍSO DE GOIÁS", "UF": "GO", "CD_UF": 52.0, "HIDRO": "nascente"}, "geometry": {"type": "Point", "coordinates": [-47.17551879327874, -14.00027226189902]}}, {"type": "Feature", "properties": {"fid_1": 6490, "GEOCODIGO": 5200605.0, "MUNICIPIO": "ALTO PARAÍSO DE GOIÁS", "UF": "GO", "CD_UF": 52.0, "HIDRO": "nascente"}, "geometry": {"type": "Point", "coordinates": [-47.1737446942113, -14.01468864451993]}}, {"type": "Feature", "properties": {"fid_1": 6491, "GEOCODIGO": 5200605.0, "MUNICIPIO": "ALTO PARAÍSO DE GOIÁS", "UF": "GO", "CD_UF": 52.0, "HIDRO": "nascente"}, "geometry": {"type": "Point", "coordinates": [-47.17189186922803, -14.013169459170935]}}, {"type": "Feature", "properties": {"fid_1": 6492, "GEOCODIGO": 5200605.0, "MUNICIPIO": "ALTO PARAÍSO DE GOIÁS", "UF": "GO", "CD_UF": 52.0, "HIDRO": "nascente"}, "geometry": {"type": "Point", "coordinates": [-47.17024890742437, -14.034345490279158]}}, {"type": "Feature", "properties": {"fid_1": 6493, "GEOCODIGO": 5200605.0, "MUNICIPIO": "ALTO PARAÍSO DE GOIÁS", "UF": "GO", "CD_UF": 52.0, "HIDRO": "nascente"}, "geometry": {"type": "Point", "coordinates": [-47.16870641753608, -14.014150492960978]}}, {"type": "Feature", "properties": {"fid_1": 6494, "GEOCODIGO": 5200605.0, "MUNICIPIO": "ALTO PARAÍSO DE GOIÁS", "UF": "GO", "CD_UF": 52.0, "HIDRO": "nascente"}, "geometry": {"type": "Point", "coordinates": [-47.16714705170504, -14.003769076282165]}}, {"type": "Feature", "properties": {"fid_1": 6495, "GEOCODIGO": 5200605.0, "MUNICIPIO": "ALTO PARAÍSO DE GOIÁS", "UF": "GO", "CD_UF": 52.0, "HIDRO": "nascente"}, "geometry": {"type": "Point", "coordinates": [-47.16442780222567, -14.024397144981615]}}, {"type": "Feature", "properties": {"fid_1": 6496, "GEOCODIGO": 5200605.0, "MUNICIPIO": "ALTO PARAÍSO DE GOIÁS", "UF": "GO", "CD_UF": 52.0, "HIDRO": "nascente"}, "geometry": {"type": "Point", "coordinates": [-47.163491767886285, -14.017162193584195]}}, {"type": "Feature", "properties": {"fid_1": 6497, "GEOCODIGO": 5200605.0, "MUNICIPIO": "ALTO PARAÍSO DE GOIÁS", "UF": "GO", "CD_UF": 52.0, "HIDRO": "nascente"}, "geometry": {"type": "Point", "coordinates": [-47.16178979703, -14.020687935354717]}}, {"type": "Feature", "properties": {"fid_1": 6498, "GEOCODIGO": 5200605.0, "MUNICIPIO": "ALTO PARAÍSO DE GOIÁS", "UF": "GO", "CD_UF": 52.0, "HIDRO": "nascente"}, "geometry": {"type": "Point", "coordinates": [-47.157178861036414, -14.022677588228504]}}, {"type": "Feature", "properties": {"fid_1": 6499, "GEOCODIGO": 5200605.0, "MUNICIPIO": "ALTO PARAÍSO DE GOIÁS", "UF": "GO", "CD_UF": 52.0, "HIDRO": "nascente"}, "geometry": {"type": "Point", "coordinates": [-47.15383501789691, -14.019071715090982]}}]}