{
"type": "FeatureCollection",
"name": "queimadas_alto2025",
"crs": { "type": "name", "properties": { "name": "urn:ogc:def:crs:OGC:1.3:CRS84" } },
"features": [
{ "type": "Feature", "properties": { "nome_area_": "Parque Estadual Águas do Paraíso (PEAP)", "tipo_area_": "UC Estadual - Proteção Integral", "esferaadmi": "Estadual", "nomeunidad": "Parque Estadual Águas do Paraíso (PEAP)", "grupo": "Proteção Integral - PI", "ano": "2025", "mes_ano": "7-2025", "nm_municip": "ALTO PARAISO DE GOIAS", "nome": "Alto Paraíso de Goiás", "meso_ibge": "Norte Goiano", "micro_ibge": "Chapada dos Veadeiros", "geocodigo": 5200605.0, "area_ha": 0.062937 }, "geometry": { "type": "MultiPolygon", "coordinates": [ [ [ [ -47.708618479366791, -14.26946879365336 ], [ -47.709434908059379, -14.26946879365336 ], [ -47.709434908059379, -14.269349158375862 ], [ -47.708618479366791, -14.26946879365336 ] ] ], [ [ [ -47.706779363710545, -14.269738288238596 ], [ -47.707009456792257, -14.269738288238596 ], [ -47.707009456792257, -14.269704571577325 ], [ -47.706779363710545, -14.269738288238596 ] ] ] ] } },
{ "type": "Feature", "properties": { "nome_area_": "Parque Estadual Águas do Paraíso (PEAP)", "tipo_area_": "UC Estadual - Proteção Integral", "esferaadmi": "Estadual", "nomeunidad": "Parque Estadual Águas do Paraíso (PEAP)", "grupo": "Proteção Integral - PI", "ano": "2025", "mes_ano": "7-2025", "nm_municip": "ALTO PARAISO DE GOIAS", "nome": "Alto Paraíso de Goiás", "meso_ibge": "Norte Goiano", "micro_ibge": "Chapada dos Veadeiros", "geocodigo": 5200605.0, "area_ha": 0.086701 }, "geometry": { "type": "Polygon", "coordinates": [ [ [ -47.72641306692924, -14.292375833398408 ], [ -47.726682561514473, -14.292375833398408 ], [ -47.726682561514473, -14.292106338813172 ], [ -47.72641306692924, -14.292106338813172 ], [ -47.72641306692924, -14.292375833398408 ] ] ] } },
{ "type": "Feature", "properties": { "nome_area_": "Parque Estadual Águas do Paraíso (PEAP)", "tipo_area_": "UC Estadual - Proteção Integral", "esferaadmi": "Estadual", "nomeunidad": "Parque Estadual Águas do Paraíso (PEAP)", "grupo": "Proteção Integral - PI", "ano": "2025", "mes_ano": "7-2025", "nm_municip": "ALTO PARAISO DE GOIAS", "nome": "Alto Paraíso de Goiás", "meso_ibge": "Norte Goiano", "micro_ibge": "Chapada dos Veadeiros", "geocodigo": 5200605.0, "area_ha": 0.086702 }, "geometry": { "type": "Polygon", "coordinates": [ [ [ -47.709704402644611, -14.291028360472229 ], [ -47.709973897229851, -14.291028360472229 ], [ -47.709973897229851, -14.290758865886993 ], [ -47.709704402644611, -14.290758865886993 ], [ -47.709704402644611, -14.291028360472229 ] ] ] } },
{ "type": "Feature", "properties": { "nome_area_": "Parque Estadual Águas do Paraíso (PEAP)", "tipo_area_": "UC Estadual - Proteção Integral", "esferaadmi": "Estadual", "nomeunidad": "Parque Estadual Águas do Paraíso (PEAP)", "grupo": "Proteção Integral - PI", "ano": "2025", "mes_ano": "7-2025", "nm_municip": "ALTO PARAISO DE GOIAS", "nome": "Alto Paraíso de Goiás", "meso_ibge": "Norte Goiano", "micro_ibge": "Chapada dos Veadeiros", "geocodigo": 5200605.0, "area_ha": 0.086702 }, "geometry": { "type": "Polygon", "coordinates": [ [ [ -47.710243391815084, -14.29021987671652 ], [ -47.710512886400323, -14.29021987671652 ], [ -47.710512886400323, -14.289950382131284 ], [ -47.710243391815084, -14.289950382131284 ], [ -47.710243391815084, -14.29021987671652 ] ] ] } },
{ "type": "Feature", "properties": { "nome_area_": "Parque Estadual Águas do Paraíso (PEAP)", "tipo_area_": "UC Estadual - Proteção Integral", "esferaadmi": "Estadual", "nomeunidad": "Parque Estadual Águas do Paraíso (PEAP)", "grupo": "Proteção Integral - PI", "ano": "2025", "mes_ano": "7-2025", "nm_municip": "ALTO PARAISO DE GOIAS", "nome": "Alto Paraíso de Goiás", "meso_ibge": "Norte Goiano", "micro_ibge": "Chapada dos Veadeiros", "geocodigo": 5200605.0, "area_ha": 0.086703 }, "geometry": { "type": "Polygon", "coordinates": [ [ [ -47.710782380985556, -14.288872403790341 ], [ -47.711051875570796, -14.288872403790341 ], [ -47.711051875570796, -14.288602909205105 ], [ -47.710782380985556, -14.288602909205105 ], [ -47.710782380985556, -14.288872403790341 ] ] ] } },
{ "type": "Feature", "properties": { "nome_area_": "Parque Estadual Águas do Paraíso (PEAP)", "tipo_area_": "UC Estadual - Proteção Integral", "esferaadmi": "Estadual", "nomeunidad": "Parque Estadual Águas do Paraíso (PEAP)", "grupo": "Proteção Integral - PI", "ano": "2025", "mes_ano": "7-2025", "nm_municip": "ALTO PARAISO DE GOIAS", "nome": "Alto Paraíso de Goiás", "meso_ibge": "Norte Goiano", "micro_ibge": "Chapada dos Veadeiros", "geocodigo": 5200605.0, "area_ha": 0.086703 }, "geometry": { "type": "Polygon", "coordinates": [ [ [ -47.718867218542634, -14.288333414619871 ], [ -47.719136713127867, -14.288333414619871 ], [ -47.719136713127867, -14.288063920034634 ], [ -47.718867218542634, -14.288063920034634 ], [ -47.718867218542634, -14.288333414619871 ] ] ] } },
{ "type": "Feature", "properties": { "nome_area_": "Parque Estadual Águas do Paraíso (PEAP)", "tipo_area_": "UC Estadual - Proteção Integral", "esferaadmi": "Estadual", "nomeunidad": "Parque Estadual Águas do Paraíso (PEAP)", "grupo": "Proteção Integral - PI", "ano": "2025", "mes_ano": "6-2025", "nm_municip": "ALTO PARAISO DE GOIAS", "nome": "Alto Paraíso de Goiás", "meso_ibge": "Norte Goiano", "micro_ibge": "Chapada dos Veadeiros", "geocodigo": 5200605.0, "area_ha": 1.387108 }, "geometry": { "type": "Polygon", "coordinates": [ [ [ -47.708087435133201, -14.311509948950153 ], [ -47.709165413474139, -14.311509948950153 ], [ -47.709165413474139, -14.31043197060921 ], [ -47.708087435133201, -14.31043197060921 ], [ -47.708087435133201, -14.311509948950153 ] ] ] } },
{ "type": "Feature", "properties": { "nome_area_": "Parque Estadual Águas do Paraíso (PEAP)", "tipo_area_": "UC Estadual - Proteção Integral", "esferaadmi": "Estadual", "nomeunidad": "Parque Estadual Águas do Paraíso (PEAP)", "grupo": "Proteção Integral - PI", "ano": "2025", "mes_ano": "7-2025", "nm_municip": "ALTO PARAISO DE GOIAS", "nome": "Alto Paraíso de Goiás", "meso_ibge": "Norte Goiano", "micro_ibge": "Chapada dos Veadeiros", "geocodigo": 5200605.0, "area_ha": 0.086703 }, "geometry": { "type": "Polygon", "coordinates": [ [ [ -47.729647001952067, -14.288063920034634 ], [ -47.7299164965373, -14.288063920034634 ], [ -47.7299164965373, -14.287794425449398 ], [ -47.729647001952067, -14.287794425449398 ], [ -47.729647001952067, -14.288063920034634 ] ] ] } },
{ "type": "Feature", "properties": { "nome_area_": "Parque Estadual Águas do Paraíso (PEAP)", "tipo_area_": "UC Estadual - Proteção Integral", "esferaadmi": "Estadual", "nomeunidad": "Parque Estadual Águas do Paraíso (PEAP)", "grupo": "Proteção Integral - PI", "ano": "2025", "mes_ano": "7-2025", "nm_municip": "ALTO PARAISO DE GOIAS", "nome": "Alto Paraíso de Goiás", "meso_ibge": "Norte Goiano", "micro_ibge": "Chapada dos Veadeiros", "geocodigo": 5200605.0, "area_ha": 0.0867 }, "geometry": { "type": "Polygon", "coordinates": [ [ [ -47.712938337667445, -14.295879263006473 ], [ -47.713207832252678, -14.295879263006473 ], [ -47.713207832252678, -14.295609768421238 ], [ -47.712938337667445, -14.295609768421238 ], [ -47.712938337667445, -14.295879263006473 ] ] ] } },
{ "type": "Feature", "properties": { "nome_area_": "Parque Estadual Águas do Paraíso (PEAP)", "tipo_area_": "UC Estadual - Proteção Integral", "esferaadmi": "Estadual", "nomeunidad": "Parque Estadual Águas do Paraíso (PEAP)", "grupo": "Proteção Integral - PI", "ano": "2025", "mes_ano": "7-2025", "nm_municip": "ALTO PARAISO DE GOIAS", "nome": "Alto Paraíso de Goiás", "meso_ibge": "Norte Goiano", "micro_ibge": "Chapada dos Veadeiros", "geocodigo": 5200605.0, "area_ha": 0.346801 }, "geometry": { "type": "Polygon", "coordinates": [ [ [ -47.713207832252678, -14.295609768421238 ], [ -47.713477326837918, -14.295609768421238 ], [ -47.713477326837918, -14.294531790080294 ], [ -47.713207832252678, -14.294531790080294 ], [ -47.713207832252678, -14.295609768421238 ] ] ] } },
{ "type": "Feature", "properties": { "nome_area_": "Parque Estadual Águas do Paraíso (PEAP)", "tipo_area_": "UC Estadual - Proteção Integral", "esferaadmi": "Estadual", "nomeunidad": "Parque Estadual Águas do Paraíso (PEAP)", "grupo": "Proteção Integral - PI", "ano": "2025", "mes_ano": "7-2025", "nm_municip": "ALTO PARAISO DE GOIAS", "nome": "Alto Paraíso de Goiás", "meso_ibge": "Norte Goiano", "micro_ibge": "Chapada dos Veadeiros", "geocodigo": 5200605.0, "area_ha": 0.0867 }, "geometry": { "type": "Polygon", "coordinates": [ [ [ -47.716441767275512, -14.295070779250766 ], [ -47.716711261860745, -14.295070779250766 ], [ -47.716711261860745, -14.29480128466553 ], [ -47.716441767275512, -14.29480128466553 ], [ -47.716441767275512, -14.295070779250766 ] ] ] } },
{ "type": "Feature", "properties": { "nome_area_": "Parque Estadual Águas do Paraíso (PEAP)", "tipo_area_": "UC Estadual - Proteção Integral", "esferaadmi": "Estadual", "nomeunidad": "Parque Estadual Águas do Paraíso (PEAP)", "grupo": "Proteção Integral - PI", "ano": "2025", "mes_ano": "6-2025", "nm_municip": "ALTO PARAISO DE GOIAS", "nome": "Alto Paraíso de Goiás", "meso_ibge": "Norte Goiano", "micro_ibge": "Chapada dos Veadeiros", "geocodigo": 5200605.0, "area_ha": 153.548721 }, "geometry": { "type": "Polygon", "coordinates": [ [ [ -47.72829952902589, -14.286177457937983 ], [ -47.727221550684945, -14.286177457937983 ], [ -47.727221550684945, -14.286446952523219 ], [ -47.726682561514473, -14.286446952523219 ], [ -47.726682561514473, -14.286716447108455 ], [ -47.726143572344, -14.286716447108455 ], [ -47.726143572344, -14.28698594169369 ], [ -47.725874077758768, -14.28698594169369 ], [ -47.725874077758768, -14.287255436278926 ], [ -47.725604583173528, -14.287255436278926 ], [ -47.725604583173528, -14.287524930864162 ], [ -47.725065594003055, -14.287524930864162 ], [ -47.725065594003055, -14.287794425449398 ], [ -47.723448626491646, -14.287794425449398 ], [ -47.723448626491646, -14.288063920034634 ], [ -47.719136713127867, -14.288063920034634 ], [ -47.719136713127867, -14.288333414619871 ], [ -47.717519745616457, -14.288333414619871 ], [ -47.717519745616457, -14.288602909205105 ], [ -47.716711261860745, -14.288602909205105 ], [ -47.716711261860745, -14.288872403790341 ], [ -47.714555305178862, -14.288872403790341 ], [ -47.714555305178862, -14.288602909205105 ], [ -47.714285810593623, -14.288602909205105 ], [ -47.714285810593623, -14.288333414619871 ], [ -47.71374682142315, -14.288333414619871 ], [ -47.71374682142315, -14.288063920034634 ], [ -47.713477326837918, -14.288063920034634 ], [ -47.713477326837918, -14.287794425449398 ], [ -47.712938337667445, -14.287794425449398 ], [ -47.712938337667445, -14.287524930864162 ], [ -47.712668843082206, -14.287524930864162 ], [ -47.712668843082206, -14.287255436278926 ], [ -47.711590864741268, -14.287255436278926 ], [ -47.711590864741268, -14.287524930864162 ], [ -47.711321370156028, -14.287524930864162 ], [ -47.711321370156028, -14.288063920034634 ], [ -47.711051875570796, -14.288063920034634 ], [ -47.711051875570796, -14.288872403790341 ], [ -47.710782380985556, -14.288872403790341 ], [ -47.710782380985556, -14.28968088754605 ], [ -47.710512886400323, -14.28968088754605 ], [ -47.710512886400323, -14.29021987671652 ], [ -47.710243391815084, -14.29021987671652 ], [ -47.710243391815084, -14.290489371301756 ], [ -47.709973897229851, -14.290489371301756 ], [ -47.709973897229851, -14.291028360472229 ], [ -47.709704402644611, -14.291028360472229 ], [ -47.709704402644611, -14.291297855057465 ], [ -47.709434908059379, -14.291297855057465 ], [ -47.709434908059379, -14.292645327983644 ], [ -47.709165413474139, -14.292645327983644 ], [ -47.709165413474139, -14.293992800909823 ], [ -47.709704402644611, -14.293992800909823 ], [ -47.709704402644611, -14.294262295495059 ], [ -47.709973897229851, -14.294262295495059 ], [ -47.709973897229851, -14.295340273836002 ], [ -47.710243391815084, -14.295340273836002 ], [ -47.710243391815084, -14.295609768421238 ], [ -47.710512886400323, -14.295609768421238 ], [ -47.710512886400323, -14.296148757591709 ], [ -47.712938337667445, -14.296148757591709 ], [ -47.712938337667445, -14.295609768421238 ], [ -47.713207832252678, -14.295609768421238 ], [ -47.713207832252678, -14.294531790080294 ], [ -47.716172272690272, -14.294531790080294 ], [ -47.716172272690272, -14.29480128466553 ], [ -47.716711261860745, -14.29480128466553 ], [ -47.716711261860745, -14.295070779250766 ], [ -47.717789240201689, -14.295070779250766 ], [ -47.717789240201689, -14.29480128466553 ], [ -47.720753680639284, -14.29480128466553 ], [ -47.720753680639284, -14.295070779250766 ], [ -47.721831658980228, -14.295070779250766 ], [ -47.721831658980228, -14.29480128466553 ], [ -47.723987615662111, -14.29480128466553 ], [ -47.723987615662111, -14.294531790080294 ], [ -47.724526604832583, -14.294531790080294 ], [ -47.724526604832583, -14.294262295495059 ], [ -47.724796099417823, -14.294262295495059 ], [ -47.724796099417823, -14.293992800909823 ], [ -47.725065594003055, -14.293992800909823 ], [ -47.725065594003055, -14.293453811739351 ], [ -47.725335088588295, -14.293453811739351 ], [ -47.725335088588295, -14.292914822568878 ], [ -47.725604583173528, -14.292914822568878 ], [ -47.725604583173528, -14.292645327983644 ], [ -47.725874077758768, -14.292645327983644 ], [ -47.725874077758768, -14.292375833398408 ], [ -47.72641306692924, -14.292375833398408 ], [ -47.72641306692924, -14.292106338813172 ], [ -47.727221550684945, -14.292106338813172 ], [ -47.727221550684945, -14.291836844227936 ], [ -47.729108012781595, -14.291836844227936 ], [ -47.729108012781595, -14.289411392960814 ], [ -47.729377507366834, -14.289411392960814 ], [ -47.729377507366834, -14.288063920034634 ], [ -47.729647001952067, -14.288063920034634 ], [ -47.729647001952067, -14.287794425449398 ], [ -47.7299164965373, -14.287794425449398 ], [ -47.7299164965373, -14.285907963352747 ], [ -47.72829952902589, -14.285907963352747 ], [ -47.72829952902589, -14.286177457937983 ] ] ] } },
{ "type": "Feature", "properties": { "nome_area_": "Parque Estadual Águas do Paraíso (PEAP)", "tipo_area_": "UC Estadual - Proteção Integral", "esferaadmi": "Estadual", "nomeunidad": "Parque Estadual Águas do Paraíso (PEAP)", "grupo": "Proteção Integral - PI", "ano": "2025", "mes_ano": "7-2025", "nm_municip": "ALTO PARAISO DE GOIAS", "nome": "Alto Paraíso de Goiás", "meso_ibge": "Norte Goiano", "micro_ibge": "Chapada dos Veadeiros", "geocodigo": 5200605.0, "area_ha": 0.086701 }, "geometry": { "type": "Polygon", "coordinates": [ [ [ -47.709434908059379, -14.294262295495059 ], [ -47.709704402644611, -14.294262295495059 ], [ -47.709704402644611, -14.293992800909823 ], [ -47.709434908059379, -14.293992800909823 ], [ -47.709434908059379, -14.294262295495059 ] ] ] } },
{ "type": "Feature", "properties": { "nome_area_": "PARQUE NACIONAL DA CHAPADA DOS VEADEIROS", "tipo_area_": "UC Federal - Proteção Integral", "esferaadmi": "Federal", "nomeunidad": "PARQUE NACIONAL DA CHAPADA DOS VEADEIROS", "grupo": "Proteção Integral - PI", "ano": "2025", "mes_ano": "7-2025", "nm_municip": "ALTO PARAISO DE GOIAS", "nome": "Alto Paraíso de Goiás", "meso_ibge": "Norte Goiano", "micro_ibge": "Chapada dos Veadeiros", "geocodigo": 5200605.0, "area_ha": 0.086793 }, "geometry": { "type": "Polygon", "coordinates": [ [ [ -47.458804943790028, -14.04632727707807 ], [ -47.459074438375268, -14.04632727707807 ], [ -47.459074438375268, -14.046057782492834 ], [ -47.458804943790028, -14.046057782492834 ], [ -47.458804943790028, -14.04632727707807 ] ] ] } },
{ "type": "Feature", "properties": { "nome_area_": "PARQUE NACIONAL DA CHAPADA DOS VEADEIROS", "tipo_area_": "UC Federal - Proteção Integral", "esferaadmi": "Federal", "nomeunidad": "PARQUE NACIONAL DA CHAPADA DOS VEADEIROS", "grupo": "Proteção Integral - PI", "ano": "2025", "mes_ano": "4-2025", "nm_municip": "ALTO PARAISO DE GOIAS", "nome": "Alto Paraíso de Goiás", "meso_ibge": "Norte Goiano", "micro_ibge": "Chapada dos Veadeiros", "geocodigo": 5200605.0, "area_ha": 3.818527 }, "geometry": { "type": "Polygon", "coordinates": [ [ [ -47.694612705871407, -14.06829413483972 ], [ -47.694612705871407, -14.068425833067412 ], [ -47.695690684212352, -14.068425833067412 ], [ -47.695690684212352, -14.069234316823119 ], [ -47.697307651723762, -14.069234316823119 ], [ -47.697307651723762, -14.069503811408355 ], [ -47.698924619235179, -14.069503811408355 ], [ -47.698924619235179, -14.069234316823119 ], [ -47.698655124649946, -14.069234316823119 ], [ -47.698655124649946, -14.068964822237882 ], [ -47.697307651723762, -14.068964822237882 ], [ -47.697307651723762, -14.068156338482176 ], [ -47.696768662553296, -14.068156338482176 ], [ -47.696768662553296, -14.06788684389694 ], [ -47.695421189627112, -14.06788684389694 ], [ -47.695421189627112, -14.068156338482176 ], [ -47.694787969383626, -14.068156338482176 ], [ -47.694612705871407, -14.06829413483972 ] ] ] } },
{ "type": "Feature", "properties": { "nome_area_": "PARQUE NACIONAL DA CHAPADA DOS VEADEIROS", "tipo_area_": "UC Federal - Proteção Integral", "esferaadmi": "Federal", "nomeunidad": "PARQUE NACIONAL DA CHAPADA DOS VEADEIROS", "grupo": "Proteção Integral - PI", "ano": "2025", "mes_ano": "4-2025", "nm_municip": "ALTO PARAISO DE GOIAS", "nome": "Alto Paraíso de Goiás", "meso_ibge": "Norte Goiano", "micro_ibge": "Chapada dos Veadeiros", "geocodigo": 5200605.0, "area_ha": 0.260354 }, "geometry": { "type": "Polygon", "coordinates": [ [ [ -47.694343211286167, -14.068506017916548 ], [ -47.694343211286167, -14.069234316823119 ], [ -47.694612705871407, -14.069234316823119 ], [ -47.694612705871407, -14.068425833067412 ], [ -47.694343211286167, -14.068506017916548 ] ] ] } },
{ "type": "Feature", "properties": { "nome_area_": "PARQUE NACIONAL DA CHAPADA DOS VEADEIROS", "tipo_area_": "UC Federal - Proteção Integral", "esferaadmi": "Federal", "nomeunidad": "PARQUE NACIONAL DA CHAPADA DOS VEADEIROS", "grupo": "Proteção Integral - PI", "ano": "2025", "mes_ano": "4-2025", "nm_municip": "ALTO PARAISO DE GOIAS", "nome": "Alto Paraíso de Goiás", "meso_ibge": "Norte Goiano", "micro_ibge": "Chapada dos Veadeiros", "geocodigo": 5200605.0, "area_ha": 0.086785 }, "geometry": { "type": "Polygon", "coordinates": [ [ [ -47.686797362899568, -14.068425833067412 ], [ -47.687066857484801, -14.068425833067412 ], [ -47.687066857484801, -14.068156338482176 ], [ -47.686797362899568, -14.068156338482176 ], [ -47.686797362899568, -14.068425833067412 ] ] ] } },
{ "type": "Feature", "properties": { "nome_area_": "PARQUE NACIONAL DA CHAPADA DOS VEADEIROS", "tipo_area_": "UC Federal - Proteção Integral", "esferaadmi": "Federal", "nomeunidad": "PARQUE NACIONAL DA CHAPADA DOS VEADEIROS", "grupo": "Proteção Integral - PI", "ano": "2025", "mes_ano": "4-2025", "nm_municip": "ALTO PARAISO DE GOIAS", "nome": "Alto Paraíso de Goiás", "meso_ibge": "Norte Goiano", "micro_ibge": "Chapada dos Veadeiros", "geocodigo": 5200605.0, "area_ha": 0.083967 }, "geometry": { "type": "Polygon", "coordinates": [ [ [ -47.688323967565097, -14.068156338482176 ], [ -47.688144835825746, -14.068156338482176 ], [ -47.688144835825746, -14.068425833067412 ], [ -47.688414330410978, -14.068425833067412 ], [ -47.688414330410978, -14.068241962211173 ], [ -47.688323967565097, -14.068156338482176 ] ] ] } },
{ "type": "Feature", "properties": { "nome_area_": "PARQUE NACIONAL DA CHAPADA DOS VEADEIROS", "tipo_area_": "UC Federal - Proteção Integral", "esferaadmi": "Federal", "nomeunidad": "PARQUE NACIONAL DA CHAPADA DOS VEADEIROS", "grupo": "Proteção Integral - PI", "ano": "2025", "mes_ano": "4-2025", "nm_municip": "CAVALCANTE", "nome": "Cavalcante", "meso_ibge": "Norte Goiano", "micro_ibge": "Chapada dos Veadeiros", "geocodigo": 5205307.0, "area_ha": 0.002818 }, "geometry": { "type": "Polygon", "coordinates": [ [ [ -47.688394597358894, -14.06821128735036 ], [ -47.688414330410978, -14.068241962211173 ], [ -47.688414330410978, -14.068226639354371 ], [ -47.688394597358894, -14.06821128735036 ] ] ] } },
{ "type": "Feature", "properties": { "nome_area_": "PARQUE NACIONAL DA CHAPADA DOS VEADEIROS", "tipo_area_": "UC Federal - Proteção Integral", "esferaadmi": "Federal", "nomeunidad": "PARQUE NACIONAL DA CHAPADA DOS VEADEIROS", "grupo": "Proteção Integral - PI", "ano": "2025", "mes_ano": "7-2025", "nm_municip": "ALTO PARAISO DE GOIAS", "nome": "Alto Paraíso de Goiás", "meso_ibge": "Norte Goiano", "micro_ibge": "Chapada dos Veadeiros", "geocodigo": 5200605.0, "area_ha": 0.17359 }, "geometry": { "type": "Polygon", "coordinates": [ [ [ -47.461769384227622, -14.040667890788118 ], [ -47.462308373398095, -14.040667890788118 ], [ -47.462308373398095, -14.040398396202882 ], [ -47.461769384227622, -14.040398396202882 ], [ -47.461769384227622, -14.040667890788118 ] ] ] } },
{ "type": "Feature", "properties": { "nome_area_": "PARQUE NACIONAL DA CHAPADA DOS VEADEIROS", "tipo_area_": "UC Federal - Proteção Integral", "esferaadmi": "Federal", "nomeunidad": "PARQUE NACIONAL DA CHAPADA DOS VEADEIROS", "grupo": "Proteção Integral - PI", "ano": "2025", "mes_ano": "7-2025", "nm_municip": "ALTO PARAISO DE GOIAS", "nome": "Alto Paraíso de Goiás", "meso_ibge": "Norte Goiano", "micro_ibge": "Chapada dos Veadeiros", "geocodigo": 5200605.0, "area_ha": 2.690674 }, "geometry": { "type": "Polygon", "coordinates": [ [ [ -47.456918481693378, -14.03797294493576 ], [ -47.456648987108146, -14.03797294493576 ], [ -47.456648987108146, -14.038242439520996 ], [ -47.458535449204795, -14.038242439520996 ], [ -47.458535449204795, -14.039050923276703 ], [ -47.45961342754574, -14.039050923276703 ], [ -47.45961342754574, -14.03797294493576 ], [ -47.457457470863851, -14.03797294493576 ], [ -47.457457470863851, -14.036894966594815 ], [ -47.456918481693378, -14.036894966594815 ], [ -47.456918481693378, -14.03797294493576 ] ] ] } },
{ "type": "Feature", "properties": { "nome_area_": "PARQUE NACIONAL DA CHAPADA DOS VEADEIROS", "tipo_area_": "UC Federal - Proteção Integral", "esferaadmi": "Federal", "nomeunidad": "PARQUE NACIONAL DA CHAPADA DOS VEADEIROS", "grupo": "Proteção Integral - PI", "ano": "2025", "mes_ano": "4-2025", "nm_municip": "CAVALCANTE", "nome": "Cavalcante", "meso_ibge": "Norte Goiano", "micro_ibge": "Chapada dos Veadeiros", "geocodigo": 5205307.0, "area_ha": 0.003275 }, "geometry": { "type": "Polygon", "coordinates": [ [ [ -47.700469692279341, -14.070851284334534 ], [ -47.700451030492673, -14.070851284334534 ], [ -47.700479087801732, -14.070870040851409 ], [ -47.700469692279341, -14.070851284334534 ] ] ] } },
{ "type": "Feature", "properties": { "nome_area_": "PARQUE NACIONAL DA CHAPADA DOS VEADEIROS", "tipo_area_": "UC Federal - Proteção Integral", "esferaadmi": "Federal", "nomeunidad": "PARQUE NACIONAL DA CHAPADA DOS VEADEIROS", "grupo": "Proteção Integral - PI", "ano": "2025", "mes_ano": "4-2025", "nm_municip": "ALTO PARAISO DE GOIAS", "nome": "Alto Paraíso de Goiás", "meso_ibge": "Norte Goiano", "micro_ibge": "Chapada dos Veadeiros", "geocodigo": 5200605.0, "area_ha": 0.061393 }, "geometry": { "type": "Polygon", "coordinates": [ [ [ -47.700272092161356, -14.070851284334534 ], [ -47.700272092161356, -14.070735673324142 ], [ -47.700002597576123, -14.070598706343819 ], [ -47.700002597576123, -14.070851284334534 ], [ -47.700272092161356, -14.070851284334534 ] ] ] } },
{ "type": "Feature", "properties": { "nome_area_": "PARQUE NACIONAL DA CHAPADA DOS VEADEIROS", "tipo_area_": "UC Federal - Proteção Integral", "esferaadmi": "Federal", "nomeunidad": "PARQUE NACIONAL DA CHAPADA DOS VEADEIROS", "grupo": "Proteção Integral - PI", "ano": "2025", "mes_ano": "7-2025", "nm_municip": "ALTO PARAISO DE GOIAS", "nome": "Alto Paraíso de Goiás", "meso_ibge": "Norte Goiano", "micro_ibge": "Chapada dos Veadeiros", "geocodigo": 5200605.0, "area_ha": 1.735927 }, "geometry": { "type": "Polygon", "coordinates": [ [ [ -47.449642127892012, -14.037703450350524 ], [ -47.450720106232957, -14.037703450350524 ], [ -47.450720106232957, -14.036355977424344 ], [ -47.449642127892012, -14.036355977424344 ], [ -47.449642127892012, -14.037703450350524 ] ] ] } },
{ "type": "Feature", "properties": { "nome_area_": "PARQUE NACIONAL DA CHAPADA DOS VEADEIROS", "tipo_area_": "UC Federal - Proteção Integral", "esferaadmi": "Federal", "nomeunidad": "PARQUE NACIONAL DA CHAPADA DOS VEADEIROS", "grupo": "Proteção Integral - PI", "ano": "2025", "mes_ano": "4-2025", "nm_municip": "CAVALCANTE", "nome": "Cavalcante", "meso_ibge": "Norte Goiano", "micro_ibge": "Chapada dos Veadeiros", "geocodigo": 5205307.0, "area_ha": 0.025391 }, "geometry": { "type": "Polygon", "coordinates": [ [ [ -47.700272092161356, -14.070581789749298 ], [ -47.700002597576123, -14.070598706343819 ], [ -47.700272092161356, -14.070735673324142 ], [ -47.700272092161356, -14.070581789749298 ] ] ] } },
{ "type": "Feature", "properties": { "nome_area_": "PARQUE NACIONAL DA CHAPADA DOS VEADEIROS", "tipo_area_": "UC Federal - Proteção Integral", "esferaadmi": "Federal", "nomeunidad": "PARQUE NACIONAL DA CHAPADA DOS VEADEIROS", "grupo": "Proteção Integral - PI", "ano": "2025", "mes_ano": "4-2025", "nm_municip": "ALTO PARAISO DE GOIAS", "nome": "Alto Paraíso de Goiás", "meso_ibge": "Norte Goiano", "micro_ibge": "Chapada dos Veadeiros", "geocodigo": 5200605.0, "area_ha": 0.086784 }, "geometry": { "type": "Polygon", "coordinates": [ [ [ -47.692456749189517, -14.070581789749298 ], [ -47.692726243774757, -14.070581789749298 ], [ -47.692726243774757, -14.070312295164062 ], [ -47.692456749189517, -14.070312295164062 ], [ -47.692456749189517, -14.070581789749298 ] ] ] } },
{ "type": "Feature", "properties": { "nome_area_": "PARQUE NACIONAL DA CHAPADA DOS VEADEIROS", "tipo_area_": "UC Federal - Proteção Integral", "esferaadmi": "Federal", "nomeunidad": "PARQUE NACIONAL DA CHAPADA DOS VEADEIROS", "grupo": "Proteção Integral - PI", "ano": "2025", "mes_ano": "4-2025", "nm_municip": "ALTO PARAISO DE GOIAS", "nome": "Alto Paraíso de Goiás", "meso_ibge": "Norte Goiano", "micro_ibge": "Chapada dos Veadeiros", "geocodigo": 5200605.0, "area_ha": 0.13899 }, "geometry": { "type": "Polygon", "coordinates": [ [ [ -47.699463608405651, -14.070312295164062 ], [ -47.699733102990891, -14.070312295164062 ], [ -47.699581637219438, -14.069773305993589 ], [ -47.699463608405651, -14.069773305993589 ], [ -47.699463608405651, -14.070312295164062 ] ] ] } },
{ "type": "Feature", "properties": { "nome_area_": "PARQUE NACIONAL DA CHAPADA DOS VEADEIROS", "tipo_area_": "UC Federal - Proteção Integral", "esferaadmi": "Federal", "nomeunidad": "PARQUE NACIONAL DA CHAPADA DOS VEADEIROS", "grupo": "Proteção Integral - PI", "ano": "2025", "mes_ano": "4-2025", "nm_municip": "CAVALCANTE", "nome": "Cavalcante", "meso_ibge": "Norte Goiano", "micro_ibge": "Chapada dos Veadeiros", "geocodigo": 5205307.0, "area_ha": 0.034579 }, "geometry": { "type": "Polygon", "coordinates": [ [ [ -47.699581637219438, -14.069773305993589 ], [ -47.69962425, -14.0698424 ], [ -47.699733102990891, -14.070188906674172 ], [ -47.699733102990891, -14.069773305993589 ], [ -47.699581637219438, -14.069773305993589 ] ] ] } },
{ "type": "Feature", "properties": { "nome_area_": "PARQUE NACIONAL DA CHAPADA DOS VEADEIROS", "tipo_area_": "UC Federal - Proteção Integral", "esferaadmi": "Federal", "nomeunidad": "PARQUE NACIONAL DA CHAPADA DOS VEADEIROS", "grupo": "Proteção Integral - PI", "ano": "2025", "mes_ano": "7-2025", "nm_municip": "ALTO PARAISO DE GOIAS", "nome": "Alto Paraíso de Goiás", "meso_ibge": "Norte Goiano", "micro_ibge": "Chapada dos Veadeiros", "geocodigo": 5200605.0, "area_ha": 0.086793 }, "geometry": { "type": "Polygon", "coordinates": [ [ [ -47.459074438375268, -14.045788287907598 ], [ -47.4593439329605, -14.045788287907598 ], [ -47.4593439329605, -14.045518793322364 ], [ -47.459074438375268, -14.045518793322364 ], [ -47.459074438375268, -14.045788287907598 ] ] ] } },
{ "type": "Feature", "properties": { "nome_area_": "PARQUE NACIONAL DA CHAPADA DOS VEADEIROS", "tipo_area_": "UC Federal - Proteção Integral", "esferaadmi": "Federal", "nomeunidad": "PARQUE NACIONAL DA CHAPADA DOS VEADEIROS", "grupo": "Proteção Integral - PI", "ano": "2025", "mes_ano": "4-2025", "nm_municip": "ALTO PARAISO DE GOIAS", "nome": "Alto Paraíso de Goiás", "meso_ibge": "Norte Goiano", "micro_ibge": "Chapada dos Veadeiros", "geocodigo": 5200605.0, "area_ha": 0.781058 }, "geometry": { "type": "Polygon", "coordinates": [ [ [ -47.688683824996218, -14.070312295164062 ], [ -47.689492308751923, -14.070312295164062 ], [ -47.689492308751923, -14.069503811408355 ], [ -47.688683824996218, -14.069503811408355 ], [ -47.688683824996218, -14.070312295164062 ] ] ] } },
{ "type": "Feature", "properties": { "nome_area_": "PARQUE NACIONAL DA CHAPADA DOS VEADEIROS", "tipo_area_": "UC Federal - Proteção Integral", "esferaadmi": "Federal", "nomeunidad": "PARQUE NACIONAL DA CHAPADA DOS VEADEIROS", "grupo": "Proteção Integral - PI", "ano": "2025", "mes_ano": "4-2025", "nm_municip": "ALTO PARAISO DE GOIAS", "nome": "Alto Paraíso de Goiás", "meso_ibge": "Norte Goiano", "micro_ibge": "Chapada dos Veadeiros", "geocodigo": 5200605.0, "area_ha": 4.252704 }, "geometry": { "type": "Polygon", "coordinates": [ [ [ -47.578460539634754, -14.056029082146562 ], [ -47.579808012560932, -14.056029082146562 ], [ -47.579808012560932, -14.054681609220383 ], [ -47.579538517975692, -14.054681609220383 ], [ -47.579538517975692, -14.053064641708968 ], [ -47.578460539634754, -14.053064641708968 ], [ -47.578460539634754, -14.056029082146562 ] ] ] } },
{ "type": "Feature", "properties": { "nome_area_": "PARQUE NACIONAL DA CHAPADA DOS VEADEIROS", "tipo_area_": "UC Federal - Proteção Integral", "esferaadmi": "Federal", "nomeunidad": "PARQUE NACIONAL DA CHAPADA DOS VEADEIROS", "grupo": "Proteção Integral - PI", "ano": "2025", "mes_ano": "7-2025", "nm_municip": "ALTO PARAISO DE GOIAS", "nome": "Alto Paraíso de Goiás", "meso_ibge": "Norte Goiano", "micro_ibge": "Chapada dos Veadeiros", "geocodigo": 5200605.0, "area_ha": 0.520762 }, "geometry": { "type": "Polygon", "coordinates": [ [ [ -47.455840503352434, -14.044710309566655 ], [ -47.457457470863851, -14.044710309566655 ], [ -47.457457470863851, -14.044440814981419 ], [ -47.455840503352434, -14.044440814981419 ], [ -47.455840503352434, -14.044710309566655 ] ] ] } },
{ "type": "Feature", "properties": { "nome_area_": "PARQUE NACIONAL DA CHAPADA DOS VEADEIROS", "tipo_area_": "UC Federal - Proteção Integral", "esferaadmi": "Federal", "nomeunidad": "PARQUE NACIONAL DA CHAPADA DOS VEADEIROS", "grupo": "Proteção Integral - PI", "ano": "2025", "mes_ano": "4-2025", "nm_municip": "ALTO PARAISO DE GOIAS", "nome": "Alto Paraíso de Goiás", "meso_ibge": "Norte Goiano", "micro_ibge": "Chapada dos Veadeiros", "geocodigo": 5200605.0, "area_ha": 0.694317 }, "geometry": { "type": "Polygon", "coordinates": [ [ [ -47.543426243554094, -14.05549009297609 ], [ -47.545582200235977, -14.05549009297609 ], [ -47.545582200235977, -14.055220598390854 ], [ -47.543426243554094, -14.055220598390854 ], [ -47.543426243554094, -14.05549009297609 ] ] ] } },
{ "type": "Feature", "properties": { "nome_area_": "PARQUE NACIONAL DA CHAPADA DOS VEADEIROS", "tipo_area_": "UC Federal - Proteção Integral", "esferaadmi": "Federal", "nomeunidad": "PARQUE NACIONAL DA CHAPADA DOS VEADEIROS", "grupo": "Proteção Integral - PI", "ano": "2025", "mes_ano": "7-2025", "nm_municip": "ALTO PARAISO DE GOIAS", "nome": "Alto Paraíso de Goiás", "meso_ibge": "Norte Goiano", "micro_ibge": "Chapada dos Veadeiros", "geocodigo": 5200605.0, "area_ha": 2.430227 }, "geometry": { "type": "Polygon", "coordinates": [ [ [ -47.452337073744374, -14.044171320396185 ], [ -47.453415052085312, -14.044171320396185 ], [ -47.453415052085312, -14.043632331225712 ], [ -47.455032019596729, -14.043632331225712 ], [ -47.455032019596729, -14.04309334205524 ], [ -47.452337073744374, -14.04309334205524 ], [ -47.452337073744374, -14.044171320396185 ] ] ] } },
{ "type": "Feature", "properties": { "nome_area_": "PARQUE NACIONAL DA CHAPADA DOS VEADEIROS", "tipo_area_": "UC Federal - Proteção Integral", "esferaadmi": "Federal", "nomeunidad": "PARQUE NACIONAL DA CHAPADA DOS VEADEIROS", "grupo": "Proteção Integral - PI", "ano": "2025", "mes_ano": "4-2025", "nm_municip": "ALTO PARAISO DE GOIAS", "nome": "Alto Paraíso de Goiás", "meso_ibge": "Norte Goiano", "micro_ibge": "Chapada dos Veadeiros", "geocodigo": 5200605.0, "area_ha": 3.298074 }, "geometry": { "type": "Polygon", "coordinates": [ [ [ -47.576035088367632, -14.050639190441844 ], [ -47.57549609919716, -14.050639190441844 ], [ -47.57549609919716, -14.051717168782787 ], [ -47.576574077538098, -14.051717168782787 ], [ -47.576574077538098, -14.050369695856608 ], [ -47.57738256129381, -14.050369695856608 ], [ -47.57738256129381, -14.049291717515665 ], [ -47.576035088367632, -14.049291717515665 ], [ -47.576035088367632, -14.050639190441844 ] ] ] } },
{ "type": "Feature", "properties": { "nome_area_": "PARQUE NACIONAL DA CHAPADA DOS VEADEIROS", "tipo_area_": "UC Federal - Proteção Integral", "esferaadmi": "Federal", "nomeunidad": "PARQUE NACIONAL DA CHAPADA DOS VEADEIROS", "grupo": "Proteção Integral - PI", "ano": "2025", "mes_ano": "7-2025", "nm_municip": "ALTO PARAISO DE GOIAS", "nome": "Alto Paraíso de Goiás", "meso_ibge": "Norte Goiano", "micro_ibge": "Chapada dos Veadeiros", "geocodigo": 5200605.0, "area_ha": 1.161228 }, "geometry": { "type": "Polygon", "coordinates": [ [ [ -47.442635268675879, -14.043311570727697 ], [ -47.442635268675879, -14.042284858299533 ], [ -47.441557290334934, -14.042284858299533 ], [ -47.441557290334934, -14.043060941069562 ], [ -47.442635268675879, -14.043311570727697 ] ] ] } },
{ "type": "Feature", "properties": { "nome_area_": "PARQUE NACIONAL DA CHAPADA DOS VEADEIROS", "tipo_area_": "UC Federal - Proteção Integral", "esferaadmi": "Federal", "nomeunidad": "PARQUE NACIONAL DA CHAPADA DOS VEADEIROS", "grupo": "Proteção Integral - PI", "ano": "2025", "mes_ano": "7-2025", "nm_municip": "ALTO PARAISO DE GOIAS", "nome": "Alto Paraíso de Goiás", "meso_ibge": "Norte Goiano", "micro_ibge": "Chapada dos Veadeiros", "geocodigo": 5200605.0, "area_ha": 0.086794 }, "geometry": { "type": "Polygon", "coordinates": [ [ [ -47.455032019596729, -14.042554352884769 ], [ -47.455301514181969, -14.042554352884769 ], [ -47.455301514181969, -14.042284858299533 ], [ -47.455032019596729, -14.042284858299533 ], [ -47.455032019596729, -14.042554352884769 ] ] ] } },
{ "type": "Feature", "properties": { "nome_area_": "PARQUE NACIONAL DA CHAPADA DOS VEADEIROS", "tipo_area_": "UC Federal - Proteção Integral", "esferaadmi": "Federal", "nomeunidad": "PARQUE NACIONAL DA CHAPADA DOS VEADEIROS", "grupo": "Proteção Integral - PI", "ano": "2025", "mes_ano": "4-2025", "nm_municip": "ALTO PARAISO DE GOIAS", "nome": "Alto Paraíso de Goiás", "meso_ibge": "Norte Goiano", "micro_ibge": "Chapada dos Veadeiros", "geocodigo": 5200605.0, "area_ha": 0.433962 }, "geometry": { "type": "Polygon", "coordinates": [ [ [ -47.537227868093666, -14.04767475000425 ], [ -47.538575341019843, -14.04767475000425 ], [ -47.538575341019843, -14.047405255419013 ], [ -47.537227868093666, -14.047405255419013 ], [ -47.537227868093666, -14.04767475000425 ] ] ] } },
{ "type": "Feature", "properties": { "nome_area_": "PARQUE NACIONAL DA CHAPADA DOS VEADEIROS", "tipo_area_": "UC Federal - Proteção Integral", "esferaadmi": "Federal", "nomeunidad": "PARQUE NACIONAL DA CHAPADA DOS VEADEIROS", "grupo": "Proteção Integral - PI", "ano": "2025", "mes_ano": "7-2025", "nm_municip": "ALTO PARAISO DE GOIAS", "nome": "Alto Paraíso de Goiás", "meso_ibge": "Norte Goiano", "micro_ibge": "Chapada dos Veadeiros", "geocodigo": 5200605.0, "area_ha": 0.173589 }, "geometry": { "type": "Polygon", "coordinates": [ [ [ -47.4593439329605, -14.042284858299533 ], [ -47.45961342754574, -14.042284858299533 ], [ -47.45961342754574, -14.041745869129061 ], [ -47.4593439329605, -14.041745869129061 ], [ -47.4593439329605, -14.042284858299533 ] ] ] } },
{ "type": "Feature", "properties": { "nome_area_": "PARQUE NACIONAL DA CHAPADA DOS VEADEIROS", "tipo_area_": "UC Federal - Proteção Integral", "esferaadmi": "Federal", "nomeunidad": "PARQUE NACIONAL DA CHAPADA DOS VEADEIROS", "grupo": "Proteção Integral - PI", "ano": "2025", "mes_ano": "4-2025", "nm_municip": "ALTO PARAISO DE GOIAS", "nome": "Alto Paraíso de Goiás", "meso_ibge": "Norte Goiano", "micro_ibge": "Chapada dos Veadeiros", "geocodigo": 5200605.0, "area_ha": 1.041516 }, "geometry": { "type": "Polygon", "coordinates": [ [ [ -47.541809276042677, -14.046057782492834 ], [ -47.54019230853126, -14.046057782492834 ], [ -47.54019230853126, -14.046596771663307 ], [ -47.540731297701733, -14.046596771663307 ], [ -47.540731297701733, -14.04632727707807 ], [ -47.54207877062791, -14.04632727707807 ], [ -47.54207877062791, -14.045249298737128 ], [ -47.541809276042677, -14.045249298737128 ], [ -47.541809276042677, -14.046057782492834 ] ] ] } },
{ "type": "Feature", "properties": { "nome_area_": "PARQUE NACIONAL DA CHAPADA DOS VEADEIROS", "tipo_area_": "UC Federal - Proteção Integral", "esferaadmi": "Federal", "nomeunidad": "PARQUE NACIONAL DA CHAPADA DOS VEADEIROS", "grupo": "Proteção Integral - PI", "ano": "2025", "mes_ano": "7-2025", "nm_municip": "ALTO PARAISO DE GOIAS", "nome": "Alto Paraíso de Goiás", "meso_ibge": "Norte Goiano", "micro_ibge": "Chapada dos Veadeiros", "geocodigo": 5200605.0, "area_ha": 1.8227 }, "geometry": { "type": "Polygon", "coordinates": [ [ [ -47.459882922130973, -14.04120687995859 ], [ -47.460421911301445, -14.04120687995859 ], [ -47.460421911301445, -14.040128901617646 ], [ -47.461230395057157, -14.040128901617646 ], [ -47.461230395057157, -14.039859407032409 ], [ -47.460960900471918, -14.039859407032409 ], [ -47.460960900471918, -14.039320417861939 ], [ -47.459882922130973, -14.039320417861939 ], [ -47.459882922130973, -14.04120687995859 ] ] ] } },
{ "type": "Feature", "properties": { "nome_area_": "PARQUE NACIONAL DA CHAPADA DOS VEADEIROS", "tipo_area_": "UC Federal - Proteção Integral", "esferaadmi": "Federal", "nomeunidad": "PARQUE NACIONAL DA CHAPADA DOS VEADEIROS", "grupo": "Proteção Integral - PI", "ano": "2025", "mes_ano": "4-2025", "nm_municip": "ALTO PARAISO DE GOIAS", "nome": "Alto Paraíso de Goiás", "meso_ibge": "Norte Goiano", "micro_ibge": "Chapada dos Veadeiros", "geocodigo": 5200605.0, "area_ha": 1.388591 }, "geometry": { "type": "Polygon", "coordinates": [ [ [ -47.615381297812064, -14.063035941362694 ], [ -47.616459276153009, -14.063035941362694 ], [ -47.616459276153009, -14.061957963021751 ], [ -47.615381297812064, -14.061957963021751 ], [ -47.615381297812064, -14.063035941362694 ] ] ] } },
{ "type": "Feature", "properties": { "nome_area_": "PARQUE NACIONAL DA CHAPADA DOS VEADEIROS", "tipo_area_": "UC Federal - Proteção Integral", "esferaadmi": "Federal", "nomeunidad": "PARQUE NACIONAL DA CHAPADA DOS VEADEIROS", "grupo": "Proteção Integral - PI", "ano": "2025", "mes_ano": "4-2025", "nm_municip": "ALTO PARAISO DE GOIAS", "nome": "Alto Paraíso de Goiás", "meso_ibge": "Norte Goiano", "micro_ibge": "Chapada dos Veadeiros", "geocodigo": 5200605.0, "area_ha": 1.648976 }, "geometry": { "type": "Polygon", "coordinates": [ [ [ -47.554206026963527, -14.05872402799892 ], [ -47.553667037793055, -14.05872402799892 ], [ -47.553667037793055, -14.058993522584156 ], [ -47.55447552154876, -14.058993522584156 ], [ -47.55447552154876, -14.059802006339863 ], [ -47.555284005304472, -14.059802006339863 ], [ -47.555284005304472, -14.058454533413684 ], [ -47.554206026963527, -14.058454533413684 ], [ -47.554206026963527, -14.05872402799892 ] ] ] } },
{ "type": "Feature", "properties": { "nome_area_": "PARQUE NACIONAL DA CHAPADA DOS VEADEIROS", "tipo_area_": "UC Federal - Proteção Integral", "esferaadmi": "Federal", "nomeunidad": "PARQUE NACIONAL DA CHAPADA DOS VEADEIROS", "grupo": "Proteção Integral - PI", "ano": "2025", "mes_ano": "4-2025", "nm_municip": "ALTO PARAISO DE GOIAS", "nome": "Alto Paraíso de Goiás", "meso_ibge": "Norte Goiano", "micro_ibge": "Chapada dos Veadeiros", "geocodigo": 5200605.0, "area_ha": 0.607524 }, "geometry": { "type": "Polygon", "coordinates": [ [ [ -47.545582200235977, -14.057107060487505 ], [ -47.546390683991689, -14.057107060487505 ], [ -47.546390683991689, -14.056837565902269 ], [ -47.546121189406449, -14.056837565902269 ], [ -47.546121189406449, -14.056298576731798 ], [ -47.545582200235977, -14.056298576731798 ], [ -47.545582200235977, -14.057107060487505 ] ] ] } },
{ "type": "Feature", "properties": { "nome_area_": "PARQUE NACIONAL DA CHAPADA DOS VEADEIROS", "tipo_area_": "UC Federal - Proteção Integral", "esferaadmi": "Federal", "nomeunidad": "PARQUE NACIONAL DA CHAPADA DOS VEADEIROS", "grupo": "Proteção Integral - PI", "ano": "2025", "mes_ano": "6-2025", "nm_municip": "NOVA ROMA", "nome": "Nova Roma", "meso_ibge": "Norte Goiano", "micro_ibge": "Chapada dos Veadeiros", "geocodigo": 5214903.0, "area_ha": 10.423365 }, "geometry": { "type": "Polygon", "coordinates": [ [ [ -47.1950727264229, -13.96117324527428 ], [ -47.193753813317848, -13.960358504387832 ], [ -47.193735320095449, -13.960358504387832 ], [ -47.1950727264229, -13.96117324527428 ] ] ] } },
{ "type": "Feature", "properties": { "nome_area_": "PARQUE NACIONAL DA CHAPADA DOS VEADEIROS", "tipo_area_": "UC Federal - Proteção Integral", "esferaadmi": "Federal", "nomeunidad": "PARQUE NACIONAL DA CHAPADA DOS VEADEIROS", "grupo": "Proteção Integral - PI", "ano": "2025", "mes_ano": "6-2025", "nm_municip": "ALTO PARAISO DE GOIAS", "nome": "Alto Paraíso de Goiás", "meso_ibge": "Norte Goiano", "micro_ibge": "Chapada dos Veadeiros", "geocodigo": 5200605.0, "area_ha": 25.087898 }, "geometry": { "type": "Polygon", "coordinates": [ [ [ -47.197274347234064, -13.96251446106972 ], [ -47.197395196111252, -13.96251446106972 ], [ -47.197395196111252, -13.962588081568819 ], [ -47.197716725626393, -13.962783955654956 ], [ -47.199281658207902, -13.962783955654956 ], [ -47.199281658207902, -13.96305345024019 ], [ -47.199820647378374, -13.96305345024019 ], [ -47.199820647378374, -13.963592439410663 ], [ -47.200359636548846, -13.963592439410663 ], [ -47.200359636548846, -13.96439400306056 ], [ -47.201707109475024, -13.964400923166369 ], [ -47.201707109475024, -13.963322944825427 ], [ -47.200898625719319, -13.963322944825427 ], [ -47.200898625719319, -13.96251446106972 ], [ -47.200359636548846, -13.96251446106972 ], [ -47.200359636548846, -13.961705977314011 ], [ -47.198203679866957, -13.961705977314011 ], [ -47.198203679866957, -13.959280526046889 ], [ -47.200359636548846, -13.959280526046889 ], [ -47.200359636548846, -13.958202547705946 ], [ -47.200090141963607, -13.958202547705946 ], [ -47.200090141963607, -13.957663558535474 ], [ -47.199820647378374, -13.957663558535474 ], [ -47.199820647378374, -13.955507601853586 ], [ -47.200090141963607, -13.955507601853586 ], [ -47.200090141963607, -13.954429623512643 ], [ -47.199820647378374, -13.954429623512643 ], [ -47.199820647378374, -13.954160128927407 ], [ -47.199551152793134, -13.954160128927407 ], [ -47.199551152793134, -13.953890634342173 ], [ -47.197664690696485, -13.953890634342173 ], [ -47.197664690696485, -13.95523810726835 ], [ -47.198473174452197, -13.95523810726835 ], [ -47.198473174452197, -13.959011031461653 ], [ -47.197125701526012, -13.959011031461653 ], [ -47.197125701526012, -13.960627998973068 ], [ -47.19470025025889, -13.960627998973068 ], [ -47.19470025025889, -13.960358504387832 ], [ -47.193753813317848, -13.960358504387832 ], [ -47.197274347234064, -13.96251446106972 ] ] ] } },
{ "type": "Feature", "properties": { "nome_area_": "PARQUE NACIONAL DA CHAPADA DOS VEADEIROS", "tipo_area_": "UC Federal - Proteção Integral", "esferaadmi": "Federal", "nomeunidad": "PARQUE NACIONAL DA CHAPADA DOS VEADEIROS", "grupo": "Proteção Integral - PI", "ano": "2025", "mes_ano": "6-2025", "nm_municip": "ALTO PARAISO DE GOIAS", "nome": "Alto Paraíso de Goiás", "meso_ibge": "Norte Goiano", "micro_ibge": "Chapada dos Veadeiros", "geocodigo": 5200605.0, "area_ha": 286.152976 }, "geometry": { "type": "Polygon", "coordinates": [ [ [ -47.176344406511681, -13.940954894250851 ], [ -47.176734422999971, -13.941629924999972 ], [ -47.176896776999968, -13.942851056999928 ], [ -47.176542084999937, -13.944634435999944 ], [ -47.176010623708926, -13.946344785955567 ], [ -47.176913607633324, -13.946344785955567 ], [ -47.176913607633324, -13.945805796785097 ], [ -47.177452596803796, -13.945805796785097 ], [ -47.177452596803796, -13.943919334688445 ], [ -47.179608553485686, -13.943919334688445 ], [ -47.179608553485686, -13.944188829273681 ], [ -47.179878048070918, -13.944188829273681 ], [ -47.179878048070918, -13.944727818444154 ], [ -47.183920466849457, -13.944727818444154 ], [ -47.183920466849457, -13.945266807614624 ], [ -47.184189961434697, -13.945266807614624 ], [ -47.184189961434697, -13.94553630219986 ], [ -47.186615412701819, -13.94553630219986 ], [ -47.186615412701819, -13.945266807614624 ], [ -47.189849347724646, -13.945266807614624 ], [ -47.189849347724646, -13.944997313029388 ], [ -47.190657831480351, -13.944997313029388 ], [ -47.190657831480351, -13.944727818444154 ], [ -47.19281378816224, -13.944727818444154 ], [ -47.19281378816224, -13.948231248052219 ], [ -47.191196820650823, -13.948231248052219 ], [ -47.191196820650823, -13.949309226393162 ], [ -47.191735809821296, -13.949309226393162 ], [ -47.191735809821296, -13.95469911809788 ], [ -47.191466315236063, -13.95469911809788 ], [ -47.191466315236063, -13.956046591024059 ], [ -47.192274798991768, -13.956046591024059 ], [ -47.192274798991768, -13.95793305312071 ], [ -47.192544293577008, -13.95793305312071 ], [ -47.192544293577008, -13.958202547705946 ], [ -47.194161261088418, -13.958202547705946 ], [ -47.194161261088418, -13.95793305312071 ], [ -47.194430755673658, -13.95793305312071 ], [ -47.194430755673658, -13.956316085609295 ], [ -47.19496974484413, -13.956316085609295 ], [ -47.19496974484413, -13.954968612683116 ], [ -47.195508734014602, -13.954968612683116 ], [ -47.195508734014602, -13.951734677660285 ], [ -47.197125701526012, -13.951734677660285 ], [ -47.197125701526012, -13.951465183075049 ], [ -47.197395196111252, -13.951465183075049 ], [ -47.197395196111252, -13.951195688489813 ], [ -47.197934185281724, -13.951195688489813 ], [ -47.197934185281724, -13.950926193904577 ], [ -47.198203679866957, -13.950926193904577 ], [ -47.198203679866957, -13.950656699319342 ], [ -47.198473174452197, -13.950656699319342 ], [ -47.198473174452197, -13.95011771014887 ], [ -47.199012163622669, -13.95011771014887 ], [ -47.199012163622669, -13.949848215563634 ], [ -47.200629131134079, -13.949848215563634 ], [ -47.200629131134079, -13.949309226393162 ], [ -47.201437614889791, -13.949309226393162 ], [ -47.201437614889791, -13.948770237222691 ], [ -47.201707109475024, -13.948770237222691 ], [ -47.201707109475024, -13.948500742637455 ], [ -47.201976604060263, -13.948500742637455 ], [ -47.201976604060263, -13.947961753466982 ], [ -47.202246098645496, -13.947961753466982 ], [ -47.202246098645496, -13.947422764296512 ], [ -47.202785087815968, -13.947422764296512 ], [ -47.202785087815968, -13.946075291370333 ], [ -47.203054582401208, -13.946075291370333 ], [ -47.203054582401208, -13.94553630219986 ], [ -47.203324076986441, -13.94553630219986 ], [ -47.203324076986441, -13.944727818444154 ], [ -47.203593571571673, -13.944727818444154 ], [ -47.203593571571673, -13.944458323858917 ], [ -47.204132560742146, -13.944458323858917 ], [ -47.204132560742146, -13.944188829273681 ], [ -47.204402055327385, -13.944188829273681 ], [ -47.204402055327385, -13.943919334688445 ], [ -47.204941044497858, -13.943919334688445 ], [ -47.204941044497858, -13.942841356347502 ], [ -47.203324076986441, -13.942841356347502 ], [ -47.203324076986441, -13.943110850932738 ], [ -47.203054582401208, -13.943110850932738 ], [ -47.203054582401208, -13.943380345517973 ], [ -47.202246098645496, -13.943380345517973 ], [ -47.202246098645496, -13.943649840103209 ], [ -47.201707109475024, -13.943649840103209 ], [ -47.201707109475024, -13.943919334688445 ], [ -47.201168120304551, -13.943919334688445 ], [ -47.201168120304551, -13.947153269711276 ], [ -47.200090141963607, -13.947153269711276 ], [ -47.200090141963607, -13.947692258881748 ], [ -47.198203679866957, -13.947692258881748 ], [ -47.198203679866957, -13.948770237222691 ], [ -47.196047723185075, -13.948770237222691 ], [ -47.196047723185075, -13.94553630219986 ], [ -47.197664690696485, -13.94553630219986 ], [ -47.197664690696485, -13.943649840103209 ], [ -47.197934185281724, -13.943649840103209 ], [ -47.197934185281724, -13.94230236717703 ], [ -47.198203679866957, -13.94230236717703 ], [ -47.198203679866957, -13.942032872591794 ], [ -47.198473174452197, -13.942032872591794 ], [ -47.198473174452197, -13.941763378006559 ], [ -47.198742669037429, -13.941763378006559 ], [ -47.198742669037429, -13.940146410495144 ], [ -47.199551152793134, -13.940146410495144 ], [ -47.199551152793134, -13.939607421324672 ], [ -47.199820647378374, -13.939607421324672 ], [ -47.199820647378374, -13.938529442983729 ], [ -47.197395196111252, -13.938529442983729 ], [ -47.197395196111252, -13.93772095922802 ], [ -47.197125701526012, -13.93772095922802 ], [ -47.197125701526012, -13.937451464642784 ], [ -47.196317217770307, -13.937451464642784 ], [ -47.196317217770307, -13.937181970057548 ], [ -47.196047723185075, -13.937181970057548 ], [ -47.196047723185075, -13.936642980887077 ], [ -47.19496974484413, -13.936642980887077 ], [ -47.19496974484413, -13.939876915909908 ], [ -47.192544293577008, -13.939876915909908 ], [ -47.192544293577008, -13.939337926739436 ], [ -47.191196820650823, -13.939337926739436 ], [ -47.191196820650823, -13.938798937568965 ], [ -47.190927326065591, -13.938798937568965 ], [ -47.190927326065591, -13.938259948398493 ], [ -47.190657831480351, -13.938259948398493 ], [ -47.190657831480351, -13.93772095922802 ], [ -47.190388336895118, -13.93772095922802 ], [ -47.190388336895118, -13.937451464642784 ], [ -47.189579853139414, -13.937451464642784 ], [ -47.189579853139414, -13.937181970057548 ], [ -47.189040863968941, -13.937181970057548 ], [ -47.189040863968941, -13.936373486301841 ], [ -47.184998445190402, -13.936373486301841 ], [ -47.184998445190402, -13.933409045864247 ], [ -47.187693391042757, -13.933409045864247 ], [ -47.187693391042757, -13.934217529619954 ], [ -47.188771369383701, -13.934217529619954 ], [ -47.188771369383701, -13.933948035034719 ], [ -47.189310358554174, -13.933948035034719 ], [ -47.189310358554174, -13.933409045864247 ], [ -47.189579853139414, -13.933409045864247 ], [ -47.189579853139414, -13.932331067523304 ], [ -47.186615412701819, -13.932331067523304 ], [ -47.186615412701819, -13.931792078352832 ], [ -47.186345918116579, -13.931792078352832 ], [ -47.186345918116579, -13.930175110841416 ], [ -47.185267939775635, -13.930175110841416 ], [ -47.185267939775635, -13.930444605426652 ], [ -47.184728950605162, -13.930444605426652 ], [ -47.184728950605162, -13.930714100011889 ], [ -47.18068653182663, -13.930714100011889 ], [ -47.18068653182663, -13.932061572938068 ], [ -47.182034004752808, -13.932061572938068 ], [ -47.182034004752808, -13.93260056210854 ], [ -47.18230349933804, -13.93260056210854 ], [ -47.18230349933804, -13.933409045864247 ], [ -47.182842488508513, -13.933409045864247 ], [ -47.182842488508513, -13.936103991716605 ], [ -47.18257299392328, -13.936103991716605 ], [ -47.18257299392328, -13.939337926739436 ], [ -47.181764510167568, -13.939337926739436 ], [ -47.181764510167568, -13.94230236717703 ], [ -47.179069564315213, -13.94230236717703 ], [ -47.179069564315213, -13.940415905080378 ], [ -47.177991585974269, -13.940415905080378 ], [ -47.177991585974269, -13.940146410495144 ], [ -47.177722091389036, -13.940146410495144 ], [ -47.177722091389036, -13.937990453813256 ], [ -47.176644113048091, -13.937990453813256 ], [ -47.176644113048091, -13.940954894250851 ], [ -47.176344406511681, -13.940954894250851 ] ], [ [ -47.191196820650823, -13.94230236717703 ], [ -47.193352777332713, -13.94230236717703 ], [ -47.193352777332713, -13.944458323858917 ], [ -47.191196820650823, -13.944458323858917 ], [ -47.191196820650823, -13.94230236717703 ] ] ] } },
{ "type": "Feature", "properties": { "nome_area_": "PARQUE NACIONAL DA CHAPADA DOS VEADEIROS", "tipo_area_": "UC Federal - Proteção Integral", "esferaadmi": "Federal", "nomeunidad": "PARQUE NACIONAL DA CHAPADA DOS VEADEIROS", "grupo": "Proteção Integral - PI", "ano": "2025", "mes_ano": "6-2025", "nm_municip": "ALTO PARAISO DE GOIAS", "nome": "Alto Paraíso de Goiás", "meso_ibge": "Norte Goiano", "micro_ibge": "Chapada dos Veadeiros", "geocodigo": 5200605.0, "area_ha": 7.033867 }, "geometry": { "type": "Polygon", "coordinates": [ [ [ -47.174823176999951, -13.922361766999927 ], [ -47.175027145536674, -13.923707240795757 ], [ -47.175027145536674, -13.924246229966228 ], [ -47.175296640121914, -13.924246229966228 ], [ -47.175296640121914, -13.924515724551464 ], [ -47.175566134707147, -13.924515724551464 ], [ -47.175566134707147, -13.925593702892407 ], [ -47.176105123877619, -13.925593702892407 ], [ -47.176105123877619, -13.926132692062879 ], [ -47.177183102218564, -13.926132692062879 ], [ -47.177183102218564, -13.924515724551464 ], [ -47.176913607633324, -13.924515724551464 ], [ -47.176913607633324, -13.923976735380991 ], [ -47.176644113048091, -13.923976735380991 ], [ -47.176644113048091, -13.923707240795757 ], [ -47.176374618462852, -13.923707240795757 ], [ -47.176374618462852, -13.922359767869576 ], [ -47.174823176999951, -13.922361766999927 ] ] ] } },
{ "type": "Feature", "properties": { "nome_area_": "PARQUE NACIONAL DA CHAPADA DOS VEADEIROS", "tipo_area_": "UC Federal - Proteção Integral", "esferaadmi": "Federal", "nomeunidad": "PARQUE NACIONAL DA CHAPADA DOS VEADEIROS", "grupo": "Proteção Integral - PI", "ano": "2025", "mes_ano": "6-2025", "nm_municip": "ALTO PARAISO DE GOIAS", "nome": "Alto Paraíso de Goiás", "meso_ibge": "Norte Goiano", "micro_ibge": "Chapada dos Veadeiros", "geocodigo": 5200605.0, "area_ha": 23.446673 }, "geometry": { "type": "Polygon", "coordinates": [ [ [ -47.173807609228881, -13.911310489874907 ], [ -47.173410178025257, -13.911799421608206 ], [ -47.173410178025257, -13.912927457386322 ], [ -47.172763021705606, -13.912927457386322 ], [ -47.172564936999947, -13.913518641999929 ], [ -47.172538110999938, -13.913854844999946 ], [ -47.172690922999948, -13.914685711999937 ], [ -47.17317933299995, -13.915744005999954 ], [ -47.17403007799993, -13.91712843199997 ], [ -47.174549767999963, -13.918424002999927 ], [ -47.175198279094246, -13.919395327431982 ], [ -47.176105123877619, -13.919395327431982 ], [ -47.176105123877619, -13.917508865335332 ], [ -47.175835629292379, -13.917508865335332 ], [ -47.175835629292379, -13.916161392409151 ], [ -47.175566134707147, -13.916161392409151 ], [ -47.175566134707147, -13.915891897823917 ], [ -47.175296640121914, -13.915891897823917 ], [ -47.175296640121914, -13.915083414068208 ], [ -47.174218661780969, -13.915083414068208 ], [ -47.174218661780969, -13.912657962801086 ], [ -47.174757650951442, -13.912657962801086 ], [ -47.174757650951442, -13.911310489874907 ], [ -47.173807609228881, -13.911310489874907 ] ] ] } },
{ "type": "Feature", "properties": { "nome_area_": "PARQUE NACIONAL DA CHAPADA DOS VEADEIROS", "tipo_area_": "UC Federal - Proteção Integral", "esferaadmi": "Federal", "nomeunidad": "PARQUE NACIONAL DA CHAPADA DOS VEADEIROS", "grupo": "Proteção Integral - PI", "ano": "2025", "mes_ano": "6-2025", "nm_municip": "ALTO PARAISO DE GOIAS", "nome": "Alto Paraíso de Goiás", "meso_ibge": "Norte Goiano", "micro_ibge": "Chapada dos Veadeiros", "geocodigo": 5200605.0, "area_ha": 2.083977 }, "geometry": { "type": "Polygon", "coordinates": [ [ [ -47.207635990350212, -13.939876915909908 ], [ -47.208713968691157, -13.939876915909908 ], [ -47.208713968691157, -13.939607421324672 ], [ -47.208983463276397, -13.939607421324672 ], [ -47.208983463276397, -13.938529442983729 ], [ -47.207635990350212, -13.938529442983729 ], [ -47.207635990350212, -13.939876915909908 ] ] ] } },
{ "type": "Feature", "properties": { "nome_area_": "PARQUE NACIONAL DA CHAPADA DOS VEADEIROS", "tipo_area_": "UC Federal - Proteção Integral", "esferaadmi": "Federal", "nomeunidad": "PARQUE NACIONAL DA CHAPADA DOS VEADEIROS", "grupo": "Proteção Integral - PI", "ano": "2025", "mes_ano": "6-2025", "nm_municip": "ALTO PARAISO DE GOIAS", "nome": "Alto Paraíso de Goiás", "meso_ibge": "Norte Goiano", "micro_ibge": "Chapada dos Veadeiros", "geocodigo": 5200605.0, "area_ha": 4.341696 }, "geometry": { "type": "Polygon", "coordinates": [ [ [ -47.174775718302968, -13.933678540449483 ], [ -47.17445933250827, -13.934756518790426 ], [ -47.174757650951442, -13.934756518790426 ], [ -47.174757650951442, -13.935295507960898 ], [ -47.175296640121914, -13.935295507960898 ], [ -47.175296640121914, -13.936373486301841 ], [ -47.176374618462852, -13.936373486301841 ], [ -47.176374618462852, -13.934756518790426 ], [ -47.176105123877619, -13.934756518790426 ], [ -47.176105123877619, -13.934217529619954 ], [ -47.175296640121914, -13.934217529619954 ], [ -47.175296640121914, -13.933678540449483 ], [ -47.174775718302968, -13.933678540449483 ] ] ] } },
{ "type": "Feature", "properties": { "nome_area_": "PARQUE NACIONAL DA CHAPADA DOS VEADEIROS", "tipo_area_": "UC Federal - Proteção Integral", "esferaadmi": "Federal", "nomeunidad": "PARQUE NACIONAL DA CHAPADA DOS VEADEIROS", "grupo": "Proteção Integral - PI", "ano": "2025", "mes_ano": "10-2025", "nm_municip": "ALTO PARAISO DE GOIAS", "nome": "Alto Paraíso de Goiás", "meso_ibge": "Norte Goiano", "micro_ibge": "Chapada dos Veadeiros", "geocodigo": 5200605.0, "area_ha": 8.035018 }, "geometry": { "type": "MultiPolygon", "coordinates": [ [ [ [ -47.703546335999931, -14.075959284999954 ], [ -47.702308706999986, -14.074139575999936 ], [ -47.702158554258013, -14.073761891106246 ], [ -47.702158554258013, -14.074354713942601 ], [ -47.702428048843245, -14.074354713942601 ], [ -47.702428048843245, -14.07570218686878 ], [ -47.702967038013718, -14.07570218686878 ], [ -47.702967038013718, -14.075971681454014 ], [ -47.703546335999931, -14.075959284999954 ] ] ], [ [ [ -47.70095497899996, -14.071628603999955 ], [ -47.700811081331828, -14.071415535611081 ], [ -47.700811081331828, -14.071659768090241 ], [ -47.70095497899996, -14.071628603999955 ] ] ], [ [ [ -47.700583646999974, -14.071078774999933 ], [ -47.700541586746596, -14.070994809061755 ], [ -47.700541586746596, -14.07112077891977 ], [ -47.700583646999974, -14.071078774999933 ] ] ], [ [ [ -47.69919111, -14.06923159 ], [ -47.697307651723762, -14.067966832860746 ], [ -47.697307651723762, -14.068964822237882 ], [ -47.698655124649946, -14.068964822237882 ], [ -47.698655124649946, -14.069234316823119 ], [ -47.698924619235179, -14.069234316823119 ], [ -47.698924619235179, -14.069503811408355 ], [ -47.699412873190525, -14.069503811408355 ], [ -47.69919111, -14.06923159 ] ] ], [ [ [ -47.69566456299998, -14.067585325999971 ], [ -47.695588303187229, -14.067617349311703 ], [ -47.696442697203167, -14.067617349311703 ], [ -47.69566456299998, -14.067585325999971 ] ] ], [ [ [ -47.69326523294523, -14.069427699486065 ], [ -47.692477272999952, -14.07002831799997 ], [ -47.692030989479534, -14.070191650953563 ], [ -47.69182845, -14.07052889 ], [ -47.69163451, -14.07057533 ], [ -47.69140768, -14.0705205 ], [ -47.69014664, -14.06992435 ], [ -47.68955257, -14.06948774 ], [ -47.68900028, -14.06903953 ], [ -47.688414330410978, -14.068241962211173 ], [ -47.688414330410978, -14.068964822237882 ], [ -47.688683824996218, -14.068964822237882 ], [ -47.688683824996218, -14.069503811408355 ], [ -47.689492308751923, -14.069503811408355 ], [ -47.689492308751923, -14.070312295164062 ], [ -47.690300792507635, -14.070312295164062 ], [ -47.690300792507635, -14.070581789749298 ], [ -47.692456749189517, -14.070581789749298 ], [ -47.692456749189517, -14.070312295164062 ], [ -47.69299573835999, -14.070312295164062 ], [ -47.69299573835999, -14.070042800578825 ], [ -47.69326523294523, -14.070042800578825 ], [ -47.69326523294523, -14.069427699486065 ] ] ], [ [ [ -47.688323967565097, -14.068156338482176 ], [ -47.687639812999976, -14.067727660999935 ], [ -47.686797362899568, -14.067684296632695 ], [ -47.686797362899568, -14.068156338482176 ], [ -47.688323967565097, -14.068156338482176 ] ] ], [ [ [ -47.70042169, -14.07083167 ], [ -47.700272092161356, -14.070735673324142 ], [ -47.700272092161356, -14.070851284334534 ], [ -47.70042169, -14.07083167 ] ] ], [ [ [ -47.69995304, -14.07057731 ], [ -47.69984854, -14.07049346 ], [ -47.699733102990891, -14.070188906674172 ], [ -47.699733102990891, -14.070581789749298 ], [ -47.69995304, -14.07057731 ] ] ], [ [ [ -47.699581637219438, -14.069773305993589 ], [ -47.699463608405651, -14.069583538632781 ], [ -47.699463608405651, -14.069773305993589 ], [ -47.699581637219438, -14.069773305993589 ] ] ] ] } },
{ "type": "Feature", "properties": { "nome_area_": "PARQUE NACIONAL DA CHAPADA DOS VEADEIROS", "tipo_area_": "UC Federal - Proteção Integral", "esferaadmi": "Federal", "nomeunidad": "PARQUE NACIONAL DA CHAPADA DOS VEADEIROS", "grupo": "Proteção Integral - PI", "ano": "2025", "mes_ano": "10-2025", "nm_municip": "CAVALCANTE", "nome": "Cavalcante", "meso_ibge": "Norte Goiano", "micro_ibge": "Chapada dos Veadeiros", "geocodigo": 5205307.0, "area_ha": 429.192246 }, "geometry": { "type": "MultiPolygon", "coordinates": [ [ [ [ -47.700320784999974, -14.070554016999949 ], [ -47.699469520999969, -14.069409321999956 ], [ -47.698691244999964, -14.068718885999942 ], [ -47.698241817999985, -14.06842058999996 ], [ -47.697607786411396, -14.068139477419408 ], [ -47.69919111, -14.06923159 ], [ -47.699463608405651, -14.069503811408355 ], [ -47.699581637219438, -14.069773305993589 ], [ -47.699733102990891, -14.069773305993589 ], [ -47.699733102990891, -14.070188906674172 ], [ -47.69984854, -14.07049346 ], [ -47.699963415862285, -14.070581789749298 ], [ -47.700272092161356, -14.070581789749298 ], [ -47.700272092161356, -14.070735673324142 ], [ -47.700469692279341, -14.070851284334534 ], [ -47.700320784999974, -14.070554016999949 ] ] ], [ [ [ -47.697307651723762, -14.067913410129815 ], [ -47.6973857, -14.06803923 ], [ -47.69757905742312, -14.068119102750261 ], [ -47.697307651723762, -14.067913410129815 ] ] ], [ [ [ -47.691519848999974, -14.070197357999973 ], [ -47.690746996999962, -14.069968507999931 ], [ -47.689985862999947, -14.069594453999969 ], [ -47.688414330410978, -14.068226639354371 ], [ -47.68900028, -14.06903953 ], [ -47.69014664, -14.06992435 ], [ -47.69163451, -14.07057533 ], [ -47.69182845, -14.07052889 ], [ -47.692030989479534, -14.070191650953563 ], [ -47.691519848999974, -14.070197357999973 ] ] ] ] } },
{ "type": "Feature", "properties": { "nome_area_": "PARQUE NACIONAL DA CHAPADA DOS VEADEIROS", "tipo_area_": "UC Federal - Proteção Integral", "esferaadmi": "Federal", "nomeunidad": "PARQUE NACIONAL DA CHAPADA DOS VEADEIROS", "grupo": "Proteção Integral - PI", "ano": "2025", "mes_ano": "10-2025", "nm_municip": "ALTO PARAISO DE GOIAS", "nome": "Alto Paraíso de Goiás", "meso_ibge": "Norte Goiano", "micro_ibge": "Chapada dos Veadeiros", "geocodigo": 5200605.0, "area_ha": 1.735647 }, "geometry": { "type": "Polygon", "coordinates": [ [ [ -47.67035819320018, -14.07570218686878 ], [ -47.671436171541124, -14.07570218686878 ], [ -47.671436171541124, -14.074354713942601 ], [ -47.67035819320018, -14.074354713942601 ], [ -47.67035819320018, -14.07570218686878 ] ] ] } },
{ "type": "Feature", "properties": { "nome_area_": "PARQUE NACIONAL DA CHAPADA DOS VEADEIROS", "tipo_area_": "UC Federal - Proteção Integral", "esferaadmi": "Federal", "nomeunidad": "PARQUE NACIONAL DA CHAPADA DOS VEADEIROS", "grupo": "Proteção Integral - PI", "ano": "2025", "mes_ano": "10-2025", "nm_municip": "ALTO PARAISO DE GOIAS", "nome": "Alto Paraíso de Goiás", "meso_ibge": "Norte Goiano", "micro_ibge": "Chapada dos Veadeiros", "geocodigo": 5200605.0, "area_ha": 0.260347 }, "geometry": { "type": "Polygon", "coordinates": [ [ [ -47.695151695041879, -14.075163197698307 ], [ -47.695960178797584, -14.075163197698307 ], [ -47.695960178797584, -14.074893703113071 ], [ -47.695151695041879, -14.074893703113071 ], [ -47.695151695041879, -14.075163197698307 ] ] ] } },
{ "type": "Feature", "properties": { "nome_area_": "PARQUE NACIONAL DA CHAPADA DOS VEADEIROS", "tipo_area_": "UC Federal - Proteção Integral", "esferaadmi": "Federal", "nomeunidad": "PARQUE NACIONAL DA CHAPADA DOS VEADEIROS", "grupo": "Proteção Integral - PI", "ano": "2025", "mes_ano": "10-2025", "nm_municip": "ALTO PARAISO DE GOIAS", "nome": "Alto Paraíso de Goiás", "meso_ibge": "Norte Goiano", "micro_ibge": "Chapada dos Veadeiros", "geocodigo": 5200605.0, "area_ha": 0.95453 }, "geometry": { "type": "Polygon", "coordinates": [ [ [ -47.674131117393479, -14.094836302420525 ], [ -47.674400611978719, -14.094836302420525 ], [ -47.674400611978719, -14.09321933490911 ], [ -47.675478590319663, -14.09321933490911 ], [ -47.675478590319663, -14.092949840323874 ], [ -47.674131117393479, -14.092949840323874 ], [ -47.674131117393479, -14.094836302420525 ] ] ] } },
{ "type": "Feature", "properties": { "nome_area_": "PARQUE NACIONAL DA CHAPADA DOS VEADEIROS", "tipo_area_": "UC Federal - Proteção Integral", "esferaadmi": "Federal", "nomeunidad": "PARQUE NACIONAL DA CHAPADA DOS VEADEIROS", "grupo": "Proteção Integral - PI", "ano": "2025", "mes_ano": "3-2025", "nm_municip": "ALTO PARAISO DE GOIAS", "nome": "Alto Paraíso de Goiás", "meso_ibge": "Norte Goiano", "micro_ibge": "Chapada dos Veadeiros", "geocodigo": 5200605.0, "area_ha": 11.626295 }, "geometry": { "type": "Polygon", "coordinates": [ [ [ -47.460691405886685, -14.124480706796469 ], [ -47.459882922130973, -14.124480706796469 ], [ -47.459882922130973, -14.124750201381705 ], [ -47.459074438375268, -14.124750201381705 ], [ -47.459074438375268, -14.125019695966941 ], [ -47.458804943790028, -14.125019695966941 ], [ -47.458804943790028, -14.126906158063592 ], [ -47.457457470863851, -14.126906158063592 ], [ -47.457457470863851, -14.127984136404535 ], [ -47.458535449204795, -14.127984136404535 ], [ -47.458535449204795, -14.128253630989771 ], [ -47.459882922130973, -14.128253630989771 ], [ -47.459882922130973, -14.127445147234063 ], [ -47.460960900471918, -14.127445147234063 ], [ -47.460960900471918, -14.123941717625998 ], [ -47.461769384227622, -14.123941717625998 ], [ -47.461769384227622, -14.122863739285053 ], [ -47.460691405886685, -14.122863739285053 ], [ -47.460691405886685, -14.124480706796469 ] ] ] } },
{ "type": "Feature", "properties": { "nome_area_": "PARQUE NACIONAL DA CHAPADA DOS VEADEIROS", "tipo_area_": "UC Federal - Proteção Integral", "esferaadmi": "Federal", "nomeunidad": "PARQUE NACIONAL DA CHAPADA DOS VEADEIROS", "grupo": "Proteção Integral - PI", "ano": "2025", "mes_ano": "3-2025", "nm_municip": "ALTO PARAISO DE GOIAS", "nome": "Alto Paraíso de Goiás", "meso_ibge": "Norte Goiano", "micro_ibge": "Chapada dos Veadeiros", "geocodigo": 5200605.0, "area_ha": 23.339577 }, "geometry": { "type": "Polygon", "coordinates": [ [ [ -47.68059898743914, -14.120707782603168 ], [ -47.67898201992773, -14.120707782603168 ], [ -47.67898201992773, -14.122324750114583 ], [ -47.68059898743914, -14.122324750114583 ], [ -47.68059898743914, -14.122863739285053 ], [ -47.681407471194852, -14.122863739285053 ], [ -47.681407471194852, -14.125828179722648 ], [ -47.682215954950557, -14.125828179722648 ], [ -47.682215954950557, -14.127175652648827 ], [ -47.683024438706262, -14.127175652648827 ], [ -47.683024438706262, -14.127445147234063 ], [ -47.685449889973384, -14.127445147234063 ], [ -47.685449889973384, -14.12636716889312 ], [ -47.685180395388151, -14.12636716889312 ], [ -47.685180395388151, -14.126097674307884 ], [ -47.684910900802919, -14.126097674307884 ], [ -47.684910900802919, -14.125828179722648 ], [ -47.684641406217679, -14.125828179722648 ], [ -47.684641406217679, -14.125558685137413 ], [ -47.684371911632446, -14.125558685137413 ], [ -47.684371911632446, -14.125289190552177 ], [ -47.683832922461974, -14.125289190552177 ], [ -47.683832922461974, -14.124750201381705 ], [ -47.683563427876734, -14.124750201381705 ], [ -47.683563427876734, -14.122863739285053 ], [ -47.683024438706262, -14.122863739285053 ], [ -47.683024438706262, -14.121516266358874 ], [ -47.681946460365324, -14.121516266358874 ], [ -47.681946460365324, -14.120168793432695 ], [ -47.68059898743914, -14.120168793432695 ], [ -47.68059898743914, -14.120707782603168 ] ] ] } },
{ "type": "Feature", "properties": { "nome_area_": "PARQUE NACIONAL DA CHAPADA DOS VEADEIROS", "tipo_area_": "UC Federal - Proteção Integral", "esferaadmi": "Federal", "nomeunidad": "PARQUE NACIONAL DA CHAPADA DOS VEADEIROS", "grupo": "Proteção Integral - PI", "ano": "2025", "mes_ano": "3-2025", "nm_municip": "ALTO PARAISO DE GOIAS", "nome": "Alto Paraíso de Goiás", "meso_ibge": "Norte Goiano", "micro_ibge": "Chapada dos Veadeiros", "geocodigo": 5200605.0, "area_ha": 1.388211 }, "geometry": { "type": "Polygon", "coordinates": [ [ [ -47.451259095403429, -14.127175652648827 ], [ -47.452337073744374, -14.127175652648827 ], [ -47.452337073744374, -14.126097674307884 ], [ -47.451259095403429, -14.126097674307884 ], [ -47.451259095403429, -14.127175652648827 ] ] ] } },
{ "type": "Feature", "properties": { "nome_area_": "PARQUE NACIONAL DA CHAPADA DOS VEADEIROS", "tipo_area_": "UC Federal - Proteção Integral", "esferaadmi": "Federal", "nomeunidad": "PARQUE NACIONAL DA CHAPADA DOS VEADEIROS", "grupo": "Proteção Integral - PI", "ano": "2025", "mes_ano": "10-2025", "nm_municip": "ALTO PARAISO DE GOIAS", "nome": "Alto Paraíso de Goiás", "meso_ibge": "Norte Goiano", "micro_ibge": "Chapada dos Veadeiros", "geocodigo": 5200605.0, "area_ha": 0.098376 }, "geometry": { "type": "Polygon", "coordinates": [ [ [ -47.665776785251168, -14.070560627389229 ], [ -47.665776785251168, -14.070581789749298 ], [ -47.665800891302744, -14.070581789749298 ], [ -47.665776785251168, -14.070560627389229 ] ] ] } },
{ "type": "Feature", "properties": { "nome_area_": "PARQUE NACIONAL DA CHAPADA DOS VEADEIROS", "tipo_area_": "UC Federal - Proteção Integral", "esferaadmi": "Federal", "nomeunidad": "PARQUE NACIONAL DA CHAPADA DOS VEADEIROS", "grupo": "Proteção Integral - PI", "ano": "2025", "mes_ano": "3-2025", "nm_municip": "ALTO PARAISO DE GOIAS", "nome": "Alto Paraíso de Goiás", "meso_ibge": "Norte Goiano", "micro_ibge": "Chapada dos Veadeiros", "geocodigo": 5200605.0, "area_ha": 1.735376 }, "geometry": { "type": "Polygon", "coordinates": [ [ [ -47.731802958633956, -14.112083955875619 ], [ -47.733150431560134, -14.112083955875619 ], [ -47.733150431560134, -14.111005977534676 ], [ -47.731802958633956, -14.111005977534676 ], [ -47.731802958633956, -14.112083955875619 ] ] ] } },
{ "type": "Feature", "properties": { "nome_area_": "PARQUE NACIONAL DA CHAPADA DOS VEADEIROS", "tipo_area_": "UC Federal - Proteção Integral", "esferaadmi": "Federal", "nomeunidad": "PARQUE NACIONAL DA CHAPADA DOS VEADEIROS", "grupo": "Proteção Integral - PI", "ano": "2025", "mes_ano": "3-2025", "nm_municip": "ALTO PARAISO DE GOIAS", "nome": "Alto Paraíso de Goiás", "meso_ibge": "Norte Goiano", "micro_ibge": "Chapada dos Veadeiros", "geocodigo": 5200605.0, "area_ha": 1.995702 }, "geometry": { "type": "Polygon", "coordinates": [ [ [ -47.314894835274082, -14.109658504608497 ], [ -47.315164329859321, -14.109658504608497 ], [ -47.315164329859321, -14.109927999193733 ], [ -47.316242308200266, -14.109927999193733 ], [ -47.316242308200266, -14.10885002085279 ], [ -47.315972813615026, -14.10885002085279 ], [ -47.315972813615026, -14.108580526267554 ], [ -47.314894835274082, -14.108580526267554 ], [ -47.314894835274082, -14.109658504608497 ] ] ] } },
{ "type": "Feature", "properties": { "nome_area_": "PARQUE NACIONAL DA CHAPADA DOS VEADEIROS", "tipo_area_": "UC Federal - Proteção Integral", "esferaadmi": "Federal", "nomeunidad": "PARQUE NACIONAL DA CHAPADA DOS VEADEIROS", "grupo": "Proteção Integral - PI", "ano": "2025", "mes_ano": "3-2025", "nm_municip": "ALTO PARAISO DE GOIAS", "nome": "Alto Paraíso de Goiás", "meso_ibge": "Norte Goiano", "micro_ibge": "Chapada dos Veadeiros", "geocodigo": 5200605.0, "area_ha": 69.677567 }, "geometry": { "type": "Polygon", "coordinates": [ [ [ -47.704045016354662, -14.099956699540005 ], [ -47.70323653259895, -14.099956699540005 ], [ -47.70323653259895, -14.100495688710478 ], [ -47.70161956508754, -14.100495688710478 ], [ -47.70161956508754, -14.100765183295714 ], [ -47.700541586746596, -14.100765183295714 ], [ -47.700541586746596, -14.101304172466186 ], [ -47.697577146309001, -14.101304172466186 ], [ -47.697577146309001, -14.10103467788095 ], [ -47.696229673382824, -14.10103467788095 ], [ -47.696229673382824, -14.102382150807129 ], [ -47.696499167968057, -14.102382150807129 ], [ -47.696499167968057, -14.1029211399776 ], [ -47.696768662553296, -14.1029211399776 ], [ -47.696768662553296, -14.103190634562836 ], [ -47.697307651723762, -14.103190634562836 ], [ -47.697307651723762, -14.103729623733308 ], [ -47.697577146309001, -14.103729623733308 ], [ -47.697577146309001, -14.105885580415196 ], [ -47.695151695041879, -14.105885580415196 ], [ -47.695151695041879, -14.107233053341375 ], [ -47.694343211286167, -14.107233053341375 ], [ -47.694343211286167, -14.107502547926611 ], [ -47.694073716700935, -14.107502547926611 ], [ -47.694073716700935, -14.108580526267554 ], [ -47.697038157138529, -14.108580526267554 ], [ -47.697038157138529, -14.109389010023261 ], [ -47.698116135479474, -14.109389010023261 ], [ -47.698116135479474, -14.108311031682318 ], [ -47.700272092161356, -14.108311031682318 ], [ -47.700272092161356, -14.106424569585666 ], [ -47.700811081331828, -14.106424569585666 ], [ -47.700811081331828, -14.105346591244723 ], [ -47.704314510939895, -14.105346591244723 ], [ -47.704314510939895, -14.105077096659487 ], [ -47.704584005525135, -14.105077096659487 ], [ -47.704584005525135, -14.10426861290378 ], [ -47.705122994695607, -14.10426861290378 ], [ -47.705122994695607, -14.103999118318544 ], [ -47.705931478451312, -14.103999118318544 ], [ -47.705931478451312, -14.099687204954771 ], [ -47.704045016354662, -14.099687204954771 ], [ -47.704045016354662, -14.099956699540005 ] ] ] } },
{ "type": "Feature", "properties": { "nome_area_": "PARQUE NACIONAL DA CHAPADA DOS VEADEIROS", "tipo_area_": "UC Federal - Proteção Integral", "esferaadmi": "Federal", "nomeunidad": "PARQUE NACIONAL DA CHAPADA DOS VEADEIROS", "grupo": "Proteção Integral - PI", "ano": "2025", "mes_ano": "3-2025", "nm_municip": "ALTO PARAISO DE GOIAS", "nome": "Alto Paraíso de Goiás", "meso_ibge": "Norte Goiano", "micro_ibge": "Chapada dos Veadeiros", "geocodigo": 5200605.0, "area_ha": 1.388325 }, "geometry": { "type": "Polygon", "coordinates": [ [ [ -47.313816856933144, -14.108041537097082 ], [ -47.314894835274082, -14.108041537097082 ], [ -47.314894835274082, -14.106963558756139 ], [ -47.313816856933144, -14.106963558756139 ], [ -47.313816856933144, -14.108041537097082 ] ] ] } },
{ "type": "Feature", "properties": { "nome_area_": "PARQUE NACIONAL DA CHAPADA DOS VEADEIROS", "tipo_area_": "UC Federal - Proteção Integral", "esferaadmi": "Federal", "nomeunidad": "PARQUE NACIONAL DA CHAPADA DOS VEADEIROS", "grupo": "Proteção Integral - PI", "ano": "2025", "mes_ano": "3-2025", "nm_municip": "ALTO PARAISO DE GOIAS", "nome": "Alto Paraíso de Goiás", "meso_ibge": "Norte Goiano", "micro_ibge": "Chapada dos Veadeiros", "geocodigo": 5200605.0, "area_ha": 2.082524 }, "geometry": { "type": "Polygon", "coordinates": [ [ [ -47.420536712686541, -14.103729623733308 ], [ -47.420806207271774, -14.103729623733308 ], [ -47.420806207271774, -14.103999118318544 ], [ -47.421884185612718, -14.103999118318544 ], [ -47.421884185612718, -14.102651645392365 ], [ -47.420536712686541, -14.102651645392365 ], [ -47.420536712686541, -14.103729623733308 ] ] ] } },
{ "type": "Feature", "properties": { "nome_area_": "PARQUE NACIONAL DA CHAPADA DOS VEADEIROS", "tipo_area_": "UC Federal - Proteção Integral", "esferaadmi": "Federal", "nomeunidad": "PARQUE NACIONAL DA CHAPADA DOS VEADEIROS", "grupo": "Proteção Integral - PI", "ano": "2025", "mes_ano": "3-2025", "nm_municip": "ALTO PARAISO DE GOIAS", "nome": "Alto Paraíso de Goiás", "meso_ibge": "Norte Goiano", "micro_ibge": "Chapada dos Veadeiros", "geocodigo": 5200605.0, "area_ha": 41.384095 }, "geometry": { "type": "Polygon", "coordinates": [ [ [ -47.422423174783191, -14.134721501035433 ], [ -47.423501153124135, -14.134721501035433 ], [ -47.423501153124135, -14.137146952302555 ], [ -47.422962163953663, -14.137146952302555 ], [ -47.422962163953663, -14.137955436058261 ], [ -47.420806207271774, -14.137955436058261 ], [ -47.420806207271774, -14.137685941473027 ], [ -47.419458734345596, -14.137685941473027 ], [ -47.419458734345596, -14.139841898154913 ], [ -47.419728228930836, -14.139841898154913 ], [ -47.419728228930836, -14.140111392740149 ], [ -47.420806207271774, -14.140111392740149 ], [ -47.420806207271774, -14.140380887325385 ], [ -47.421884185612718, -14.140380887325385 ], [ -47.421884185612718, -14.13930290898444 ], [ -47.42430963687984, -14.13930290898444 ], [ -47.42430963687984, -14.140650381910621 ], [ -47.425387615220785, -14.140650381910621 ], [ -47.425387615220785, -14.13930290898444 ], [ -47.427813066487907, -14.13930290898444 ], [ -47.427813066487907, -14.139572403569677 ], [ -47.428082561073147, -14.139572403569677 ], [ -47.428082561073147, -14.139841898154913 ], [ -47.42835205565838, -14.139841898154913 ], [ -47.42835205565838, -14.140380887325385 ], [ -47.429430033999324, -14.140380887325385 ], [ -47.429430033999324, -14.140111392740149 ], [ -47.429699528584557, -14.140111392740149 ], [ -47.429699528584557, -14.138224930643498 ], [ -47.428621550243619, -14.138224930643498 ], [ -47.428621550243619, -14.137955436058261 ], [ -47.427274077317435, -14.137955436058261 ], [ -47.427274077317435, -14.134721501035433 ], [ -47.425657109806025, -14.134721501035433 ], [ -47.425657109806025, -14.133913017279724 ], [ -47.423501153124135, -14.133913017279724 ], [ -47.423501153124135, -14.133643522694488 ], [ -47.422423174783191, -14.133643522694488 ], [ -47.422423174783191, -14.134721501035433 ] ] ] } },
{ "type": "Feature", "properties": { "nome_area_": "PARQUE NACIONAL DA CHAPADA DOS VEADEIROS", "tipo_area_": "UC Federal - Proteção Integral", "esferaadmi": "Federal", "nomeunidad": "PARQUE NACIONAL DA CHAPADA DOS VEADEIROS", "grupo": "Proteção Integral - PI", "ano": "2025", "mes_ano": "3-2025", "nm_municip": "ALTO PARAISO DE GOIAS", "nome": "Alto Paraíso de Goiás", "meso_ibge": "Norte Goiano", "micro_ibge": "Chapada dos Veadeiros", "geocodigo": 5200605.0, "area_ha": 7.201159 }, "geometry": { "type": "Polygon", "coordinates": [ [ [ -47.425926604391258, -14.131218071427366 ], [ -47.425657109806025, -14.131218071427366 ], [ -47.425657109806025, -14.132565544353545 ], [ -47.427813066487907, -14.132565544353545 ], [ -47.427813066487907, -14.134452006450196 ], [ -47.428891044828852, -14.134452006450196 ], [ -47.428891044828852, -14.133643522694488 ], [ -47.429430033999324, -14.133643522694488 ], [ -47.429430033999324, -14.132026555183073 ], [ -47.427004582732202, -14.132026555183073 ], [ -47.427004582732202, -14.13094857684213 ], [ -47.425926604391258, -14.13094857684213 ], [ -47.425926604391258, -14.131218071427366 ] ] ] } },
{ "type": "Feature", "properties": { "nome_area_": "PARQUE NACIONAL DA CHAPADA DOS VEADEIROS", "tipo_area_": "UC Federal - Proteção Integral", "esferaadmi": "Federal", "nomeunidad": "PARQUE NACIONAL DA CHAPADA DOS VEADEIROS", "grupo": "Proteção Integral - PI", "ano": "2025", "mes_ano": "3-2025", "nm_municip": "ALTO PARAISO DE GOIAS", "nome": "Alto Paraíso de Goiás", "meso_ibge": "Norte Goiano", "micro_ibge": "Chapada dos Veadeiros", "geocodigo": 5200605.0, "area_ha": 103.856014 }, "geometry": { "type": "Polygon", "coordinates": [ [ [ -47.315972813615026, -14.119899298847459 ], [ -47.315703319029794, -14.119899298847459 ], [ -47.315703319029794, -14.121246771773638 ], [ -47.314894835274082, -14.121246771773638 ], [ -47.314894835274082, -14.122863739285053 ], [ -47.314625340688849, -14.122863739285053 ], [ -47.314625340688849, -14.12313323387029 ], [ -47.313547362347904, -14.12313323387029 ], [ -47.313547362347904, -14.124211212211232 ], [ -47.313277867762672, -14.124211212211232 ], [ -47.313277867762672, -14.125019695966941 ], [ -47.312738878592199, -14.125019695966941 ], [ -47.312738878592199, -14.125558685137413 ], [ -47.31246938400696, -14.125558685137413 ], [ -47.31246938400696, -14.129062114745478 ], [ -47.313008373177432, -14.129062114745478 ], [ -47.313008373177432, -14.129870598501187 ], [ -47.313277867762672, -14.129870598501187 ], [ -47.313277867762672, -14.130409587671657 ], [ -47.316242308200266, -14.130409587671657 ], [ -47.316242308200266, -14.131218071427366 ], [ -47.316511802785499, -14.131218071427366 ], [ -47.316511802785499, -14.131757060597836 ], [ -47.317050791955971, -14.131757060597836 ], [ -47.317050791955971, -14.133913017279724 ], [ -47.318128770296916, -14.133913017279724 ], [ -47.318128770296916, -14.132296049768309 ], [ -47.318667759467388, -14.132296049768309 ], [ -47.318667759467388, -14.131218071427366 ], [ -47.318398264882148, -14.131218071427366 ], [ -47.318398264882148, -14.129062114745478 ], [ -47.31920674863786, -14.129062114745478 ], [ -47.31920674863786, -14.126906158063592 ], [ -47.321901694490215, -14.126906158063592 ], [ -47.321901694490215, -14.127175652648827 ], [ -47.32297967283116, -14.127175652648827 ], [ -47.32297967283116, -14.125558685137413 ], [ -47.323518662001632, -14.125558685137413 ], [ -47.323518662001632, -14.124750201381705 ], [ -47.323788156586865, -14.124750201381705 ], [ -47.323788156586865, -14.123402728455526 ], [ -47.322440683660687, -14.123402728455526 ], [ -47.322440683660687, -14.122055255529347 ], [ -47.321901694490215, -14.122055255529347 ], [ -47.321901694490215, -14.120438288017931 ], [ -47.321632199904982, -14.120438288017931 ], [ -47.321632199904982, -14.120168793432695 ], [ -47.320284726978798, -14.120168793432695 ], [ -47.320284726978798, -14.120438288017931 ], [ -47.317589781126443, -14.120438288017931 ], [ -47.317589781126443, -14.120168793432695 ], [ -47.317050791955971, -14.120168793432695 ], [ -47.317050791955971, -14.119629804262225 ], [ -47.315972813615026, -14.119629804262225 ], [ -47.315972813615026, -14.119899298847459 ] ] ] } },
{ "type": "Feature", "properties": { "nome_area_": "PARQUE NACIONAL DA CHAPADA DOS VEADEIROS", "tipo_area_": "UC Federal - Proteção Integral", "esferaadmi": "Federal", "nomeunidad": "PARQUE NACIONAL DA CHAPADA DOS VEADEIROS", "grupo": "Proteção Integral - PI", "ano": "2025", "mes_ano": "3-2025", "nm_municip": "ALTO PARAISO DE GOIAS", "nome": "Alto Paraíso de Goiás", "meso_ibge": "Norte Goiano", "micro_ibge": "Chapada dos Veadeiros", "geocodigo": 5200605.0, "area_ha": 7.635001 }, "geometry": { "type": "Polygon", "coordinates": [ [ [ -47.459882922130973, -14.13094857684213 ], [ -47.45961342754574, -14.13094857684213 ], [ -47.45961342754574, -14.132026555183073 ], [ -47.460152416716213, -14.132026555183073 ], [ -47.460152416716213, -14.132296049768309 ], [ -47.461230395057157, -14.132296049768309 ], [ -47.461230395057157, -14.132835038938781 ], [ -47.462308373398095, -14.132835038938781 ], [ -47.462308373398095, -14.132565544353545 ], [ -47.462577867983335, -14.132565544353545 ], [ -47.462577867983335, -14.132296049768309 ], [ -47.462847362568567, -14.132296049768309 ], [ -47.462847362568567, -14.132026555183073 ], [ -47.463116857153807, -14.132026555183073 ], [ -47.463116857153807, -14.13094857684213 ], [ -47.462038878812862, -14.13094857684213 ], [ -47.462038878812862, -14.130679082256894 ], [ -47.461230395057157, -14.130679082256894 ], [ -47.461230395057157, -14.130409587671657 ], [ -47.460960900471918, -14.130409587671657 ], [ -47.460960900471918, -14.130140093086421 ], [ -47.459882922130973, -14.130140093086421 ], [ -47.459882922130973, -14.13094857684213 ] ] ] } },
{ "type": "Feature", "properties": { "nome_area_": "PARQUE NACIONAL DA CHAPADA DOS VEADEIROS", "tipo_area_": "UC Federal - Proteção Integral", "esferaadmi": "Federal", "nomeunidad": "PARQUE NACIONAL DA CHAPADA DOS VEADEIROS", "grupo": "Proteção Integral - PI", "ano": "2025", "mes_ano": "3-2025", "nm_municip": "ALTO PARAISO DE GOIAS", "nome": "Alto Paraíso de Goiás", "meso_ibge": "Norte Goiano", "micro_ibge": "Chapada dos Veadeiros", "geocodigo": 5200605.0, "area_ha": 1.735239 }, "geometry": { "type": "Polygon", "coordinates": [ [ [ -47.435897904044985, -14.130679082256894 ], [ -47.43697588238593, -14.130679082256894 ], [ -47.43697588238593, -14.129331609330714 ], [ -47.435897904044985, -14.129331609330714 ], [ -47.435897904044985, -14.130679082256894 ] ] ] } },
{ "type": "Feature", "properties": { "nome_area_": "PARQUE NACIONAL DA CHAPADA DOS VEADEIROS", "tipo_area_": "UC Federal - Proteção Integral", "esferaadmi": "Federal", "nomeunidad": "PARQUE NACIONAL DA CHAPADA DOS VEADEIROS", "grupo": "Proteção Integral - PI", "ano": "2025", "mes_ano": "3-2025", "nm_municip": "ALTO PARAISO DE GOIAS", "nome": "Alto Paraíso de Goiás", "meso_ibge": "Norte Goiano", "micro_ibge": "Chapada dos Veadeiros", "geocodigo": 5200605.0, "area_ha": 16.658521 }, "geometry": { "type": "Polygon", "coordinates": [ [ [ -47.444521730772529, -14.126636663478356 ], [ -47.443443752431591, -14.126636663478356 ], [ -47.443443752431591, -14.127175652648827 ], [ -47.442635268675879, -14.127175652648827 ], [ -47.442635268675879, -14.128523125575008 ], [ -47.442904763261119, -14.128523125575008 ], [ -47.442904763261119, -14.128792620160242 ], [ -47.443713247016824, -14.128792620160242 ], [ -47.443713247016824, -14.129331609330714 ], [ -47.444791225357768, -14.129331609330714 ], [ -47.444791225357768, -14.129062114745478 ], [ -47.445599709113473, -14.129062114745478 ], [ -47.445599709113473, -14.127445147234063 ], [ -47.447486171210123, -14.127445147234063 ], [ -47.447486171210123, -14.12636716889312 ], [ -47.446947182039651, -14.12636716889312 ], [ -47.446947182039651, -14.125019695966941 ], [ -47.446138698283946, -14.125019695966941 ], [ -47.446138698283946, -14.124211212211232 ], [ -47.445869203698713, -14.124211212211232 ], [ -47.445869203698713, -14.123941717625998 ], [ -47.444521730772529, -14.123941717625998 ], [ -47.444521730772529, -14.126636663478356 ] ] ] } },
{ "type": "Feature", "properties": { "nome_area_": "PARQUE NACIONAL DA CHAPADA DOS VEADEIROS", "tipo_area_": "UC Federal - Proteção Integral", "esferaadmi": "Federal", "nomeunidad": "PARQUE NACIONAL DA CHAPADA DOS VEADEIROS", "grupo": "Proteção Integral - PI", "ano": "2025", "mes_ano": "3-2025", "nm_municip": "ALTO PARAISO DE GOIAS", "nome": "Alto Paraíso de Goiás", "meso_ibge": "Norte Goiano", "micro_ibge": "Chapada dos Veadeiros", "geocodigo": 5200605.0, "area_ha": 1.388203 }, "geometry": { "type": "Polygon", "coordinates": [ [ [ -47.463116857153807, -14.128523125575008 ], [ -47.464194835494752, -14.128523125575008 ], [ -47.464194835494752, -14.127445147234063 ], [ -47.463116857153807, -14.127445147234063 ], [ -47.463116857153807, -14.128523125575008 ] ] ] } },
{ "type": "Feature", "properties": { "nome_area_": "PARQUE NACIONAL DA CHAPADA DOS VEADEIROS", "tipo_area_": "UC Federal - Proteção Integral", "esferaadmi": "Federal", "nomeunidad": "PARQUE NACIONAL DA CHAPADA DOS VEADEIROS", "grupo": "Proteção Integral - PI", "ano": "2025", "mes_ano": "3-2025", "nm_municip": "CAVALCANTE", "nome": "Cavalcante", "meso_ibge": "Norte Goiano", "micro_ibge": "Chapada dos Veadeiros", "geocodigo": 5205307.0, "area_ha": 0.006525 }, "geometry": { "type": "MultiPolygon", "coordinates": [ [ [ [ -47.699412873190525, -14.069503811408355 ], [ -47.699463608405651, -14.069583538632781 ], [ -47.699463608405651, -14.069503811408355 ], [ -47.699412873190525, -14.069503811408355 ] ] ], [ [ [ -47.699963415862285, -14.070581789749298 ], [ -47.700002597576123, -14.070598706343819 ], [ -47.700002597576123, -14.070581789749298 ], [ -47.699963415862285, -14.070581789749298 ] ] ], [ [ [ -47.705325412046868, -14.078397132721138 ], [ -47.70539248928084, -14.078489755441096 ], [ -47.70539248928084, -14.078397132721138 ], [ -47.705325412046868, -14.078397132721138 ] ] ] ] } },
{ "type": "Feature", "properties": { "nome_area_": "PARQUE NACIONAL DA CHAPADA DOS VEADEIROS", "tipo_area_": "UC Federal - Proteção Integral", "esferaadmi": "Federal", "nomeunidad": "PARQUE NACIONAL DA CHAPADA DOS VEADEIROS", "grupo": "Proteção Integral - PI", "ano": "2025", "mes_ano": "3-2025", "nm_municip": "ALTO PARAISO DE GOIAS", "nome": "Alto Paraíso de Goiás", "meso_ibge": "Norte Goiano", "micro_ibge": "Chapada dos Veadeiros", "geocodigo": 5200605.0, "area_ha": 334.593606 }, "geometry": { "type": "Polygon", "coordinates": [ [ [ -47.539114330190316, -14.020455796895428 ], [ -47.537227868093666, -14.020455796895428 ], [ -47.537227868093666, -14.020725291480664 ], [ -47.536149889752721, -14.020725291480664 ], [ -47.536149889752721, -14.024767710259201 ], [ -47.535880395167489, -14.024767710259201 ], [ -47.535880395167489, -14.026115183185382 ], [ -47.536958373508426, -14.026115183185382 ], [ -47.536958373508426, -14.026384677770617 ], [ -47.537227868093666, -14.026384677770617 ], [ -47.537227868093666, -14.028540634452504 ], [ -47.537497362678906, -14.028540634452504 ], [ -47.537497362678906, -14.03015760196392 ], [ -47.537766857264138, -14.03015760196392 ], [ -47.537766857264138, -14.030427096549156 ], [ -47.538036351849371, -14.030427096549156 ], [ -47.538036351849371, -14.03069659113439 ], [ -47.538305846434611, -14.03069659113439 ], [ -47.538305846434611, -14.030966085719626 ], [ -47.538575341019843, -14.030966085719626 ], [ -47.538575341019843, -14.031505074890099 ], [ -47.538844835605083, -14.031505074890099 ], [ -47.538844835605083, -14.031774569475335 ], [ -47.539114330190316, -14.031774569475335 ], [ -47.539114330190316, -14.033122042401514 ], [ -47.539383824775555, -14.033122042401514 ], [ -47.539383824775555, -14.03339153698675 ], [ -47.541270286872205, -14.03339153698675 ], [ -47.541270286872205, -14.036625472009579 ], [ -47.541539781457438, -14.036625472009579 ], [ -47.541539781457438, -14.036894966594815 ], [ -47.541809276042677, -14.036894966594815 ], [ -47.541809276042677, -14.039859407032409 ], [ -47.541539781457438, -14.039859407032409 ], [ -47.541539781457438, -14.040937385373354 ], [ -47.541809276042677, -14.040937385373354 ], [ -47.541809276042677, -14.042015363714297 ], [ -47.54207877062791, -14.042015363714297 ], [ -47.54207877062791, -14.04632727707807 ], [ -47.540731297701733, -14.04632727707807 ], [ -47.540731297701733, -14.046596771663307 ], [ -47.538036351849371, -14.046596771663307 ], [ -47.538036351849371, -14.04632727707807 ], [ -47.536958373508426, -14.04632727707807 ], [ -47.536958373508426, -14.047405255419013 ], [ -47.538575341019843, -14.047405255419013 ], [ -47.538575341019843, -14.04767475000425 ], [ -47.540731297701733, -14.04767475000425 ], [ -47.540731297701733, -14.048483233759958 ], [ -47.541809276042677, -14.048483233759958 ], [ -47.541809276042677, -14.051178179612316 ], [ -47.54234826521315, -14.051178179612316 ], [ -47.54234826521315, -14.053334136294204 ], [ -47.54207877062791, -14.053334136294204 ], [ -47.54207877062791, -14.053603630879438 ], [ -47.541809276042677, -14.053603630879438 ], [ -47.541809276042677, -14.055759587561326 ], [ -47.542887254383622, -14.055759587561326 ], [ -47.542887254383622, -14.05549009297609 ], [ -47.543426243554094, -14.05549009297609 ], [ -47.543426243554094, -14.055220598390854 ], [ -47.545582200235977, -14.055220598390854 ], [ -47.545582200235977, -14.056298576731798 ], [ -47.546121189406449, -14.056298576731798 ], [ -47.546121189406449, -14.056837565902269 ], [ -47.546390683991689, -14.056837565902269 ], [ -47.546390683991689, -14.057376555072741 ], [ -47.546660178576921, -14.057376555072741 ], [ -47.546660178576921, -14.057646049657977 ], [ -47.548277146088338, -14.057646049657977 ], [ -47.548277146088338, -14.058993522584156 ], [ -47.549085629844043, -14.058993522584156 ], [ -47.549085629844043, -14.061149479266042 ], [ -47.550972091940693, -14.061149479266042 ], [ -47.550972091940693, -14.060879984680806 ], [ -47.554206026963527, -14.060879984680806 ], [ -47.554206026963527, -14.060610490095572 ], [ -47.55447552154876, -14.060610490095572 ], [ -47.55447552154876, -14.058993522584156 ], [ -47.551511081111165, -14.058993522584156 ], [ -47.551511081111165, -14.057376555072741 ], [ -47.551241586525933, -14.057376555072741 ], [ -47.551241586525933, -14.057107060487505 ], [ -47.550972091940693, -14.057107060487505 ], [ -47.550972091940693, -14.056568071317033 ], [ -47.549085629844043, -14.056568071317033 ], [ -47.549085629844043, -14.053334136294204 ], [ -47.549894113599748, -14.053334136294204 ], [ -47.549894113599748, -14.053064641708968 ], [ -47.550163608184988, -14.053064641708968 ], [ -47.550163608184988, -14.051717168782787 ], [ -47.549624619014516, -14.051717168782787 ], [ -47.549624619014516, -14.049830706686137 ], [ -47.549085629844043, -14.049830706686137 ], [ -47.549085629844043, -14.045518793322364 ], [ -47.549624619014516, -14.045518793322364 ], [ -47.549624619014516, -14.044171320396185 ], [ -47.551511081111165, -14.044171320396185 ], [ -47.551511081111165, -14.043901825810948 ], [ -47.552050070281638, -14.043901825810948 ], [ -47.552050070281638, -14.043632331225712 ], [ -47.552319564866877, -14.043632331225712 ], [ -47.552319564866877, -14.042284858299533 ], [ -47.553936532378287, -14.042284858299533 ], [ -47.553936532378287, -14.042015363714297 ], [ -47.554206026963527, -14.042015363714297 ], [ -47.554206026963527, -14.040937385373354 ], [ -47.55447552154876, -14.040937385373354 ], [ -47.55447552154876, -14.039859407032409 ], [ -47.554206026963527, -14.039859407032409 ], [ -47.554206026963527, -14.039589912447175 ], [ -47.553397543207815, -14.039589912447175 ], [ -47.553397543207815, -14.03797294493576 ], [ -47.553128048622582, -14.03797294493576 ], [ -47.553128048622582, -14.036355977424344 ], [ -47.551780575696405, -14.036355977424344 ], [ -47.551780575696405, -14.036894966594815 ], [ -47.551511081111165, -14.036894966594815 ], [ -47.551511081111165, -14.03797294493576 ], [ -47.55070259735546, -14.03797294493576 ], [ -47.55070259735546, -14.038242439520996 ], [ -47.548546640673571, -14.038242439520996 ], [ -47.548546640673571, -14.034739009912929 ], [ -47.548277146088338, -14.034739009912929 ], [ -47.548277146088338, -14.033661031571985 ], [ -47.547199167747394, -14.033661031571985 ], [ -47.547199167747394, -14.032044064060571 ], [ -47.545851694821216, -14.032044064060571 ], [ -47.545851694821216, -14.032313558645805 ], [ -47.544773716480272, -14.032313558645805 ], [ -47.544773716480272, -14.032583053231042 ], [ -47.54396523272456, -14.032583053231042 ], [ -47.54396523272456, -14.032852547816278 ], [ -47.543156748968855, -14.032852547816278 ], [ -47.543156748968855, -14.033122042401514 ], [ -47.541000792286965, -14.033122042401514 ], [ -47.541000792286965, -14.029888107378683 ], [ -47.541270286872205, -14.029888107378683 ], [ -47.541270286872205, -14.029618612793447 ], [ -47.541809276042677, -14.029618612793447 ], [ -47.541809276042677, -14.029349118208211 ], [ -47.54234826521315, -14.029349118208211 ], [ -47.54234826521315, -14.028540634452504 ], [ -47.543426243554094, -14.028540634452504 ], [ -47.543426243554094, -14.027462656111561 ], [ -47.543695738139327, -14.027462656111561 ], [ -47.543695738139327, -14.025306699429674 ], [ -47.543426243554094, -14.025306699429674 ], [ -47.543426243554094, -14.025037204844438 ], [ -47.54234826521315, -14.025037204844438 ], [ -47.54234826521315, -14.025306699429674 ], [ -47.539653319360788, -14.025306699429674 ], [ -47.539653319360788, -14.023150742747788 ], [ -47.54019230853126, -14.023150742747788 ], [ -47.54019230853126, -14.021533775236373 ], [ -47.540731297701733, -14.021533775236373 ], [ -47.540731297701733, -14.019916807724957 ], [ -47.539114330190316, -14.019916807724957 ], [ -47.539114330190316, -14.020455796895428 ] ] ] } },
{ "type": "Feature", "properties": { "nome_area_": "PARQUE NACIONAL DA CHAPADA DOS VEADEIROS", "tipo_area_": "UC Federal - Proteção Integral", "esferaadmi": "Federal", "nomeunidad": "PARQUE NACIONAL DA CHAPADA DOS VEADEIROS", "grupo": "Proteção Integral - PI", "ano": "2025", "mes_ano": "3-2025", "nm_municip": "ALTO PARAISO DE GOIAS", "nome": "Alto Paraíso de Goiás", "meso_ibge": "Norte Goiano", "micro_ibge": "Chapada dos Veadeiros", "geocodigo": 5200605.0, "area_ha": 1.735441 }, "geometry": { "type": "Polygon", "coordinates": [ [ [ -47.39143129748107, -14.103460129148072 ], [ -47.392509275822007, -14.103460129148072 ], [ -47.392509275822007, -14.102112656221893 ], [ -47.39143129748107, -14.102112656221893 ], [ -47.39143129748107, -14.103460129148072 ] ] ] } },
{ "type": "Feature", "properties": { "nome_area_": "PARQUE NACIONAL DA CHAPADA DOS VEADEIROS", "tipo_area_": "UC Federal - Proteção Integral", "esferaadmi": "Federal", "nomeunidad": "PARQUE NACIONAL DA CHAPADA DOS VEADEIROS", "grupo": "Proteção Integral - PI", "ano": "2025", "mes_ano": "10-2025", "nm_municip": "ALTO PARAISO DE GOIAS", "nome": "Alto Paraíso de Goiás", "meso_ibge": "Norte Goiano", "micro_ibge": "Chapada dos Veadeiros", "geocodigo": 5200605.0, "area_ha": 0.954459 }, "geometry": { "type": "Polygon", "coordinates": [ [ [ -47.695960178797584, -14.111275472119912 ], [ -47.696499167968057, -14.111275472119912 ], [ -47.696499167968057, -14.111005977534676 ], [ -47.697038157138529, -14.111005977534676 ], [ -47.697038157138529, -14.11073648294944 ], [ -47.697307651723762, -14.11073648294944 ], [ -47.697307651723762, -14.110466988364205 ], [ -47.695960178797584, -14.110466988364205 ], [ -47.695960178797584, -14.111275472119912 ] ] ] } },
{ "type": "Feature", "properties": { "nome_area_": "PARQUE NACIONAL DA CHAPADA DOS VEADEIROS", "tipo_area_": "UC Federal - Proteção Integral", "esferaadmi": "Federal", "nomeunidad": "PARQUE NACIONAL DA CHAPADA DOS VEADEIROS", "grupo": "Proteção Integral - PI", "ano": "2025", "mes_ano": "10-2025", "nm_municip": "ALTO PARAISO DE GOIAS", "nome": "Alto Paraíso de Goiás", "meso_ibge": "Norte Goiano", "micro_ibge": "Chapada dos Veadeiros", "geocodigo": 5200605.0, "area_ha": 1.995712 }, "geometry": { "type": "Polygon", "coordinates": [ [ [ -47.691648265433813, -14.109389010023261 ], [ -47.691917760019045, -14.109389010023261 ], [ -47.691917760019045, -14.10885002085279 ], [ -47.692456749189517, -14.10885002085279 ], [ -47.692456749189517, -14.106963558756139 ], [ -47.691648265433813, -14.106963558756139 ], [ -47.691648265433813, -14.109389010023261 ] ] ] } },
{ "type": "Feature", "properties": { "nome_area_": "PARQUE NACIONAL DA CHAPADA DOS VEADEIROS", "tipo_area_": "UC Federal - Proteção Integral", "esferaadmi": "Federal", "nomeunidad": "PARQUE NACIONAL DA CHAPADA DOS VEADEIROS", "grupo": "Proteção Integral - PI", "ano": "2025", "mes_ano": "3-2025", "nm_municip": "ALTO PARAISO DE GOIAS", "nome": "Alto Paraíso de Goiás", "meso_ibge": "Norte Goiano", "micro_ibge": "Chapada dos Veadeiros", "geocodigo": 5200605.0, "area_ha": 13.102725 }, "geometry": { "type": "Polygon", "coordinates": [ [ [ -47.400324618793853, -14.097800742858119 ], [ -47.400055124208613, -14.097800742858119 ], [ -47.400055124208613, -14.098878721199062 ], [ -47.400324618793853, -14.098878721199062 ], [ -47.400324618793853, -14.099956699540005 ], [ -47.400863607964325, -14.099956699540005 ], [ -47.400863607964325, -14.102112656221893 ], [ -47.40382804840192, -14.102112656221893 ], [ -47.40382804840192, -14.101573667051422 ], [ -47.404367037572385, -14.101573667051422 ], [ -47.404367037572385, -14.099956699540005 ], [ -47.40167209172003, -14.099956699540005 ], [ -47.40167209172003, -14.098070237443356 ], [ -47.401402597134791, -14.098070237443356 ], [ -47.401402597134791, -14.097261753687647 ], [ -47.400324618793853, -14.097261753687647 ], [ -47.400324618793853, -14.097800742858119 ] ] ] } },
{ "type": "Feature", "properties": { "nome_area_": "PARQUE NACIONAL DA CHAPADA DOS VEADEIROS", "tipo_area_": "UC Federal - Proteção Integral", "esferaadmi": "Federal", "nomeunidad": "PARQUE NACIONAL DA CHAPADA DOS VEADEIROS", "grupo": "Proteção Integral - PI", "ano": "2025", "mes_ano": "3-2025", "nm_municip": "ALTO PARAISO DE GOIAS", "nome": "Alto Paraíso de Goiás", "meso_ibge": "Norte Goiano", "micro_ibge": "Chapada dos Veadeiros", "geocodigo": 5200605.0, "area_ha": 4.512211 }, "geometry": { "type": "Polygon", "coordinates": [ [ [ -47.416224799322769, -14.098609226613826 ], [ -47.415685810152297, -14.098609226613826 ], [ -47.415685810152297, -14.098878721199062 ], [ -47.415146820981825, -14.098878721199062 ], [ -47.415146820981825, -14.099956699540005 ], [ -47.415685810152297, -14.099956699540005 ], [ -47.415685810152297, -14.100495688710478 ], [ -47.417033283078474, -14.100495688710478 ], [ -47.417033283078474, -14.099956699540005 ], [ -47.417302777663707, -14.099956699540005 ], [ -47.417302777663707, -14.098339732028592 ], [ -47.416224799322769, -14.098339732028592 ], [ -47.416224799322769, -14.098609226613826 ] ] ] } },
{ "type": "Feature", "properties": { "nome_area_": "PARQUE NACIONAL DA CHAPADA DOS VEADEIROS", "tipo_area_": "UC Federal - Proteção Integral", "esferaadmi": "Federal", "nomeunidad": "PARQUE NACIONAL DA CHAPADA DOS VEADEIROS", "grupo": "Proteção Integral - PI", "ano": "2025", "mes_ano": "3-2025", "nm_municip": "ALTO PARAISO DE GOIAS", "nome": "Alto Paraíso de Goiás", "meso_ibge": "Norte Goiano", "micro_ibge": "Chapada dos Veadeiros", "geocodigo": 5200605.0, "area_ha": 63.345734 }, "geometry": { "type": "Polygon", "coordinates": [ [ [ -47.705661983866079, -14.091063378227222 ], [ -47.70539248928084, -14.091063378227222 ], [ -47.70539248928084, -14.091332872812458 ], [ -47.704853500110367, -14.091332872812458 ], [ -47.704853500110367, -14.091871861982931 ], [ -47.702158554258013, -14.091871861982931 ], [ -47.702158554258013, -14.092680345738637 ], [ -47.701889059672773, -14.092680345738637 ], [ -47.701889059672773, -14.092949840323874 ], [ -47.70161956508754, -14.092949840323874 ], [ -47.70161956508754, -14.094297313250053 ], [ -47.702967038013718, -14.094297313250053 ], [ -47.702967038013718, -14.096992259102411 ], [ -47.70323653259895, -14.096992259102411 ], [ -47.70323653259895, -14.097531248272883 ], [ -47.704314510939895, -14.097531248272883 ], [ -47.704314510939895, -14.096992259102411 ], [ -47.707278951377489, -14.096992259102411 ], [ -47.707278951377489, -14.097261753687647 ], [ -47.708895918888906, -14.097261753687647 ], [ -47.708895918888906, -14.098339732028592 ], [ -47.709434908059379, -14.098339732028592 ], [ -47.709434908059379, -14.098609226613826 ], [ -47.709704402644611, -14.098609226613826 ], [ -47.709704402644611, -14.098878721199062 ], [ -47.710782380985556, -14.098878721199062 ], [ -47.710782380985556, -14.098609226613826 ], [ -47.711321370156028, -14.098609226613826 ], [ -47.711321370156028, -14.098070237443356 ], [ -47.713207832252678, -14.098070237443356 ], [ -47.713207832252678, -14.096992259102411 ], [ -47.713477326837918, -14.096992259102411 ], [ -47.713477326837918, -14.095644786176232 ], [ -47.712938337667445, -14.095644786176232 ], [ -47.712938337667445, -14.095375291590997 ], [ -47.712668843082206, -14.095375291590997 ], [ -47.712668843082206, -14.095105797005761 ], [ -47.711590864741268, -14.095105797005761 ], [ -47.711590864741268, -14.094566807835289 ], [ -47.710512886400323, -14.094566807835289 ], [ -47.710512886400323, -14.094297313250053 ], [ -47.710243391815084, -14.094297313250053 ], [ -47.710243391815084, -14.094027818664816 ], [ -47.709434908059379, -14.094027818664816 ], [ -47.709434908059379, -14.093488829494346 ], [ -47.708087435133201, -14.093488829494346 ], [ -47.708087435133201, -14.092949840323874 ], [ -47.707817940547962, -14.092949840323874 ], [ -47.707817940547962, -14.092410851153403 ], [ -47.707548445962729, -14.092410851153403 ], [ -47.707548445962729, -14.091332872812458 ], [ -47.707009456792257, -14.091332872812458 ], [ -47.707009456792257, -14.089715905301043 ], [ -47.705661983866079, -14.089715905301043 ], [ -47.705661983866079, -14.091063378227222 ] ] ] } },
{ "type": "Feature", "properties": { "nome_area_": "PARQUE NACIONAL DA CHAPADA DOS VEADEIROS", "tipo_area_": "UC Federal - Proteção Integral", "esferaadmi": "Federal", "nomeunidad": "PARQUE NACIONAL DA CHAPADA DOS VEADEIROS", "grupo": "Proteção Integral - PI", "ano": "2025", "mes_ano": "10-2025", "nm_municip": "ALTO PARAISO DE GOIAS", "nome": "Alto Paraíso de Goiás", "meso_ibge": "Norte Goiano", "micro_ibge": "Chapada dos Veadeiros", "geocodigo": 5200605.0, "area_ha": 0.086773 }, "geometry": { "type": "Polygon", "coordinates": [ [ [ -47.698385630064706, -14.101304172466186 ], [ -47.698655124649946, -14.101304172466186 ], [ -47.698655124649946, -14.10103467788095 ], [ -47.698385630064706, -14.10103467788095 ], [ -47.698385630064706, -14.101304172466186 ] ] ] } },
{ "type": "Feature", "properties": { "nome_area_": "PARQUE NACIONAL DA CHAPADA DOS VEADEIROS", "tipo_area_": "UC Federal - Proteção Integral", "esferaadmi": "Federal", "nomeunidad": "PARQUE NACIONAL DA CHAPADA DOS VEADEIROS", "grupo": "Proteção Integral - PI", "ano": "2025", "mes_ano": "3-2025", "nm_municip": "ALTO PARAISO DE GOIAS", "nome": "Alto Paraíso de Goiás", "meso_ibge": "Norte Goiano", "micro_ibge": "Chapada dos Veadeiros", "geocodigo": 5200605.0, "area_ha": 1.735486 }, "geometry": { "type": "Polygon", "coordinates": [ [ [ -47.347503680087627, -14.097261753687647 ], [ -47.348851153013804, -14.097261753687647 ], [ -47.348851153013804, -14.096183775346704 ], [ -47.347503680087627, -14.096183775346704 ], [ -47.347503680087627, -14.097261753687647 ] ] ] } },
{ "type": "Feature", "properties": { "nome_area_": "PARQUE NACIONAL DA CHAPADA DOS VEADEIROS", "tipo_area_": "UC Federal - Proteção Integral", "esferaadmi": "Federal", "nomeunidad": "PARQUE NACIONAL DA CHAPADA DOS VEADEIROS", "grupo": "Proteção Integral - PI", "ano": "2025", "mes_ano": "10-2025", "nm_municip": "ALTO PARAISO DE GOIAS", "nome": "Alto Paraíso de Goiás", "meso_ibge": "Norte Goiano", "micro_ibge": "Chapada dos Veadeiros", "geocodigo": 5200605.0, "area_ha": 1.041284 }, "geometry": { "type": "Polygon", "coordinates": [ [ [ -47.707817940547962, -14.098609226613826 ], [ -47.707548445962729, -14.098609226613826 ], [ -47.707548445962729, -14.098878721199062 ], [ -47.708087435133201, -14.098878721199062 ], [ -47.708087435133201, -14.098609226613826 ], [ -47.708356929718434, -14.098609226613826 ], [ -47.708356929718434, -14.098339732028592 ], [ -47.708895918888906, -14.098339732028592 ], [ -47.708895918888906, -14.097800742858119 ], [ -47.707817940547962, -14.097800742858119 ], [ -47.707817940547962, -14.098609226613826 ] ] ] } },
{ "type": "Feature", "properties": { "nome_area_": "PARQUE NACIONAL DA CHAPADA DOS VEADEIROS", "tipo_area_": "UC Federal - Proteção Integral", "esferaadmi": "Federal", "nomeunidad": "PARQUE NACIONAL DA CHAPADA DOS VEADEIROS", "grupo": "Proteção Integral - PI", "ano": "2025", "mes_ano": "3-2025", "nm_municip": "ALTO PARAISO DE GOIAS", "nome": "Alto Paraíso de Goiás", "meso_ibge": "Norte Goiano", "micro_ibge": "Chapada dos Veadeiros", "geocodigo": 5200605.0, "area_ha": 1.388389 }, "geometry": { "type": "Polygon", "coordinates": [ [ [ -47.388466857043475, -14.097261753687647 ], [ -47.389544835384413, -14.097261753687647 ], [ -47.389544835384413, -14.096183775346704 ], [ -47.388466857043475, -14.096183775346704 ], [ -47.388466857043475, -14.097261753687647 ] ] ] } },
{ "type": "Feature", "properties": { "nome_area_": "PARQUE NACIONAL DA CHAPADA DOS VEADEIROS", "tipo_area_": "UC Federal - Proteção Integral", "esferaadmi": "Federal", "nomeunidad": "PARQUE NACIONAL DA CHAPADA DOS VEADEIROS", "grupo": "Proteção Integral - PI", "ano": "2025", "mes_ano": "10-2025", "nm_municip": "ALTO PARAISO DE GOIAS", "nome": "Alto Paraíso de Goiás", "meso_ibge": "Norte Goiano", "micro_ibge": "Chapada dos Veadeiros", "geocodigo": 5200605.0, "area_ha": 0.433869 }, "geometry": { "type": "Polygon", "coordinates": [ [ [ -47.705931478451312, -14.098878721199062 ], [ -47.706200973036545, -14.098878721199062 ], [ -47.706200973036545, -14.097531248272883 ], [ -47.705931478451312, -14.097531248272883 ], [ -47.705931478451312, -14.098878721199062 ] ] ] } },
{ "type": "Feature", "properties": { "nome_area_": "PARQUE NACIONAL DA CHAPADA DOS VEADEIROS", "tipo_area_": "UC Federal - Proteção Integral", "esferaadmi": "Federal", "nomeunidad": "PARQUE NACIONAL DA CHAPADA DOS VEADEIROS", "grupo": "Proteção Integral - PI", "ano": "2025", "mes_ano": "3-2025", "nm_municip": "ALTO PARAISO DE GOIAS", "nome": "Alto Paraíso de Goiás", "meso_ibge": "Norte Goiano", "micro_ibge": "Chapada dos Veadeiros", "geocodigo": 5200605.0, "area_ha": 7.115624 }, "geometry": { "type": "Polygon", "coordinates": [ [ [ -47.359091947252764, -14.092141356568167 ], [ -47.359361441838004, -14.092141356568167 ], [ -47.359361441838004, -14.092680345738637 ], [ -47.359630936423237, -14.092680345738637 ], [ -47.359630936423237, -14.092949840323874 ], [ -47.360708914764182, -14.092949840323874 ], [ -47.360708914764182, -14.093758324079582 ], [ -47.361786893105126, -14.093758324079582 ], [ -47.361786893105126, -14.092680345738637 ], [ -47.362056387690359, -14.092680345738637 ], [ -47.362056387690359, -14.091602367397694 ], [ -47.361786893105126, -14.091602367397694 ], [ -47.361786893105126, -14.091063378227222 ], [ -47.359091947252764, -14.091063378227222 ], [ -47.359091947252764, -14.092141356568167 ] ] ] } },
{ "type": "Feature", "properties": { "nome_area_": "PARQUE NACIONAL DA CHAPADA DOS VEADEIROS", "tipo_area_": "UC Federal - Proteção Integral", "esferaadmi": "Federal", "nomeunidad": "PARQUE NACIONAL DA CHAPADA DOS VEADEIROS", "grupo": "Proteção Integral - PI", "ano": "2025", "mes_ano": "3-2025", "nm_municip": "ALTO PARAISO DE GOIAS", "nome": "Alto Paraíso de Goiás", "meso_ibge": "Norte Goiano", "micro_ibge": "Chapada dos Veadeiros", "geocodigo": 5200605.0, "area_ha": 267.80096 }, "geometry": { "type": "Polygon", "coordinates": [ [ [ -47.702141637999944, -14.073719340999958 ], [ -47.702035228098566, -14.073546230186892 ], [ -47.701889059672773, -14.073546230186892 ], [ -47.701889059672773, -14.073308439016103 ], [ -47.701236398509998, -14.072198757260713 ], [ -47.700541586746596, -14.072198757260713 ], [ -47.700541586746596, -14.07112077891977 ], [ -47.700272092161356, -14.07112077891977 ], [ -47.700272092161356, -14.070851284334534 ], [ -47.700002597576123, -14.070851284334534 ], [ -47.700002597576123, -14.070598706343819 ], [ -47.699733102990891, -14.070581789749298 ], [ -47.699733102990891, -14.070312295164062 ], [ -47.699463608405651, -14.070312295164062 ], [ -47.699412873190525, -14.069503811408355 ], [ -47.697307651723762, -14.069503811408355 ], [ -47.697307651723762, -14.069234316823119 ], [ -47.695690684212352, -14.069234316823119 ], [ -47.695690684212352, -14.068425833067412 ], [ -47.694612705871407, -14.068425833067412 ], [ -47.694612705871407, -14.069234316823119 ], [ -47.694073716700935, -14.069234316823119 ], [ -47.694073716700935, -14.069503811408355 ], [ -47.693804222115702, -14.069503811408355 ], [ -47.693804222115702, -14.069773305993589 ], [ -47.69326523294523, -14.069773305993589 ], [ -47.69326523294523, -14.070042800578825 ], [ -47.69299573835999, -14.070042800578825 ], [ -47.69299573835999, -14.070312295164062 ], [ -47.692726243774757, -14.070312295164062 ], [ -47.692726243774757, -14.070581789749298 ], [ -47.690300792507635, -14.070581789749298 ], [ -47.690300792507635, -14.070312295164062 ], [ -47.688683824996218, -14.070312295164062 ], [ -47.688683824996218, -14.068964822237882 ], [ -47.688414330410978, -14.068964822237882 ], [ -47.688414330410978, -14.068425833067412 ], [ -47.688144835825746, -14.068425833067412 ], [ -47.688144835825746, -14.068156338482176 ], [ -47.687066857484801, -14.068156338482176 ], [ -47.687066857484801, -14.068425833067412 ], [ -47.686797362899568, -14.068425833067412 ], [ -47.686797362899568, -14.069503811408355 ], [ -47.685988879143856, -14.069503811408355 ], [ -47.685988879143856, -14.07112077891977 ], [ -47.685719384558624, -14.07112077891977 ], [ -47.685719384558624, -14.074085219357364 ], [ -47.684910900802919, -14.074085219357364 ], [ -47.684910900802919, -14.075163197698307 ], [ -47.685988879143856, -14.075163197698307 ], [ -47.685988879143856, -14.077588648965429 ], [ -47.685449889973384, -14.077588648965429 ], [ -47.685449889973384, -14.078936121891608 ], [ -47.687336352070041, -14.078936121891608 ], [ -47.687336352070041, -14.081900562329203 ], [ -47.687605846655273, -14.081900562329203 ], [ -47.687605846655273, -14.082170056914439 ], [ -47.689222814166691, -14.082170056914439 ], [ -47.689222814166691, -14.081361573158732 ], [ -47.689492308751923, -14.081361573158732 ], [ -47.689492308751923, -14.080553089403024 ], [ -47.689761803337163, -14.080553089403024 ], [ -47.689761803337163, -14.080283594817789 ], [ -47.690031297922395, -14.080283594817789 ], [ -47.690031297922395, -14.080014100232553 ], [ -47.690300792507635, -14.080014100232553 ], [ -47.690300792507635, -14.079205616476845 ], [ -47.69299573835999, -14.079205616476845 ], [ -47.69299573835999, -14.081900562329203 ], [ -47.694343211286167, -14.081900562329203 ], [ -47.694343211286167, -14.083787024425854 ], [ -47.695151695041879, -14.083787024425854 ], [ -47.695151695041879, -14.084595508181563 ], [ -47.696768662553296, -14.084595508181563 ], [ -47.696768662553296, -14.083248035255384 ], [ -47.695960178797584, -14.083248035255384 ], [ -47.695960178797584, -14.081092078573496 ], [ -47.698116135479474, -14.081092078573496 ], [ -47.698116135479474, -14.081361573158732 ], [ -47.698924619235179, -14.081361573158732 ], [ -47.698924619235179, -14.081631067743968 ], [ -47.699194113820418, -14.081631067743968 ], [ -47.699194113820418, -14.082170056914439 ], [ -47.699733102990891, -14.082170056914439 ], [ -47.699733102990891, -14.082709046084911 ], [ -47.700002597576123, -14.082709046084911 ], [ -47.700002597576123, -14.08540399193727 ], [ -47.699733102990891, -14.08540399193727 ], [ -47.699733102990891, -14.087020959448685 ], [ -47.700811081331828, -14.087020959448685 ], [ -47.700811081331828, -14.087290454033921 ], [ -47.702967038013718, -14.087290454033921 ], [ -47.702967038013718, -14.0886379269601 ], [ -47.70539248928084, -14.0886379269601 ], [ -47.70539248928084, -14.087020959448685 ], [ -47.708626424303674, -14.087020959448685 ], [ -47.708626424303674, -14.085673486522506 ], [ -47.708087435133201, -14.085673486522506 ], [ -47.708087435133201, -14.085134497352033 ], [ -47.707817940547962, -14.085134497352033 ], [ -47.707817940547962, -14.084595508181563 ], [ -47.705661983866079, -14.084595508181563 ], [ -47.705661983866079, -14.081631067743968 ], [ -47.703775521769423, -14.081631067743968 ], [ -47.703775521769423, -14.079475111062081 ], [ -47.70539248928084, -14.079475111062081 ], [ -47.70539248928084, -14.078489755441096 ], [ -47.705325412046868, -14.078397132721138 ], [ -47.702697543428485, -14.078397132721138 ], [ -47.702697543428485, -14.07570218686878 ], [ -47.702428048843245, -14.07570218686878 ], [ -47.702428048843245, -14.074354713942601 ], [ -47.702158554258013, -14.074354713942601 ], [ -47.702141637999944, -14.073719340999958 ] ], [ [ -47.699194113820418, -14.078127638135902 ], [ -47.696229673382824, -14.078127638135902 ], [ -47.696229673382824, -14.077319154380195 ], [ -47.693804222115702, -14.077319154380195 ], [ -47.693804222115702, -14.074893703113071 ], [ -47.696229673382824, -14.074893703113071 ], [ -47.696229673382824, -14.07570218686878 ], [ -47.699194113820418, -14.07570218686878 ], [ -47.699194113820418, -14.078127638135902 ] ] ] } },
{ "type": "Feature", "properties": { "nome_area_": "PARQUE NACIONAL DA CHAPADA DOS VEADEIROS", "tipo_area_": "UC Federal - Proteção Integral", "esferaadmi": "Federal", "nomeunidad": "PARQUE NACIONAL DA CHAPADA DOS VEADEIROS", "grupo": "Proteção Integral - PI", "ano": "2025", "mes_ano": "10-2025", "nm_municip": "ALTO PARAISO DE GOIAS", "nome": "Alto Paraíso de Goiás", "meso_ibge": "Norte Goiano", "micro_ibge": "Chapada dos Veadeiros", "geocodigo": 5200605.0, "area_ha": 0.607374 }, "geometry": { "type": "Polygon", "coordinates": [ [ [ -47.698924619235179, -14.115317890898449 ], [ -47.699194113820418, -14.115317890898449 ], [ -47.699194113820418, -14.1134314288018 ], [ -47.698924619235179, -14.1134314288018 ], [ -47.698924619235179, -14.115317890898449 ] ] ] } },
{ "type": "Feature", "properties": { "nome_area_": "PARQUE NACIONAL DA CHAPADA DOS VEADEIROS", "tipo_area_": "UC Federal - Proteção Integral", "esferaadmi": "Federal", "nomeunidad": "PARQUE NACIONAL DA CHAPADA DOS VEADEIROS", "grupo": "Proteção Integral - PI", "ano": "2025", "mes_ano": "3-2025", "nm_municip": "ALTO PARAISO DE GOIAS", "nome": "Alto Paraíso de Goiás", "meso_ibge": "Norte Goiano", "micro_ibge": "Chapada dos Veadeiros", "geocodigo": 5200605.0, "area_ha": 7.113938 }, "geometry": { "type": "Polygon", "coordinates": [ [ [ -47.752015052526644, -14.147118251956281 ], [ -47.751745557941405, -14.147118251956281 ], [ -47.751745557941405, -14.14846572488246 ], [ -47.754440503793766, -14.14846572488246 ], [ -47.754440503793766, -14.149004714052932 ], [ -47.755787976719944, -14.149004714052932 ], [ -47.755787976719944, -14.147657241126753 ], [ -47.755518482134711, -14.147657241126753 ], [ -47.755518482134711, -14.147387746541517 ], [ -47.753901514623294, -14.147387746541517 ], [ -47.753901514623294, -14.147118251956281 ], [ -47.753362525452822, -14.147118251956281 ], [ -47.753362525452822, -14.146848757371044 ], [ -47.752015052526644, -14.146848757371044 ], [ -47.752015052526644, -14.147118251956281 ] ] ] } },
{ "type": "Feature", "properties": { "nome_area_": "PARQUE NACIONAL DA CHAPADA DOS VEADEIROS", "tipo_area_": "UC Federal - Proteção Integral", "esferaadmi": "Federal", "nomeunidad": "PARQUE NACIONAL DA CHAPADA DOS VEADEIROS", "grupo": "Proteção Integral - PI", "ano": "2025", "mes_ano": "3-2025", "nm_municip": "ALTO PARAISO DE GOIAS", "nome": "Alto Paraíso de Goiás", "meso_ibge": "Norte Goiano", "micro_ibge": "Chapada dos Veadeiros", "geocodigo": 5200605.0, "area_ha": 18.739244 }, "geometry": { "type": "Polygon", "coordinates": [ [ [ -47.42619609897649, -14.144153811518686 ], [ -47.425926604391258, -14.144153811518686 ], [ -47.425926604391258, -14.146040273615338 ], [ -47.422962163953663, -14.146040273615338 ], [ -47.422962163953663, -14.145501284444865 ], [ -47.421345196442246, -14.145501284444865 ], [ -47.421345196442246, -14.146848757371044 ], [ -47.421614691027486, -14.146848757371044 ], [ -47.421614691027486, -14.147657241126753 ], [ -47.423770647709368, -14.147657241126753 ], [ -47.423770647709368, -14.147118251956281 ], [ -47.425926604391258, -14.147118251956281 ], [ -47.425926604391258, -14.14846572488246 ], [ -47.426735088146962, -14.14846572488246 ], [ -47.426735088146962, -14.148735219467696 ], [ -47.428082561073147, -14.148735219467696 ], [ -47.428082561073147, -14.148196230297224 ], [ -47.428621550243619, -14.148196230297224 ], [ -47.428621550243619, -14.146848757371044 ], [ -47.427274077317435, -14.146848757371044 ], [ -47.427274077317435, -14.143614822348216 ], [ -47.42619609897649, -14.143614822348216 ], [ -47.42619609897649, -14.144153811518686 ] ] ] } },
{ "type": "Feature", "properties": { "nome_area_": "PARQUE NACIONAL DA CHAPADA DOS VEADEIROS", "tipo_area_": "UC Federal - Proteção Integral", "esferaadmi": "Federal", "nomeunidad": "PARQUE NACIONAL DA CHAPADA DOS VEADEIROS", "grupo": "Proteção Integral - PI", "ano": "2025", "mes_ano": "3-2025", "nm_municip": "ALTO PARAISO DE GOIAS", "nome": "Alto Paraíso de Goiás", "meso_ibge": "Norte Goiano", "micro_ibge": "Chapada dos Veadeiros", "geocodigo": 5200605.0, "area_ha": 65.068635 }, "geometry": { "type": "Polygon", "coordinates": [ [ [ -47.764411803447494, -14.135260490205903 ], [ -47.764142308862255, -14.135260490205903 ], [ -47.764142308862255, -14.135529984791139 ], [ -47.763872814277022, -14.135529984791139 ], [ -47.763872814277022, -14.135799479376375 ], [ -47.763603319691782, -14.135799479376375 ], [ -47.763603319691782, -14.13606897396161 ], [ -47.762525341350845, -14.13606897396161 ], [ -47.762525341350845, -14.136338468546846 ], [ -47.761716857595133, -14.136338468546846 ], [ -47.761716857595133, -14.136877457717318 ], [ -47.760099890083723, -14.136877457717318 ], [ -47.760099890083723, -14.137146952302555 ], [ -47.759830395498483, -14.137146952302555 ], [ -47.759830395498483, -14.137685941473027 ], [ -47.75956090091325, -14.137685941473027 ], [ -47.75956090091325, -14.137955436058261 ], [ -47.759291406328011, -14.137955436058261 ], [ -47.759291406328011, -14.138224930643498 ], [ -47.759021911742778, -14.138224930643498 ], [ -47.759021911742778, -14.139033414399206 ], [ -47.758482922572306, -14.139033414399206 ], [ -47.758482922572306, -14.139572403569677 ], [ -47.757943933401833, -14.139572403569677 ], [ -47.757943933401833, -14.139841898154913 ], [ -47.757674438816593, -14.139841898154913 ], [ -47.757674438816593, -14.140380887325385 ], [ -47.757404944231361, -14.140380887325385 ], [ -47.757404944231361, -14.140650381910621 ], [ -47.757135449646128, -14.140650381910621 ], [ -47.757135449646128, -14.140919876495856 ], [ -47.756865955060888, -14.140919876495856 ], [ -47.756865955060888, -14.141189371081092 ], [ -47.756596460475656, -14.141189371081092 ], [ -47.756596460475656, -14.142267349422035 ], [ -47.757135449646128, -14.142267349422035 ], [ -47.757135449646128, -14.142536844007271 ], [ -47.757943933401833, -14.142536844007271 ], [ -47.757943933401833, -14.144153811518686 ], [ -47.759291406328011, -14.144153811518686 ], [ -47.759291406328011, -14.144423306103922 ], [ -47.760908373839428, -14.144423306103922 ], [ -47.760908373839428, -14.144962295274395 ], [ -47.761986352180372, -14.144962295274395 ], [ -47.761986352180372, -14.144692800689159 ], [ -47.762255846765605, -14.144692800689159 ], [ -47.762255846765605, -14.144153811518686 ], [ -47.765489781788439, -14.144153811518686 ], [ -47.765489781788439, -14.14388431693345 ], [ -47.765759276373672, -14.14388431693345 ], [ -47.765759276373672, -14.141728360251564 ], [ -47.766028770958911, -14.141728360251564 ], [ -47.766028770958911, -14.136338468546846 ], [ -47.765759276373672, -14.136338468546846 ], [ -47.765759276373672, -14.135260490205903 ], [ -47.765489781788439, -14.135260490205903 ], [ -47.765489781788439, -14.134990995620667 ], [ -47.764411803447494, -14.134990995620667 ], [ -47.764411803447494, -14.135260490205903 ] ], [ [ -47.764142308862255, -14.141458865666328 ], [ -47.764142308862255, -14.143614822348216 ], [ -47.761986352180372, -14.143614822348216 ], [ -47.761986352180372, -14.142536844007271 ], [ -47.760099890083723, -14.142536844007271 ], [ -47.760099890083723, -14.140380887325385 ], [ -47.762255846765605, -14.140380887325385 ], [ -47.762255846765605, -14.141458865666328 ], [ -47.764142308862255, -14.141458865666328 ] ] ] } },
{ "type": "Feature", "properties": { "nome_area_": "PARQUE NACIONAL DA CHAPADA DOS VEADEIROS", "tipo_area_": "UC Federal - Proteção Integral", "esferaadmi": "Federal", "nomeunidad": "PARQUE NACIONAL DA CHAPADA DOS VEADEIROS", "grupo": "Proteção Integral - PI", "ano": "2025", "mes_ano": "8-2025", "nm_municip": "ALTO PARAISO DE GOIAS", "nome": "Alto Paraíso de Goiás", "meso_ibge": "Norte Goiano", "micro_ibge": "Chapada dos Veadeiros", "geocodigo": 5200605.0, "area_ha": 0.780867 }, "geometry": { "type": "Polygon", "coordinates": [ [ [ -47.681137976609612, -14.127714641819299 ], [ -47.682754944121029, -14.127714641819299 ], [ -47.682754944121029, -14.127445147234063 ], [ -47.681407471194852, -14.127445147234063 ], [ -47.681407471194852, -14.126636663478356 ], [ -47.681137976609612, -14.126636663478356 ], [ -47.681137976609612, -14.127714641819299 ] ] ] } },
{ "type": "Feature", "properties": { "nome_area_": "PARQUE NACIONAL DA CHAPADA DOS VEADEIROS", "tipo_area_": "UC Federal - Proteção Integral", "esferaadmi": "Federal", "nomeunidad": "PARQUE NACIONAL DA CHAPADA DOS VEADEIROS", "grupo": "Proteção Integral - PI", "ano": "2025", "mes_ano": "8-2025", "nm_municip": "ALTO PARAISO DE GOIAS", "nome": "Alto Paraíso de Goiás", "meso_ibge": "Norte Goiano", "micro_ibge": "Chapada dos Veadeiros", "geocodigo": 5200605.0, "area_ha": 0.086903 }, "geometry": { "type": "Polygon", "coordinates": [ [ [ -47.561000753878055, -14.122594244699819 ], [ -47.561482380764893, -14.12289063301902 ], [ -47.561482380764893, -14.122594244699819 ], [ -47.561000753878055, -14.122594244699819 ] ] ] } },
{ "type": "Feature", "properties": { "nome_area_": "PARQUE NACIONAL DA CHAPADA DOS VEADEIROS", "tipo_area_": "UC Federal - Proteção Integral", "esferaadmi": "Federal", "nomeunidad": "PARQUE NACIONAL DA CHAPADA DOS VEADEIROS", "grupo": "Proteção Integral - PI", "ano": "2025", "mes_ano": "8-2025", "nm_municip": "ALTO PARAISO DE GOIAS", "nome": "Alto Paraíso de Goiás", "meso_ibge": "Norte Goiano", "micro_ibge": "Chapada dos Veadeiros", "geocodigo": 5200605.0, "area_ha": 13.04156 }, "geometry": { "type": "MultiPolygon", "coordinates": [ [ [ [ -47.532646460144655, -14.075247504669676 ], [ -47.532646460144655, -14.075163197698307 ], [ -47.53257121438952, -14.075163197698307 ], [ -47.532646460144655, -14.075247504669676 ] ] ], [ [ [ -47.53434563, -14.07733727 ], [ -47.53601074, -14.07860947 ], [ -47.536958373508426, -14.08009619328503 ], [ -47.536958373508426, -14.07624117603925 ], [ -47.536688878923194, -14.07624117603925 ], [ -47.536688878923194, -14.075163197698307 ], [ -47.535610900582249, -14.075163197698307 ], [ -47.535610900582249, -14.075432692283544 ], [ -47.535341405997016, -14.075432692283544 ], [ -47.535341405997016, -14.075971681454014 ], [ -47.534802416826544, -14.075971681454014 ], [ -47.534802416826544, -14.07624117603925 ], [ -47.533432526964553, -14.07624117603925 ], [ -47.53434563, -14.07733727 ] ] ], [ [ [ -47.537084656749265, -14.080283594817789 ], [ -47.5375309, -14.08114624 ], [ -47.53886604, -14.08219719 ], [ -47.539383824775555, -14.082481374821487 ], [ -47.539383824775555, -14.081092078573496 ], [ -47.537766857264138, -14.081092078573496 ], [ -47.537766857264138, -14.08082258398826 ], [ -47.537497362678906, -14.08082258398826 ], [ -47.537497362678906, -14.080283594817789 ], [ -47.537084656749265, -14.080283594817789 ] ] ], [ [ [ -47.54023361, -14.08533287 ], [ -47.54046059, -14.08565331 ], [ -47.541270286872205, -14.086515379418643 ], [ -47.541270286872205, -14.085673486522506 ], [ -47.541000792286965, -14.085673486522506 ], [ -47.541000792286965, -14.08540399193727 ], [ -47.540731297701733, -14.08540399193727 ], [ -47.540731297701733, -14.085134497352033 ], [ -47.5404618031165, -14.085134497352033 ], [ -47.5404618031165, -14.084865002766797 ], [ -47.540139168056278, -14.084865002766797 ], [ -47.54023361, -14.08533287 ] ] ], [ [ [ -47.541498921253151, -14.086751464863449 ], [ -47.54234826521315, -14.087655871721839 ], [ -47.54234826521315, -14.087290454033921 ], [ -47.54207877062791, -14.087290454033921 ], [ -47.54207877062791, -14.086751464863449 ], [ -47.541498921253151, -14.086751464863449 ] ] ], [ [ [ -47.54253006, -14.08785439 ], [ -47.542617759798382, -14.087919849973437 ], [ -47.542617759798382, -14.087829443204393 ], [ -47.54253006, -14.08785439 ] ] ], [ [ [ -47.543156748968855, -14.088322156676881 ], [ -47.543156748968855, -14.088098937789628 ], [ -47.54285769215015, -14.088098937789628 ], [ -47.543156748968855, -14.088322156676881 ] ] ], [ [ [ -47.543218746693114, -14.088368432374864 ], [ -47.543426243554094, -14.088554945203011 ], [ -47.543426243554094, -14.088368432374864 ], [ -47.543218746693114, -14.088368432374864 ] ] ], [ [ [ -47.543695738139327, -14.088842290060864 ], [ -47.543695738139327, -14.0886379269601 ], [ -47.543504070366019, -14.0886379269601 ], [ -47.543695738139327, -14.088842290060864 ] ] ], [ [ [ -47.544504221895032, -14.089704324634431 ], [ -47.544504221895032, -14.089446410715809 ], [ -47.544262329957085, -14.089446410715809 ], [ -47.544504221895032, -14.089704324634431 ] ] ], [ [ [ -47.54451508315411, -14.089715905301043 ], [ -47.545582200235977, -14.090947354521496 ], [ -47.545582200235977, -14.090254894471515 ], [ -47.545043211065504, -14.090254894471515 ], [ -47.545043211065504, -14.089985399886279 ], [ -47.544773716480272, -14.089985399886279 ], [ -47.544773716480272, -14.089715905301043 ], [ -47.54451508315411, -14.089715905301043 ] ] ] ] } },
{ "type": "Feature", "properties": { "nome_area_": "PARQUE NACIONAL DA CHAPADA DOS VEADEIROS", "tipo_area_": "UC Federal - Proteção Integral", "esferaadmi": "Federal", "nomeunidad": "PARQUE NACIONAL DA CHAPADA DOS VEADEIROS", "grupo": "Proteção Integral - PI", "ano": "2025", "mes_ano": "8-2025", "nm_municip": "ALTO PARAISO DE GOIAS", "nome": "Alto Paraíso de Goiás", "meso_ibge": "Norte Goiano", "micro_ibge": "Chapada dos Veadeiros", "geocodigo": 5200605.0, "area_ha": 0.867635 }, "geometry": { "type": "Polygon", "coordinates": [ [ [ -47.680059998268668, -14.125558685137413 ], [ -47.680329492853907, -14.125558685137413 ], [ -47.680329492853907, -14.126097674307884 ], [ -47.681137976609612, -14.126097674307884 ], [ -47.681137976609612, -14.125289190552177 ], [ -47.680059998268668, -14.125289190552177 ], [ -47.680059998268668, -14.125558685137413 ] ] ] } },
{ "type": "Feature", "properties": { "nome_area_": "PARQUE NACIONAL DA CHAPADA DOS VEADEIROS", "tipo_area_": "UC Federal - Proteção Integral", "esferaadmi": "Federal", "nomeunidad": "PARQUE NACIONAL DA CHAPADA DOS VEADEIROS", "grupo": "Proteção Integral - PI", "ano": "2025", "mes_ano": "8-2025", "nm_municip": "ALTO PARAISO DE GOIAS", "nome": "Alto Paraíso de Goiás", "meso_ibge": "Norte Goiano", "micro_ibge": "Chapada dos Veadeiros", "geocodigo": 5200605.0, "area_ha": 4.598482 }, "geometry": { "type": "Polygon", "coordinates": [ [ [ -47.695151695041879, -14.125019695966941 ], [ -47.695421189627112, -14.125019695966941 ], [ -47.695421189627112, -14.125289190552177 ], [ -47.696229673382824, -14.125289190552177 ], [ -47.696229673382824, -14.125558685137413 ], [ -47.697307651723762, -14.125558685137413 ], [ -47.697307651723762, -14.125289190552177 ], [ -47.697846640894234, -14.125289190552177 ], [ -47.697846640894234, -14.123941717625998 ], [ -47.695151695041879, -14.123941717625998 ], [ -47.695151695041879, -14.125019695966941 ] ] ] } },
{ "type": "Feature", "properties": { "nome_area_": "PARQUE NACIONAL DA CHAPADA DOS VEADEIROS", "tipo_area_": "UC Federal - Proteção Integral", "esferaadmi": "Federal", "nomeunidad": "PARQUE NACIONAL DA CHAPADA DOS VEADEIROS", "grupo": "Proteção Integral - PI", "ano": "2025", "mes_ano": "8-2025", "nm_municip": "ALTO PARAISO DE GOIAS", "nome": "Alto Paraíso de Goiás", "meso_ibge": "Norte Goiano", "micro_ibge": "Chapada dos Veadeiros", "geocodigo": 5200605.0, "area_ha": 1.735298 }, "geometry": { "type": "Polygon", "coordinates": [ [ [ -47.701889059672773, -14.122594244699819 ], [ -47.70323653259895, -14.122594244699819 ], [ -47.70323653259895, -14.121516266358874 ], [ -47.701889059672773, -14.121516266358874 ], [ -47.701889059672773, -14.122594244699819 ] ] ] } },
{ "type": "Feature", "properties": { "nome_area_": "PARQUE NACIONAL DA CHAPADA DOS VEADEIROS", "tipo_area_": "UC Federal - Proteção Integral", "esferaadmi": "Federal", "nomeunidad": "PARQUE NACIONAL DA CHAPADA DOS VEADEIROS", "grupo": "Proteção Integral - PI", "ano": "2025", "mes_ano": "8-2025", "nm_municip": "ALTO PARAISO DE GOIAS", "nome": "Alto Paraíso de Goiás", "meso_ibge": "Norte Goiano", "micro_ibge": "Chapada dos Veadeiros", "geocodigo": 5200605.0, "area_ha": 5.292774 }, "geometry": { "type": "Polygon", "coordinates": [ [ [ -47.681137976609612, -14.117204352995101 ], [ -47.682215954950557, -14.117204352995101 ], [ -47.682215954950557, -14.117743342165573 ], [ -47.683563427876734, -14.117743342165573 ], [ -47.683563427876734, -14.117473847580337 ], [ -47.683832922461974, -14.117473847580337 ], [ -47.683832922461974, -14.115856880068922 ], [ -47.681137976609612, -14.115856880068922 ], [ -47.681137976609612, -14.117204352995101 ] ] ] } },
{ "type": "Feature", "properties": { "nome_area_": "PARQUE NACIONAL DA CHAPADA DOS VEADEIROS", "tipo_area_": "UC Federal - Proteção Integral", "esferaadmi": "Federal", "nomeunidad": "PARQUE NACIONAL DA CHAPADA DOS VEADEIROS", "grupo": "Proteção Integral - PI", "ano": "2025", "mes_ano": "8-2025", "nm_municip": "ALTO PARAISO DE GOIAS", "nome": "Alto Paraíso de Goiás", "meso_ibge": "Norte Goiano", "micro_ibge": "Chapada dos Veadeiros", "geocodigo": 5200605.0, "area_ha": 2.082429 }, "geometry": { "type": "Polygon", "coordinates": [ [ [ -47.630472994585276, -14.114778901727979 ], [ -47.631550972926213, -14.114778901727979 ], [ -47.631550972926213, -14.113161934216564 ], [ -47.630472994585276, -14.113161934216564 ], [ -47.630472994585276, -14.114778901727979 ] ] ] } },
{ "type": "Feature", "properties": { "nome_area_": "PARQUE NACIONAL DA CHAPADA DOS VEADEIROS", "tipo_area_": "UC Federal - Proteção Integral", "esferaadmi": "Federal", "nomeunidad": "PARQUE NACIONAL DA CHAPADA DOS VEADEIROS", "grupo": "Proteção Integral - PI", "ano": "2025", "mes_ano": "12-2025", "nm_municip": "ALTO PARAISO DE GOIAS", "nome": "Alto Paraíso de Goiás", "meso_ibge": "Norte Goiano", "micro_ibge": "Chapada dos Veadeiros", "geocodigo": 5200605.0, "area_ha": 3.991405 }, "geometry": { "type": "Polygon", "coordinates": [ [ [ -47.647181658869897, -14.109389010023261 ], [ -47.648529131796074, -14.109389010023261 ], [ -47.648529131796074, -14.110466988364205 ], [ -47.649607110137019, -14.110466988364205 ], [ -47.649607110137019, -14.109389010023261 ], [ -47.648798626381307, -14.109389010023261 ], [ -47.648798626381307, -14.108041537097082 ], [ -47.647181658869897, -14.108041537097082 ], [ -47.647181658869897, -14.109389010023261 ] ] ] } },
{ "type": "Feature", "properties": { "nome_area_": "PARQUE NACIONAL DA CHAPADA DOS VEADEIROS", "tipo_area_": "UC Federal - Proteção Integral", "esferaadmi": "Federal", "nomeunidad": "PARQUE NACIONAL DA CHAPADA DOS VEADEIROS", "grupo": "Proteção Integral - PI", "ano": "2025", "mes_ano": "12-2025", "nm_municip": "ALTO PARAISO DE GOIAS", "nome": "Alto Paraíso de Goiás", "meso_ibge": "Norte Goiano", "micro_ibge": "Chapada dos Veadeiros", "geocodigo": 5200605.0, "area_ha": 4.51207 }, "geometry": { "type": "Polygon", "coordinates": [ [ [ -47.64556469135848, -14.106424569585666 ], [ -47.644486713017535, -14.106424569585666 ], [ -47.644486713017535, -14.107772042511845 ], [ -47.646642669699425, -14.107772042511845 ], [ -47.646642669699425, -14.10561608582996 ], [ -47.64556469135848, -14.10561608582996 ], [ -47.64556469135848, -14.106424569585666 ] ] ] } },
{ "type": "Feature", "properties": { "nome_area_": "PARQUE NACIONAL DA CHAPADA DOS VEADEIROS", "tipo_area_": "UC Federal - Proteção Integral", "esferaadmi": "Federal", "nomeunidad": "PARQUE NACIONAL DA CHAPADA DOS VEADEIROS", "grupo": "Proteção Integral - PI", "ano": "2025", "mes_ano": "12-2025", "nm_municip": "ALTO PARAISO DE GOIAS", "nome": "Alto Paraíso de Goiás", "meso_ibge": "Norte Goiano", "micro_ibge": "Chapada dos Veadeiros", "geocodigo": 5200605.0, "area_ha": 7.636818 }, "geometry": { "type": "Polygon", "coordinates": [ [ [ -47.632359456681925, -14.075432692283544 ], [ -47.632089962096686, -14.075432692283544 ], [ -47.632089962096686, -14.077319154380195 ], [ -47.63316794043763, -14.077319154380195 ], [ -47.63316794043763, -14.077049659794959 ], [ -47.633976424193335, -14.077049659794959 ], [ -47.633976424193335, -14.076780165209723 ], [ -47.634515413363808, -14.076780165209723 ], [ -47.634515413363808, -14.074354713942601 ], [ -47.632359456681925, -14.074354713942601 ], [ -47.632359456681925, -14.075432692283544 ] ] ] } },
{ "type": "Feature", "properties": { "nome_area_": "PARQUE NACIONAL DA CHAPADA DOS VEADEIROS", "tipo_area_": "UC Federal - Proteção Integral", "esferaadmi": "Federal", "nomeunidad": "PARQUE NACIONAL DA CHAPADA DOS VEADEIROS", "grupo": "Proteção Integral - PI", "ano": "2025", "mes_ano": "12-2025", "nm_municip": "ALTO PARAISO DE GOIAS", "nome": "Alto Paraíso de Goiás", "meso_ibge": "Norte Goiano", "micro_ibge": "Chapada dos Veadeiros", "geocodigo": 5200605.0, "area_ha": 1.388636 }, "geometry": { "type": "Polygon", "coordinates": [ [ [ -47.574957110026688, -14.05549009297609 ], [ -47.576035088367632, -14.05549009297609 ], [ -47.576035088367632, -14.054412114635147 ], [ -47.574957110026688, -14.054412114635147 ], [ -47.574957110026688, -14.05549009297609 ] ] ] } },
{ "type": "Feature", "properties": { "nome_area_": "PARQUE NACIONAL DA CHAPADA DOS VEADEIROS", "tipo_area_": "UC Federal - Proteção Integral", "esferaadmi": "Federal", "nomeunidad": "PARQUE NACIONAL DA CHAPADA DOS VEADEIROS", "grupo": "Proteção Integral - PI", "ano": "2025", "mes_ano": "12-2025", "nm_municip": "ALTO PARAISO DE GOIAS", "nome": "Alto Paraíso de Goiás", "meso_ibge": "Norte Goiano", "micro_ibge": "Chapada dos Veadeiros", "geocodigo": 5200605.0, "area_ha": 6.075335 }, "geometry": { "type": "Polygon", "coordinates": [ [ [ -47.527526063025178, -14.052256157953259 ], [ -47.527256568439938, -14.052256157953259 ], [ -47.527256568439938, -14.053334136294204 ], [ -47.528873535951355, -14.053334136294204 ], [ -47.528873535951355, -14.053603630879438 ], [ -47.529143030536588, -14.053603630879438 ], [ -47.529143030536588, -14.054142620049911 ], [ -47.530759998048005, -14.054142620049911 ], [ -47.530759998048005, -14.053064641708968 ], [ -47.530221008877533, -14.053064641708968 ], [ -47.530221008877533, -14.052525652538495 ], [ -47.528873535951355, -14.052525652538495 ], [ -47.528873535951355, -14.051717168782787 ], [ -47.527526063025178, -14.051717168782787 ], [ -47.527526063025178, -14.052256157953259 ] ] ] } },
{ "type": "Feature", "properties": { "nome_area_": "PARQUE NACIONAL DA CHAPADA DOS VEADEIROS", "tipo_area_": "UC Federal - Proteção Integral", "esferaadmi": "Federal", "nomeunidad": "PARQUE NACIONAL DA CHAPADA DOS VEADEIROS", "grupo": "Proteção Integral - PI", "ano": "2025", "mes_ano": "12-2025", "nm_municip": "ALTO PARAISO DE GOIAS", "nome": "Alto Paraíso de Goiás", "meso_ibge": "Norte Goiano", "micro_ibge": "Chapada dos Veadeiros", "geocodigo": 5200605.0, "area_ha": 1.735819 }, "geometry": { "type": "Polygon", "coordinates": [ [ [ -47.568489239981027, -14.052256157953259 ], [ -47.569836712907204, -14.052256157953259 ], [ -47.569836712907204, -14.051178179612316 ], [ -47.568489239981027, -14.051178179612316 ], [ -47.568489239981027, -14.052256157953259 ] ] ] } },
{ "type": "Feature", "properties": { "nome_area_": "PARQUE NACIONAL DA CHAPADA DOS VEADEIROS", "tipo_area_": "UC Federal - Proteção Integral", "esferaadmi": "Federal", "nomeunidad": "PARQUE NACIONAL DA CHAPADA DOS VEADEIROS", "grupo": "Proteção Integral - PI", "ano": "2025", "mes_ano": "12-2025", "nm_municip": "ALTO PARAISO DE GOIAS", "nome": "Alto Paraíso de Goiás", "meso_ibge": "Norte Goiano", "micro_ibge": "Chapada dos Veadeiros", "geocodigo": 5200605.0, "area_ha": 31.418901 }, "geometry": { "type": "Polygon", "coordinates": [ [ [ -47.56471631578772, -14.045249298737128 ], [ -47.565524799543432, -14.045249298737128 ], [ -47.565524799543432, -14.047405255419013 ], [ -47.56471631578772, -14.047405255419013 ], [ -47.56471631578772, -14.049561212100901 ], [ -47.563368842861543, -14.049561212100901 ], [ -47.563368842861543, -14.050639190441844 ], [ -47.565794294128665, -14.050639190441844 ], [ -47.565794294128665, -14.05090868502708 ], [ -47.566333283299137, -14.05090868502708 ], [ -47.566333283299137, -14.051178179612316 ], [ -47.567411261640082, -14.051178179612316 ], [ -47.567411261640082, -14.048213739174722 ], [ -47.567950250810554, -14.048213739174722 ], [ -47.567950250810554, -14.047944244589486 ], [ -47.570375702077676, -14.047944244589486 ], [ -47.570375702077676, -14.04767475000425 ], [ -47.570914691248149, -14.04767475000425 ], [ -47.570914691248149, -14.046057782492834 ], [ -47.570375702077676, -14.046057782492834 ], [ -47.570375702077676, -14.045249298737128 ], [ -47.570106207492444, -14.045249298737128 ], [ -47.570106207492444, -14.044979804151891 ], [ -47.569028229151499, -14.044979804151891 ], [ -47.569028229151499, -14.045788287907598 ], [ -47.566333283299137, -14.045788287907598 ], [ -47.566333283299137, -14.04309334205524 ], [ -47.56471631578772, -14.04309334205524 ], [ -47.56471631578772, -14.045249298737128 ] ] ] } },
{ "type": "Feature", "properties": { "nome_area_": "PARQUE NACIONAL DA CHAPADA DOS VEADEIROS", "tipo_area_": "UC Federal - Proteção Integral", "esferaadmi": "Federal", "nomeunidad": "PARQUE NACIONAL DA CHAPADA DOS VEADEIROS", "grupo": "Proteção Integral - PI", "ano": "2025", "mes_ano": "12-2025", "nm_municip": "ALTO PARAISO DE GOIAS", "nome": "Alto Paraíso de Goiás", "meso_ibge": "Norte Goiano", "micro_ibge": "Chapada dos Veadeiros", "geocodigo": 5200605.0, "area_ha": 3.905684 }, "geometry": { "type": "Polygon", "coordinates": [ [ [ -47.579808012560932, -14.046596771663307 ], [ -47.580077507146164, -14.046596771663307 ], [ -47.580077507146164, -14.046866266248543 ], [ -47.580616496316637, -14.046866266248543 ], [ -47.580616496316637, -14.047405255419013 ], [ -47.581694474657581, -14.047405255419013 ], [ -47.581694474657581, -14.04632727707807 ], [ -47.581424980072349, -14.04632727707807 ], [ -47.581424980072349, -14.045788287907598 ], [ -47.580885990901876, -14.045788287907598 ], [ -47.580885990901876, -14.044979804151891 ], [ -47.579808012560932, -14.044979804151891 ], [ -47.579808012560932, -14.046596771663307 ] ] ] } },
{ "type": "Feature", "properties": { "nome_area_": "PARQUE NACIONAL DA CHAPADA DOS VEADEIROS", "tipo_area_": "UC Federal - Proteção Integral", "esferaadmi": "Federal", "nomeunidad": "PARQUE NACIONAL DA CHAPADA DOS VEADEIROS", "grupo": "Proteção Integral - PI", "ano": "2025", "mes_ano": "12-2025", "nm_municip": "ALTO PARAISO DE GOIAS", "nome": "Alto Paraíso de Goiás", "meso_ibge": "Norte Goiano", "micro_ibge": "Chapada dos Veadeiros", "geocodigo": 5200605.0, "area_ha": 2.430258 }, "geometry": { "type": "Polygon", "coordinates": [ [ [ -47.562560359105838, -14.04120687995859 ], [ -47.562829853691071, -14.04120687995859 ], [ -47.562829853691071, -14.041745869129061 ], [ -47.563907832032015, -14.041745869129061 ], [ -47.563907832032015, -14.040128901617646 ], [ -47.562560359105838, -14.040128901617646 ], [ -47.562560359105838, -14.04120687995859 ] ] ] } },
{ "type": "Feature", "properties": { "nome_area_": "PARQUE NACIONAL DA CHAPADA DOS VEADEIROS", "tipo_area_": "UC Federal - Proteção Integral", "esferaadmi": "Federal", "nomeunidad": "PARQUE NACIONAL DA CHAPADA DOS VEADEIROS", "grupo": "Proteção Integral - PI", "ano": "2025", "mes_ano": "8-2025", "nm_municip": "ALTO PARAISO DE GOIAS", "nome": "Alto Paraíso de Goiás", "meso_ibge": "Norte Goiano", "micro_ibge": "Chapada dos Veadeiros", "geocodigo": 5200605.0, "area_ha": 0.347322 }, "geometry": { "type": "Polygon", "coordinates": [ [ [ -47.177452596803796, -13.944188829273681 ], [ -47.178530575144741, -13.944188829273681 ], [ -47.178530575144741, -13.943919334688445 ], [ -47.177452596803796, -13.943919334688445 ], [ -47.177452596803796, -13.944188829273681 ] ] ] } },
{ "type": "Feature", "properties": { "nome_area_": "PARQUE NACIONAL DA CHAPADA DOS VEADEIROS", "tipo_area_": "UC Federal - Proteção Integral", "esferaadmi": "Federal", "nomeunidad": "PARQUE NACIONAL DA CHAPADA DOS VEADEIROS", "grupo": "Proteção Integral - PI", "ano": "2025", "mes_ano": "12-2025", "nm_municip": "ALTO PARAISO DE GOIAS", "nome": "Alto Paraíso de Goiás", "meso_ibge": "Norte Goiano", "micro_ibge": "Chapada dos Veadeiros", "geocodigo": 5200605.0, "area_ha": 2.604437 }, "geometry": { "type": "Polygon", "coordinates": [ [ [ -47.179878048070918, -13.987577457496654 ], [ -47.179339058900446, -13.987577457496654 ], [ -47.179339058900446, -13.988655435837597 ], [ -47.180417037241391, -13.988655435837597 ], [ -47.180417037241391, -13.98784695208189 ], [ -47.180956026411863, -13.98784695208189 ], [ -47.180956026411863, -13.986768973740947 ], [ -47.179878048070918, -13.986768973740947 ], [ -47.179878048070918, -13.987577457496654 ] ] ] } },
{ "type": "Feature", "properties": { "nome_area_": "PARQUE NACIONAL DA CHAPADA DOS VEADEIROS", "tipo_area_": "UC Federal - Proteção Integral", "esferaadmi": "Federal", "nomeunidad": "PARQUE NACIONAL DA CHAPADA DOS VEADEIROS", "grupo": "Proteção Integral - PI", "ano": "2025", "mes_ano": "8-2025", "nm_municip": "ALTO PARAISO DE GOIAS", "nome": "Alto Paraíso de Goiás", "meso_ibge": "Norte Goiano", "micro_ibge": "Chapada dos Veadeiros", "geocodigo": 5200605.0, "area_ha": 0.738505 }, "geometry": { "type": "Polygon", "coordinates": [ [ [ -47.175027145536674, -13.939803916516151 ], [ -47.175027145536674, -13.938798937568965 ], [ -47.174757650951442, -13.938798937568965 ], [ -47.174757650951442, -13.939601607212618 ], [ -47.175027145536674, -13.939803916516151 ] ] ] } },
{ "type": "Feature", "properties": { "nome_area_": "PARQUE NACIONAL DA CHAPADA DOS VEADEIROS", "tipo_area_": "UC Federal - Proteção Integral", "esferaadmi": "Federal", "nomeunidad": "PARQUE NACIONAL DA CHAPADA DOS VEADEIROS", "grupo": "Proteção Integral - PI", "ano": "2025", "mes_ano": "12-2025", "nm_municip": "ALTO PARAISO DE GOIAS", "nome": "Alto Paraíso de Goiás", "meso_ibge": "Norte Goiano", "micro_ibge": "Chapada dos Veadeiros", "geocodigo": 5200605.0, "area_ha": 4.165812 }, "geometry": { "type": "Polygon", "coordinates": [ [ [ -47.5404618031165, -14.060071500925099 ], [ -47.54207877062791, -14.060071500925099 ], [ -47.54207877062791, -14.062227457606987 ], [ -47.543156748968855, -14.062227457606987 ], [ -47.543156748968855, -14.061149479266042 ], [ -47.54234826521315, -14.061149479266042 ], [ -47.54234826521315, -14.058993522584156 ], [ -47.5404618031165, -14.058993522584156 ], [ -47.5404618031165, -14.060071500925099 ] ] ] } },
{ "type": "Feature", "properties": { "nome_area_": "PARQUE NACIONAL DA CHAPADA DOS VEADEIROS", "tipo_area_": "UC Federal - Proteção Integral", "esferaadmi": "Federal", "nomeunidad": "PARQUE NACIONAL DA CHAPADA DOS VEADEIROS", "grupo": "Proteção Integral - PI", "ano": "2025", "mes_ano": "12-2025", "nm_municip": "ALTO PARAISO DE GOIAS", "nome": "Alto Paraíso de Goiás", "meso_ibge": "Norte Goiano", "micro_ibge": "Chapada dos Veadeiros", "geocodigo": 5200605.0, "area_ha": 35.409735 }, "geometry": { "type": "Polygon", "coordinates": [ [ [ -47.591126785140837, -14.056336690302951 ], [ -47.590318301385132, -14.056298576731798 ], [ -47.590296241289174, -14.056029082146562 ], [ -47.58950981762942, -14.056029082146562 ], [ -47.58950981762942, -14.05549009297609 ], [ -47.588162344703242, -14.05549009297609 ], [ -47.588162344703242, -14.056568071317033 ], [ -47.588701333873715, -14.056568071317033 ], [ -47.588701333873715, -14.057107060487505 ], [ -47.589240323044187, -14.057107060487505 ], [ -47.589240323044187, -14.057376555072741 ], [ -47.590048806799892, -14.057376555072741 ], [ -47.590048806799892, -14.057915544243212 ], [ -47.591396279726069, -14.057915544243212 ], [ -47.591396279726069, -14.059532511754627 ], [ -47.593821730993199, -14.059532511754627 ], [ -47.593821730993199, -14.061957963021751 ], [ -47.595438698504609, -14.061957963021751 ], [ -47.595438698504609, -14.061688468436515 ], [ -47.596247182260321, -14.061688468436515 ], [ -47.596247182260321, -14.060610490095572 ], [ -47.596516676845553, -14.060610490095572 ], [ -47.596516676845553, -14.057915544243212 ], [ -47.597055666016026, -14.057915544243212 ], [ -47.597055666016026, -14.055759587561326 ], [ -47.596786171430793, -14.055759587561326 ], [ -47.596786171430793, -14.05549009297609 ], [ -47.595708193089848, -14.05549009297609 ], [ -47.595708193089848, -14.055759587561326 ], [ -47.593821730993199, -14.055759587561326 ], [ -47.593821730993199, -14.056568071317033 ], [ -47.591126785140837, -14.056568071317033 ], [ -47.591126785140837, -14.056336690302951 ] ] ] } },
{ "type": "Feature", "properties": { "nome_area_": "PARQUE NACIONAL DA CHAPADA DOS VEADEIROS", "tipo_area_": "UC Federal - Proteção Integral", "esferaadmi": "Federal", "nomeunidad": "PARQUE NACIONAL DA CHAPADA DOS VEADEIROS", "grupo": "Proteção Integral - PI", "ano": "2025", "mes_ano": "12-2025", "nm_municip": "ALTO PARAISO DE GOIAS", "nome": "Alto Paraíso de Goiás", "meso_ibge": "Norte Goiano", "micro_ibge": "Chapada dos Veadeiros", "geocodigo": 5200605.0, "area_ha": 1.388614 }, "geometry": { "type": "Polygon", "coordinates": [ [ [ -47.613225341130175, -14.059263017169393 ], [ -47.614303319471119, -14.059263017169393 ], [ -47.614303319471119, -14.058185038828448 ], [ -47.613225341130175, -14.058185038828448 ], [ -47.613225341130175, -14.059263017169393 ] ] ] } },
{ "type": "Feature", "properties": { "nome_area_": "PARQUE NACIONAL DA CHAPADA DOS VEADEIROS", "tipo_area_": "UC Federal - Proteção Integral", "esferaadmi": "Federal", "nomeunidad": "PARQUE NACIONAL DA CHAPADA DOS VEADEIROS", "grupo": "Proteção Integral - PI", "ano": "2025", "mes_ano": "12-2025", "nm_municip": "ALTO PARAISO DE GOIAS", "nome": "Alto Paraíso de Goiás", "meso_ibge": "Norte Goiano", "micro_ibge": "Chapada dos Veadeiros", "geocodigo": 5200605.0, "area_ha": 30.983897 }, "geometry": { "type": "Polygon", "coordinates": [ [ [ -47.606487976499281, -14.052256157953259 ], [ -47.605409998158336, -14.052256157953259 ], [ -47.605409998158336, -14.055220598390854 ], [ -47.605140503573104, -14.055220598390854 ], [ -47.605140503573104, -14.056568071317033 ], [ -47.602715052305982, -14.056568071317033 ], [ -47.602715052305982, -14.056029082146562 ], [ -47.601637073965037, -14.056029082146562 ], [ -47.601637073965037, -14.056298576731798 ], [ -47.601098084794565, -14.056298576731798 ], [ -47.601098084794565, -14.057376555072741 ], [ -47.601637073965037, -14.057376555072741 ], [ -47.601637073965037, -14.057646049657977 ], [ -47.603523536061687, -14.057646049657977 ], [ -47.603523536061687, -14.057107060487505 ], [ -47.605679492743576, -14.057107060487505 ], [ -47.605679492743576, -14.058993522584156 ], [ -47.606757471084521, -14.058993522584156 ], [ -47.606757471084521, -14.058185038828448 ], [ -47.607565954840226, -14.058185038828448 ], [ -47.607565954840226, -14.056837565902269 ], [ -47.608913427766403, -14.056837565902269 ], [ -47.608913427766403, -14.056568071317033 ], [ -47.609182922351643, -14.056568071317033 ], [ -47.609182922351643, -14.056298576731798 ], [ -47.609452416936875, -14.056298576731798 ], [ -47.609452416936875, -14.054142620049911 ], [ -47.608913427766403, -14.054142620049911 ], [ -47.608913427766403, -14.053873125464674 ], [ -47.60864393318117, -14.053873125464674 ], [ -47.60864393318117, -14.053603630879438 ], [ -47.608104944010698, -14.053603630879438 ], [ -47.608104944010698, -14.051178179612316 ], [ -47.606487976499281, -14.051178179612316 ], [ -47.606487976499281, -14.052256157953259 ] ] ] } },
{ "type": "Feature", "properties": { "nome_area_": "PARQUE NACIONAL DA CHAPADA DOS VEADEIROS", "tipo_area_": "UC Federal - Proteção Integral", "esferaadmi": "Federal", "nomeunidad": "PARQUE NACIONAL DA CHAPADA DOS VEADEIROS", "grupo": "Proteção Integral - PI", "ano": "2025", "mes_ano": "12-2025", "nm_municip": "ALTO PARAISO DE GOIAS", "nome": "Alto Paraíso de Goiás", "meso_ibge": "Norte Goiano", "micro_ibge": "Chapada dos Veadeiros", "geocodigo": 5200605.0, "area_ha": 1.388617 }, "geometry": { "type": "Polygon", "coordinates": [ [ [ -47.583850431339471, -14.05872402799892 ], [ -47.584928409680415, -14.05872402799892 ], [ -47.584928409680415, -14.057646049657977 ], [ -47.583850431339471, -14.057646049657977 ], [ -47.583850431339471, -14.05872402799892 ] ] ] } },
{ "type": "Feature", "properties": { "nome_area_": "PARQUE NACIONAL DA CHAPADA DOS VEADEIROS", "tipo_area_": "UC Federal - Proteção Integral", "esferaadmi": "Federal", "nomeunidad": "PARQUE NACIONAL DA CHAPADA DOS VEADEIROS", "grupo": "Proteção Integral - PI", "ano": "2025", "mes_ano": "8-2025", "nm_municip": "ALTO PARAISO DE GOIAS", "nome": "Alto Paraíso de Goiás", "meso_ibge": "Norte Goiano", "micro_ibge": "Chapada dos Veadeiros", "geocodigo": 5200605.0, "area_ha": 2.431357 }, "geometry": { "type": "Polygon", "coordinates": [ [ [ -47.184998445190402, -13.935565002546134 ], [ -47.185537434360874, -13.935565002546134 ], [ -47.185537434360874, -13.934217529619954 ], [ -47.186615412701819, -13.934217529619954 ], [ -47.186615412701819, -13.933409045864247 ], [ -47.184998445190402, -13.933409045864247 ], [ -47.184998445190402, -13.935565002546134 ] ] ] } },
{ "type": "Feature", "properties": { "nome_area_": "PARQUE NACIONAL DA CHAPADA DOS VEADEIROS", "tipo_area_": "UC Federal - Proteção Integral", "esferaadmi": "Federal", "nomeunidad": "PARQUE NACIONAL DA CHAPADA DOS VEADEIROS", "grupo": "Proteção Integral - PI", "ano": "2025", "mes_ano": "8-2025", "nm_municip": "ALTO PARAISO DE GOIAS", "nome": "Alto Paraíso de Goiás", "meso_ibge": "Norte Goiano", "micro_ibge": "Chapada dos Veadeiros", "geocodigo": 5200605.0, "area_ha": 0.086825 }, "geometry": { "type": "Polygon", "coordinates": [ [ [ -47.19470025025889, -13.960627998973068 ], [ -47.19496974484413, -13.960627998973068 ], [ -47.19496974484413, -13.960358504387832 ], [ -47.19470025025889, -13.960358504387832 ], [ -47.19470025025889, -13.960627998973068 ] ] ] } },
{ "type": "Feature", "properties": { "nome_area_": "PARQUE NACIONAL DA CHAPADA DOS VEADEIROS", "tipo_area_": "UC Federal - Proteção Integral", "esferaadmi": "Federal", "nomeunidad": "PARQUE NACIONAL DA CHAPADA DOS VEADEIROS", "grupo": "Proteção Integral - PI", "ano": "2025", "mes_ano": "8-2025", "nm_municip": "ALTO PARAISO DE GOIAS", "nome": "Alto Paraíso de Goiás", "meso_ibge": "Norte Goiano", "micro_ibge": "Chapada dos Veadeiros", "geocodigo": 5200605.0, "area_ha": 0.347185 }, "geometry": { "type": "Polygon", "coordinates": [ [ [ -47.450720106232957, -14.037703450350524 ], [ -47.45098960081819, -14.037703450350524 ], [ -47.45098960081819, -14.036625472009579 ], [ -47.450720106232957, -14.036625472009579 ], [ -47.450720106232957, -14.037703450350524 ] ] ] } },
{ "type": "Feature", "properties": { "nome_area_": "PARQUE NACIONAL DA CHAPADA DOS VEADEIROS", "tipo_area_": "UC Federal - Proteção Integral", "esferaadmi": "Federal", "nomeunidad": "PARQUE NACIONAL DA CHAPADA DOS VEADEIROS", "grupo": "Proteção Integral - PI", "ano": "2025", "mes_ano": "8-2025", "nm_municip": "ALTO PARAISO DE GOIAS", "nome": "Alto Paraíso de Goiás", "meso_ibge": "Norte Goiano", "micro_ibge": "Chapada dos Veadeiros", "geocodigo": 5200605.0, "area_ha": 0.694374 }, "geometry": { "type": "Polygon", "coordinates": [ [ [ -47.453684546670551, -14.036625472009579 ], [ -47.454223535841024, -14.036625472009579 ], [ -47.454223535841024, -14.035547493668636 ], [ -47.453684546670551, -14.035547493668636 ], [ -47.453684546670551, -14.036625472009579 ] ] ] } },
{ "type": "Feature", "properties": { "nome_area_": "PARQUE NACIONAL DA CHAPADA DOS VEADEIROS", "tipo_area_": "UC Federal - Proteção Integral", "esferaadmi": "Federal", "nomeunidad": "PARQUE NACIONAL DA CHAPADA DOS VEADEIROS", "grupo": "Proteção Integral - PI", "ano": "2025", "mes_ano": "8-2025", "nm_municip": "ALTO PARAISO DE GOIAS", "nome": "Alto Paraíso de Goiás", "meso_ibge": "Norte Goiano", "micro_ibge": "Chapada dos Veadeiros", "geocodigo": 5200605.0, "area_ha": 1.388981 }, "geometry": { "type": "Polygon", "coordinates": [ [ [ -47.432663969022151, -13.997009767979909 ], [ -47.433741947363096, -13.997009767979909 ], [ -47.433741947363096, -13.995931789638966 ], [ -47.432663969022151, -13.995931789638966 ], [ -47.432663969022151, -13.997009767979909 ] ] ] } },
{ "type": "Feature", "properties": { "nome_area_": "PARQUE NACIONAL DA CHAPADA DOS VEADEIROS", "tipo_area_": "UC Federal - Proteção Integral", "esferaadmi": "Federal", "nomeunidad": "PARQUE NACIONAL DA CHAPADA DOS VEADEIROS", "grupo": "Proteção Integral - PI", "ano": "2025", "mes_ano": "8-2025", "nm_municip": "ALTO PARAISO DE GOIAS", "nome": "Alto Paraíso de Goiás", "meso_ibge": "Norte Goiano", "micro_ibge": "Chapada dos Veadeiros", "geocodigo": 5200605.0, "area_ha": 1.73629 }, "geometry": { "type": "Polygon", "coordinates": [ [ [ -47.452876062914839, -13.988385941252361 ], [ -47.454223535841024, -13.988385941252361 ], [ -47.454223535841024, -13.987307962911418 ], [ -47.452876062914839, -13.987307962911418 ], [ -47.452876062914839, -13.988385941252361 ] ] ] } },
{ "type": "Feature", "properties": { "nome_area_": "PARQUE NACIONAL DA CHAPADA DOS VEADEIROS", "tipo_area_": "UC Federal - Proteção Integral", "esferaadmi": "Federal", "nomeunidad": "PARQUE NACIONAL DA CHAPADA DOS VEADEIROS", "grupo": "Proteção Integral - PI", "ano": "2025", "mes_ano": "8-2025", "nm_municip": "ALTO PARAISO DE GOIAS", "nome": "Alto Paraíso de Goiás", "meso_ibge": "Norte Goiano", "micro_ibge": "Chapada dos Veadeiros", "geocodigo": 5200605.0, "area_ha": 1.735771 }, "geometry": { "type": "Polygon", "coordinates": [ [ [ -47.553667037793055, -14.05872402799892 ], [ -47.554206026963527, -14.05872402799892 ], [ -47.554206026963527, -14.058454533413684 ], [ -47.555284005304472, -14.058454533413684 ], [ -47.555284005304472, -14.057646049657977 ], [ -47.553667037793055, -14.057646049657977 ], [ -47.553667037793055, -14.05872402799892 ] ] ] } },
{ "type": "Feature", "properties": { "nome_area_": "PARQUE NACIONAL DA CHAPADA DOS VEADEIROS", "tipo_area_": "UC Federal - Proteção Integral", "esferaadmi": "Federal", "nomeunidad": "PARQUE NACIONAL DA CHAPADA DOS VEADEIROS", "grupo": "Proteção Integral - PI", "ano": "2025", "mes_ano": "8-2025", "nm_municip": "ALTO PARAISO DE GOIAS", "nome": "Alto Paraíso de Goiás", "meso_ibge": "Norte Goiano", "micro_ibge": "Chapada dos Veadeiros", "geocodigo": 5200605.0, "area_ha": 3.644786 }, "geometry": { "type": "Polygon", "coordinates": [ [ [ -47.5404618031165, -14.078936121891608 ], [ -47.54019230853126, -14.078936121891608 ], [ -47.54019230853126, -14.079205616476845 ], [ -47.539922813946021, -14.079205616476845 ], [ -47.539922813946021, -14.080553089403024 ], [ -47.541000792286965, -14.080553089403024 ], [ -47.541000792286965, -14.080283594817789 ], [ -47.541809276042677, -14.080283594817789 ], [ -47.541809276042677, -14.078936121891608 ], [ -47.541539781457438, -14.078936121891608 ], [ -47.541539781457438, -14.078666627306374 ], [ -47.5404618031165, -14.078666627306374 ], [ -47.5404618031165, -14.078936121891608 ] ] ] } },
{ "type": "Feature", "properties": { "nome_area_": "PARQUE NACIONAL DA CHAPADA DOS VEADEIROS", "tipo_area_": "UC Federal - Proteção Integral", "esferaadmi": "Federal", "nomeunidad": "PARQUE NACIONAL DA CHAPADA DOS VEADEIROS", "grupo": "Proteção Integral - PI", "ano": "2025", "mes_ano": "8-2025", "nm_municip": "ALTO PARAISO DE GOIAS", "nome": "Alto Paraíso de Goiás", "meso_ibge": "Norte Goiano", "micro_ibge": "Chapada dos Veadeiros", "geocodigo": 5200605.0, "area_ha": 1.128246 }, "geometry": { "type": "Polygon", "coordinates": [ [ [ -47.555284005304472, -14.059802006339863 ], [ -47.55447552154876, -14.059802006339863 ], [ -47.55447552154876, -14.060071500925099 ], [ -47.555553499889704, -14.060071500925099 ], [ -47.555553499889704, -14.059532511754627 ], [ -47.555822994474937, -14.059532511754627 ], [ -47.555822994474937, -14.058454533413684 ], [ -47.555284005304472, -14.058454533413684 ], [ -47.555284005304472, -14.059802006339863 ] ] ] } },
{ "type": "Feature", "properties": { "nome_area_": "PARQUE NACIONAL DA CHAPADA DOS VEADEIROS", "tipo_area_": "UC Federal - Proteção Integral", "esferaadmi": "Federal", "nomeunidad": "PARQUE NACIONAL DA CHAPADA DOS VEADEIROS", "grupo": "Proteção Integral - PI", "ano": "2025", "mes_ano": "8-2025", "nm_municip": "ALTO PARAISO DE GOIAS", "nome": "Alto Paraíso de Goiás", "meso_ibge": "Norte Goiano", "micro_ibge": "Chapada dos Veadeiros", "geocodigo": 5200605.0, "area_ha": 360.212489 }, "geometry": { "type": "Polygon", "coordinates": [ [ [ -47.410026423862341, -14.024498215673967 ], [ -47.407061983424747, -14.024498215673967 ], [ -47.407061983424747, -14.024767710259201 ], [ -47.406792488839514, -14.024767710259201 ], [ -47.406792488839514, -14.025037204844438 ], [ -47.406253499669042, -14.025037204844438 ], [ -47.406253499669042, -14.025306699429674 ], [ -47.405984005083802, -14.025306699429674 ], [ -47.405984005083802, -14.02557619401491 ], [ -47.40544501591333, -14.02557619401491 ], [ -47.40544501591333, -14.025845688600146 ], [ -47.404906026742864, -14.025845688600146 ], [ -47.404906026742864, -14.026115183185382 ], [ -47.404367037572385, -14.026115183185382 ], [ -47.404367037572385, -14.027193161526325 ], [ -47.404636532157625, -14.027193161526325 ], [ -47.404636532157625, -14.027462656111561 ], [ -47.406253499669042, -14.027462656111561 ], [ -47.406253499669042, -14.028001645282032 ], [ -47.407331478009979, -14.028001645282032 ], [ -47.407331478009979, -14.028540634452504 ], [ -47.408948445521396, -14.028540634452504 ], [ -47.408948445521396, -14.029079623622977 ], [ -47.411912885958991, -14.029079623622977 ], [ -47.411912885958991, -14.03015760196392 ], [ -47.412721369714703, -14.03015760196392 ], [ -47.412721369714703, -14.032313558645805 ], [ -47.409217940106636, -14.032313558645805 ], [ -47.409217940106636, -14.032583053231042 ], [ -47.408948445521396, -14.032583053231042 ], [ -47.408948445521396, -14.032852547816278 ], [ -47.408678950936164, -14.032852547816278 ], [ -47.408678950936164, -14.03339153698675 ], [ -47.408139961765691, -14.03339153698675 ], [ -47.408139961765691, -14.033930526157221 ], [ -47.407870467180459, -14.033930526157221 ], [ -47.407870467180459, -14.034200020742457 ], [ -47.407600972595219, -14.034200020742457 ], [ -47.407600972595219, -14.034739009912929 ], [ -47.407331478009979, -14.034739009912929 ], [ -47.407331478009979, -14.036894966594815 ], [ -47.40544501591333, -14.036894966594815 ], [ -47.40544501591333, -14.03851193410623 ], [ -47.405714510498569, -14.03851193410623 ], [ -47.405714510498569, -14.038781428691467 ], [ -47.407870467180459, -14.038781428691467 ], [ -47.407870467180459, -14.039050923276703 ], [ -47.408139961765691, -14.039050923276703 ], [ -47.408139961765691, -14.040667890788118 ], [ -47.408409456350924, -14.040667890788118 ], [ -47.408409456350924, -14.041476374543825 ], [ -47.409487434691869, -14.041476374543825 ], [ -47.409487434691869, -14.041745869129061 ], [ -47.409756929277108, -14.041745869129061 ], [ -47.409756929277108, -14.042284858299533 ], [ -47.411104402203286, -14.042284858299533 ], [ -47.411104402203286, -14.040667890788118 ], [ -47.411643391373758, -14.040667890788118 ], [ -47.411643391373758, -14.040128901617646 ], [ -47.414338337226113, -14.040128901617646 ], [ -47.414338337226113, -14.039859407032409 ], [ -47.416763788493242, -14.039859407032409 ], [ -47.416763788493242, -14.03851193410623 ], [ -47.416494293908002, -14.03851193410623 ], [ -47.416494293908002, -14.036355977424344 ], [ -47.417841766834179, -14.036355977424344 ], [ -47.417841766834179, -14.036086482839108 ], [ -47.418919745175124, -14.036086482839108 ], [ -47.418919745175124, -14.035547493668636 ], [ -47.419997723516069, -14.035547493668636 ], [ -47.419997723516069, -14.034739009912929 ], [ -47.423501153124135, -14.034739009912929 ], [ -47.423501153124135, -14.034469515327693 ], [ -47.423770647709368, -14.034469515327693 ], [ -47.423770647709368, -14.034200020742457 ], [ -47.426735088146962, -14.034200020742457 ], [ -47.426735088146962, -14.034469515327693 ], [ -47.427004582732202, -14.034469515327693 ], [ -47.427004582732202, -14.034739009912929 ], [ -47.427543571902675, -14.034739009912929 ], [ -47.427543571902675, -14.035008504498165 ], [ -47.428621550243619, -14.035008504498165 ], [ -47.428621550243619, -14.034739009912929 ], [ -47.431585990681214, -14.034739009912929 ], [ -47.431585990681214, -14.035008504498165 ], [ -47.433472452777863, -14.035008504498165 ], [ -47.433472452777863, -14.034200020742457 ], [ -47.434819925704041, -14.034200020742457 ], [ -47.434819925704041, -14.033930526157221 ], [ -47.435358914874513, -14.033930526157221 ], [ -47.435358914874513, -14.03339153698675 ], [ -47.436436893215458, -14.03339153698675 ], [ -47.436436893215458, -14.033122042401514 ], [ -47.438323355312107, -14.033122042401514 ], [ -47.438323355312107, -14.032583053231042 ], [ -47.439401333653052, -14.032583053231042 ], [ -47.439401333653052, -14.032044064060571 ], [ -47.441557290334934, -14.032044064060571 ], [ -47.441557290334934, -14.032313558645805 ], [ -47.441826784920174, -14.032313558645805 ], [ -47.441826784920174, -14.032852547816278 ], [ -47.442096279505407, -14.032852547816278 ], [ -47.442096279505407, -14.033122042401514 ], [ -47.442635268675879, -14.033122042401514 ], [ -47.442635268675879, -14.03339153698675 ], [ -47.443443752431591, -14.03339153698675 ], [ -47.443443752431591, -14.033661031571985 ], [ -47.443982741602056, -14.033661031571985 ], [ -47.443982741602056, -14.033930526157221 ], [ -47.445599709113473, -14.033930526157221 ], [ -47.445599709113473, -14.033661031571985 ], [ -47.448833644136307, -14.033661031571985 ], [ -47.448833644136307, -14.032583053231042 ], [ -47.448564149551068, -14.032583053231042 ], [ -47.448564149551068, -14.032313558645805 ], [ -47.446677687454418, -14.032313558645805 ], [ -47.446677687454418, -14.031774569475335 ], [ -47.446408192869185, -14.031774569475335 ], [ -47.446408192869185, -14.031235580304863 ], [ -47.444791225357768, -14.031235580304863 ], [ -47.444791225357768, -14.029888107378683 ], [ -47.442904763261119, -14.029888107378683 ], [ -47.442904763261119, -14.029349118208211 ], [ -47.442635268675879, -14.029349118208211 ], [ -47.442635268675879, -14.02881012903774 ], [ -47.441557290334934, -14.02881012903774 ], [ -47.441557290334934, -14.028540634452504 ], [ -47.441018301164462, -14.028540634452504 ], [ -47.441018301164462, -14.028271139867268 ], [ -47.440479311993997, -14.028271139867268 ], [ -47.440479311993997, -14.028001645282032 ], [ -47.439401333653052, -14.028001645282032 ], [ -47.439401333653052, -14.02881012903774 ], [ -47.436167398630218, -14.02881012903774 ], [ -47.436167398630218, -14.029349118208211 ], [ -47.435089420289273, -14.029349118208211 ], [ -47.435089420289273, -14.029618612793447 ], [ -47.432663969022151, -14.029618612793447 ], [ -47.432663969022151, -14.029349118208211 ], [ -47.432394474436919, -14.029349118208211 ], [ -47.432394474436919, -14.028271139867268 ], [ -47.432663969022151, -14.028271139867268 ], [ -47.432663969022151, -14.028001645282032 ], [ -47.431047001510741, -14.028001645282032 ], [ -47.431047001510741, -14.027732150696796 ], [ -47.430508012340269, -14.027732150696796 ], [ -47.430508012340269, -14.027462656111561 ], [ -47.430238517755029, -14.027462656111561 ], [ -47.430238517755029, -14.027193161526325 ], [ -47.429969023169797, -14.027193161526325 ], [ -47.429969023169797, -14.026923666941089 ], [ -47.428621550243619, -14.026923666941089 ], [ -47.428621550243619, -14.027193161526325 ], [ -47.428082561073147, -14.027193161526325 ], [ -47.428082561073147, -14.027462656111561 ], [ -47.424040142294608, -14.027462656111561 ], [ -47.424040142294608, -14.027193161526325 ], [ -47.422423174783191, -14.027193161526325 ], [ -47.422423174783191, -14.027462656111561 ], [ -47.421884185612718, -14.027462656111561 ], [ -47.421884185612718, -14.027732150696796 ], [ -47.421345196442246, -14.027732150696796 ], [ -47.421345196442246, -14.028001645282032 ], [ -47.421075701857013, -14.028001645282032 ], [ -47.421075701857013, -14.028271139867268 ], [ -47.420536712686541, -14.028271139867268 ], [ -47.420536712686541, -14.028540634452504 ], [ -47.420267218101301, -14.028540634452504 ], [ -47.420267218101301, -14.029349118208211 ], [ -47.418111261419419, -14.029349118208211 ], [ -47.418111261419419, -14.029079623622977 ], [ -47.417841766834179, -14.029079623622977 ], [ -47.417841766834179, -14.02881012903774 ], [ -47.416224799322769, -14.02881012903774 ], [ -47.416224799322769, -14.028271139867268 ], [ -47.41595530473753, -14.028271139867268 ], [ -47.41595530473753, -14.027732150696796 ], [ -47.415685810152297, -14.027732150696796 ], [ -47.415685810152297, -14.027193161526325 ], [ -47.415146820981825, -14.027193161526325 ], [ -47.415146820981825, -14.026384677770617 ], [ -47.414877326396585, -14.026384677770617 ], [ -47.414877326396585, -14.026115183185382 ], [ -47.413799348055647, -14.026115183185382 ], [ -47.413799348055647, -14.025845688600146 ], [ -47.413529853470408, -14.025845688600146 ], [ -47.413529853470408, -14.025306699429674 ], [ -47.412990864299935, -14.025306699429674 ], [ -47.412990864299935, -14.025037204844438 ], [ -47.412451875129463, -14.025037204844438 ], [ -47.412451875129463, -14.024767710259201 ], [ -47.411643391373758, -14.024767710259201 ], [ -47.411643391373758, -14.024498215673967 ], [ -47.411104402203286, -14.024498215673967 ], [ -47.411104402203286, -14.024228721088731 ], [ -47.410026423862341, -14.024228721088731 ], [ -47.410026423862341, -14.024498215673967 ] ] ] } },
{ "type": "Feature", "properties": { "nome_area_": "PARQUE NACIONAL DA CHAPADA DOS VEADEIROS", "tipo_area_": "UC Federal - Proteção Integral", "esferaadmi": "Federal", "nomeunidad": "PARQUE NACIONAL DA CHAPADA DOS VEADEIROS", "grupo": "Proteção Integral - PI", "ano": "2025", "mes_ano": "8-2025", "nm_municip": "ALTO PARAISO DE GOIAS", "nome": "Alto Paraíso de Goiás", "meso_ibge": "Norte Goiano", "micro_ibge": "Chapada dos Veadeiros", "geocodigo": 5200605.0, "area_ha": 0.954713 }, "geometry": { "type": "Polygon", "coordinates": [ [ [ -47.5404618031165, -14.049022222930429 ], [ -47.541539781457438, -14.049022222930429 ], [ -47.541539781457438, -14.048483233759958 ], [ -47.540731297701733, -14.048483233759958 ], [ -47.540731297701733, -14.04767475000425 ], [ -47.5404618031165, -14.04767475000425 ], [ -47.5404618031165, -14.049022222930429 ] ] ] } },
{ "type": "Feature", "properties": { "nome_area_": "PARQUE NACIONAL DA CHAPADA DOS VEADEIROS", "tipo_area_": "UC Federal - Proteção Integral", "esferaadmi": "Federal", "nomeunidad": "PARQUE NACIONAL DA CHAPADA DOS VEADEIROS", "grupo": "Proteção Integral - PI", "ano": "2025", "mes_ano": "5-2025", "nm_municip": "ALTO PARAISO DE GOIAS", "nome": "Alto Paraíso de Goiás", "meso_ibge": "Norte Goiano", "micro_ibge": "Chapada dos Veadeiros", "geocodigo": 5200605.0, "area_ha": 0.086774 }, "geometry": { "type": "Polygon", "coordinates": [ [ [ -47.707009456792257, -14.097261753687647 ], [ -47.707278951377489, -14.097261753687647 ], [ -47.707278951377489, -14.096992259102411 ], [ -47.707009456792257, -14.096992259102411 ], [ -47.707009456792257, -14.097261753687647 ] ] ] } },
{ "type": "Feature", "properties": { "nome_area_": "PARQUE NACIONAL DA CHAPADA DOS VEADEIROS", "tipo_area_": "UC Federal - Proteção Integral", "esferaadmi": "Federal", "nomeunidad": "PARQUE NACIONAL DA CHAPADA DOS VEADEIROS", "grupo": "Proteção Integral - PI", "ano": "2025", "mes_ano": "5-2025", "nm_municip": "ALTO PARAISO DE GOIAS", "nome": "Alto Paraíso de Goiás", "meso_ibge": "Norte Goiano", "micro_ibge": "Chapada dos Veadeiros", "geocodigo": 5200605.0, "area_ha": 2.776872 }, "geometry": { "type": "Polygon", "coordinates": [ [ [ -47.706200973036545, -14.0886379269601 ], [ -47.705661983866079, -14.0886379269601 ], [ -47.705661983866079, -14.089715905301043 ], [ -47.707009456792257, -14.089715905301043 ], [ -47.707009456792257, -14.087559948619157 ], [ -47.706200973036545, -14.087559948619157 ], [ -47.706200973036545, -14.0886379269601 ] ] ] } },
{ "type": "Feature", "properties": { "nome_area_": "PARQUE NACIONAL DA CHAPADA DOS VEADEIROS", "tipo_area_": "UC Federal - Proteção Integral", "esferaadmi": "Federal", "nomeunidad": "PARQUE NACIONAL DA CHAPADA DOS VEADEIROS", "grupo": "Proteção Integral - PI", "ano": "2025", "mes_ano": "5-2025", "nm_municip": "ALTO PARAISO DE GOIAS", "nome": "Alto Paraíso de Goiás", "meso_ibge": "Norte Goiano", "micro_ibge": "Chapada dos Veadeiros", "geocodigo": 5200605.0, "area_ha": 0.260345 }, "geometry": { "type": "Polygon", "coordinates": [ [ [ -47.702967038013718, -14.077319154380195 ], [ -47.70323653259895, -14.077319154380195 ], [ -47.70323653259895, -14.076510670624486 ], [ -47.702967038013718, -14.076510670624486 ], [ -47.702967038013718, -14.077319154380195 ] ] ] } },
{ "type": "Feature", "properties": { "nome_area_": "PARQUE NACIONAL DA CHAPADA DOS VEADEIROS", "tipo_area_": "UC Federal - Proteção Integral", "esferaadmi": "Federal", "nomeunidad": "PARQUE NACIONAL DA CHAPADA DOS VEADEIROS", "grupo": "Proteção Integral - PI", "ano": "2025", "mes_ano": "5-2025", "nm_municip": "ALTO PARAISO DE GOIAS", "nome": "Alto Paraíso de Goiás", "meso_ibge": "Norte Goiano", "micro_ibge": "Chapada dos Veadeiros", "geocodigo": 5200605.0, "area_ha": 1.735342 }, "geometry": { "type": "Polygon", "coordinates": [ [ [ -47.639096821312819, -14.116665363824628 ], [ -47.640444294238996, -14.116665363824628 ], [ -47.640444294238996, -14.115587385483686 ], [ -47.639096821312819, -14.115587385483686 ], [ -47.639096821312819, -14.116665363824628 ] ] ] } },
{ "type": "Feature", "properties": { "nome_area_": "PARQUE NACIONAL DA CHAPADA DOS VEADEIROS", "tipo_area_": "UC Federal - Proteção Integral", "esferaadmi": "Federal", "nomeunidad": "PARQUE NACIONAL DA CHAPADA DOS VEADEIROS", "grupo": "Proteção Integral - PI", "ano": "2025", "mes_ano": "5-2025", "nm_municip": "ALTO PARAISO DE GOIAS", "nome": "Alto Paraíso de Goiás", "meso_ibge": "Norte Goiano", "micro_ibge": "Chapada dos Veadeiros", "geocodigo": 5200605.0, "area_ha": 1.388312 }, "geometry": { "type": "Polygon", "coordinates": [ [ [ -47.653919023500791, -14.110197493778969 ], [ -47.654997001841735, -14.110197493778969 ], [ -47.654997001841735, -14.109119515438024 ], [ -47.653919023500791, -14.109119515438024 ], [ -47.653919023500791, -14.110197493778969 ] ] ] } },
{ "type": "Feature", "properties": { "nome_area_": "PARQUE NACIONAL DA CHAPADA DOS VEADEIROS", "tipo_area_": "UC Federal - Proteção Integral", "esferaadmi": "Federal", "nomeunidad": "PARQUE NACIONAL DA CHAPADA DOS VEADEIROS", "grupo": "Proteção Integral - PI", "ano": "2025", "mes_ano": "5-2025", "nm_municip": "ALTO PARAISO DE GOIAS", "nome": "Alto Paraíso de Goiás", "meso_ibge": "Norte Goiano", "micro_ibge": "Chapada dos Veadeiros", "geocodigo": 5200605.0, "area_ha": 591.439751 }, "geometry": { "type": "Polygon", "coordinates": [ [ [ -47.660117398961219, -14.069239294577711 ], [ -47.659462060341674, -14.068695327652646 ], [ -47.658500431449802, -14.068695327652646 ], [ -47.658500431449802, -14.069234316823119 ], [ -47.658218672493263, -14.069234316823119 ], [ -47.658090118412105, -14.069634273330465 ], [ -47.65818526, -14.06992069 ], [ -47.65802668, -14.07010332 ], [ -47.65788308, -14.07014204 ], [ -47.65757626, -14.07006189 ], [ -47.65699923, -14.06970613 ], [ -47.656761906070102, -14.069234316823119 ], [ -47.656344474767913, -14.069234316823119 ], [ -47.656344474767913, -14.065191898044581 ], [ -47.65607498018268, -14.065191898044581 ], [ -47.65607498018268, -14.064922403459345 ], [ -47.65580548559744, -14.064922403459345 ], [ -47.65580548559744, -14.064652908874109 ], [ -47.655535991012208, -14.064652908874109 ], [ -47.655535991012208, -14.064383414288873 ], [ -47.654997001841735, -14.064383414288873 ], [ -47.654997001841735, -14.064015100619017 ], [ -47.65490222699998, -14.063973645999965 ], [ -47.654320058999986, -14.063874550999969 ], [ -47.653570239429804, -14.063574930533166 ], [ -47.651493572233669, -14.063574930533166 ], [ -47.6514432906419, -14.062496952192221 ], [ -47.650146099307491, -14.062496952192221 ], [ -47.650146099307491, -14.062304522961336 ], [ -47.649288534999982, -14.062280979999969 ], [ -47.648346300888676, -14.061957963021751 ], [ -47.647990142625602, -14.061957963021751 ], [ -47.647990142625602, -14.062766446777458 ], [ -47.646373175114185, -14.062766446777458 ], [ -47.646373175114185, -14.063035941362694 ], [ -47.64367822926183, -14.063035941362694 ], [ -47.64367822926183, -14.062766446777458 ], [ -47.642330756335653, -14.062766446777458 ], [ -47.642330756335653, -14.062496952192221 ], [ -47.640983283409469, -14.062496952192221 ], [ -47.640983283409469, -14.063035941362694 ], [ -47.639366315898059, -14.063035941362694 ], [ -47.639366315898059, -14.063574930533166 ], [ -47.639096821312819, -14.063574930533166 ], [ -47.639096821312819, -14.065461392629816 ], [ -47.641791767165181, -14.065461392629816 ], [ -47.641791767165181, -14.065730887215052 ], [ -47.643408734676591, -14.065730887215052 ], [ -47.643408734676591, -14.068156338482176 ], [ -47.642330756335653, -14.068156338482176 ], [ -47.642330756335653, -14.069503811408355 ], [ -47.639635810483291, -14.069503811408355 ], [ -47.639635810483291, -14.068964822237882 ], [ -47.638557832142347, -14.068964822237882 ], [ -47.638557832142347, -14.068695327652646 ], [ -47.637479853801402, -14.068695327652646 ], [ -47.637479853801402, -14.071659768090241 ], [ -47.63694086463093, -14.071659768090241 ], [ -47.63694086463093, -14.072198757260713 ], [ -47.636671370045697, -14.072198757260713 ], [ -47.636671370045697, -14.075432692283544 ], [ -47.635862886289992, -14.075432692283544 ], [ -47.635862886289992, -14.07570218686878 ], [ -47.635593391704752, -14.07570218686878 ], [ -47.635593391704752, -14.077858143550666 ], [ -47.63505440253428, -14.077858143550666 ], [ -47.63505440253428, -14.078127638135902 ], [ -47.634784907949047, -14.078127638135902 ], [ -47.634784907949047, -14.078397132721138 ], [ -47.634515413363808, -14.078397132721138 ], [ -47.634515413363808, -14.078666627306374 ], [ -47.634245918778575, -14.078666627306374 ], [ -47.634245918778575, -14.081361573158732 ], [ -47.634515413363808, -14.081361573158732 ], [ -47.634515413363808, -14.082170056914439 ], [ -47.634784907949047, -14.082170056914439 ], [ -47.634784907949047, -14.083248035255384 ], [ -47.63505440253428, -14.083248035255384 ], [ -47.63505440253428, -14.083517529840618 ], [ -47.63532389711952, -14.083517529840618 ], [ -47.63532389711952, -14.083787024425854 ], [ -47.635593391704752, -14.083787024425854 ], [ -47.635593391704752, -14.084326013596327 ], [ -47.635862886289992, -14.084326013596327 ], [ -47.635862886289992, -14.084865002766797 ], [ -47.636132380875225, -14.084865002766797 ], [ -47.636132380875225, -14.08540399193727 ], [ -47.636401875460464, -14.08540399193727 ], [ -47.636401875460464, -14.085673486522506 ], [ -47.636671370045697, -14.085673486522506 ], [ -47.636671370045697, -14.085942981107742 ], [ -47.63694086463093, -14.085942981107742 ], [ -47.63694086463093, -14.087290454033921 ], [ -47.637210359216169, -14.087290454033921 ], [ -47.637210359216169, -14.087559948619157 ], [ -47.637479853801402, -14.087559948619157 ], [ -47.637479853801402, -14.087829443204393 ], [ -47.637749348386642, -14.087829443204393 ], [ -47.637749348386642, -14.088098937789628 ], [ -47.638557832142347, -14.088098937789628 ], [ -47.638557832142347, -14.088368432374864 ], [ -47.638827326727586, -14.088368432374864 ], [ -47.638827326727586, -14.089715905301043 ], [ -47.639096821312819, -14.089715905301043 ], [ -47.639096821312819, -14.089985399886279 ], [ -47.639635810483291, -14.089985399886279 ], [ -47.639635810483291, -14.090793883641988 ], [ -47.639905305068524, -14.090793883641988 ], [ -47.639905305068524, -14.091332872812458 ], [ -47.640174799653764, -14.091332872812458 ], [ -47.640174799653764, -14.092141356568167 ], [ -47.640444294238996, -14.092141356568167 ], [ -47.640444294238996, -14.092680345738637 ], [ -47.640713788824236, -14.092680345738637 ], [ -47.640713788824236, -14.094027818664816 ], [ -47.640983283409469, -14.094027818664816 ], [ -47.640983283409469, -14.094297313250053 ], [ -47.641252777994708, -14.094297313250053 ], [ -47.641252777994708, -14.094836302420525 ], [ -47.642061261750413, -14.094836302420525 ], [ -47.642061261750413, -14.095105797005761 ], [ -47.642600250920886, -14.095105797005761 ], [ -47.642600250920886, -14.095375291590997 ], [ -47.642869745506118, -14.095375291590997 ], [ -47.642869745506118, -14.096183775346704 ], [ -47.643139240091358, -14.096183775346704 ], [ -47.643139240091358, -14.096722764517176 ], [ -47.643408734676591, -14.096722764517176 ], [ -47.643408734676591, -14.097531248272883 ], [ -47.64367822926183, -14.097531248272883 ], [ -47.64367822926183, -14.097800742858119 ], [ -47.643947723847063, -14.097800742858119 ], [ -47.643947723847063, -14.098609226613826 ], [ -47.644756207602775, -14.098609226613826 ], [ -47.644756207602775, -14.099148215784298 ], [ -47.645025702188008, -14.099148215784298 ], [ -47.645025702188008, -14.101843161636657 ], [ -47.645295196773247, -14.101843161636657 ], [ -47.645295196773247, -14.102382150807129 ], [ -47.64556469135848, -14.102382150807129 ], [ -47.64556469135848, -14.103190634562836 ], [ -47.646642669699425, -14.103190634562836 ], [ -47.646642669699425, -14.1029211399776 ], [ -47.647181658869897, -14.1029211399776 ], [ -47.647181658869897, -14.102651645392365 ], [ -47.647990142625602, -14.102651645392365 ], [ -47.647990142625602, -14.101573667051422 ], [ -47.647720648040369, -14.101573667051422 ], [ -47.647720648040369, -14.100765183295714 ], [ -47.64745115345513, -14.100765183295714 ], [ -47.64745115345513, -14.099417710369535 ], [ -47.647181658869897, -14.099417710369535 ], [ -47.647181658869897, -14.096992259102411 ], [ -47.64745115345513, -14.096992259102411 ], [ -47.64745115345513, -14.094297313250053 ], [ -47.648529131796074, -14.094297313250053 ], [ -47.648529131796074, -14.094027818664816 ], [ -47.648798626381307, -14.094027818664816 ], [ -47.648798626381307, -14.093488829494346 ], [ -47.649068120966547, -14.093488829494346 ], [ -47.649068120966547, -14.092949840323874 ], [ -47.649337615551779, -14.092949840323874 ], [ -47.649337615551779, -14.091602367397694 ], [ -47.650685088477964, -14.091602367397694 ], [ -47.650685088477964, -14.091332872812458 ], [ -47.650954583063196, -14.091332872812458 ], [ -47.650954583063196, -14.090524389056752 ], [ -47.651224077648436, -14.090524389056752 ], [ -47.651224077648436, -14.088907421545336 ], [ -47.651763066818901, -14.088907421545336 ], [ -47.651763066818901, -14.0886379269601 ], [ -47.652032561404141, -14.0886379269601 ], [ -47.652032561404141, -14.087829443204393 ], [ -47.652302055989374, -14.087829443204393 ], [ -47.652302055989374, -14.087290454033921 ], [ -47.652571550574613, -14.087290454033921 ], [ -47.652571550574613, -14.086212475692978 ], [ -47.652302055989374, -14.086212475692978 ], [ -47.652302055989374, -14.084865002766797 ], [ -47.652032561404141, -14.084865002766797 ], [ -47.652032561404141, -14.084595508181563 ], [ -47.651763066818901, -14.084595508181563 ], [ -47.651763066818901, -14.084326013596327 ], [ -47.651493572233669, -14.084326013596327 ], [ -47.651493572233669, -14.083787024425854 ], [ -47.651224077648436, -14.083787024425854 ], [ -47.651224077648436, -14.083517529840618 ], [ -47.650685088477964, -14.083517529840618 ], [ -47.650685088477964, -14.083248035255384 ], [ -47.649876604722252, -14.083248035255384 ], [ -47.649876604722252, -14.082439551499675 ], [ -47.648798626381307, -14.082439551499675 ], [ -47.648798626381307, -14.083787024425854 ], [ -47.646373175114185, -14.083787024425854 ], [ -47.646373175114185, -14.083517529840618 ], [ -47.643947723847063, -14.083517529840618 ], [ -47.643947723847063, -14.082978540670148 ], [ -47.64367822926183, -14.082978540670148 ], [ -47.64367822926183, -14.079744605647317 ], [ -47.644217218432303, -14.079744605647317 ], [ -47.644217218432303, -14.079205616476845 ], [ -47.647720648040369, -14.079205616476845 ], [ -47.647720648040369, -14.079475111062081 ], [ -47.649068120966547, -14.079475111062081 ], [ -47.649068120966547, -14.080014100232553 ], [ -47.653380034330318, -14.080014100232553 ], [ -47.653380034330318, -14.079744605647317 ], [ -47.654188518086031, -14.079744605647317 ], [ -47.654188518086031, -14.079475111062081 ], [ -47.654727507256496, -14.079475111062081 ], [ -47.654727507256496, -14.079205616476845 ], [ -47.655266496426968, -14.079205616476845 ], [ -47.655266496426968, -14.078936121891608 ], [ -47.65607498018268, -14.078936121891608 ], [ -47.65607498018268, -14.078666627306374 ], [ -47.656344474767913, -14.078666627306374 ], [ -47.656344474767913, -14.078397132721138 ], [ -47.656613969353153, -14.078397132721138 ], [ -47.656613969353153, -14.077588648965429 ], [ -47.657422453108857, -14.077588648965429 ], [ -47.657422453108857, -14.075971681454014 ], [ -47.660117398961219, -14.075971681454014 ], [ -47.660117398961219, -14.074893703113071 ], [ -47.657152958523625, -14.074893703113071 ], [ -47.657152958523625, -14.072737746431185 ], [ -47.65984790437598, -14.072737746431185 ], [ -47.65984790437598, -14.070312295164062 ], [ -47.660117398961219, -14.070312295164062 ], [ -47.660117398961219, -14.069239294577711 ] ], [ [ -47.648529131796074, -14.066808865555995 ], [ -47.650685088477964, -14.066808865555995 ], [ -47.650685088477964, -14.069234316823119 ], [ -47.648529131796074, -14.069234316823119 ], [ -47.648529131796074, -14.066808865555995 ] ], [ [ -47.650954583063196, -14.073546230186892 ], [ -47.649607110137019, -14.073546230186892 ], [ -47.649607110137019, -14.073815724772128 ], [ -47.647181658869897, -14.073815724772128 ], [ -47.647181658869897, -14.073546230186892 ], [ -47.646912164284657, -14.073546230186892 ], [ -47.646912164284657, -14.070581789749298 ], [ -47.647181658869897, -14.070581789749298 ], [ -47.647181658869897, -14.070312295164062 ], [ -47.650685088477964, -14.070312295164062 ], [ -47.650685088477964, -14.070581789749298 ], [ -47.650954583063196, -14.070581789749298 ], [ -47.650954583063196, -14.073546230186892 ] ], [ [ -47.650415593892724, -14.089446410715809 ], [ -47.649876604722252, -14.089446410715809 ], [ -47.649876604722252, -14.089715905301043 ], [ -47.646912164284657, -14.089715905301043 ], [ -47.646912164284657, -14.086751464863449 ], [ -47.649337615551779, -14.086751464863449 ], [ -47.649337615551779, -14.087290454033921 ], [ -47.650415593892724, -14.087290454033921 ], [ -47.650415593892724, -14.089446410715809 ] ] ] } },
{ "type": "Feature", "properties": { "nome_area_": "PARQUE NACIONAL DA CHAPADA DOS VEADEIROS", "tipo_area_": "UC Federal - Proteção Integral", "esferaadmi": "Federal", "nomeunidad": "PARQUE NACIONAL DA CHAPADA DOS VEADEIROS", "grupo": "Proteção Integral - PI", "ano": "2025", "mes_ano": "5-2025", "nm_municip": "CAVALCANTE", "nome": "Cavalcante", "meso_ibge": "Norte Goiano", "micro_ibge": "Chapada dos Veadeiros", "geocodigo": 5205307.0, "area_ha": 1.101451 }, "geometry": { "type": "Polygon", "coordinates": [ [ [ -47.658063025999979, -14.069716723999932 ], [ -47.657538082999963, -14.069894055999953 ], [ -47.65730752099995, -14.06981746799994 ], [ -47.65706, -14.069450829999937 ], [ -47.657035069499464, -14.069234316823119 ], [ -47.656761906070102, -14.069234316823119 ], [ -47.65699923, -14.06970613 ], [ -47.65773764, -14.07012832 ], [ -47.65788308, -14.07014204 ], [ -47.65813288, -14.07002246 ], [ -47.65818574, -14.06982838 ], [ -47.658090118412105, -14.069634273330465 ], [ -47.658063025999979, -14.069716723999932 ] ] ] } },
{ "type": "Feature", "properties": { "nome_area_": "PARQUE NACIONAL DA CHAPADA DOS VEADEIROS", "tipo_area_": "UC Federal - Proteção Integral", "esferaadmi": "Federal", "nomeunidad": "PARQUE NACIONAL DA CHAPADA DOS VEADEIROS", "grupo": "Proteção Integral - PI", "ano": "2025", "mes_ano": "5-2025", "nm_municip": "ALTO PARAISO DE GOIAS", "nome": "Alto Paraíso de Goiás", "meso_ibge": "Norte Goiano", "micro_ibge": "Chapada dos Veadeiros", "geocodigo": 5200605.0, "area_ha": 1.214821 }, "geometry": { "type": "Polygon", "coordinates": [ [ [ -47.69326523294523, -14.100495688710478 ], [ -47.693804222115702, -14.100495688710478 ], [ -47.693804222115702, -14.100765183295714 ], [ -47.69488220045664, -14.100765183295714 ], [ -47.69488220045664, -14.100495688710478 ], [ -47.694612705871407, -14.100495688710478 ], [ -47.694612705871407, -14.099956699540005 ], [ -47.69326523294523, -14.099956699540005 ], [ -47.69326523294523, -14.100495688710478 ] ] ] } },
{ "type": "Feature", "properties": { "nome_area_": "PARQUE NACIONAL DA CHAPADA DOS VEADEIROS", "tipo_area_": "UC Federal - Proteção Integral", "esferaadmi": "Federal", "nomeunidad": "PARQUE NACIONAL DA CHAPADA DOS VEADEIROS", "grupo": "Proteção Integral - PI", "ano": "2025", "mes_ano": "5-2025", "nm_municip": "ALTO PARAISO DE GOIAS", "nome": "Alto Paraíso de Goiás", "meso_ibge": "Norte Goiano", "micro_ibge": "Chapada dos Veadeiros", "geocodigo": 5200605.0, "area_ha": 99.249876 }, "geometry": { "type": "Polygon", "coordinates": [ [ [ -47.766567760129377, -14.13418251186496 ], [ -47.766298265544144, -14.13418251186496 ], [ -47.766298265544144, -14.134721501035433 ], [ -47.765759276373672, -14.134721501035433 ], [ -47.765759276373672, -14.136338468546846 ], [ -47.766028770958911, -14.136338468546846 ], [ -47.766028770958911, -14.140919876495856 ], [ -47.766298265544144, -14.140919876495856 ], [ -47.766298265544144, -14.142536844007271 ], [ -47.766567760129377, -14.142536844007271 ], [ -47.766567760129377, -14.142806338592507 ], [ -47.767106749299849, -14.142806338592507 ], [ -47.767106749299849, -14.143075833177743 ], [ -47.767645738470321, -14.143075833177743 ], [ -47.767645738470321, -14.143345327762979 ], [ -47.767915233055561, -14.143345327762979 ], [ -47.767915233055561, -14.143614822348216 ], [ -47.768723716811266, -14.143614822348216 ], [ -47.768723716811266, -14.14388431693345 ], [ -47.769532200566971, -14.14388431693345 ], [ -47.769532200566971, -14.144153811518686 ], [ -47.769801695152211, -14.144153811518686 ], [ -47.769801695152211, -14.144692800689159 ], [ -47.770071189737443, -14.144692800689159 ], [ -47.770071189737443, -14.144962295274395 ], [ -47.770340684322683, -14.144962295274395 ], [ -47.770340684322683, -14.145231789859629 ], [ -47.770610178907916, -14.145231789859629 ], [ -47.770610178907916, -14.145501284444865 ], [ -47.771149168078388, -14.145501284444865 ], [ -47.771149168078388, -14.146040273615338 ], [ -47.771418662663628, -14.146040273615338 ], [ -47.771418662663628, -14.146309768200574 ], [ -47.77168815724886, -14.146309768200574 ], [ -47.77168815724886, -14.14657926278581 ], [ -47.7719576518341, -14.14657926278581 ], [ -47.7719576518341, -14.146848757371044 ], [ -47.772227146419333, -14.146848757371044 ], [ -47.772227146419333, -14.147118251956281 ], [ -47.772766135589805, -14.147118251956281 ], [ -47.772766135589805, -14.147387746541517 ], [ -47.773035630175038, -14.147387746541517 ], [ -47.773035630175038, -14.147657241126753 ], [ -47.77357461934551, -14.147657241126753 ], [ -47.77357461934551, -14.147926735711989 ], [ -47.77384411393075, -14.147926735711989 ], [ -47.77384411393075, -14.148196230297224 ], [ -47.774383103101222, -14.148196230297224 ], [ -47.774383103101222, -14.14846572488246 ], [ -47.774652597686455, -14.14846572488246 ], [ -47.774652597686455, -14.148735219467696 ], [ -47.77546108144216, -14.148735219467696 ], [ -47.77546108144216, -14.149004714052932 ], [ -47.775730576027399, -14.149004714052932 ], [ -47.775730576027399, -14.149274208638168 ], [ -47.776539059783104, -14.149274208638168 ], [ -47.776539059783104, -14.149543703223404 ], [ -47.776808554368344, -14.149543703223404 ], [ -47.776808554368344, -14.149813197808641 ], [ -47.777617038124049, -14.149813197808641 ], [ -47.777617038124049, -14.150082692393875 ], [ -47.779503500220699, -14.150082692393875 ], [ -47.779503500220699, -14.147657241126753 ], [ -47.779772994805938, -14.147657241126753 ], [ -47.779772994805938, -14.147387746541517 ], [ -47.780042489391171, -14.147387746541517 ], [ -47.780042489391171, -14.147118251956281 ], [ -47.780311983976411, -14.147118251956281 ], [ -47.780311983976411, -14.146040273615338 ], [ -47.778964511050226, -14.146040273615338 ], [ -47.778964511050226, -14.145770779030101 ], [ -47.778695016464994, -14.145770779030101 ], [ -47.778695016464994, -14.144423306103922 ], [ -47.777886532709289, -14.144423306103922 ], [ -47.777886532709289, -14.141458865666328 ], [ -47.775191586856927, -14.141458865666328 ], [ -47.775191586856927, -14.141728360251564 ], [ -47.774922092271694, -14.141728360251564 ], [ -47.774922092271694, -14.1419978548368 ], [ -47.772766135589805, -14.1419978548368 ], [ -47.772766135589805, -14.141728360251564 ], [ -47.772496641004565, -14.141728360251564 ], [ -47.772496641004565, -14.141458865666328 ], [ -47.771418662663628, -14.141458865666328 ], [ -47.771418662663628, -14.141189371081092 ], [ -47.770610178907916, -14.141189371081092 ], [ -47.770610178907916, -14.140919876495856 ], [ -47.770071189737443, -14.140919876495856 ], [ -47.770071189737443, -14.140650381910621 ], [ -47.768993211396506, -14.140650381910621 ], [ -47.768993211396506, -14.140111392740149 ], [ -47.768184727640794, -14.140111392740149 ], [ -47.768184727640794, -14.13930290898444 ], [ -47.767915233055561, -14.13930290898444 ], [ -47.767915233055561, -14.134452006450196 ], [ -47.767645738470321, -14.134452006450196 ], [ -47.767645738470321, -14.133643522694488 ], [ -47.766567760129377, -14.133643522694488 ], [ -47.766567760129377, -14.13418251186496 ] ] ] } },
{ "type": "Feature", "properties": { "nome_area_": "PARQUE NACIONAL DA CHAPADA DOS VEADEIROS", "tipo_area_": "UC Federal - Proteção Integral", "esferaadmi": "Federal", "nomeunidad": "PARQUE NACIONAL DA CHAPADA DOS VEADEIROS", "grupo": "Proteção Integral - PI", "ano": "2025", "mes_ano": "5-2025", "nm_municip": "ALTO PARAISO DE GOIAS", "nome": "Alto Paraíso de Goiás", "meso_ibge": "Norte Goiano", "micro_ibge": "Chapada dos Veadeiros", "geocodigo": 5200605.0, "area_ha": 21.950522 }, "geometry": { "type": "Polygon", "coordinates": [ [ [ -47.759021911742778, -14.129870598501187 ], [ -47.758482922572306, -14.129870598501187 ], [ -47.758482922572306, -14.130679082256894 ], [ -47.758213427987066, -14.130679082256894 ], [ -47.758213427987066, -14.133643522694488 ], [ -47.759021911742778, -14.133643522694488 ], [ -47.759021911742778, -14.133913017279724 ], [ -47.759830395498483, -14.133913017279724 ], [ -47.759830395498483, -14.134990995620667 ], [ -47.760638879254188, -14.134990995620667 ], [ -47.760638879254188, -14.135260490205903 ], [ -47.761986352180372, -14.135260490205903 ], [ -47.761986352180372, -14.134990995620667 ], [ -47.76333382510655, -14.134990995620667 ], [ -47.76333382510655, -14.133374028109252 ], [ -47.763064330521317, -14.133374028109252 ], [ -47.763064330521317, -14.132835038938781 ], [ -47.761986352180372, -14.132835038938781 ], [ -47.761986352180372, -14.132026555183073 ], [ -47.76117786842466, -14.132026555183073 ], [ -47.76117786842466, -14.131757060597836 ], [ -47.760908373839428, -14.131757060597836 ], [ -47.760908373839428, -14.130679082256894 ], [ -47.760638879254188, -14.130679082256894 ], [ -47.760638879254188, -14.130409587671657 ], [ -47.760369384668955, -14.130409587671657 ], [ -47.760369384668955, -14.129331609330714 ], [ -47.759021911742778, -14.129331609330714 ], [ -47.759021911742778, -14.129870598501187 ] ] ] } },
{ "type": "Feature", "properties": { "nome_area_": "PARQUE NACIONAL DA CHAPADA DOS VEADEIROS", "tipo_area_": "UC Federal - Proteção Integral", "esferaadmi": "Federal", "nomeunidad": "PARQUE NACIONAL DA CHAPADA DOS VEADEIROS", "grupo": "Proteção Integral - PI", "ano": "2025", "mes_ano": "5-2025", "nm_municip": "ALTO PARAISO DE GOIAS", "nome": "Alto Paraíso de Goiás", "meso_ibge": "Norte Goiano", "micro_ibge": "Chapada dos Veadeiros", "geocodigo": 5200605.0, "area_ha": 1.388216 }, "geometry": { "type": "Polygon", "coordinates": [ [ [ -47.754979492964239, -14.12636716889312 ], [ -47.756057471305184, -14.12636716889312 ], [ -47.756057471305184, -14.125289190552177 ], [ -47.754979492964239, -14.125289190552177 ], [ -47.754979492964239, -14.12636716889312 ] ] ] } },
{ "type": "Feature", "properties": { "nome_area_": "PARQUE NACIONAL DA CHAPADA DOS VEADEIROS", "tipo_area_": "UC Federal - Proteção Integral", "esferaadmi": "Federal", "nomeunidad": "PARQUE NACIONAL DA CHAPADA DOS VEADEIROS", "grupo": "Proteção Integral - PI", "ano": "2025", "mes_ano": "5-2025", "nm_municip": "ALTO PARAISO DE GOIAS", "nome": "Alto Paraíso de Goiás", "meso_ibge": "Norte Goiano", "micro_ibge": "Chapada dos Veadeiros", "geocodigo": 5200605.0, "area_ha": 16.398471 }, "geometry": { "type": "Polygon", "coordinates": [ [ [ -47.751745557941405, -14.12178576094411 ], [ -47.751476063356172, -14.12178576094411 ], [ -47.751476063356172, -14.122055255529347 ], [ -47.7509370741857, -14.122055255529347 ], [ -47.7509370741857, -14.122594244699819 ], [ -47.750667579600467, -14.122594244699819 ], [ -47.750667579600467, -14.122863739285053 ], [ -47.750398085015227, -14.122863739285053 ], [ -47.750398085015227, -14.12313323387029 ], [ -47.750128590429995, -14.12313323387029 ], [ -47.750128590429995, -14.125289190552177 ], [ -47.750667579600467, -14.125289190552177 ], [ -47.750667579600467, -14.125828179722648 ], [ -47.751745557941405, -14.125828179722648 ], [ -47.751745557941405, -14.125558685137413 ], [ -47.752015052526644, -14.125558685137413 ], [ -47.752015052526644, -14.125289190552177 ], [ -47.752284547111877, -14.125289190552177 ], [ -47.752284547111877, -14.124750201381705 ], [ -47.753901514623294, -14.124750201381705 ], [ -47.753901514623294, -14.120977277188404 ], [ -47.751745557941405, -14.120977277188404 ], [ -47.751745557941405, -14.12178576094411 ] ] ] } },
{ "type": "Feature", "properties": { "nome_area_": "PARQUE NACIONAL DA CHAPADA DOS VEADEIROS", "tipo_area_": "UC Federal - Proteção Integral", "esferaadmi": "Federal", "nomeunidad": "PARQUE NACIONAL DA CHAPADA DOS VEADEIROS", "grupo": "Proteção Integral - PI", "ano": "2025", "mes_ano": "5-2025", "nm_municip": "ALTO PARAISO DE GOIAS", "nome": "Alto Paraíso de Goiás", "meso_ibge": "Norte Goiano", "micro_ibge": "Chapada dos Veadeiros", "geocodigo": 5200605.0, "area_ha": 64.641524 }, "geometry": { "type": "Polygon", "coordinates": [ [ [ -47.743391225799094, -14.112083955875619 ], [ -47.743121731213861, -14.112083955875619 ], [ -47.743121731213861, -14.114509407142743 ], [ -47.742043752872917, -14.114509407142743 ], [ -47.742043752872917, -14.116395869239394 ], [ -47.742313247458156, -14.116395869239394 ], [ -47.742313247458156, -14.118012836750808 ], [ -47.743660720384334, -14.118012836750808 ], [ -47.743660720384334, -14.120168793432695 ], [ -47.743930214969566, -14.120168793432695 ], [ -47.743930214969566, -14.119360309676988 ], [ -47.745547182480983, -14.119360309676988 ], [ -47.745547182480983, -14.11855182592128 ], [ -47.746894655407161, -14.11855182592128 ], [ -47.746894655407161, -14.118821320506516 ], [ -47.747433644577633, -14.118821320506516 ], [ -47.747433644577633, -14.119090815091752 ], [ -47.749859095844755, -14.119090815091752 ], [ -47.749859095844755, -14.119360309676988 ], [ -47.7509370741857, -14.119360309676988 ], [ -47.7509370741857, -14.118821320506516 ], [ -47.751206568770939, -14.118821320506516 ], [ -47.751206568770939, -14.118282331336044 ], [ -47.752284547111877, -14.118282331336044 ], [ -47.752284547111877, -14.116934858409865 ], [ -47.752015052526644, -14.116934858409865 ], [ -47.752015052526644, -14.116665363824628 ], [ -47.751745557941405, -14.116665363824628 ], [ -47.751745557941405, -14.116395869239394 ], [ -47.751206568770939, -14.116395869239394 ], [ -47.751206568770939, -14.114778901727979 ], [ -47.750667579600467, -14.114778901727979 ], [ -47.750667579600467, -14.114509407142743 ], [ -47.749589601259522, -14.114509407142743 ], [ -47.749589601259522, -14.114239912557506 ], [ -47.749320106674283, -14.114239912557506 ], [ -47.749320106674283, -14.11397041797227 ], [ -47.74905061208905, -14.11397041797227 ], [ -47.74905061208905, -14.113700923387034 ], [ -47.74878111750381, -14.113700923387034 ], [ -47.74878111750381, -14.1134314288018 ], [ -47.747703139162873, -14.1134314288018 ], [ -47.747703139162873, -14.112622945046091 ], [ -47.746894655407161, -14.112622945046091 ], [ -47.746894655407161, -14.112083955875619 ], [ -47.744469204140039, -14.112083955875619 ], [ -47.744469204140039, -14.111814461290384 ], [ -47.743391225799094, -14.111814461290384 ], [ -47.743391225799094, -14.112083955875619 ] ] ] } },
{ "type": "Feature", "properties": { "nome_area_": "PARQUE NACIONAL DA CHAPADA DOS VEADEIROS", "tipo_area_": "UC Federal - Proteção Integral", "esferaadmi": "Federal", "nomeunidad": "PARQUE NACIONAL DA CHAPADA DOS VEADEIROS", "grupo": "Proteção Integral - PI", "ano": "2025", "mes_ano": "5-2025", "nm_municip": "ALTO PARAISO DE GOIAS", "nome": "Alto Paraíso de Goiás", "meso_ibge": "Norte Goiano", "micro_ibge": "Chapada dos Veadeiros", "geocodigo": 5200605.0, "area_ha": 92.233921 }, "geometry": { "type": "Polygon", "coordinates": [ [ [ -47.631011983755741, -14.109927999193733 ], [ -47.630472994585276, -14.109927999193733 ], [ -47.630472994585276, -14.111005977534676 ], [ -47.629125521659091, -14.111005977534676 ], [ -47.629125521659091, -14.111275472119912 ], [ -47.628317037903386, -14.111275472119912 ], [ -47.628317037903386, -14.111544966705148 ], [ -47.628047543318146, -14.111544966705148 ], [ -47.628047543318146, -14.112353450460855 ], [ -47.627508554147681, -14.112353450460855 ], [ -47.627508554147681, -14.112622945046091 ], [ -47.626700070391969, -14.112622945046091 ], [ -47.626700070391969, -14.112892439631327 ], [ -47.625622092051024, -14.112892439631327 ], [ -47.625622092051024, -14.113161934216564 ], [ -47.625083102880552, -14.113161934216564 ], [ -47.625083102880552, -14.1134314288018 ], [ -47.624544113710087, -14.1134314288018 ], [ -47.624544113710087, -14.114239912557506 ], [ -47.624274619124847, -14.114239912557506 ], [ -47.624274619124847, -14.114778901727979 ], [ -47.623466135369142, -14.114778901727979 ], [ -47.623466135369142, -14.115048396313213 ], [ -47.623196640783902, -14.115048396313213 ], [ -47.623196640783902, -14.115317890898449 ], [ -47.62265765161343, -14.115317890898449 ], [ -47.62265765161343, -14.115587385483686 ], [ -47.622388157028197, -14.115587385483686 ], [ -47.622388157028197, -14.117473847580337 ], [ -47.622118662442958, -14.117473847580337 ], [ -47.622118662442958, -14.118821320506516 ], [ -47.626430575806737, -14.118821320506516 ], [ -47.626430575806737, -14.11855182592128 ], [ -47.63505440253428, -14.11855182592128 ], [ -47.63505440253428, -14.118282331336044 ], [ -47.63532389711952, -14.118282331336044 ], [ -47.63532389711952, -14.117473847580337 ], [ -47.635862886289992, -14.117473847580337 ], [ -47.635862886289992, -14.116126374654158 ], [ -47.635593391704752, -14.116126374654158 ], [ -47.635593391704752, -14.113161934216564 ], [ -47.63505440253428, -14.113161934216564 ], [ -47.63505440253428, -14.112892439631327 ], [ -47.632628951267158, -14.112892439631327 ], [ -47.632628951267158, -14.114778901727979 ], [ -47.630472994585276, -14.114778901727979 ], [ -47.630472994585276, -14.112622945046091 ], [ -47.632359456681925, -14.112622945046091 ], [ -47.632359456681925, -14.109658504608497 ], [ -47.631011983755741, -14.109658504608497 ], [ -47.631011983755741, -14.109927999193733 ] ] ] } },
{ "type": "Feature", "properties": { "nome_area_": "PARQUE NACIONAL DA CHAPADA DOS VEADEIROS", "tipo_area_": "UC Federal - Proteção Integral", "esferaadmi": "Federal", "nomeunidad": "PARQUE NACIONAL DA CHAPADA DOS VEADEIROS", "grupo": "Proteção Integral - PI", "ano": "2025", "mes_ano": "5-2025", "nm_municip": "ALTO PARAISO DE GOIAS", "nome": "Alto Paraíso de Goiás", "meso_ibge": "Norte Goiano", "micro_ibge": "Chapada dos Veadeiros", "geocodigo": 5200605.0, "area_ha": 8.501616 }, "geometry": { "type": "Polygon", "coordinates": [ [ [ -47.793517218652966, -14.157359046195243 ], [ -47.793247724067726, -14.157359046195243 ], [ -47.793247724067726, -14.157898035365715 ], [ -47.792978229482493, -14.157898035365715 ], [ -47.792978229482493, -14.158437024536187 ], [ -47.792708734897261, -14.158437024536187 ], [ -47.792708734897261, -14.160862475803309 ], [ -47.79459519699391, -14.160862475803309 ], [ -47.79459519699391, -14.158167529950951 ], [ -47.794864691579143, -14.158167529950951 ], [ -47.794864691579143, -14.156820057024772 ], [ -47.793517218652966, -14.156820057024772 ], [ -47.793517218652966, -14.157359046195243 ] ] ] } },
{ "type": "Feature", "properties": { "nome_area_": "PARQUE NACIONAL DA CHAPADA DOS VEADEIROS", "tipo_area_": "UC Federal - Proteção Integral", "esferaadmi": "Federal", "nomeunidad": "PARQUE NACIONAL DA CHAPADA DOS VEADEIROS", "grupo": "Proteção Integral - PI", "ano": "2025", "mes_ano": "5-2025", "nm_municip": "ALTO PARAISO DE GOIAS", "nome": "Alto Paraíso de Goiás", "meso_ibge": "Norte Goiano", "micro_ibge": "Chapada dos Veadeiros", "geocodigo": 5200605.0, "area_ha": 49.189094 }, "geometry": { "type": "Polygon", "coordinates": [ [ [ -47.782737435243533, -14.149813197808641 ], [ -47.78219844607306, -14.149813197808641 ], [ -47.78219844607306, -14.150082692393875 ], [ -47.779503500220699, -14.150082692393875 ], [ -47.779503500220699, -14.151160670734818 ], [ -47.780042489391171, -14.151160670734818 ], [ -47.780042489391171, -14.151430165320054 ], [ -47.780311983976411, -14.151430165320054 ], [ -47.780311983976411, -14.15169965990529 ], [ -47.780850973146883, -14.15169965990529 ], [ -47.780850973146883, -14.151969154490526 ], [ -47.781389962317348, -14.151969154490526 ], [ -47.781389962317348, -14.152238649075763 ], [ -47.78219844607306, -14.152238649075763 ], [ -47.78219844607306, -14.152508143660999 ], [ -47.782467940658293, -14.152508143660999 ], [ -47.782467940658293, -14.152777638246235 ], [ -47.782737435243533, -14.152777638246235 ], [ -47.782737435243533, -14.153316627416705 ], [ -47.783006929828765, -14.153316627416705 ], [ -47.783006929828765, -14.153855616587178 ], [ -47.783276424414005, -14.153855616587178 ], [ -47.783276424414005, -14.154933594928121 ], [ -47.783545918999238, -14.154933594928121 ], [ -47.783545918999238, -14.155472584098593 ], [ -47.78408490816971, -14.155472584098593 ], [ -47.78408490816971, -14.155742078683829 ], [ -47.784354402754943, -14.155742078683829 ], [ -47.784354402754943, -14.1562810678543 ], [ -47.784893391925415, -14.1562810678543 ], [ -47.784893391925415, -14.156550562439536 ], [ -47.785162886510655, -14.156550562439536 ], [ -47.785162886510655, -14.156820057024772 ], [ -47.785701875681127, -14.156820057024772 ], [ -47.785701875681127, -14.157089551610008 ], [ -47.78597137026636, -14.157089551610008 ], [ -47.78597137026636, -14.157359046195243 ], [ -47.786510359436832, -14.157359046195243 ], [ -47.786510359436832, -14.157898035365715 ], [ -47.787049348607304, -14.157898035365715 ], [ -47.787049348607304, -14.158167529950951 ], [ -47.787318843192537, -14.158167529950951 ], [ -47.787318843192537, -14.158437024536187 ], [ -47.787857832363009, -14.158437024536187 ], [ -47.787857832363009, -14.158706519121424 ], [ -47.788935810703954, -14.158706519121424 ], [ -47.788935810703954, -14.157359046195243 ], [ -47.788396821533482, -14.157359046195243 ], [ -47.788396821533482, -14.156820057024772 ], [ -47.788127326948249, -14.156820057024772 ], [ -47.788127326948249, -14.156550562439536 ], [ -47.787318843192537, -14.156550562439536 ], [ -47.787318843192537, -14.153586122001942 ], [ -47.788935810703954, -14.153586122001942 ], [ -47.788935810703954, -14.153047132831469 ], [ -47.789744294459666, -14.153047132831469 ], [ -47.789744294459666, -14.151969154490526 ], [ -47.789474799874426, -14.151969154490526 ], [ -47.789474799874426, -14.151430165320054 ], [ -47.789205305289194, -14.151430165320054 ], [ -47.789205305289194, -14.151160670734818 ], [ -47.78597137026636, -14.151160670734818 ], [ -47.78597137026636, -14.150352186979111 ], [ -47.783815413584477, -14.150352186979111 ], [ -47.783815413584477, -14.149543703223404 ], [ -47.782737435243533, -14.149543703223404 ], [ -47.782737435243533, -14.149813197808641 ] ] ] } },
{ "type": "Feature", "properties": { "nome_area_": "PARQUE NACIONAL DA CHAPADA DOS VEADEIROS", "tipo_area_": "UC Federal - Proteção Integral", "esferaadmi": "Federal", "nomeunidad": "PARQUE NACIONAL DA CHAPADA DOS VEADEIROS", "grupo": "Proteção Integral - PI", "ano": "2025", "mes_ano": "9-2025", "nm_municip": "ALTO PARAISO DE GOIAS", "nome": "Alto Paraíso de Goiás", "meso_ibge": "Norte Goiano", "micro_ibge": "Chapada dos Veadeiros", "geocodigo": 5200605.0, "area_ha": 0.260377 }, "geometry": { "type": "Polygon", "coordinates": [ [ [ -47.539653319360788, -14.047944244589486 ], [ -47.5404618031165, -14.047944244589486 ], [ -47.5404618031165, -14.04767475000425 ], [ -47.539653319360788, -14.04767475000425 ], [ -47.539653319360788, -14.047944244589486 ] ] ] } },
{ "type": "Feature", "properties": { "nome_area_": "PARQUE NACIONAL DA CHAPADA DOS VEADEIROS", "tipo_area_": "UC Federal - Proteção Integral", "esferaadmi": "Federal", "nomeunidad": "PARQUE NACIONAL DA CHAPADA DOS VEADEIROS", "grupo": "Proteção Integral - PI", "ano": "2025", "mes_ano": "9-2025", "nm_municip": "ALTO PARAISO DE GOIAS", "nome": "Alto Paraíso de Goiás", "meso_ibge": "Norte Goiano", "micro_ibge": "Chapada dos Veadeiros", "geocodigo": 5200605.0, "area_ha": 0.260385 }, "geometry": { "type": "Polygon", "coordinates": [ [ [ -47.408139961765691, -14.041476374543825 ], [ -47.408409456350924, -14.041476374543825 ], [ -47.408409456350924, -14.040667890788118 ], [ -47.408139961765691, -14.040667890788118 ], [ -47.408139961765691, -14.041476374543825 ] ] ] } },
{ "type": "Feature", "properties": { "nome_area_": "PARQUE NACIONAL DA CHAPADA DOS VEADEIROS", "tipo_area_": "UC Federal - Proteção Integral", "esferaadmi": "Federal", "nomeunidad": "PARQUE NACIONAL DA CHAPADA DOS VEADEIROS", "grupo": "Proteção Integral - PI", "ano": "2025", "mes_ano": "9-2025", "nm_municip": "ALTO PARAISO DE GOIAS", "nome": "Alto Paraíso de Goiás", "meso_ibge": "Norte Goiano", "micro_ibge": "Chapada dos Veadeiros", "geocodigo": 5200605.0, "area_ha": 0.433999 }, "geometry": { "type": "Polygon", "coordinates": [ [ [ -47.433472452777863, -14.028001645282032 ], [ -47.434819925704041, -14.028001645282032 ], [ -47.434819925704041, -14.027732150696796 ], [ -47.433472452777863, -14.027732150696796 ], [ -47.433472452777863, -14.028001645282032 ] ] ] } },
{ "type": "Feature", "properties": { "nome_area_": "PARQUE NACIONAL DA CHAPADA DOS VEADEIROS", "tipo_area_": "UC Federal - Proteção Integral", "esferaadmi": "Federal", "nomeunidad": "PARQUE NACIONAL DA CHAPADA DOS VEADEIROS", "grupo": "Proteção Integral - PI", "ano": "2025", "mes_ano": "9-2025", "nm_municip": "ALTO PARAISO DE GOIAS", "nome": "Alto Paraíso de Goiás", "meso_ibge": "Norte Goiano", "micro_ibge": "Chapada dos Veadeiros", "geocodigo": 5200605.0, "area_ha": 0.086763 }, "geometry": { "type": "Polygon", "coordinates": [ [ [ -47.682754944121029, -14.127714641819299 ], [ -47.683024438706262, -14.127714641819299 ], [ -47.683024438706262, -14.127445147234063 ], [ -47.682754944121029, -14.127445147234063 ], [ -47.682754944121029, -14.127714641819299 ] ] ] } },
{ "type": "Feature", "properties": { "nome_area_": "PARQUE NACIONAL DA CHAPADA DOS VEADEIROS", "tipo_area_": "UC Federal - Proteção Integral", "esferaadmi": "Federal", "nomeunidad": "PARQUE NACIONAL DA CHAPADA DOS VEADEIROS", "grupo": "Proteção Integral - PI", "ano": "2025", "mes_ano": "9-2025", "nm_municip": "ALTO PARAISO DE GOIAS", "nome": "Alto Paraíso de Goiás", "meso_ibge": "Norte Goiano", "micro_ibge": "Chapada dos Veadeiros", "geocodigo": 5200605.0, "area_ha": 0.694106 }, "geometry": { "type": "Polygon", "coordinates": [ [ [ -47.680329492853907, -14.126636663478356 ], [ -47.68086848202438, -14.126636663478356 ], [ -47.68086848202438, -14.127175652648827 ], [ -47.681137976609612, -14.127175652648827 ], [ -47.681137976609612, -14.126097674307884 ], [ -47.680329492853907, -14.126097674307884 ], [ -47.680329492853907, -14.126636663478356 ] ] ] } },
{ "type": "Feature", "properties": { "nome_area_": "PARQUE NACIONAL DA CHAPADA DOS VEADEIROS", "tipo_area_": "UC Federal - Proteção Integral", "esferaadmi": "Federal", "nomeunidad": "PARQUE NACIONAL DA CHAPADA DOS VEADEIROS", "grupo": "Proteção Integral - PI", "ano": "2025", "mes_ano": "9-2025", "nm_municip": "ALTO PARAISO DE GOIAS", "nome": "Alto Paraíso de Goiás", "meso_ibge": "Norte Goiano", "micro_ibge": "Chapada dos Veadeiros", "geocodigo": 5200605.0, "area_ha": 0.433836 }, "geometry": { "type": "Polygon", "coordinates": [ [ [ -47.68248544953579, -14.115856880068922 ], [ -47.683832922461974, -14.115856880068922 ], [ -47.683832922461974, -14.115587385483686 ], [ -47.68248544953579, -14.115587385483686 ], [ -47.68248544953579, -14.115856880068922 ] ] ] } },
{ "type": "Feature", "properties": { "nome_area_": "PARQUE NACIONAL DA CHAPADA DOS VEADEIROS", "tipo_area_": "UC Federal - Proteção Integral", "esferaadmi": "Federal", "nomeunidad": "PARQUE NACIONAL DA CHAPADA DOS VEADEIROS", "grupo": "Proteção Integral - PI", "ano": "2025", "mes_ano": "9-2025", "nm_municip": "ALTO PARAISO DE GOIAS", "nome": "Alto Paraíso de Goiás", "meso_ibge": "Norte Goiano", "micro_ibge": "Chapada dos Veadeiros", "geocodigo": 5200605.0, "area_ha": 0.086769 }, "geometry": { "type": "Polygon", "coordinates": [ [ [ -47.690300792507635, -14.111544966705148 ], [ -47.690570287092868, -14.111544966705148 ], [ -47.690570287092868, -14.111275472119912 ], [ -47.690300792507635, -14.111275472119912 ], [ -47.690300792507635, -14.111544966705148 ] ] ] } },
{ "type": "Feature", "properties": { "nome_area_": "PARQUE NACIONAL DA CHAPADA DOS VEADEIROS", "tipo_area_": "UC Federal - Proteção Integral", "esferaadmi": "Federal", "nomeunidad": "PARQUE NACIONAL DA CHAPADA DOS VEADEIROS", "grupo": "Proteção Integral - PI", "ano": "2025", "mes_ano": "9-2025", "nm_municip": "ALTO PARAISO DE GOIAS", "nome": "Alto Paraíso de Goiás", "meso_ibge": "Norte Goiano", "micro_ibge": "Chapada dos Veadeiros", "geocodigo": 5200605.0, "area_ha": 2.169336 }, "geometry": { "type": "Polygon", "coordinates": [ [ [ -47.578999528805227, -14.099687204954771 ], [ -47.580347001731404, -14.099687204954771 ], [ -47.580347001731404, -14.098339732028592 ], [ -47.578999528805227, -14.098339732028592 ], [ -47.578999528805227, -14.099687204954771 ] ] ] } },
{ "type": "Feature", "properties": { "nome_area_": "PARQUE NACIONAL DA CHAPADA DOS VEADEIROS", "tipo_area_": "UC Federal - Proteção Integral", "esferaadmi": "Federal", "nomeunidad": "PARQUE NACIONAL DA CHAPADA DOS VEADEIROS", "grupo": "Proteção Integral - PI", "ano": "2025", "mes_ano": "9-2025", "nm_municip": "ALTO PARAISO DE GOIAS", "nome": "Alto Paraíso de Goiás", "meso_ibge": "Norte Goiano", "micro_ibge": "Chapada dos Veadeiros", "geocodigo": 5200605.0, "area_ha": 1.041179 }, "geometry": { "type": "Polygon", "coordinates": [ [ [ -47.700811081331828, -14.122055255529347 ], [ -47.701350070502301, -14.122055255529347 ], [ -47.701350070502301, -14.122594244699819 ], [ -47.701889059672773, -14.122594244699819 ], [ -47.701889059672773, -14.121516266358874 ], [ -47.700811081331828, -14.121516266358874 ], [ -47.700811081331828, -14.122055255529347 ] ] ] } },
{ "type": "Feature", "properties": { "nome_area_": "PARQUE NACIONAL DA CHAPADA DOS VEADEIROS", "tipo_area_": "UC Federal - Proteção Integral", "esferaadmi": "Federal", "nomeunidad": "PARQUE NACIONAL DA CHAPADA DOS VEADEIROS", "grupo": "Proteção Integral - PI", "ano": "2025", "mes_ano": "9-2025", "nm_municip": "ALTO PARAISO DE GOIAS", "nome": "Alto Paraíso de Goiás", "meso_ibge": "Norte Goiano", "micro_ibge": "Chapada dos Veadeiros", "geocodigo": 5200605.0, "area_ha": 0.347062 }, "geometry": { "type": "Polygon", "coordinates": [ [ [ -47.455032019596729, -14.120438288017931 ], [ -47.456109997937673, -14.120438288017931 ], [ -47.456109997937673, -14.120168793432695 ], [ -47.455032019596729, -14.120168793432695 ], [ -47.455032019596729, -14.120438288017931 ] ] ] } },
{ "type": "Feature", "properties": { "nome_area_": "PARQUE NACIONAL DA CHAPADA DOS VEADEIROS", "tipo_area_": "UC Federal - Proteção Integral", "esferaadmi": "Federal", "nomeunidad": "PARQUE NACIONAL DA CHAPADA DOS VEADEIROS", "grupo": "Proteção Integral - PI", "ano": "2025", "mes_ano": "9-2025", "nm_municip": "ALTO PARAISO DE GOIAS", "nome": "Alto Paraíso de Goiás", "meso_ibge": "Norte Goiano", "micro_ibge": "Chapada dos Veadeiros", "geocodigo": 5200605.0, "area_ha": 4.338321 }, "geometry": { "type": "Polygon", "coordinates": [ [ [ -47.68086848202438, -14.116395869239394 ], [ -47.68059898743914, -14.116395869239394 ], [ -47.68059898743914, -14.118012836750808 ], [ -47.679521009098195, -14.118012836750808 ], [ -47.679521009098195, -14.119090815091752 ], [ -47.681407471194852, -14.119090815091752 ], [ -47.681407471194852, -14.117743342165573 ], [ -47.682215954950557, -14.117743342165573 ], [ -47.682215954950557, -14.117204352995101 ], [ -47.681137976609612, -14.117204352995101 ], [ -47.681137976609612, -14.116126374654158 ], [ -47.68086848202438, -14.116126374654158 ], [ -47.68086848202438, -14.116395869239394 ] ] ] } },
{ "type": "Feature", "properties": { "nome_area_": "PARQUE NACIONAL DA CHAPADA DOS VEADEIROS", "tipo_area_": "UC Federal - Proteção Integral", "esferaadmi": "Federal", "nomeunidad": "PARQUE NACIONAL DA CHAPADA DOS VEADEIROS", "grupo": "Proteção Integral - PI", "ano": "2025", "mes_ano": "11-2025", "nm_municip": "ALTO PARAISO DE GOIAS", "nome": "Alto Paraíso de Goiás", "meso_ibge": "Norte Goiano", "micro_ibge": "Chapada dos Veadeiros", "geocodigo": 5200605.0, "area_ha": 0.086779 }, "geometry": { "type": "Polygon", "coordinates": [ [ [ -47.694343211286167, -14.08405651901109 ], [ -47.694612705871407, -14.08405651901109 ], [ -47.694612705871407, -14.083787024425854 ], [ -47.694343211286167, -14.083787024425854 ], [ -47.694343211286167, -14.08405651901109 ] ] ] } },
{ "type": "Feature", "properties": { "nome_area_": "PARQUE NACIONAL DA CHAPADA DOS VEADEIROS", "tipo_area_": "UC Federal - Proteção Integral", "esferaadmi": "Federal", "nomeunidad": "PARQUE NACIONAL DA CHAPADA DOS VEADEIROS", "grupo": "Proteção Integral - PI", "ano": "2025", "mes_ano": "7-2025", "nm_municip": "ALTO PARAISO DE GOIAS", "nome": "Alto Paraíso de Goiás", "meso_ibge": "Norte Goiano", "micro_ibge": "Chapada dos Veadeiros", "geocodigo": 5200605.0, "area_ha": 0.173537 }, "geometry": { "type": "Polygon", "coordinates": [ [ [ -47.627778048732914, -14.112353450460855 ], [ -47.628047543318146, -14.112353450460855 ], [ -47.628047543318146, -14.111814461290384 ], [ -47.627778048732914, -14.111814461290384 ], [ -47.627778048732914, -14.112353450460855 ] ] ] } },
{ "type": "Feature", "properties": { "nome_area_": "PARQUE NACIONAL DA CHAPADA DOS VEADEIROS", "tipo_area_": "UC Federal - Proteção Integral", "esferaadmi": "Federal", "nomeunidad": "PARQUE NACIONAL DA CHAPADA DOS VEADEIROS", "grupo": "Proteção Integral - PI", "ano": "2025", "mes_ano": "7-2025", "nm_municip": "ALTO PARAISO DE GOIAS", "nome": "Alto Paraíso de Goiás", "meso_ibge": "Norte Goiano", "micro_ibge": "Chapada dos Veadeiros", "geocodigo": 5200605.0, "area_ha": 0.086769 }, "geometry": { "type": "Polygon", "coordinates": [ [ [ -47.632359456681925, -14.111275472119912 ], [ -47.632628951267158, -14.111275472119912 ], [ -47.632628951267158, -14.111005977534676 ], [ -47.632359456681925, -14.111005977534676 ], [ -47.632359456681925, -14.111275472119912 ] ] ] } },
{ "type": "Feature", "properties": { "nome_area_": "PARQUE NACIONAL DA CHAPADA DOS VEADEIROS", "tipo_area_": "UC Federal - Proteção Integral", "esferaadmi": "Federal", "nomeunidad": "PARQUE NACIONAL DA CHAPADA DOS VEADEIROS", "grupo": "Proteção Integral - PI", "ano": "2025", "mes_ano": "7-2025", "nm_municip": "ALTO PARAISO DE GOIAS", "nome": "Alto Paraíso de Goiás", "meso_ibge": "Norte Goiano", "micro_ibge": "Chapada dos Veadeiros", "geocodigo": 5200605.0, "area_ha": 0.780926 }, "geometry": { "type": "Polygon", "coordinates": [ [ [ -47.691917760019045, -14.109927999193733 ], [ -47.692187254604285, -14.109927999193733 ], [ -47.692187254604285, -14.110197493778969 ], [ -47.692456749189517, -14.110197493778969 ], [ -47.692456749189517, -14.10885002085279 ], [ -47.691917760019045, -14.10885002085279 ], [ -47.691917760019045, -14.109927999193733 ] ] ] } },
{ "type": "Feature", "properties": { "nome_area_": "PARQUE NACIONAL DA CHAPADA DOS VEADEIROS", "tipo_area_": "UC Federal - Proteção Integral", "esferaadmi": "Federal", "nomeunidad": "PARQUE NACIONAL DA CHAPADA DOS VEADEIROS", "grupo": "Proteção Integral - PI", "ano": "2025", "mes_ano": "4-2025", "nm_municip": "ALTO PARAISO DE GOIAS", "nome": "Alto Paraíso de Goiás", "meso_ibge": "Norte Goiano", "micro_ibge": "Chapada dos Veadeiros", "geocodigo": 5200605.0, "area_ha": 1.128079 }, "geometry": { "type": "Polygon", "coordinates": [ [ [ -47.701080575917068, -14.094566807835289 ], [ -47.702967038013718, -14.094566807835289 ], [ -47.702967038013718, -14.094297313250053 ], [ -47.70161956508754, -14.094297313250053 ], [ -47.70161956508754, -14.093488829494346 ], [ -47.701080575917068, -14.093488829494346 ], [ -47.701080575917068, -14.094566807835289 ] ] ] } },
{ "type": "Feature", "properties": { "nome_area_": "PARQUE NACIONAL DA CHAPADA DOS VEADEIROS", "tipo_area_": "UC Federal - Proteção Integral", "esferaadmi": "Federal", "nomeunidad": "PARQUE NACIONAL DA CHAPADA DOS VEADEIROS", "grupo": "Proteção Integral - PI", "ano": "2025", "mes_ano": "4-2025", "nm_municip": "ALTO PARAISO DE GOIAS", "nome": "Alto Paraíso de Goiás", "meso_ibge": "Norte Goiano", "micro_ibge": "Chapada dos Veadeiros", "geocodigo": 5200605.0, "area_ha": 2.082616 }, "geometry": { "type": "Polygon", "coordinates": [ [ [ -47.378495557389748, -14.092680345738637 ], [ -47.378226062804508, -14.092680345738637 ], [ -47.378226062804508, -14.093758324079582 ], [ -47.379573535730692, -14.093758324079582 ], [ -47.379573535730692, -14.092410851153403 ], [ -47.378495557389748, -14.092410851153403 ], [ -47.378495557389748, -14.092680345738637 ] ] ] } },
{ "type": "Feature", "properties": { "nome_area_": "PARQUE NACIONAL DA CHAPADA DOS VEADEIROS", "tipo_area_": "UC Federal - Proteção Integral", "esferaadmi": "Federal", "nomeunidad": "PARQUE NACIONAL DA CHAPADA DOS VEADEIROS", "grupo": "Proteção Integral - PI", "ano": "2025", "mes_ano": "7-2025", "nm_municip": "ALTO PARAISO DE GOIAS", "nome": "Alto Paraíso de Goiás", "meso_ibge": "Norte Goiano", "micro_ibge": "Chapada dos Veadeiros", "geocodigo": 5200605.0, "area_ha": 2.429428 }, "geometry": { "type": "Polygon", "coordinates": [ [ [ -47.70161956508754, -14.121516266358874 ], [ -47.70350602718419, -14.121516266358874 ], [ -47.70350602718419, -14.120438288017931 ], [ -47.70161956508754, -14.120438288017931 ], [ -47.70161956508754, -14.121516266358874 ] ] ] } },
{ "type": "Feature", "properties": { "nome_area_": "PARQUE NACIONAL DA CHAPADA DOS VEADEIROS", "tipo_area_": "UC Federal - Proteção Integral", "esferaadmi": "Federal", "nomeunidad": "PARQUE NACIONAL DA CHAPADA DOS VEADEIROS", "grupo": "Proteção Integral - PI", "ano": "2025", "mes_ano": "7-2025", "nm_municip": "ALTO PARAISO DE GOIAS", "nome": "Alto Paraíso de Goiás", "meso_ibge": "Norte Goiano", "micro_ibge": "Chapada dos Veadeiros", "geocodigo": 5200605.0, "area_ha": 0.520603 }, "geometry": { "type": "Polygon", "coordinates": [ [ [ -47.698924619235179, -14.116395869239394 ], [ -47.699463608405651, -14.116395869239394 ], [ -47.699463608405651, -14.115856880068922 ], [ -47.699194113820418, -14.115856880068922 ], [ -47.699194113820418, -14.115317890898449 ], [ -47.698924619235179, -14.115317890898449 ], [ -47.698924619235179, -14.116395869239394 ] ] ] } },
{ "type": "Feature", "properties": { "nome_area_": "PARQUE NACIONAL DA CHAPADA DOS VEADEIROS", "tipo_area_": "UC Federal - Proteção Integral", "esferaadmi": "Federal", "nomeunidad": "PARQUE NACIONAL DA CHAPADA DOS VEADEIROS", "grupo": "Proteção Integral - PI", "ano": "2025", "mes_ano": "4-2025", "nm_municip": "ALTO PARAISO DE GOIAS", "nome": "Alto Paraíso de Goiás", "meso_ibge": "Norte Goiano", "micro_ibge": "Chapada dos Veadeiros", "geocodigo": 5200605.0, "area_ha": 0.173552 }, "geometry": { "type": "Polygon", "coordinates": [ [ [ -47.704314510939895, -14.091871861982931 ], [ -47.704853500110367, -14.091871861982931 ], [ -47.704853500110367, -14.091602367397694 ], [ -47.704314510939895, -14.091602367397694 ], [ -47.704314510939895, -14.091871861982931 ] ] ] } },
{ "type": "Feature", "properties": { "nome_area_": "PARQUE NACIONAL DA CHAPADA DOS VEADEIROS", "tipo_area_": "UC Federal - Proteção Integral", "esferaadmi": "Federal", "nomeunidad": "PARQUE NACIONAL DA CHAPADA DOS VEADEIROS", "grupo": "Proteção Integral - PI", "ano": "2025", "mes_ano": "7-2025", "nm_municip": "ALTO PARAISO DE GOIAS", "nome": "Alto Paraíso de Goiás", "meso_ibge": "Norte Goiano", "micro_ibge": "Chapada dos Veadeiros", "geocodigo": 5200605.0, "area_ha": 1.041215 }, "geometry": { "type": "Polygon", "coordinates": [ [ [ -47.699194113820418, -14.114239912557506 ], [ -47.700272092161356, -14.114239912557506 ], [ -47.700272092161356, -14.1134314288018 ], [ -47.699194113820418, -14.1134314288018 ], [ -47.699194113820418, -14.114239912557506 ] ] ] } },
{ "type": "Feature", "properties": { "nome_area_": "PARQUE NACIONAL DA CHAPADA DOS VEADEIROS", "tipo_area_": "UC Federal - Proteção Integral", "esferaadmi": "Federal", "nomeunidad": "PARQUE NACIONAL DA CHAPADA DOS VEADEIROS", "grupo": "Proteção Integral - PI", "ano": "2025", "mes_ano": "4-2025", "nm_municip": "ALTO PARAISO DE GOIAS", "nome": "Alto Paraíso de Goiás", "meso_ibge": "Norte Goiano", "micro_ibge": "Chapada dos Veadeiros", "geocodigo": 5200605.0, "area_ha": 12.582724 }, "geometry": { "type": "Polygon", "coordinates": [ [ [ -47.708626424303674, -14.087020959448685 ], [ -47.70539248928084, -14.087020959448685 ], [ -47.70539248928084, -14.087559948619157 ], [ -47.707009456792257, -14.087559948619157 ], [ -47.707009456792257, -14.091332872812458 ], [ -47.707278951377489, -14.091332872812458 ], [ -47.707278951377489, -14.089446410715809 ], [ -47.709434908059379, -14.089446410715809 ], [ -47.709434908059379, -14.089176916130572 ], [ -47.711590864741268, -14.089176916130572 ], [ -47.711590864741268, -14.088098937789628 ], [ -47.709434908059379, -14.088098937789628 ], [ -47.709434908059379, -14.086212475692978 ], [ -47.709165413474139, -14.086212475692978 ], [ -47.709165413474139, -14.085673486522506 ], [ -47.708626424303674, -14.085673486522506 ], [ -47.708626424303674, -14.087020959448685 ] ] ] } },
{ "type": "Feature", "properties": { "nome_area_": "PARQUE NACIONAL DA CHAPADA DOS VEADEIROS", "tipo_area_": "UC Federal - Proteção Integral", "esferaadmi": "Federal", "nomeunidad": "PARQUE NACIONAL DA CHAPADA DOS VEADEIROS", "grupo": "Proteção Integral - PI", "ano": "2025", "mes_ano": "7-2025", "nm_municip": "ALTO PARAISO DE GOIAS", "nome": "Alto Paraíso de Goiás", "meso_ibge": "Norte Goiano", "micro_ibge": "Chapada dos Veadeiros", "geocodigo": 5200605.0, "area_ha": 1.04122 }, "geometry": { "type": "Polygon", "coordinates": [ [ [ -47.630472994585276, -14.113161934216564 ], [ -47.632089962096686, -14.113161934216564 ], [ -47.632089962096686, -14.112622945046091 ], [ -47.630472994585276, -14.112622945046091 ], [ -47.630472994585276, -14.113161934216564 ] ] ] } },
{ "type": "Feature", "properties": { "nome_area_": "PARQUE NACIONAL DA CHAPADA DOS VEADEIROS", "tipo_area_": "UC Federal - Proteção Integral", "esferaadmi": "Federal", "nomeunidad": "PARQUE NACIONAL DA CHAPADA DOS VEADEIROS", "grupo": "Proteção Integral - PI", "ano": "2025", "mes_ano": "7-2025", "nm_municip": "ALTO PARAISO DE GOIAS", "nome": "Alto Paraíso de Goiás", "meso_ibge": "Norte Goiano", "micro_ibge": "Chapada dos Veadeiros", "geocodigo": 5200605.0, "area_ha": 0.173555 }, "geometry": { "type": "Polygon", "coordinates": [ [ [ -47.705661983866079, -14.088368432374864 ], [ -47.706200973036545, -14.088368432374864 ], [ -47.706200973036545, -14.088098937789628 ], [ -47.705661983866079, -14.088098937789628 ], [ -47.705661983866079, -14.088368432374864 ] ] ] } },
{ "type": "Feature", "properties": { "nome_area_": "PARQUE NACIONAL DA CHAPADA DOS VEADEIROS", "tipo_area_": "UC Federal - Proteção Integral", "esferaadmi": "Federal", "nomeunidad": "PARQUE NACIONAL DA CHAPADA DOS VEADEIROS", "grupo": "Proteção Integral - PI", "ano": "2025", "mes_ano": "4-2025", "nm_municip": "ALTO PARAISO DE GOIAS", "nome": "Alto Paraíso de Goiás", "meso_ibge": "Norte Goiano", "micro_ibge": "Chapada dos Veadeiros", "geocodigo": 5200605.0, "area_ha": 0.347106 }, "geometry": { "type": "Polygon", "coordinates": [ [ [ -47.359091947252764, -14.091063378227222 ], [ -47.360169925593709, -14.091063378227222 ], [ -47.360169925593709, -14.090793883641988 ], [ -47.359091947252764, -14.090793883641988 ], [ -47.359091947252764, -14.091063378227222 ] ] ] } },
{ "type": "Feature", "properties": { "nome_area_": "PARQUE NACIONAL DA CHAPADA DOS VEADEIROS", "tipo_area_": "UC Federal - Proteção Integral", "esferaadmi": "Federal", "nomeunidad": "PARQUE NACIONAL DA CHAPADA DOS VEADEIROS", "grupo": "Proteção Integral - PI", "ano": "2025", "mes_ano": "4-2025", "nm_municip": "ALTO PARAISO DE GOIAS", "nome": "Alto Paraíso de Goiás", "meso_ibge": "Norte Goiano", "micro_ibge": "Chapada dos Veadeiros", "geocodigo": 5200605.0, "area_ha": 0.520672 }, "geometry": { "type": "Polygon", "coordinates": [ [ [ -47.707817940547962, -14.085134497352033 ], [ -47.708087435133201, -14.085134497352033 ], [ -47.708087435133201, -14.085673486522506 ], [ -47.708356929718434, -14.085673486522506 ], [ -47.708356929718434, -14.084595508181563 ], [ -47.707817940547962, -14.084595508181563 ], [ -47.707817940547962, -14.085134497352033 ] ] ] } },
{ "type": "Feature", "properties": { "nome_area_": "PARQUE NACIONAL DA CHAPADA DOS VEADEIROS", "tipo_area_": "UC Federal - Proteção Integral", "esferaadmi": "Federal", "nomeunidad": "PARQUE NACIONAL DA CHAPADA DOS VEADEIROS", "grupo": "Proteção Integral - PI", "ano": "2025", "mes_ano": "7-2025", "nm_municip": "ALTO PARAISO DE GOIAS", "nome": "Alto Paraíso de Goiás", "meso_ibge": "Norte Goiano", "micro_ibge": "Chapada dos Veadeiros", "geocodigo": 5200605.0, "area_ha": 1.562019 }, "geometry": { "type": "Polygon", "coordinates": [ [ [ -47.706200973036545, -14.084326013596327 ], [ -47.707009456792257, -14.084326013596327 ], [ -47.707009456792257, -14.084595508181563 ], [ -47.708087435133201, -14.084595508181563 ], [ -47.708087435133201, -14.083787024425854 ], [ -47.706200973036545, -14.083787024425854 ], [ -47.706200973036545, -14.084326013596327 ] ] ] } },
{ "type": "Feature", "properties": { "nome_area_": "PARQUE NACIONAL DA CHAPADA DOS VEADEIROS", "tipo_area_": "UC Federal - Proteção Integral", "esferaadmi": "Federal", "nomeunidad": "PARQUE NACIONAL DA CHAPADA DOS VEADEIROS", "grupo": "Proteção Integral - PI", "ano": "2025", "mes_ano": "4-2025", "nm_municip": "ALTO PARAISO DE GOIAS", "nome": "Alto Paraíso de Goiás", "meso_ibge": "Norte Goiano", "micro_ibge": "Chapada dos Veadeiros", "geocodigo": 5200605.0, "area_ha": 0.433865 }, "geometry": { "type": "Polygon", "coordinates": [ [ [ -47.701889059672773, -14.100495688710478 ], [ -47.70323653259895, -14.100495688710478 ], [ -47.70323653259895, -14.100226194125241 ], [ -47.701889059672773, -14.100226194125241 ], [ -47.701889059672773, -14.100495688710478 ] ] ] } },
{ "type": "Feature", "properties": { "nome_area_": "PARQUE NACIONAL DA CHAPADA DOS VEADEIROS", "tipo_area_": "UC Federal - Proteção Integral", "esferaadmi": "Federal", "nomeunidad": "PARQUE NACIONAL DA CHAPADA DOS VEADEIROS", "grupo": "Proteção Integral - PI", "ano": "2025", "mes_ano": "4-2025", "nm_municip": "ALTO PARAISO DE GOIAS", "nome": "Alto Paraíso de Goiás", "meso_ibge": "Norte Goiano", "micro_ibge": "Chapada dos Veadeiros", "geocodigo": 5200605.0, "area_ha": 3.297395 }, "geometry": { "type": "Polygon", "coordinates": [ [ [ -47.721831658980228, -14.099148215784298 ], [ -47.722370648150701, -14.099148215784298 ], [ -47.722370648150701, -14.099687204954771 ], [ -47.723448626491646, -14.099687204954771 ], [ -47.723448626491646, -14.097800742858119 ], [ -47.721831658980228, -14.097800742858119 ], [ -47.721831658980228, -14.099148215784298 ] ] ] } },
{ "type": "Feature", "properties": { "nome_area_": "PARQUE NACIONAL DA CHAPADA DOS VEADEIROS", "tipo_area_": "UC Federal - Proteção Integral", "esferaadmi": "Federal", "nomeunidad": "PARQUE NACIONAL DA CHAPADA DOS VEADEIROS", "grupo": "Proteção Integral - PI", "ano": "2025", "mes_ano": "7-2025", "nm_municip": "ALTO PARAISO DE GOIAS", "nome": "Alto Paraíso de Goiás", "meso_ibge": "Norte Goiano", "micro_ibge": "Chapada dos Veadeiros", "geocodigo": 5200605.0, "area_ha": 0.867817 }, "geometry": { "type": "Polygon", "coordinates": [ [ [ -47.702967038013718, -14.076510670624486 ], [ -47.70323653259895, -14.076510670624486 ], [ -47.70323653259895, -14.077319154380195 ], [ -47.704045016354662, -14.077319154380195 ], [ -47.704045016354662, -14.076780165209723 ], [ -47.703775521769423, -14.076780165209723 ], [ -47.703775521769423, -14.076510670624486 ], [ -47.70350602718419, -14.076510670624486 ], [ -47.70350602718419, -14.07624117603925 ], [ -47.702967038013718, -14.07624117603925 ], [ -47.702967038013718, -14.076510670624486 ] ] ] } },
{ "type": "Feature", "properties": { "nome_area_": "PARQUE NACIONAL DA CHAPADA DOS VEADEIROS", "tipo_area_": "UC Federal - Proteção Integral", "esferaadmi": "Federal", "nomeunidad": "PARQUE NACIONAL DA CHAPADA DOS VEADEIROS", "grupo": "Proteção Integral - PI", "ano": "2025", "mes_ano": "7-2025", "nm_municip": "ALTO PARAISO DE GOIAS", "nome": "Alto Paraíso de Goiás", "meso_ibge": "Norte Goiano", "micro_ibge": "Chapada dos Veadeiros", "geocodigo": 5200605.0, "area_ha": 0.867839 }, "geometry": { "type": "Polygon", "coordinates": [ [ [ -47.685449889973384, -14.071929262675477 ], [ -47.685719384558624, -14.071929262675477 ], [ -47.685719384558624, -14.070851284334534 ], [ -47.685988879143856, -14.070851284334534 ], [ -47.685988879143856, -14.070042800578825 ], [ -47.685449889973384, -14.070042800578825 ], [ -47.685449889973384, -14.071929262675477 ] ] ] } },
{ "type": "Feature", "properties": { "nome_area_": "PARQUE NACIONAL DA CHAPADA DOS VEADEIROS", "tipo_area_": "UC Federal - Proteção Integral", "esferaadmi": "Federal", "nomeunidad": "PARQUE NACIONAL DA CHAPADA DOS VEADEIROS", "grupo": "Proteção Integral - PI", "ano": "2025", "mes_ano": "4-2025", "nm_municip": "ALTO PARAISO DE GOIAS", "nome": "Alto Paraíso de Goiás", "meso_ibge": "Norte Goiano", "micro_ibge": "Chapada dos Veadeiros", "geocodigo": 5200605.0, "area_ha": 2.082583 }, "geometry": { "type": "Polygon", "coordinates": [ [ [ -47.34588671257621, -14.097261753687647 ], [ -47.347503680087627, -14.097261753687647 ], [ -47.347503680087627, -14.096183775346704 ], [ -47.34588671257621, -14.096183775346704 ], [ -47.34588671257621, -14.097261753687647 ] ] ] } },
{ "type": "Feature", "properties": { "nome_area_": "PARQUE NACIONAL DA CHAPADA DOS VEADEIROS", "tipo_area_": "UC Federal - Proteção Integral", "esferaadmi": "Federal", "nomeunidad": "PARQUE NACIONAL DA CHAPADA DOS VEADEIROS", "grupo": "Proteção Integral - PI", "ano": "2025", "mes_ano": "4-2025", "nm_municip": "ALTO PARAISO DE GOIAS", "nome": "Alto Paraíso de Goiás", "meso_ibge": "Norte Goiano", "micro_ibge": "Chapada dos Veadeiros", "geocodigo": 5200605.0, "area_ha": 2.429683 }, "geometry": { "type": "Polygon", "coordinates": [ [ [ -47.359900431008469, -14.096992259102411 ], [ -47.360169925593709, -14.096992259102411 ], [ -47.360169925593709, -14.097261753687647 ], [ -47.361247903934654, -14.097261753687647 ], [ -47.361247903934654, -14.095914280761468 ], [ -47.360978409349414, -14.095914280761468 ], [ -47.360978409349414, -14.095644786176232 ], [ -47.359900431008469, -14.095644786176232 ], [ -47.359900431008469, -14.096992259102411 ] ] ] } },
{ "type": "Feature", "properties": { "nome_area_": "PARQUE NACIONAL DA CHAPADA DOS VEADEIROS", "tipo_area_": "UC Federal - Proteção Integral", "esferaadmi": "Federal", "nomeunidad": "PARQUE NACIONAL DA CHAPADA DOS VEADEIROS", "grupo": "Proteção Integral - PI", "ano": "2025", "mes_ano": "7-2025", "nm_municip": "ALTO PARAISO DE GOIAS", "nome": "Alto Paraíso de Goiás", "meso_ibge": "Norte Goiano", "micro_ibge": "Chapada dos Veadeiros", "geocodigo": 5200605.0, "area_ha": 0.260354 }, "geometry": { "type": "Polygon", "coordinates": [ [ [ -47.686527868314329, -14.069503811408355 ], [ -47.686797362899568, -14.069503811408355 ], [ -47.686797362899568, -14.068695327652646 ], [ -47.686527868314329, -14.068695327652646 ], [ -47.686527868314329, -14.069503811408355 ] ] ] } },
{ "type": "Feature", "properties": { "nome_area_": "PARQUE NACIONAL DA CHAPADA DOS VEADEIROS", "tipo_area_": "UC Federal - Proteção Integral", "esferaadmi": "Federal", "nomeunidad": "PARQUE NACIONAL DA CHAPADA DOS VEADEIROS", "grupo": "Proteção Integral - PI", "ano": "2025", "mes_ano": "7-2025", "nm_municip": "ALTO PARAISO DE GOIAS", "nome": "Alto Paraíso de Goiás", "meso_ibge": "Norte Goiano", "micro_ibge": "Chapada dos Veadeiros", "geocodigo": 5200605.0, "area_ha": 1.214994 }, "geometry": { "type": "Polygon", "coordinates": [ [ [ -47.637210359216169, -14.066808865555995 ], [ -47.638018842971874, -14.066808865555995 ], [ -47.638018842971874, -14.068425833067412 ], [ -47.638288337557114, -14.068425833067412 ], [ -47.638288337557114, -14.066269876385524 ], [ -47.637210359216169, -14.066269876385524 ], [ -47.637210359216169, -14.066808865555995 ] ] ] } },
{ "type": "Feature", "properties": { "nome_area_": "PARQUE NACIONAL DA CHAPADA DOS VEADEIROS", "tipo_area_": "UC Federal - Proteção Integral", "esferaadmi": "Federal", "nomeunidad": "PARQUE NACIONAL DA CHAPADA DOS VEADEIROS", "grupo": "Proteção Integral - PI", "ano": "2025", "mes_ano": "4-2025", "nm_municip": "ALTO PARAISO DE GOIAS", "nome": "Alto Paraíso de Goiás", "meso_ibge": "Norte Goiano", "micro_ibge": "Chapada dos Veadeiros", "geocodigo": 5200605.0, "area_ha": 1.388397 }, "geometry": { "type": "Polygon", "coordinates": [ [ [ -47.382537976168287, -14.095914280761468 ], [ -47.383615954509224, -14.095914280761468 ], [ -47.383615954509224, -14.094836302420525 ], [ -47.382537976168287, -14.094836302420525 ], [ -47.382537976168287, -14.095914280761468 ] ] ] } },
{ "type": "Feature", "properties": { "nome_area_": "PARQUE NACIONAL DA CHAPADA DOS VEADEIROS", "tipo_area_": "UC Federal - Proteção Integral", "esferaadmi": "Federal", "nomeunidad": "PARQUE NACIONAL DA CHAPADA DOS VEADEIROS", "grupo": "Proteção Integral - PI", "ano": "2025", "mes_ano": "7-2025", "nm_municip": "ALTO PARAISO DE GOIAS", "nome": "Alto Paraíso de Goiás", "meso_ibge": "Norte Goiano", "micro_ibge": "Chapada dos Veadeiros", "geocodigo": 5200605.0, "area_ha": 4.251917 }, "geometry": { "type": "Polygon", "coordinates": [ [ [ -47.70539248928084, -14.097261753687647 ], [ -47.705931478451312, -14.097261753687647 ], [ -47.705931478451312, -14.097531248272883 ], [ -47.706200973036545, -14.097531248272883 ], [ -47.706200973036545, -14.098878721199062 ], [ -47.707548445962729, -14.098878721199062 ], [ -47.707548445962729, -14.098609226613826 ], [ -47.707817940547962, -14.098609226613826 ], [ -47.707817940547962, -14.097800742858119 ], [ -47.708895918888906, -14.097800742858119 ], [ -47.708895918888906, -14.097261753687647 ], [ -47.706739962207017, -14.097261753687647 ], [ -47.706739962207017, -14.096992259102411 ], [ -47.70539248928084, -14.096992259102411 ], [ -47.70539248928084, -14.097261753687647 ] ] ] } },
{ "type": "Feature", "properties": { "nome_area_": "PARQUE NACIONAL DA CHAPADA DOS VEADEIROS", "tipo_area_": "UC Federal - Proteção Integral", "esferaadmi": "Federal", "nomeunidad": "PARQUE NACIONAL DA CHAPADA DOS VEADEIROS", "grupo": "Proteção Integral - PI", "ano": "2025", "mes_ano": "4-2025", "nm_municip": "ALTO PARAISO DE GOIAS", "nome": "Alto Paraíso de Goiás", "meso_ibge": "Norte Goiano", "micro_ibge": "Chapada dos Veadeiros", "geocodigo": 5200605.0, "area_ha": 9.632097 }, "geometry": { "type": "Polygon", "coordinates": [ [ [ -47.356666495985642, -14.091602367397694 ], [ -47.35612750681517, -14.091602367397694 ], [ -47.35612750681517, -14.092680345738637 ], [ -47.356935990570875, -14.092680345738637 ], [ -47.356935990570875, -14.09321933490911 ], [ -47.358552958082292, -14.09321933490911 ], [ -47.358552958082292, -14.095644786176232 ], [ -47.359630936423237, -14.095644786176232 ], [ -47.359630936423237, -14.092680345738637 ], [ -47.359361441838004, -14.092680345738637 ], [ -47.359361441838004, -14.092141356568167 ], [ -47.359091947252764, -14.092141356568167 ], [ -47.359091947252764, -14.091332872812458 ], [ -47.356666495985642, -14.091332872812458 ], [ -47.356666495985642, -14.091602367397694 ] ] ] } },
{ "type": "Feature", "properties": { "nome_area_": "PARQUE NACIONAL DA CHAPADA DOS VEADEIROS", "tipo_area_": "UC Federal - Proteção Integral", "esferaadmi": "Federal", "nomeunidad": "PARQUE NACIONAL DA CHAPADA DOS VEADEIROS", "grupo": "Proteção Integral - PI", "ano": "2025", "mes_ano": "4-2025", "nm_municip": "ALTO PARAISO DE GOIAS", "nome": "Alto Paraíso de Goiás", "meso_ibge": "Norte Goiano", "micro_ibge": "Chapada dos Veadeiros", "geocodigo": 5200605.0, "area_ha": 2.343104 }, "geometry": { "type": "Polygon", "coordinates": [ [ [ -47.698655124649946, -14.077858143550666 ], [ -47.696229673382824, -14.077858143550666 ], [ -47.696229673382824, -14.078127638135902 ], [ -47.699194113820418, -14.078127638135902 ], [ -47.699194113820418, -14.07570218686878 ], [ -47.698655124649946, -14.07570218686878 ], [ -47.698655124649946, -14.077858143550666 ] ] ] } },
{ "type": "Feature", "properties": { "nome_area_": "PARQUE NACIONAL DA CHAPADA DOS VEADEIROS", "tipo_area_": "UC Federal - Proteção Integral", "esferaadmi": "Federal", "nomeunidad": "PARQUE NACIONAL DA CHAPADA DOS VEADEIROS", "grupo": "Proteção Integral - PI", "ano": "2025", "mes_ano": "7-2025", "nm_municip": "ALTO PARAISO DE GOIAS", "nome": "Alto Paraíso de Goiás", "meso_ibge": "Norte Goiano", "micro_ibge": "Chapada dos Veadeiros", "geocodigo": 5200605.0, "area_ha": 0.173548 }, "geometry": { "type": "Polygon", "coordinates": [ [ [ -47.673322633637774, -14.097531248272883 ], [ -47.673592128223007, -14.097531248272883 ], [ -47.673592128223007, -14.096992259102411 ], [ -47.673322633637774, -14.096992259102411 ], [ -47.673322633637774, -14.097531248272883 ] ] ] } },
{ "type": "Feature", "properties": { "nome_area_": "PARQUE NACIONAL DA CHAPADA DOS VEADEIROS", "tipo_area_": "UC Federal - Proteção Integral", "esferaadmi": "Federal", "nomeunidad": "PARQUE NACIONAL DA CHAPADA DOS VEADEIROS", "grupo": "Proteção Integral - PI", "ano": "2025", "mes_ano": "4-2025", "nm_municip": "ALTO PARAISO DE GOIAS", "nome": "Alto Paraíso de Goiás", "meso_ibge": "Norte Goiano", "micro_ibge": "Chapada dos Veadeiros", "geocodigo": 5200605.0, "area_ha": 3.384521 }, "geometry": { "type": "Polygon", "coordinates": [ [ [ -47.685180395388151, -14.073276735601656 ], [ -47.684910900802919, -14.073276735601656 ], [ -47.684910900802919, -14.073815724772128 ], [ -47.684371911632446, -14.073815724772128 ], [ -47.684371911632446, -14.075163197698307 ], [ -47.684641406217679, -14.075163197698307 ], [ -47.684641406217679, -14.075432692283544 ], [ -47.685180395388151, -14.075432692283544 ], [ -47.685180395388151, -14.07570218686878 ], [ -47.685449889973384, -14.07570218686878 ], [ -47.685449889973384, -14.075971681454014 ], [ -47.685719384558624, -14.075971681454014 ], [ -47.685719384558624, -14.076510670624486 ], [ -47.685988879143856, -14.076510670624486 ], [ -47.685988879143856, -14.075163197698307 ], [ -47.684910900802919, -14.075163197698307 ], [ -47.684910900802919, -14.074085219357364 ], [ -47.685719384558624, -14.074085219357364 ], [ -47.685719384558624, -14.072198757260713 ], [ -47.685180395388151, -14.072198757260713 ], [ -47.685180395388151, -14.073276735601656 ] ] ] } },
{ "type": "Feature", "properties": { "nome_area_": "PARQUE NACIONAL DA CHAPADA DOS VEADEIROS", "tipo_area_": "UC Federal - Proteção Integral", "esferaadmi": "Federal", "nomeunidad": "PARQUE NACIONAL DA CHAPADA DOS VEADEIROS", "grupo": "Proteção Integral - PI", "ano": "2025", "mes_ano": "4-2025", "nm_municip": "ALTO PARAISO DE GOIAS", "nome": "Alto Paraíso de Goiás", "meso_ibge": "Norte Goiano", "micro_ibge": "Chapada dos Veadeiros", "geocodigo": 5200605.0, "area_ha": 0.173565 }, "geometry": { "type": "Polygon", "coordinates": [ [ [ -47.695960178797584, -14.075432692283544 ], [ -47.696229673382824, -14.075432692283544 ], [ -47.696229673382824, -14.074893703113071 ], [ -47.695960178797584, -14.074893703113071 ], [ -47.695960178797584, -14.075432692283544 ] ] ] } },
{ "type": "Feature", "properties": { "nome_area_": "PARQUE NACIONAL DA CHAPADA DOS VEADEIROS", "tipo_area_": "UC Federal - Proteção Integral", "esferaadmi": "Federal", "nomeunidad": "PARQUE NACIONAL DA CHAPADA DOS VEADEIROS", "grupo": "Proteção Integral - PI", "ano": "2025", "mes_ano": "4-2025", "nm_municip": "ALTO PARAISO DE GOIAS", "nome": "Alto Paraíso de Goiás", "meso_ibge": "Norte Goiano", "micro_ibge": "Chapada dos Veadeiros", "geocodigo": 5200605.0, "area_ha": 0.086783 }, "geometry": { "type": "Polygon", "coordinates": [ [ [ -47.701889059672773, -14.073308439016103 ], [ -47.701889059672773, -14.073546230186892 ], [ -47.702035228098566, -14.073546230186892 ], [ -47.701889059672773, -14.073308439016103 ] ] ] } },
{ "type": "Feature", "properties": { "nome_area_": "PARQUE NACIONAL DA CHAPADA DOS VEADEIROS", "tipo_area_": "UC Federal - Proteção Integral", "esferaadmi": "Federal", "nomeunidad": "PARQUE NACIONAL DA CHAPADA DOS VEADEIROS", "grupo": "Proteção Integral - PI", "ano": "2025", "mes_ano": "7-2025", "nm_municip": "ALTO PARAISO DE GOIAS", "nome": "Alto Paraíso de Goiás", "meso_ibge": "Norte Goiano", "micro_ibge": "Chapada dos Veadeiros", "geocodigo": 5200605.0, "area_ha": 0.607436 }, "geometry": { "type": "Polygon", "coordinates": [ [ [ -47.705122994695607, -14.091332872812458 ], [ -47.70539248928084, -14.091332872812458 ], [ -47.70539248928084, -14.091063378227222 ], [ -47.705661983866079, -14.091063378227222 ], [ -47.705661983866079, -14.090254894471515 ], [ -47.705122994695607, -14.090254894471515 ], [ -47.705122994695607, -14.091332872812458 ] ] ] } },
{ "type": "Feature", "properties": { "nome_area_": "PARQUE NACIONAL DA CHAPADA DOS VEADEIROS", "tipo_area_": "UC Federal - Proteção Integral", "esferaadmi": "Federal", "nomeunidad": "PARQUE NACIONAL DA CHAPADA DOS VEADEIROS", "grupo": "Proteção Integral - PI", "ano": "2025", "mes_ano": "4-2025", "nm_municip": "ALTO PARAISO DE GOIAS", "nome": "Alto Paraíso de Goiás", "meso_ibge": "Norte Goiano", "micro_ibge": "Chapada dos Veadeiros", "geocodigo": 5200605.0, "area_ha": 0.694268 }, "geometry": { "type": "Polygon", "coordinates": [ [ [ -47.700970361150027, -14.071659768090241 ], [ -47.700811081331828, -14.071659768090241 ], [ -47.700811081331828, -14.071415535611081 ], [ -47.700612014728051, -14.07112077891977 ], [ -47.700541586746596, -14.07112077891977 ], [ -47.700541586746596, -14.072198757260713 ], [ -47.701236398509998, -14.072198757260713 ], [ -47.700970361150027, -14.071659768090241 ] ] ] } },
{ "type": "Feature", "properties": { "nome_area_": "PARQUE NACIONAL DA CHAPADA DOS VEADEIROS", "tipo_area_": "UC Federal - Proteção Integral", "esferaadmi": "Federal", "nomeunidad": "PARQUE NACIONAL DA CHAPADA DOS VEADEIROS", "grupo": "Proteção Integral - PI", "ano": "2025", "mes_ano": "4-2025", "nm_municip": "ALTO PARAISO DE GOIAS", "nome": "Alto Paraíso de Goiás", "meso_ibge": "Norte Goiano", "micro_ibge": "Chapada dos Veadeiros", "geocodigo": 5200605.0, "area_ha": 0.086784 }, "geometry": { "type": "Polygon", "coordinates": [ [ [ -47.685719384558624, -14.07112077891977 ], [ -47.685988879143856, -14.07112077891977 ], [ -47.685988879143856, -14.070851284334534 ], [ -47.685719384558624, -14.070851284334534 ], [ -47.685719384558624, -14.07112077891977 ] ] ] } },
{ "type": "Feature", "properties": { "nome_area_": "PARQUE NACIONAL DA CHAPADA DOS VEADEIROS", "tipo_area_": "UC Federal - Proteção Integral", "esferaadmi": "Federal", "nomeunidad": "PARQUE NACIONAL DA CHAPADA DOS VEADEIROS", "grupo": "Proteção Integral - PI", "ano": "2025", "mes_ano": "4-2025", "nm_municip": "ALTO PARAISO DE GOIAS", "nome": "Alto Paraíso de Goiás", "meso_ibge": "Norte Goiano", "micro_ibge": "Chapada dos Veadeiros", "geocodigo": 5200605.0, "area_ha": 0.083509 }, "geometry": { "type": "Polygon", "coordinates": [ [ [ -47.700479087801732, -14.070870040851409 ], [ -47.700272092161356, -14.070851284334534 ], [ -47.700272092161356, -14.07112077891977 ], [ -47.700541586746596, -14.07112077891977 ], [ -47.700479087801732, -14.070870040851409 ] ] ] } },
{ "type": "Feature", "properties": { "nome_area_": "PARQUE NACIONAL DA CHAPADA DOS VEADEIROS", "tipo_area_": "UC Federal - Proteção Integral", "esferaadmi": "Federal", "nomeunidad": "PARQUE NACIONAL DA CHAPADA DOS VEADEIROS", "grupo": "Proteção Integral - PI", "ano": "2025", "mes_ano": "4-2025", "nm_municip": "ALTO PARAISO DE GOIAS", "nome": "Alto Paraíso de Goiás", "meso_ibge": "Norte Goiano", "micro_ibge": "Chapada dos Veadeiros", "geocodigo": 5200605.0, "area_ha": 8.504384 }, "geometry": { "type": "Polygon", "coordinates": [ [ [ -47.695960178797584, -14.083248035255384 ], [ -47.696768662553296, -14.083248035255384 ], [ -47.696768662553296, -14.084595508181563 ], [ -47.695690684212352, -14.084595508181563 ], [ -47.695690684212352, -14.084865002766797 ], [ -47.696229673382824, -14.084865002766797 ], [ -47.696229673382824, -14.085134497352033 ], [ -47.697307651723762, -14.085134497352033 ], [ -47.697307651723762, -14.084865002766797 ], [ -47.697846640894234, -14.084865002766797 ], [ -47.697846640894234, -14.081900562329203 ], [ -47.699194113820418, -14.081900562329203 ], [ -47.699194113820418, -14.081631067743968 ], [ -47.698924619235179, -14.081631067743968 ], [ -47.698924619235179, -14.081361573158732 ], [ -47.698116135479474, -14.081361573158732 ], [ -47.698116135479474, -14.081092078573496 ], [ -47.695960178797584, -14.081092078573496 ], [ -47.695960178797584, -14.083248035255384 ] ] ] } },
{ "type": "Feature", "properties": { "nome_area_": "PARQUE NACIONAL DA CHAPADA DOS VEADEIROS", "tipo_area_": "UC Federal - Proteção Integral", "esferaadmi": "Federal", "nomeunidad": "PARQUE NACIONAL DA CHAPADA DOS VEADEIROS", "grupo": "Proteção Integral - PI", "ano": "2025", "mes_ano": "4-2025", "nm_municip": "ALTO PARAISO DE GOIAS", "nome": "Alto Paraíso de Goiás", "meso_ibge": "Norte Goiano", "micro_ibge": "Chapada dos Veadeiros", "geocodigo": 5200605.0, "area_ha": 0.694232 }, "geometry": { "type": "Polygon", "coordinates": [ [ [ -47.705661983866079, -14.084595508181563 ], [ -47.707009456792257, -14.084595508181563 ], [ -47.707009456792257, -14.084326013596327 ], [ -47.706200973036545, -14.084326013596327 ], [ -47.706200973036545, -14.08405651901109 ], [ -47.705931478451312, -14.08405651901109 ], [ -47.705931478451312, -14.083787024425854 ], [ -47.705661983866079, -14.083787024425854 ], [ -47.705661983866079, -14.084595508181563 ] ] ] } },
{ "type": "Feature", "properties": { "nome_area_": "PARQUE NACIONAL DA CHAPADA DOS VEADEIROS", "tipo_area_": "UC Federal - Proteção Integral", "esferaadmi": "Federal", "nomeunidad": "PARQUE NACIONAL DA CHAPADA DOS VEADEIROS", "grupo": "Proteção Integral - PI", "ano": "2025", "mes_ano": "4-2025", "nm_municip": "ALTO PARAISO DE GOIAS", "nome": "Alto Paraíso de Goiás", "meso_ibge": "Norte Goiano", "micro_ibge": "Chapada dos Veadeiros", "geocodigo": 5200605.0, "area_ha": 0.260337 }, "geometry": { "type": "Polygon", "coordinates": [ [ [ -47.694612705871407, -14.08405651901109 ], [ -47.69488220045664, -14.08405651901109 ], [ -47.69488220045664, -14.084326013596327 ], [ -47.695151695041879, -14.084326013596327 ], [ -47.695151695041879, -14.083787024425854 ], [ -47.694612705871407, -14.083787024425854 ], [ -47.694612705871407, -14.08405651901109 ] ] ] } },
{ "type": "Feature", "properties": { "nome_area_": "PARQUE NACIONAL DA CHAPADA DOS VEADEIROS", "tipo_area_": "UC Federal - Proteção Integral", "esferaadmi": "Federal", "nomeunidad": "PARQUE NACIONAL DA CHAPADA DOS VEADEIROS", "grupo": "Proteção Integral - PI", "ano": "2025", "mes_ano": "4-2025", "nm_municip": "ALTO PARAISO DE GOIAS", "nome": "Alto Paraíso de Goiás", "meso_ibge": "Norte Goiano", "micro_ibge": "Chapada dos Veadeiros", "geocodigo": 5200605.0, "area_ha": 1.475251 }, "geometry": { "type": "Polygon", "coordinates": [ [ [ -47.693804222115702, -14.082170056914439 ], [ -47.693534727530462, -14.082170056914439 ], [ -47.693534727530462, -14.083517529840618 ], [ -47.694343211286167, -14.083517529840618 ], [ -47.694343211286167, -14.081900562329203 ], [ -47.693804222115702, -14.081900562329203 ], [ -47.693804222115702, -14.082170056914439 ] ] ] } },
{ "type": "Feature", "properties": { "nome_area_": "PARQUE NACIONAL DA CHAPADA DOS VEADEIROS", "tipo_area_": "UC Federal - Proteção Integral", "esferaadmi": "Federal", "nomeunidad": "PARQUE NACIONAL DA CHAPADA DOS VEADEIROS", "grupo": "Proteção Integral - PI", "ano": "2025", "mes_ano": "4-2025", "nm_municip": "ALTO PARAISO DE GOIAS", "nome": "Alto Paraíso de Goiás", "meso_ibge": "Norte Goiano", "micro_ibge": "Chapada dos Veadeiros", "geocodigo": 5200605.0, "area_ha": 4.578219 }, "geometry": { "type": "Polygon", "coordinates": [ [ [ -47.70539248928084, -14.079475111062081 ], [ -47.703775521769423, -14.079475111062081 ], [ -47.703775521769423, -14.081631067743968 ], [ -47.70539248928084, -14.081631067743968 ], [ -47.70539248928084, -14.080014100232553 ], [ -47.705661983866079, -14.080014100232553 ], [ -47.705661983866079, -14.078913690263393 ], [ -47.70551877727447, -14.078666627306374 ], [ -47.70539248928084, -14.078666627306374 ], [ -47.70539248928084, -14.079475111062081 ] ] ] } },
{ "type": "Feature", "properties": { "nome_area_": "PARQUE NACIONAL DA CHAPADA DOS VEADEIROS", "tipo_area_": "UC Federal - Proteção Integral", "esferaadmi": "Federal", "nomeunidad": "PARQUE NACIONAL DA CHAPADA DOS VEADEIROS", "grupo": "Proteção Integral - PI", "ano": "2025", "mes_ano": "4-2025", "nm_municip": "CAVALCANTE", "nome": "Cavalcante", "meso_ibge": "Norte Goiano", "micro_ibge": "Chapada dos Veadeiros", "geocodigo": 5205307.0, "area_ha": 0.021138 }, "geometry": { "type": "Polygon", "coordinates": [ [ [ -47.705661983866079, -14.078913690263393 ], [ -47.705575225934275, -14.078666627306374 ], [ -47.70551877727447, -14.078666627306374 ], [ -47.705661983866079, -14.078913690263393 ] ] ] } },
{ "type": "Feature", "properties": { "nome_area_": "PARQUE NACIONAL DA CHAPADA DOS VEADEIROS", "tipo_area_": "UC Federal - Proteção Integral", "esferaadmi": "Federal", "nomeunidad": "PARQUE NACIONAL DA CHAPADA DOS VEADEIROS", "grupo": "Proteção Integral - PI", "ano": "2025", "mes_ano": "4-2025", "nm_municip": "ALTO PARAISO DE GOIAS", "nome": "Alto Paraíso de Goiás", "meso_ibge": "Norte Goiano", "micro_ibge": "Chapada dos Veadeiros", "geocodigo": 5200605.0, "area_ha": 3.114937 }, "geometry": { "type": "Polygon", "coordinates": [ [ [ -47.702967038013718, -14.07570218686878 ], [ -47.702697543428485, -14.07570218686878 ], [ -47.702697543428485, -14.078397132721138 ], [ -47.704853500110367, -14.078397132721138 ], [ -47.704853500110367, -14.077858143550666 ], [ -47.704584005525135, -14.077858143550666 ], [ -47.704584005525135, -14.077469304519855 ], [ -47.704481519816866, -14.077319154380195 ], [ -47.702967038013718, -14.077319154380195 ], [ -47.702967038013718, -14.07570218686878 ] ] ] } },
{ "type": "Feature", "properties": { "nome_area_": "PARQUE NACIONAL DA CHAPADA DOS VEADEIROS", "tipo_area_": "UC Federal - Proteção Integral", "esferaadmi": "Federal", "nomeunidad": "PARQUE NACIONAL DA CHAPADA DOS VEADEIROS", "grupo": "Proteção Integral - PI", "ano": "2025", "mes_ano": "4-2025", "nm_municip": "CAVALCANTE", "nome": "Cavalcante", "meso_ibge": "Norte Goiano", "micro_ibge": "Chapada dos Veadeiros", "geocodigo": 5205307.0, "area_ha": 0.009194 }, "geometry": { "type": "Polygon", "coordinates": [ [ [ -47.704481519816866, -14.077319154380195 ], [ -47.704584005525135, -14.077469304519855 ], [ -47.704584005525135, -14.077319154380195 ], [ -47.704481519816866, -14.077319154380195 ] ] ] } },
{ "type": "Feature", "properties": { "nome_area_": "PARQUE NACIONAL DA CHAPADA DOS VEADEIROS", "tipo_area_": "UC Federal - Proteção Integral", "esferaadmi": "Federal", "nomeunidad": "PARQUE NACIONAL DA CHAPADA DOS VEADEIROS", "grupo": "Proteção Integral - PI", "ano": "2025", "mes_ano": "4-2025", "nm_municip": "ALTO PARAISO DE GOIAS", "nome": "Alto Paraíso de Goiás", "meso_ibge": "Norte Goiano", "micro_ibge": "Chapada dos Veadeiros", "geocodigo": 5200605.0, "area_ha": 1.388259 }, "geometry": { "type": "Polygon", "coordinates": [ [ [ -47.781389962317348, -14.119090815091752 ], [ -47.782467940658293, -14.119090815091752 ], [ -47.782467940658293, -14.118012836750808 ], [ -47.781389962317348, -14.118012836750808 ], [ -47.781389962317348, -14.119090815091752 ] ] ] } },
{ "type": "Feature", "properties": { "nome_area_": "PARQUE NACIONAL DA CHAPADA DOS VEADEIROS", "tipo_area_": "UC Federal - Proteção Integral", "esferaadmi": "Federal", "nomeunidad": "PARQUE NACIONAL DA CHAPADA DOS VEADEIROS", "grupo": "Proteção Integral - PI", "ano": "2025", "mes_ano": "4-2025", "nm_municip": "ALTO PARAISO DE GOIAS", "nome": "Alto Paraíso de Goiás", "meso_ibge": "Norte Goiano", "micro_ibge": "Chapada dos Veadeiros", "geocodigo": 5200605.0, "area_ha": 2.602992 }, "geometry": { "type": "Polygon", "coordinates": [ [ [ -47.701889059672773, -14.118821320506516 ], [ -47.70323653259895, -14.118821320506516 ], [ -47.70323653259895, -14.117204352995101 ], [ -47.701889059672773, -14.117204352995101 ], [ -47.701889059672773, -14.118821320506516 ] ] ] } },
{ "type": "Feature", "properties": { "nome_area_": "PARQUE NACIONAL DA CHAPADA DOS VEADEIROS", "tipo_area_": "UC Federal - Proteção Integral", "esferaadmi": "Federal", "nomeunidad": "PARQUE NACIONAL DA CHAPADA DOS VEADEIROS", "grupo": "Proteção Integral - PI", "ano": "2025", "mes_ano": "4-2025", "nm_municip": "ALTO PARAISO DE GOIAS", "nome": "Alto Paraíso de Goiás", "meso_ibge": "Norte Goiano", "micro_ibge": "Chapada dos Veadeiros", "geocodigo": 5200605.0, "area_ha": 1.388273 }, "geometry": { "type": "Polygon", "coordinates": [ [ [ -47.772496641004565, -14.116665363824628 ], [ -47.77357461934551, -14.116665363824628 ], [ -47.77357461934551, -14.115587385483686 ], [ -47.772496641004565, -14.115587385483686 ], [ -47.772496641004565, -14.116665363824628 ] ] ] } },
{ "type": "Feature", "properties": { "nome_area_": "PARQUE NACIONAL DA CHAPADA DOS VEADEIROS", "tipo_area_": "UC Federal - Proteção Integral", "esferaadmi": "Federal", "nomeunidad": "PARQUE NACIONAL DA CHAPADA DOS VEADEIROS", "grupo": "Proteção Integral - PI", "ano": "2025", "mes_ano": "4-2025", "nm_municip": "ALTO PARAISO DE GOIAS", "nome": "Alto Paraíso de Goiás", "meso_ibge": "Norte Goiano", "micro_ibge": "Chapada dos Veadeiros", "geocodigo": 5200605.0, "area_ha": 3.90453 }, "geometry": { "type": "Polygon", "coordinates": [ [ [ -47.699194113820418, -14.115856880068922 ], [ -47.699463608405651, -14.115856880068922 ], [ -47.699463608405651, -14.116395869239394 ], [ -47.699733102990891, -14.116395869239394 ], [ -47.699733102990891, -14.116665363824628 ], [ -47.700811081331828, -14.116665363824628 ], [ -47.700811081331828, -14.115048396313213 ], [ -47.700541586746596, -14.115048396313213 ], [ -47.700541586746596, -14.114778901727979 ], [ -47.700272092161356, -14.114778901727979 ], [ -47.700272092161356, -14.114239912557506 ], [ -47.699194113820418, -14.114239912557506 ], [ -47.699194113820418, -14.115856880068922 ] ] ] } },
{ "type": "Feature", "properties": { "nome_area_": "PARQUE NACIONAL DA CHAPADA DOS VEADEIROS", "tipo_area_": "UC Federal - Proteção Integral", "esferaadmi": "Federal", "nomeunidad": "PARQUE NACIONAL DA CHAPADA DOS VEADEIROS", "grupo": "Proteção Integral - PI", "ano": "2025", "mes_ano": "4-2025", "nm_municip": "ALTO PARAISO DE GOIAS", "nome": "Alto Paraíso de Goiás", "meso_ibge": "Norte Goiano", "micro_ibge": "Chapada dos Veadeiros", "geocodigo": 5200605.0, "area_ha": 32.711855 }, "geometry": { "type": "Polygon", "coordinates": [ [ [ -47.431316496095974, -14.111005977534676 ], [ -47.430777506925502, -14.111005977534676 ], [ -47.430777506925502, -14.112353450460855 ], [ -47.433472452777863, -14.112353450460855 ], [ -47.433472452777863, -14.112622945046091 ], [ -47.434011441948336, -14.112622945046091 ], [ -47.434011441948336, -14.113161934216564 ], [ -47.434280936533568, -14.113161934216564 ], [ -47.434280936533568, -14.1134314288018 ], [ -47.435358914874513, -14.1134314288018 ], [ -47.435358914874513, -14.113700923387034 ], [ -47.435628409459746, -14.113700923387034 ], [ -47.435628409459746, -14.11397041797227 ], [ -47.435897904044985, -14.11397041797227 ], [ -47.435897904044985, -14.114239912557506 ], [ -47.43697588238593, -14.114239912557506 ], [ -47.43697588238593, -14.11397041797227 ], [ -47.439131839067812, -14.11397041797227 ], [ -47.439131839067812, -14.114509407142743 ], [ -47.440209817408757, -14.114509407142743 ], [ -47.440209817408757, -14.1134314288018 ], [ -47.438323355312107, -14.1134314288018 ], [ -47.438323355312107, -14.112083955875619 ], [ -47.437514871556402, -14.112083955875619 ], [ -47.437514871556402, -14.111814461290384 ], [ -47.43697588238593, -14.111814461290384 ], [ -47.43697588238593, -14.11073648294944 ], [ -47.43670638780069, -14.11073648294944 ], [ -47.43670638780069, -14.110466988364205 ], [ -47.436436893215458, -14.110466988364205 ], [ -47.436436893215458, -14.110197493778969 ], [ -47.435897904044985, -14.110197493778969 ], [ -47.435897904044985, -14.109927999193733 ], [ -47.434550431118808, -14.109927999193733 ], [ -47.434550431118808, -14.109658504608497 ], [ -47.434011441948336, -14.109658504608497 ], [ -47.434011441948336, -14.109389010023261 ], [ -47.433472452777863, -14.109389010023261 ], [ -47.433472452777863, -14.10885002085279 ], [ -47.433202958192624, -14.10885002085279 ], [ -47.433202958192624, -14.107772042511845 ], [ -47.431316496095974, -14.107772042511845 ], [ -47.431316496095974, -14.111005977534676 ] ] ] } },
{ "type": "Feature", "properties": { "nome_area_": "PARQUE NACIONAL DA CHAPADA DOS VEADEIROS", "tipo_area_": "UC Federal - Proteção Integral", "esferaadmi": "Federal", "nomeunidad": "PARQUE NACIONAL DA CHAPADA DOS VEADEIROS", "grupo": "Proteção Integral - PI", "ano": "2025", "mes_ano": "4-2025", "nm_municip": "ALTO PARAISO DE GOIAS", "nome": "Alto Paraíso de Goiás", "meso_ibge": "Norte Goiano", "micro_ibge": "Chapada dos Veadeiros", "geocodigo": 5200605.0, "area_ha": 5.639597 }, "geometry": { "type": "Polygon", "coordinates": [ [ [ -47.784354402754943, -14.127714641819299 ], [ -47.785162886510655, -14.127714641819299 ], [ -47.785162886510655, -14.127984136404535 ], [ -47.786510359436832, -14.127984136404535 ], [ -47.786510359436832, -14.127714641819299 ], [ -47.787318843192537, -14.127714641819299 ], [ -47.787318843192537, -14.126636663478356 ], [ -47.786779854022072, -14.126636663478356 ], [ -47.786779854022072, -14.12636716889312 ], [ -47.786240864851599, -14.12636716889312 ], [ -47.786240864851599, -14.126097674307884 ], [ -47.784354402754943, -14.126097674307884 ], [ -47.784354402754943, -14.127714641819299 ] ] ] } },
{ "type": "Feature", "properties": { "nome_area_": "PARQUE NACIONAL DA CHAPADA DOS VEADEIROS", "tipo_area_": "UC Federal - Proteção Integral", "esferaadmi": "Federal", "nomeunidad": "PARQUE NACIONAL DA CHAPADA DOS VEADEIROS", "grupo": "Proteção Integral - PI", "ano": "2025", "mes_ano": "4-2025", "nm_municip": "ALTO PARAISO DE GOIAS", "nome": "Alto Paraíso de Goiás", "meso_ibge": "Norte Goiano", "micro_ibge": "Chapada dos Veadeiros", "geocodigo": 5200605.0, "area_ha": 0.520579 }, "geometry": { "type": "Polygon", "coordinates": [ [ [ -47.442635268675879, -14.127175652648827 ], [ -47.443443752431591, -14.127175652648827 ], [ -47.443443752431591, -14.126636663478356 ], [ -47.442635268675879, -14.126636663478356 ], [ -47.442635268675879, -14.127175652648827 ] ] ] } },
{ "type": "Feature", "properties": { "nome_area_": "PARQUE NACIONAL DA CHAPADA DOS VEADEIROS", "tipo_area_": "UC Federal - Proteção Integral", "esferaadmi": "Federal", "nomeunidad": "PARQUE NACIONAL DA CHAPADA DOS VEADEIROS", "grupo": "Proteção Integral - PI", "ano": "2025", "mes_ano": "4-2025", "nm_municip": "ALTO PARAISO DE GOIAS", "nome": "Alto Paraíso de Goiás", "meso_ibge": "Norte Goiano", "micro_ibge": "Chapada dos Veadeiros", "geocodigo": 5200605.0, "area_ha": 1.388215 }, "geometry": { "type": "Polygon", "coordinates": [ [ [ -47.311660900251255, -14.126636663478356 ], [ -47.31246938400696, -14.126636663478356 ], [ -47.31246938400696, -14.125558685137413 ], [ -47.312738878592199, -14.125558685137413 ], [ -47.312738878592199, -14.125289190552177 ], [ -47.311660900251255, -14.125289190552177 ], [ -47.311660900251255, -14.126636663478356 ] ] ] } },
{ "type": "Feature", "properties": { "nome_area_": "PARQUE NACIONAL DA CHAPADA DOS VEADEIROS", "tipo_area_": "UC Federal - Proteção Integral", "esferaadmi": "Federal", "nomeunidad": "PARQUE NACIONAL DA CHAPADA DOS VEADEIROS", "grupo": "Proteção Integral - PI", "ano": "2025", "mes_ano": "4-2025", "nm_municip": "ALTO PARAISO DE GOIAS", "nome": "Alto Paraíso de Goiás", "meso_ibge": "Norte Goiano", "micro_ibge": "Chapada dos Veadeiros", "geocodigo": 5200605.0, "area_ha": 2.255854 }, "geometry": { "type": "Polygon", "coordinates": [ [ [ -47.443982741602056, -14.125828179722648 ], [ -47.443443752431591, -14.125828179722648 ], [ -47.443443752431591, -14.126636663478356 ], [ -47.444521730772529, -14.126636663478356 ], [ -47.444521730772529, -14.123941717625998 ], [ -47.443982741602056, -14.123941717625998 ], [ -47.443982741602056, -14.125828179722648 ] ] ] } },
{ "type": "Feature", "properties": { "nome_area_": "PARQUE NACIONAL DA CHAPADA DOS VEADEIROS", "tipo_area_": "UC Federal - Proteção Integral", "esferaadmi": "Federal", "nomeunidad": "PARQUE NACIONAL DA CHAPADA DOS VEADEIROS", "grupo": "Proteção Integral - PI", "ano": "2025", "mes_ano": "4-2025", "nm_municip": "ALTO PARAISO DE GOIAS", "nome": "Alto Paraíso de Goiás", "meso_ibge": "Norte Goiano", "micro_ibge": "Chapada dos Veadeiros", "geocodigo": 5200605.0, "area_ha": 3.644116 }, "geometry": { "type": "Polygon", "coordinates": [ [ [ -47.321901694490215, -14.122055255529347 ], [ -47.322440683660687, -14.122055255529347 ], [ -47.322440683660687, -14.123402728455526 ], [ -47.323788156586865, -14.123402728455526 ], [ -47.323788156586865, -14.124480706796469 ], [ -47.324057651172104, -14.124480706796469 ], [ -47.324057651172104, -14.123941717625998 ], [ -47.324327145757337, -14.123941717625998 ], [ -47.324327145757337, -14.122863739285053 ], [ -47.323249167416392, -14.122863739285053 ], [ -47.323249167416392, -14.12178576094411 ], [ -47.32297967283116, -14.12178576094411 ], [ -47.32297967283116, -14.121246771773638 ], [ -47.321901694490215, -14.121246771773638 ], [ -47.321901694490215, -14.122055255529347 ] ] ] } },
{ "type": "Feature", "properties": { "nome_area_": "PARQUE NACIONAL DA CHAPADA DOS VEADEIROS", "tipo_area_": "UC Federal - Proteção Integral", "esferaadmi": "Federal", "nomeunidad": "PARQUE NACIONAL DA CHAPADA DOS VEADEIROS", "grupo": "Proteção Integral - PI", "ano": "2025", "mes_ano": "4-2025", "nm_municip": "ALTO PARAISO DE GOIAS", "nome": "Alto Paraíso de Goiás", "meso_ibge": "Norte Goiano", "micro_ibge": "Chapada dos Veadeiros", "geocodigo": 5200605.0, "area_ha": 0.607353 }, "geometry": { "type": "Polygon", "coordinates": [ [ [ -47.314625340688849, -14.122594244699819 ], [ -47.314086351518377, -14.122594244699819 ], [ -47.314086351518377, -14.12313323387029 ], [ -47.314625340688849, -14.12313323387029 ], [ -47.314625340688849, -14.122863739285053 ], [ -47.314894835274082, -14.122863739285053 ], [ -47.314894835274082, -14.122055255529347 ], [ -47.314625340688849, -14.122055255529347 ], [ -47.314625340688849, -14.122594244699819 ] ] ] } },
{ "type": "Feature", "properties": { "nome_area_": "PARQUE NACIONAL DA CHAPADA DOS VEADEIROS", "tipo_area_": "UC Federal - Proteção Integral", "esferaadmi": "Federal", "nomeunidad": "PARQUE NACIONAL DA CHAPADA DOS VEADEIROS", "grupo": "Proteção Integral - PI", "ano": "2025", "mes_ano": "4-2025", "nm_municip": "ALTO PARAISO DE GOIAS", "nome": "Alto Paraíso de Goiás", "meso_ibge": "Norte Goiano", "micro_ibge": "Chapada dos Veadeiros", "geocodigo": 5200605.0, "area_ha": 2.429411 }, "geometry": { "type": "Polygon", "coordinates": [ [ [ -47.781389962317348, -14.12313323387029 ], [ -47.783276424414005, -14.12313323387029 ], [ -47.783276424414005, -14.122055255529347 ], [ -47.781389962317348, -14.122055255529347 ], [ -47.781389962317348, -14.12313323387029 ] ] ] } },
{ "type": "Feature", "properties": { "nome_area_": "PARQUE NACIONAL DA CHAPADA DOS VEADEIROS", "tipo_area_": "UC Federal - Proteção Integral", "esferaadmi": "Federal", "nomeunidad": "PARQUE NACIONAL DA CHAPADA DOS VEADEIROS", "grupo": "Proteção Integral - PI", "ano": "2025", "mes_ano": "4-2025", "nm_municip": "ALTO PARAISO DE GOIAS", "nome": "Alto Paraíso de Goiás", "meso_ibge": "Norte Goiano", "micro_ibge": "Chapada dos Veadeiros", "geocodigo": 5200605.0, "area_ha": 9.370621 }, "geometry": { "type": "Polygon", "coordinates": [ [ [ -47.432394474436919, -14.12178576094411 ], [ -47.433202958192624, -14.12178576094411 ], [ -47.433202958192624, -14.122863739285053 ], [ -47.434280936533568, -14.122863739285053 ], [ -47.434280936533568, -14.122324750114583 ], [ -47.434550431118808, -14.122324750114583 ], [ -47.434550431118808, -14.122055255529347 ], [ -47.435358914874513, -14.122055255529347 ], [ -47.435358914874513, -14.12178576094411 ], [ -47.435897904044985, -14.12178576094411 ], [ -47.435897904044985, -14.121516266358874 ], [ -47.436167398630218, -14.121516266358874 ], [ -47.436167398630218, -14.121246771773638 ], [ -47.436436893215458, -14.121246771773638 ], [ -47.436436893215458, -14.120168793432695 ], [ -47.432394474436919, -14.120168793432695 ], [ -47.432394474436919, -14.12178576094411 ] ] ] } },
{ "type": "Feature", "properties": { "nome_area_": "PARQUE NACIONAL DA CHAPADA DOS VEADEIROS", "tipo_area_": "UC Federal - Proteção Integral", "esferaadmi": "Federal", "nomeunidad": "PARQUE NACIONAL DA CHAPADA DOS VEADEIROS", "grupo": "Proteção Integral - PI", "ano": "2025", "mes_ano": "4-2025", "nm_municip": "ALTO PARAISO DE GOIAS", "nome": "Alto Paraíso de Goiás", "meso_ibge": "Norte Goiano", "micro_ibge": "Chapada dos Veadeiros", "geocodigo": 5200605.0, "area_ha": 2.082495 }, "geometry": { "type": "Polygon", "coordinates": [ [ [ -47.72829952902589, -14.106963558756139 ], [ -47.728569023611122, -14.106963558756139 ], [ -47.728569023611122, -14.107233053341375 ], [ -47.729647001952067, -14.107233053341375 ], [ -47.729647001952067, -14.105885580415196 ], [ -47.72829952902589, -14.105885580415196 ], [ -47.72829952902589, -14.106963558756139 ] ] ] } },
{ "type": "Feature", "properties": { "nome_area_": "PARQUE NACIONAL DA CHAPADA DOS VEADEIROS", "tipo_area_": "UC Federal - Proteção Integral", "esferaadmi": "Federal", "nomeunidad": "PARQUE NACIONAL DA CHAPADA DOS VEADEIROS", "grupo": "Proteção Integral - PI", "ano": "2025", "mes_ano": "4-2025", "nm_municip": "ALTO PARAISO DE GOIAS", "nome": "Alto Paraíso de Goiás", "meso_ibge": "Norte Goiano", "micro_ibge": "Chapada dos Veadeiros", "geocodigo": 5200605.0, "area_ha": 7.722665 }, "geometry": { "type": "Polygon", "coordinates": [ [ [ -47.721831658980228, -14.103729623733308 ], [ -47.721562164394989, -14.103729623733308 ], [ -47.721562164394989, -14.104807602074251 ], [ -47.722101153565461, -14.104807602074251 ], [ -47.722101153565461, -14.105077096659487 ], [ -47.723718121076878, -14.105077096659487 ], [ -47.723718121076878, -14.10426861290378 ], [ -47.725335088588295, -14.10426861290378 ], [ -47.725335088588295, -14.1029211399776 ], [ -47.721831658980228, -14.1029211399776 ], [ -47.721831658980228, -14.103729623733308 ] ] ] } },
{ "type": "Feature", "properties": { "nome_area_": "PARQUE NACIONAL DA CHAPADA DOS VEADEIROS", "tipo_area_": "UC Federal - Proteção Integral", "esferaadmi": "Federal", "nomeunidad": "PARQUE NACIONAL DA CHAPADA DOS VEADEIROS", "grupo": "Proteção Integral - PI", "ano": "2025", "mes_ano": "4-2025", "nm_municip": "ALTO PARAISO DE GOIAS", "nome": "Alto Paraíso de Goiás", "meso_ibge": "Norte Goiano", "micro_ibge": "Chapada dos Veadeiros", "geocodigo": 5200605.0, "area_ha": 2.082521 }, "geometry": { "type": "Polygon", "coordinates": [ [ [ -47.733419926145373, -14.10426861290378 ], [ -47.735036893656783, -14.10426861290378 ], [ -47.735036893656783, -14.103190634562836 ], [ -47.733419926145373, -14.103190634562836 ], [ -47.733419926145373, -14.10426861290378 ] ] ] } },
{ "type": "Feature", "properties": { "nome_area_": "PARQUE NACIONAL DA CHAPADA DOS VEADEIROS", "tipo_area_": "UC Federal - Proteção Integral", "esferaadmi": "Federal", "nomeunidad": "PARQUE NACIONAL DA CHAPADA DOS VEADEIROS", "grupo": "Proteção Integral - PI", "ano": "2025", "mes_ano": "4-2025", "nm_municip": "ALTO PARAISO DE GOIAS", "nome": "Alto Paraíso de Goiás", "meso_ibge": "Norte Goiano", "micro_ibge": "Chapada dos Veadeiros", "geocodigo": 5200605.0, "area_ha": 2.082548 }, "geometry": { "type": "Polygon", "coordinates": [ [ [ -47.704853500110367, -14.099687204954771 ], [ -47.705931478451312, -14.099687204954771 ], [ -47.705931478451312, -14.102382150807129 ], [ -47.706200973036545, -14.102382150807129 ], [ -47.706200973036545, -14.101843161636657 ], [ -47.706470467621784, -14.101843161636657 ], [ -47.706470467621784, -14.099417710369535 ], [ -47.704853500110367, -14.099417710369535 ], [ -47.704853500110367, -14.099687204954771 ] ] ] } },
{ "type": "Feature", "properties": { "nome_area_": "PARQUE NACIONAL DA CHAPADA DOS VEADEIROS", "tipo_area_": "UC Federal - Proteção Integral", "esferaadmi": "Federal", "nomeunidad": "PARQUE NACIONAL DA CHAPADA DOS VEADEIROS", "grupo": "Proteção Integral - PI", "ano": "2025", "mes_ano": "4-2025", "nm_municip": "ALTO PARAISO DE GOIAS", "nome": "Alto Paraíso de Goiás", "meso_ibge": "Norte Goiano", "micro_ibge": "Chapada dos Veadeiros", "geocodigo": 5200605.0, "area_ha": 0.260318 }, "geometry": { "type": "Polygon", "coordinates": [ [ [ -47.697577146309001, -14.101304172466186 ], [ -47.698385630064706, -14.101304172466186 ], [ -47.698385630064706, -14.10103467788095 ], [ -47.697577146309001, -14.10103467788095 ], [ -47.697577146309001, -14.101304172466186 ] ] ] } },
{ "type": "Feature", "properties": { "nome_area_": "PARQUE NACIONAL DA CHAPADA DOS VEADEIROS", "tipo_area_": "UC Federal - Proteção Integral", "esferaadmi": "Federal", "nomeunidad": "PARQUE NACIONAL DA CHAPADA DOS VEADEIROS", "grupo": "Proteção Integral - PI", "ano": "2025", "mes_ano": "4-2025", "nm_municip": "ALTO PARAISO DE GOIAS", "nome": "Alto Paraíso de Goiás", "meso_ibge": "Norte Goiano", "micro_ibge": "Chapada dos Veadeiros", "geocodigo": 5200605.0, "area_ha": 40.003233 }, "geometry": { "type": "Polygon", "coordinates": [ [ [ -47.713477326837918, -14.091602367397694 ], [ -47.713207832252678, -14.091602367397694 ], [ -47.713207832252678, -14.092141356568167 ], [ -47.710243391815084, -14.092141356568167 ], [ -47.710243391815084, -14.091871861982931 ], [ -47.707548445962729, -14.091871861982931 ], [ -47.707548445962729, -14.092410851153403 ], [ -47.707817940547962, -14.092410851153403 ], [ -47.707817940547962, -14.092949840323874 ], [ -47.708087435133201, -14.092949840323874 ], [ -47.708087435133201, -14.093488829494346 ], [ -47.709434908059379, -14.093488829494346 ], [ -47.709434908059379, -14.094027818664816 ], [ -47.710243391815084, -14.094027818664816 ], [ -47.710243391815084, -14.094297313250053 ], [ -47.710512886400323, -14.094297313250053 ], [ -47.710512886400323, -14.094566807835289 ], [ -47.711590864741268, -14.094566807835289 ], [ -47.711590864741268, -14.095105797005761 ], [ -47.712668843082206, -14.095105797005761 ], [ -47.712668843082206, -14.095375291590997 ], [ -47.712938337667445, -14.095375291590997 ], [ -47.712938337667445, -14.095644786176232 ], [ -47.713477326837918, -14.095644786176232 ], [ -47.713477326837918, -14.096992259102411 ], [ -47.713207832252678, -14.096992259102411 ], [ -47.713207832252678, -14.098070237443356 ], [ -47.711321370156028, -14.098070237443356 ], [ -47.711321370156028, -14.098609226613826 ], [ -47.710782380985556, -14.098609226613826 ], [ -47.710782380985556, -14.098878721199062 ], [ -47.712668843082206, -14.098878721199062 ], [ -47.712668843082206, -14.100495688710478 ], [ -47.712938337667445, -14.100495688710478 ], [ -47.712938337667445, -14.100765183295714 ], [ -47.713477326837918, -14.100765183295714 ], [ -47.713477326837918, -14.10103467788095 ], [ -47.714824799764095, -14.10103467788095 ], [ -47.714824799764095, -14.094566807835289 ], [ -47.715363788934567, -14.094566807835289 ], [ -47.715363788934567, -14.092949840323874 ], [ -47.716172272690272, -14.092949840323874 ], [ -47.716172272690272, -14.091871861982931 ], [ -47.715363788934567, -14.091871861982931 ], [ -47.715363788934567, -14.091063378227222 ], [ -47.713477326837918, -14.091063378227222 ], [ -47.713477326837918, -14.091602367397694 ] ] ] } },
{ "type": "Feature", "properties": { "nome_area_": "PARQUE NACIONAL DA CHAPADA DOS VEADEIROS", "tipo_area_": "UC Federal - Proteção Integral", "esferaadmi": "Federal", "nomeunidad": "PARQUE NACIONAL DA CHAPADA DOS VEADEIROS", "grupo": "Proteção Integral - PI", "ano": "2025", "mes_ano": "4-2025", "nm_municip": "ALTO PARAISO DE GOIAS", "nome": "Alto Paraíso de Goiás", "meso_ibge": "Norte Goiano", "micro_ibge": "Chapada dos Veadeiros", "geocodigo": 5200605.0, "area_ha": 0.954465 }, "geometry": { "type": "Polygon", "coordinates": [ [ [ -47.316242308200266, -14.109927999193733 ], [ -47.315164329859321, -14.109927999193733 ], [ -47.315164329859321, -14.109658504608497 ], [ -47.314894835274082, -14.109658504608497 ], [ -47.314894835274082, -14.110197493778969 ], [ -47.316511802785499, -14.110197493778969 ], [ -47.316511802785499, -14.10885002085279 ], [ -47.316242308200266, -14.10885002085279 ], [ -47.316242308200266, -14.109927999193733 ] ] ] } },
{ "type": "Feature", "properties": { "nome_area_": "PARQUE NACIONAL DA CHAPADA DOS VEADEIROS", "tipo_area_": "UC Federal - Proteção Integral", "esferaadmi": "Federal", "nomeunidad": "PARQUE NACIONAL DA CHAPADA DOS VEADEIROS", "grupo": "Proteção Integral - PI", "ano": "2025", "mes_ano": "4-2025", "nm_municip": "ALTO PARAISO DE GOIAS", "nome": "Alto Paraíso de Goiás", "meso_ibge": "Norte Goiano", "micro_ibge": "Chapada dos Veadeiros", "geocodigo": 5200605.0, "area_ha": 10.325643 }, "geometry": { "type": "Polygon", "coordinates": [ [ [ -47.731802958633956, -14.107772042511845 ], [ -47.730455485707779, -14.107772042511845 ], [ -47.730455485707779, -14.109119515438024 ], [ -47.731263969463484, -14.109119515438024 ], [ -47.731263969463484, -14.110197493778969 ], [ -47.732341947804429, -14.110197493778969 ], [ -47.732341947804429, -14.109389010023261 ], [ -47.733150431560134, -14.109389010023261 ], [ -47.733150431560134, -14.108311031682318 ], [ -47.733958915315839, -14.108311031682318 ], [ -47.733958915315839, -14.107233053341375 ], [ -47.732880936974894, -14.107233053341375 ], [ -47.732880936974894, -14.105346591244723 ], [ -47.731802958633956, -14.105346591244723 ], [ -47.731802958633956, -14.107772042511845 ] ] ] } },
{ "type": "Feature", "properties": { "nome_area_": "PARQUE NACIONAL DA CHAPADA DOS VEADEIROS", "tipo_area_": "UC Federal - Proteção Integral", "esferaadmi": "Federal", "nomeunidad": "PARQUE NACIONAL DA CHAPADA DOS VEADEIROS", "grupo": "Proteção Integral - PI", "ano": "2025", "mes_ano": "4-2025", "nm_municip": "ALTO PARAISO DE GOIAS", "nome": "Alto Paraíso de Goiás", "meso_ibge": "Norte Goiano", "micro_ibge": "Chapada dos Veadeiros", "geocodigo": 5200605.0, "area_ha": 15.965729 }, "geometry": { "type": "Polygon", "coordinates": [ [ [ -47.418650250589891, -14.107233053341375 ], [ -47.418111261419419, -14.107233053341375 ], [ -47.418111261419419, -14.108580526267554 ], [ -47.418919745175124, -14.108580526267554 ], [ -47.418919745175124, -14.109119515438024 ], [ -47.419189239760364, -14.109119515438024 ], [ -47.419189239760364, -14.109389010023261 ], [ -47.423770647709368, -14.109389010023261 ], [ -47.423770647709368, -14.107772042511845 ], [ -47.420806207271774, -14.107772042511845 ], [ -47.420806207271774, -14.10561608582996 ], [ -47.418650250589891, -14.10561608582996 ], [ -47.418650250589891, -14.107233053341375 ] ] ] } },
{ "type": "Feature", "properties": { "nome_area_": "PARQUE NACIONAL DA CHAPADA DOS VEADEIROS", "tipo_area_": "UC Federal - Proteção Integral", "esferaadmi": "Federal", "nomeunidad": "PARQUE NACIONAL DA CHAPADA DOS VEADEIROS", "grupo": "Proteção Integral - PI", "ano": "2025", "mes_ano": "4-2025", "nm_municip": "ALTO PARAISO DE GOIAS", "nome": "Alto Paraíso de Goiás", "meso_ibge": "Norte Goiano", "micro_ibge": "Chapada dos Veadeiros", "geocodigo": 5200605.0, "area_ha": 0.08677 }, "geometry": { "type": "Polygon", "coordinates": [ [ [ -47.315972813615026, -14.10885002085279 ], [ -47.316242308200266, -14.10885002085279 ], [ -47.316242308200266, -14.108580526267554 ], [ -47.315972813615026, -14.108580526267554 ], [ -47.315972813615026, -14.10885002085279 ] ] ] } },
{ "type": "Feature", "properties": { "nome_area_": "PARQUE NACIONAL DA CHAPADA DOS VEADEIROS", "tipo_area_": "UC Federal - Proteção Integral", "esferaadmi": "Federal", "nomeunidad": "PARQUE NACIONAL DA CHAPADA DOS VEADEIROS", "grupo": "Proteção Integral - PI", "ano": "2025", "mes_ano": "4-2025", "nm_municip": "ALTO PARAISO DE GOIAS", "nome": "Alto Paraíso de Goiás", "meso_ibge": "Norte Goiano", "micro_ibge": "Chapada dos Veadeiros", "geocodigo": 5200605.0, "area_ha": 263.965455 }, "geometry": { "type": "Polygon", "coordinates": [ [ [ -47.416224799322769, -14.100765183295714 ], [ -47.416224799322769, -14.10103467788095 ], [ -47.416763788493242, -14.10103467788095 ], [ -47.416763788493242, -14.101573667051422 ], [ -47.417302777663707, -14.101573667051422 ], [ -47.417302777663707, -14.102112656221893 ], [ -47.417572272248947, -14.102112656221893 ], [ -47.417572272248947, -14.102382150807129 ], [ -47.420536712686541, -14.102382150807129 ], [ -47.420536712686541, -14.102651645392365 ], [ -47.421884185612718, -14.102651645392365 ], [ -47.421884185612718, -14.103729623733308 ], [ -47.422153680197958, -14.103729623733308 ], [ -47.422153680197958, -14.102651645392365 ], [ -47.422423174783191, -14.102651645392365 ], [ -47.422423174783191, -14.100495688710478 ], [ -47.421614691027486, -14.100495688710478 ], [ -47.421614691027486, -14.099956699540005 ], [ -47.421345196442246, -14.099956699540005 ], [ -47.421345196442246, -14.099417710369535 ], [ -47.420536712686541, -14.099417710369535 ], [ -47.420536712686541, -14.098339732028592 ], [ -47.418919745175124, -14.098339732028592 ], [ -47.418919745175124, -14.098070237443356 ], [ -47.418650250589891, -14.098070237443356 ], [ -47.418650250589891, -14.09645326993194 ], [ -47.418380756004652, -14.09645326993194 ], [ -47.418380756004652, -14.096183775346704 ], [ -47.416224799322769, -14.096183775346704 ], [ -47.416224799322769, -14.095914280761468 ], [ -47.414877326396585, -14.095914280761468 ], [ -47.414877326396585, -14.095644786176232 ], [ -47.414338337226113, -14.095644786176232 ], [ -47.414338337226113, -14.094566807835289 ], [ -47.41406884264088, -14.094566807835289 ], [ -47.41406884264088, -14.091871861982931 ], [ -47.414338337226113, -14.091871861982931 ], [ -47.414338337226113, -14.090524389056752 ], [ -47.41406884264088, -14.090524389056752 ], [ -47.41406884264088, -14.090254894471515 ], [ -47.413529853470408, -14.090254894471515 ], [ -47.413529853470408, -14.0886379269601 ], [ -47.411912885958991, -14.0886379269601 ], [ -47.411912885958991, -14.089715905301043 ], [ -47.411373896788518, -14.089715905301043 ], [ -47.411373896788518, -14.089985399886279 ], [ -47.410834907618053, -14.089985399886279 ], [ -47.410834907618053, -14.090524389056752 ], [ -47.410026423862341, -14.090524389056752 ], [ -47.410026423862341, -14.090793883641988 ], [ -47.409756929277108, -14.090793883641988 ], [ -47.409756929277108, -14.091063378227222 ], [ -47.406522994254274, -14.091063378227222 ], [ -47.406522994254274, -14.091602367397694 ], [ -47.405984005083802, -14.091602367397694 ], [ -47.405984005083802, -14.092141356568167 ], [ -47.405714510498569, -14.092141356568167 ], [ -47.405714510498569, -14.092410851153403 ], [ -47.40544501591333, -14.092410851153403 ], [ -47.40544501591333, -14.092680345738637 ], [ -47.404636532157625, -14.092680345738637 ], [ -47.404636532157625, -14.09321933490911 ], [ -47.40382804840192, -14.09321933490911 ], [ -47.40382804840192, -14.094297313250053 ], [ -47.404367037572385, -14.094297313250053 ], [ -47.404367037572385, -14.096722764517176 ], [ -47.404097542987152, -14.096722764517176 ], [ -47.404097542987152, -14.097261753687647 ], [ -47.40382804840192, -14.097261753687647 ], [ -47.40382804840192, -14.098339732028592 ], [ -47.40167209172003, -14.098339732028592 ], [ -47.40167209172003, -14.099956699540005 ], [ -47.404367037572385, -14.099956699540005 ], [ -47.404367037572385, -14.101573667051422 ], [ -47.40382804840192, -14.101573667051422 ], [ -47.40382804840192, -14.102112656221893 ], [ -47.400863607964325, -14.102112656221893 ], [ -47.400863607964325, -14.099956699540005 ], [ -47.400324618793853, -14.099956699540005 ], [ -47.400324618793853, -14.098878721199062 ], [ -47.400055124208613, -14.098878721199062 ], [ -47.400055124208613, -14.097800742858119 ], [ -47.400324618793853, -14.097800742858119 ], [ -47.400324618793853, -14.097261753687647 ], [ -47.400863607964325, -14.097261753687647 ], [ -47.400863607964325, -14.09645326993194 ], [ -47.398707651282436, -14.09645326993194 ], [ -47.398707651282436, -14.096183775346704 ], [ -47.397629672941491, -14.096183775346704 ], [ -47.397629672941491, -14.096992259102411 ], [ -47.391970286651542, -14.096992259102411 ], [ -47.391970286651542, -14.096722764517176 ], [ -47.391700792066302, -14.096722764517176 ], [ -47.391700792066302, -14.09645326993194 ], [ -47.389544835384413, -14.09645326993194 ], [ -47.389544835384413, -14.097261753687647 ], [ -47.388466857043475, -14.097261753687647 ], [ -47.388466857043475, -14.09645326993194 ], [ -47.388197362458236, -14.09645326993194 ], [ -47.388197362458236, -14.097261753687647 ], [ -47.386849889532058, -14.097261753687647 ], [ -47.386849889532058, -14.098339732028592 ], [ -47.388466857043475, -14.098339732028592 ], [ -47.388466857043475, -14.100765183295714 ], [ -47.389005846213948, -14.100765183295714 ], [ -47.389005846213948, -14.101843161636657 ], [ -47.390353319140125, -14.101843161636657 ], [ -47.390353319140125, -14.103190634562836 ], [ -47.39116180289583, -14.103190634562836 ], [ -47.39116180289583, -14.103460129148072 ], [ -47.39143129748107, -14.103460129148072 ], [ -47.39143129748107, -14.103729623733308 ], [ -47.391970286651542, -14.103729623733308 ], [ -47.391970286651542, -14.107502547926611 ], [ -47.39116180289583, -14.107502547926611 ], [ -47.39116180289583, -14.108580526267554 ], [ -47.392239781236775, -14.108580526267554 ], [ -47.392239781236775, -14.108041537097082 ], [ -47.394665232503897, -14.108041537097082 ], [ -47.394665232503897, -14.105885580415196 ], [ -47.39331775957772, -14.105885580415196 ], [ -47.39331775957772, -14.103190634562836 ], [ -47.394665232503897, -14.103190634562836 ], [ -47.394665232503897, -14.102382150807129 ], [ -47.396821189185786, -14.102382150807129 ], [ -47.396821189185786, -14.10426861290378 ], [ -47.397899167526731, -14.10426861290378 ], [ -47.397899167526731, -14.103460129148072 ], [ -47.40167209172003, -14.103460129148072 ], [ -47.40167209172003, -14.10426861290378 ], [ -47.40355855381668, -14.10426861290378 ], [ -47.40355855381668, -14.103999118318544 ], [ -47.404636532157625, -14.103999118318544 ], [ -47.404636532157625, -14.1029211399776 ], [ -47.406253499669042, -14.1029211399776 ], [ -47.406253499669042, -14.102382150807129 ], [ -47.406522994254274, -14.102382150807129 ], [ -47.406522994254274, -14.10103467788095 ], [ -47.408139961765691, -14.10103467788095 ], [ -47.408139961765691, -14.100765183295714 ], [ -47.408678950936164, -14.100765183295714 ], [ -47.408678950936164, -14.097800742858119 ], [ -47.407331478009979, -14.097800742858119 ], [ -47.407331478009979, -14.095644786176232 ], [ -47.409487434691869, -14.095644786176232 ], [ -47.409487434691869, -14.097531248272883 ], [ -47.411104402203286, -14.097531248272883 ], [ -47.411104402203286, -14.098070237443356 ], [ -47.411373896788518, -14.098070237443356 ], [ -47.411373896788518, -14.098339732028592 ], [ -47.411643391373758, -14.098339732028592 ], [ -47.411643391373758, -14.098609226613826 ], [ -47.411912885958991, -14.098609226613826 ], [ -47.411912885958991, -14.100495688710478 ], [ -47.415685810152297, -14.100495688710478 ], [ -47.415685810152297, -14.100765183295714 ], [ -47.416224799322769, -14.100765183295714 ] ], [ [ -47.39143129748107, -14.102112656221893 ], [ -47.392509275822007, -14.102112656221893 ], [ -47.392509275822007, -14.103460129148072 ], [ -47.39143129748107, -14.103460129148072 ], [ -47.39143129748107, -14.102112656221893 ] ], [ [ -47.415685810152297, -14.099956699540005 ], [ -47.415146820981825, -14.099956699540005 ], [ -47.415146820981825, -14.098878721199062 ], [ -47.415685810152297, -14.098878721199062 ], [ -47.415685810152297, -14.098609226613826 ], [ -47.416224799322769, -14.098609226613826 ], [ -47.416224799322769, -14.098339732028592 ], [ -47.417302777663707, -14.098339732028592 ], [ -47.417302777663707, -14.099956699540005 ], [ -47.417033283078474, -14.099956699540005 ], [ -47.417033283078474, -14.100495688710478 ], [ -47.415685810152297, -14.100495688710478 ], [ -47.415685810152297, -14.099956699540005 ] ] ] } },
{ "type": "Feature", "properties": { "nome_area_": "PARQUE NACIONAL DA CHAPADA DOS VEADEIROS", "tipo_area_": "UC Federal - Proteção Integral", "esferaadmi": "Federal", "nomeunidad": "PARQUE NACIONAL DA CHAPADA DOS VEADEIROS", "grupo": "Proteção Integral - PI", "ano": "2025", "mes_ano": "4-2025", "nm_municip": "ALTO PARAISO DE GOIAS", "nome": "Alto Paraíso de Goiás", "meso_ibge": "Norte Goiano", "micro_ibge": "Chapada dos Veadeiros", "geocodigo": 5200605.0, "area_ha": 3.210517 }, "geometry": { "type": "Polygon", "coordinates": [ [ [ -47.429160539414084, -14.106963558756139 ], [ -47.429430033999324, -14.106963558756139 ], [ -47.429430033999324, -14.107233053341375 ], [ -47.430777506925502, -14.107233053341375 ], [ -47.430777506925502, -14.10615507500043 ], [ -47.430508012340269, -14.10615507500043 ], [ -47.430508012340269, -14.10561608582996 ], [ -47.430238517755029, -14.10561608582996 ], [ -47.430238517755029, -14.105346591244723 ], [ -47.429160539414084, -14.105346591244723 ], [ -47.429160539414084, -14.106963558756139 ] ] ] } },
{ "type": "Feature", "properties": { "nome_area_": "PARQUE NACIONAL DA CHAPADA DOS VEADEIROS", "tipo_area_": "UC Federal - Proteção Integral", "esferaadmi": "Federal", "nomeunidad": "PARQUE NACIONAL DA CHAPADA DOS VEADEIROS", "grupo": "Proteção Integral - PI", "ano": "2025", "mes_ano": "4-2025", "nm_municip": "ALTO PARAISO DE GOIAS", "nome": "Alto Paraíso de Goiás", "meso_ibge": "Norte Goiano", "micro_ibge": "Chapada dos Veadeiros", "geocodigo": 5200605.0, "area_ha": 0.433782 }, "geometry": { "type": "Polygon", "coordinates": [ [ [ -47.759830395498483, -14.144692800689159 ], [ -47.760638879254188, -14.144692800689159 ], [ -47.760638879254188, -14.144962295274395 ], [ -47.760908373839428, -14.144962295274395 ], [ -47.760908373839428, -14.144423306103922 ], [ -47.759830395498483, -14.144423306103922 ], [ -47.759830395498483, -14.144692800689159 ] ] ] } },
{ "type": "Feature", "properties": { "nome_area_": "PARQUE NACIONAL DA CHAPADA DOS VEADEIROS", "tipo_area_": "UC Federal - Proteção Integral", "esferaadmi": "Federal", "nomeunidad": "PARQUE NACIONAL DA CHAPADA DOS VEADEIROS", "grupo": "Proteção Integral - PI", "ano": "2025", "mes_ano": "4-2025", "nm_municip": "ALTO PARAISO DE GOIAS", "nome": "Alto Paraíso de Goiás", "meso_ibge": "Norte Goiano", "micro_ibge": "Chapada dos Veadeiros", "geocodigo": 5200605.0, "area_ha": 1.735134 }, "geometry": { "type": "Polygon", "coordinates": [ [ [ -47.801063067039571, -14.144692800689159 ], [ -47.802410539965749, -14.144692800689159 ], [ -47.802410539965749, -14.143614822348216 ], [ -47.801063067039571, -14.143614822348216 ], [ -47.801063067039571, -14.144692800689159 ] ] ] } },
{ "type": "Feature", "properties": { "nome_area_": "PARQUE NACIONAL DA CHAPADA DOS VEADEIROS", "tipo_area_": "UC Federal - Proteção Integral", "esferaadmi": "Federal", "nomeunidad": "PARQUE NACIONAL DA CHAPADA DOS VEADEIROS", "grupo": "Proteção Integral - PI", "ano": "2025", "mes_ano": "4-2025", "nm_municip": "ALTO PARAISO DE GOIAS", "nome": "Alto Paraíso de Goiás", "meso_ibge": "Norte Goiano", "micro_ibge": "Chapada dos Veadeiros", "geocodigo": 5200605.0, "area_ha": 0.173513 }, "geometry": { "type": "Polygon", "coordinates": [ [ [ -47.758752417157538, -14.144423306103922 ], [ -47.759291406328011, -14.144423306103922 ], [ -47.759291406328011, -14.144153811518686 ], [ -47.758752417157538, -14.144153811518686 ], [ -47.758752417157538, -14.144423306103922 ] ] ] } },
{ "type": "Feature", "properties": { "nome_area_": "PARQUE NACIONAL DA CHAPADA DOS VEADEIROS", "tipo_area_": "UC Federal - Proteção Integral", "esferaadmi": "Federal", "nomeunidad": "PARQUE NACIONAL DA CHAPADA DOS VEADEIROS", "grupo": "Proteção Integral - PI", "ano": "2025", "mes_ano": "4-2025", "nm_municip": "ALTO PARAISO DE GOIAS", "nome": "Alto Paraíso de Goiás", "meso_ibge": "Norte Goiano", "micro_ibge": "Chapada dos Veadeiros", "geocodigo": 5200605.0, "area_ha": 5.639249 }, "geometry": { "type": "Polygon", "coordinates": [ [ [ -47.425387615220785, -14.141728360251564 ], [ -47.42619609897649, -14.141728360251564 ], [ -47.42619609897649, -14.143614822348216 ], [ -47.427274077317435, -14.143614822348216 ], [ -47.427274077317435, -14.1419978548368 ], [ -47.426735088146962, -14.1419978548368 ], [ -47.426735088146962, -14.140111392740149 ], [ -47.42619609897649, -14.140111392740149 ], [ -47.42619609897649, -14.13930290898444 ], [ -47.425387615220785, -14.13930290898444 ], [ -47.425387615220785, -14.141728360251564 ] ] ] } },
{ "type": "Feature", "properties": { "nome_area_": "PARQUE NACIONAL DA CHAPADA DOS VEADEIROS", "tipo_area_": "UC Federal - Proteção Integral", "esferaadmi": "Federal", "nomeunidad": "PARQUE NACIONAL DA CHAPADA DOS VEADEIROS", "grupo": "Proteção Integral - PI", "ano": "2025", "mes_ano": "4-2025", "nm_municip": "ALTO PARAISO DE GOIAS", "nome": "Alto Paraíso de Goiás", "meso_ibge": "Norte Goiano", "micro_ibge": "Chapada dos Veadeiros", "geocodigo": 5200605.0, "area_ha": 7.981659 }, "geometry": { "type": "Polygon", "coordinates": [ [ [ -47.760099890083723, -14.142536844007271 ], [ -47.761986352180372, -14.142536844007271 ], [ -47.761986352180372, -14.143614822348216 ], [ -47.764142308862255, -14.143614822348216 ], [ -47.764142308862255, -14.141458865666328 ], [ -47.760099890083723, -14.141458865666328 ], [ -47.760099890083723, -14.142536844007271 ] ] ] } },
{ "type": "Feature", "properties": { "nome_area_": "PARQUE NACIONAL DA CHAPADA DOS VEADEIROS", "tipo_area_": "UC Federal - Proteção Integral", "esferaadmi": "Federal", "nomeunidad": "PARQUE NACIONAL DA CHAPADA DOS VEADEIROS", "grupo": "Proteção Integral - PI", "ano": "2025", "mes_ano": "4-2025", "nm_municip": "ALTO PARAISO DE GOIAS", "nome": "Alto Paraíso de Goiás", "meso_ibge": "Norte Goiano", "micro_ibge": "Chapada dos Veadeiros", "geocodigo": 5200605.0, "area_ha": 29.931844 }, "geometry": { "type": "Polygon", "coordinates": [ [ [ -47.751476063356172, -14.133913017279724 ], [ -47.751206568770939, -14.133913017279724 ], [ -47.751206568770939, -14.13418251186496 ], [ -47.7509370741857, -14.13418251186496 ], [ -47.7509370741857, -14.135799479376375 ], [ -47.750398085015227, -14.135799479376375 ], [ -47.750398085015227, -14.136338468546846 ], [ -47.749859095844755, -14.136338468546846 ], [ -47.749859095844755, -14.136607963132082 ], [ -47.749589601259522, -14.136607963132082 ], [ -47.749589601259522, -14.136877457717318 ], [ -47.748511622918578, -14.136877457717318 ], [ -47.748511622918578, -14.138494425228734 ], [ -47.74878111750381, -14.138494425228734 ], [ -47.74878111750381, -14.139033414399206 ], [ -47.74905061208905, -14.139033414399206 ], [ -47.74905061208905, -14.13930290898444 ], [ -47.749859095844755, -14.13930290898444 ], [ -47.749859095844755, -14.139572403569677 ], [ -47.750128590429995, -14.139572403569677 ], [ -47.750128590429995, -14.140111392740149 ], [ -47.750398085015227, -14.140111392740149 ], [ -47.750398085015227, -14.140650381910621 ], [ -47.750667579600467, -14.140650381910621 ], [ -47.750667579600467, -14.140919876495856 ], [ -47.751745557941405, -14.140919876495856 ], [ -47.751745557941405, -14.140650381910621 ], [ -47.754440503793766, -14.140650381910621 ], [ -47.754440503793766, -14.140380887325385 ], [ -47.755248987549471, -14.140380887325385 ], [ -47.755248987549471, -14.140111392740149 ], [ -47.755518482134711, -14.140111392740149 ], [ -47.755518482134711, -14.139841898154913 ], [ -47.755787976719944, -14.139841898154913 ], [ -47.755787976719944, -14.13876391981397 ], [ -47.754979492964239, -14.13876391981397 ], [ -47.754979492964239, -14.138494425228734 ], [ -47.752554041697117, -14.138494425228734 ], [ -47.752554041697117, -14.138224930643498 ], [ -47.752284547111877, -14.138224930643498 ], [ -47.752284547111877, -14.135799479376375 ], [ -47.752554041697117, -14.135799479376375 ], [ -47.752554041697117, -14.133104533524016 ], [ -47.751476063356172, -14.133104533524016 ], [ -47.751476063356172, -14.133913017279724 ] ] ] } },
{ "type": "Feature", "properties": { "nome_area_": "PARQUE NACIONAL DA CHAPADA DOS VEADEIROS", "tipo_area_": "UC Federal - Proteção Integral", "esferaadmi": "Federal", "nomeunidad": "PARQUE NACIONAL DA CHAPADA DOS VEADEIROS", "grupo": "Proteção Integral - PI", "ano": "2025", "mes_ano": "4-2025", "nm_municip": "ALTO PARAISO DE GOIAS", "nome": "Alto Paraíso de Goiás", "meso_ibge": "Norte Goiano", "micro_ibge": "Chapada dos Veadeiros", "geocodigo": 5200605.0, "area_ha": 1.301393 }, "geometry": { "type": "Polygon", "coordinates": [ [ [ -47.422692669368431, -14.137146952302555 ], [ -47.423501153124135, -14.137146952302555 ], [ -47.423501153124135, -14.135799479376375 ], [ -47.422692669368431, -14.135799479376375 ], [ -47.422692669368431, -14.137146952302555 ] ] ] } },
{ "type": "Feature", "properties": { "nome_area_": "PARQUE NACIONAL DA CHAPADA DOS VEADEIROS", "tipo_area_": "UC Federal - Proteção Integral", "esferaadmi": "Federal", "nomeunidad": "PARQUE NACIONAL DA CHAPADA DOS VEADEIROS", "grupo": "Proteção Integral - PI", "ano": "2025", "mes_ano": "4-2025", "nm_municip": "ALTO PARAISO DE GOIAS", "nome": "Alto Paraíso de Goiás", "meso_ibge": "Norte Goiano", "micro_ibge": "Chapada dos Veadeiros", "geocodigo": 5200605.0, "area_ha": 1.388155 }, "geometry": { "type": "Polygon", "coordinates": [ [ [ -47.79648165909056, -14.136607963132082 ], [ -47.797559637431505, -14.136607963132082 ], [ -47.797559637431505, -14.135529984791139 ], [ -47.79648165909056, -14.135529984791139 ], [ -47.79648165909056, -14.136607963132082 ] ] ] } },
{ "type": "Feature", "properties": { "nome_area_": "PARQUE NACIONAL DA CHAPADA DOS VEADEIROS", "tipo_area_": "UC Federal - Proteção Integral", "esferaadmi": "Federal", "nomeunidad": "PARQUE NACIONAL DA CHAPADA DOS VEADEIROS", "grupo": "Proteção Integral - PI", "ano": "2025", "mes_ano": "4-2025", "nm_municip": "ALTO PARAISO DE GOIAS", "nome": "Alto Paraíso de Goiás", "meso_ibge": "Norte Goiano", "micro_ibge": "Chapada dos Veadeiros", "geocodigo": 5200605.0, "area_ha": 35.222161 }, "geometry": { "type": "Polygon", "coordinates": [ [ [ -47.771418662663628, -14.14846572488246 ], [ -47.770879673493155, -14.14846572488246 ], [ -47.770879673493155, -14.148735219467696 ], [ -47.770340684322683, -14.148735219467696 ], [ -47.770340684322683, -14.149004714052932 ], [ -47.768454222226033, -14.149004714052932 ], [ -47.768454222226033, -14.150082692393875 ], [ -47.770879673493155, -14.150082692393875 ], [ -47.770879673493155, -14.150891176149583 ], [ -47.77168815724886, -14.150891176149583 ], [ -47.77168815724886, -14.151160670734818 ], [ -47.773035630175038, -14.151160670734818 ], [ -47.773035630175038, -14.151430165320054 ], [ -47.774383103101222, -14.151430165320054 ], [ -47.774383103101222, -14.151969154490526 ], [ -47.774922092271694, -14.151969154490526 ], [ -47.774922092271694, -14.152238649075763 ], [ -47.77546108144216, -14.152238649075763 ], [ -47.77546108144216, -14.152508143660999 ], [ -47.777078048953577, -14.152508143660999 ], [ -47.777078048953577, -14.152777638246235 ], [ -47.777347543538816, -14.152777638246235 ], [ -47.777347543538816, -14.153316627416705 ], [ -47.777617038124049, -14.153316627416705 ], [ -47.777617038124049, -14.153586122001942 ], [ -47.778156027294521, -14.153586122001942 ], [ -47.778156027294521, -14.153855616587178 ], [ -47.778425521879754, -14.153855616587178 ], [ -47.778425521879754, -14.154125111172414 ], [ -47.780311983976411, -14.154125111172414 ], [ -47.780311983976411, -14.154664100342885 ], [ -47.780581478561643, -14.154664100342885 ], [ -47.780581478561643, -14.154933594928121 ], [ -47.78219844607306, -14.154933594928121 ], [ -47.78219844607306, -14.153855616587178 ], [ -47.781389962317348, -14.153855616587178 ], [ -47.781389962317348, -14.153316627416705 ], [ -47.780311983976411, -14.153316627416705 ], [ -47.780311983976411, -14.15169965990529 ], [ -47.779234005635466, -14.15169965990529 ], [ -47.779234005635466, -14.151969154490526 ], [ -47.778425521879754, -14.151969154490526 ], [ -47.778425521879754, -14.151430165320054 ], [ -47.776808554368344, -14.151430165320054 ], [ -47.776808554368344, -14.150082692393875 ], [ -47.776539059783104, -14.150082692393875 ], [ -47.776539059783104, -14.149813197808641 ], [ -47.77546108144216, -14.149813197808641 ], [ -47.77546108144216, -14.149274208638168 ], [ -47.774922092271694, -14.149274208638168 ], [ -47.774922092271694, -14.149004714052932 ], [ -47.774652597686455, -14.149004714052932 ], [ -47.774652597686455, -14.148735219467696 ], [ -47.774383103101222, -14.148735219467696 ], [ -47.774383103101222, -14.14846572488246 ], [ -47.773035630175038, -14.14846572488246 ], [ -47.773035630175038, -14.148196230297224 ], [ -47.771418662663628, -14.148196230297224 ], [ -47.771418662663628, -14.14846572488246 ] ] ] } },
{ "type": "Feature", "properties": { "nome_area_": "PARQUE NACIONAL DA CHAPADA DOS VEADEIROS", "tipo_area_": "UC Federal - Proteção Integral", "esferaadmi": "Federal", "nomeunidad": "PARQUE NACIONAL DA CHAPADA DOS VEADEIROS", "grupo": "Proteção Integral - PI", "ano": "2025", "mes_ano": "4-2025", "nm_municip": "ALTO PARAISO DE GOIAS", "nome": "Alto Paraíso de Goiás", "meso_ibge": "Norte Goiano", "micro_ibge": "Chapada dos Veadeiros", "geocodigo": 5200605.0, "area_ha": 1.735098 }, "geometry": { "type": "Polygon", "coordinates": [ [ [ -47.815346280057071, -14.149543703223404 ], [ -47.816424258398015, -14.149543703223404 ], [ -47.816424258398015, -14.148196230297224 ], [ -47.815346280057071, -14.148196230297224 ], [ -47.815346280057071, -14.149543703223404 ] ] ] } },
{ "type": "Feature", "properties": { "nome_area_": "PARQUE NACIONAL DA CHAPADA DOS VEADEIROS", "tipo_area_": "UC Federal - Proteção Integral", "esferaadmi": "Federal", "nomeunidad": "PARQUE NACIONAL DA CHAPADA DOS VEADEIROS", "grupo": "Proteção Integral - PI", "ano": "2025", "mes_ano": "4-2025", "nm_municip": "ALTO PARAISO DE GOIAS", "nome": "Alto Paraíso de Goiás", "meso_ibge": "Norte Goiano", "micro_ibge": "Chapada dos Veadeiros", "geocodigo": 5200605.0, "area_ha": 25.593063 }, "geometry": { "type": "Polygon", "coordinates": [ [ [ -47.766028770958911, -14.141728360251564 ], [ -47.765759276373672, -14.141728360251564 ], [ -47.765759276373672, -14.14388431693345 ], [ -47.765489781788439, -14.14388431693345 ], [ -47.765489781788439, -14.144153811518686 ], [ -47.762255846765605, -14.144153811518686 ], [ -47.762255846765605, -14.144692800689159 ], [ -47.761986352180372, -14.144692800689159 ], [ -47.761986352180372, -14.144962295274395 ], [ -47.760908373839428, -14.144962295274395 ], [ -47.760908373839428, -14.145501284444865 ], [ -47.763872814277022, -14.145501284444865 ], [ -47.763872814277022, -14.145770779030101 ], [ -47.764411803447494, -14.145770779030101 ], [ -47.764411803447494, -14.146040273615338 ], [ -47.764681298032727, -14.146040273615338 ], [ -47.764681298032727, -14.149543703223404 ], [ -47.765759276373672, -14.149543703223404 ], [ -47.765759276373672, -14.149004714052932 ], [ -47.766028770958911, -14.149004714052932 ], [ -47.766028770958911, -14.147118251956281 ], [ -47.767645738470321, -14.147118251956281 ], [ -47.767645738470321, -14.146848757371044 ], [ -47.768723716811266, -14.146848757371044 ], [ -47.768723716811266, -14.145770779030101 ], [ -47.768454222226033, -14.145770779030101 ], [ -47.768454222226033, -14.144692800689159 ], [ -47.768184727640794, -14.144692800689159 ], [ -47.768184727640794, -14.14388431693345 ], [ -47.767915233055561, -14.14388431693345 ], [ -47.767915233055561, -14.143614822348216 ], [ -47.766837254714616, -14.143614822348216 ], [ -47.766837254714616, -14.143075833177743 ], [ -47.766298265544144, -14.143075833177743 ], [ -47.766298265544144, -14.140919876495856 ], [ -47.766028770958911, -14.140919876495856 ], [ -47.766028770958911, -14.141728360251564 ] ] ] } },
{ "type": "Feature", "properties": { "nome_area_": "PARQUE NACIONAL DA CHAPADA DOS VEADEIROS", "tipo_area_": "UC Federal - Proteção Integral", "esferaadmi": "Federal", "nomeunidad": "PARQUE NACIONAL DA CHAPADA DOS VEADEIROS", "grupo": "Proteção Integral - PI", "ano": "2025", "mes_ano": "4-2025", "nm_municip": "ALTO PARAISO DE GOIAS", "nome": "Alto Paraíso de Goiás", "meso_ibge": "Norte Goiano", "micro_ibge": "Chapada dos Veadeiros", "geocodigo": 5200605.0, "area_ha": 2.168882 }, "geometry": { "type": "Polygon", "coordinates": [ [ [ -47.425387615220785, -14.147387746541517 ], [ -47.423770647709368, -14.147387746541517 ], [ -47.423770647709368, -14.147657241126753 ], [ -47.42457913146508, -14.147657241126753 ], [ -47.42457913146508, -14.14846572488246 ], [ -47.425926604391258, -14.14846572488246 ], [ -47.425926604391258, -14.147118251956281 ], [ -47.425387615220785, -14.147118251956281 ], [ -47.425387615220785, -14.147387746541517 ] ] ] } },
{ "type": "Feature", "properties": { "nome_area_": "PARQUE NACIONAL DA CHAPADA DOS VEADEIROS", "tipo_area_": "UC Federal - Proteção Integral", "esferaadmi": "Federal", "nomeunidad": "PARQUE NACIONAL DA CHAPADA DOS VEADEIROS", "grupo": "Proteção Integral - PI", "ano": "2025", "mes_ano": "4-2025", "nm_municip": "ALTO PARAISO DE GOIAS", "nome": "Alto Paraíso de Goiás", "meso_ibge": "Norte Goiano", "micro_ibge": "Chapada dos Veadeiros", "geocodigo": 5200605.0, "area_ha": 1.995382 }, "geometry": { "type": "Polygon", "coordinates": [ [ [ -47.427274077317435, -14.146848757371044 ], [ -47.428621550243619, -14.146848757371044 ], [ -47.428621550243619, -14.147118251956281 ], [ -47.429160539414084, -14.147118251956281 ], [ -47.429160539414084, -14.146040273615338 ], [ -47.427274077317435, -14.146040273615338 ], [ -47.427274077317435, -14.146848757371044 ] ] ] } },
{ "type": "Feature", "properties": { "nome_area_": "PARQUE NACIONAL DA CHAPADA DOS VEADEIROS", "tipo_area_": "UC Federal - Proteção Integral", "esferaadmi": "Federal", "nomeunidad": "PARQUE NACIONAL DA CHAPADA DOS VEADEIROS", "grupo": "Proteção Integral - PI", "ano": "2025", "mes_ano": "4-2025", "nm_municip": "ALTO PARAISO DE GOIAS", "nome": "Alto Paraíso de Goiás", "meso_ibge": "Norte Goiano", "micro_ibge": "Chapada dos Veadeiros", "geocodigo": 5200605.0, "area_ha": 10.845322 }, "geometry": { "type": "Polygon", "coordinates": [ [ [ -47.31920674863786, -14.129062114745478 ], [ -47.318398264882148, -14.129062114745478 ], [ -47.318398264882148, -14.130140093086421 ], [ -47.318667759467388, -14.130140093086421 ], [ -47.318667759467388, -14.129601103915951 ], [ -47.320284726978798, -14.129601103915951 ], [ -47.320284726978798, -14.129331609330714 ], [ -47.322710178245927, -14.129331609330714 ], [ -47.322710178245927, -14.127445147234063 ], [ -47.322440683660687, -14.127445147234063 ], [ -47.322440683660687, -14.127175652648827 ], [ -47.321901694490215, -14.127175652648827 ], [ -47.321901694490215, -14.126906158063592 ], [ -47.31920674863786, -14.126906158063592 ], [ -47.31920674863786, -14.129062114745478 ] ] ] } },
{ "type": "Feature", "properties": { "nome_area_": "PARQUE NACIONAL DA CHAPADA DOS VEADEIROS", "tipo_area_": "UC Federal - Proteção Integral", "esferaadmi": "Federal", "nomeunidad": "PARQUE NACIONAL DA CHAPADA DOS VEADEIROS", "grupo": "Proteção Integral - PI", "ano": "2025", "mes_ano": "4-2025", "nm_municip": "ALTO PARAISO DE GOIAS", "nome": "Alto Paraíso de Goiás", "meso_ibge": "Norte Goiano", "micro_ibge": "Chapada dos Veadeiros", "geocodigo": 5200605.0, "area_ha": 2.255818 }, "geometry": { "type": "Polygon", "coordinates": [ [ [ -47.442635268675879, -14.129062114745478 ], [ -47.443174257846351, -14.129062114745478 ], [ -47.443174257846351, -14.129601103915951 ], [ -47.443713247016824, -14.129601103915951 ], [ -47.443713247016824, -14.129870598501187 ], [ -47.445599709113473, -14.129870598501187 ], [ -47.445599709113473, -14.129062114745478 ], [ -47.444791225357768, -14.129062114745478 ], [ -47.444791225357768, -14.129331609330714 ], [ -47.443713247016824, -14.129331609330714 ], [ -47.443713247016824, -14.128792620160242 ], [ -47.442904763261119, -14.128792620160242 ], [ -47.442904763261119, -14.128523125575008 ], [ -47.442635268675879, -14.128523125575008 ], [ -47.442635268675879, -14.129062114745478 ] ] ] } },
{ "type": "Feature", "properties": { "nome_area_": "PARQUE NACIONAL DA CHAPADA DOS VEADEIROS", "tipo_area_": "UC Federal - Proteção Integral", "esferaadmi": "Federal", "nomeunidad": "PARQUE NACIONAL DA CHAPADA DOS VEADEIROS", "grupo": "Proteção Integral - PI", "ano": "2025", "mes_ano": "4-2025", "nm_municip": "ALTO PARAISO DE GOIAS", "nome": "Alto Paraíso de Goiás", "meso_ibge": "Norte Goiano", "micro_ibge": "Chapada dos Veadeiros", "geocodigo": 5200605.0, "area_ha": 34.618463 }, "geometry": { "type": "Polygon", "coordinates": [ [ [ -47.655535991012208, -14.125019695966941 ], [ -47.654458012671263, -14.125019695966941 ], [ -47.654458012671263, -14.125828179722648 ], [ -47.654188518086031, -14.125828179722648 ], [ -47.654188518086031, -14.126906158063592 ], [ -47.654458012671263, -14.126906158063592 ], [ -47.654458012671263, -14.127175652648827 ], [ -47.654727507256496, -14.127175652648827 ], [ -47.654727507256496, -14.129331609330714 ], [ -47.65580548559744, -14.129331609330714 ], [ -47.65580548559744, -14.129062114745478 ], [ -47.659308915205507, -14.129062114745478 ], [ -47.659308915205507, -14.128792620160242 ], [ -47.662812344813574, -14.128792620160242 ], [ -47.662812344813574, -14.127714641819299 ], [ -47.662273355643102, -14.127714641819299 ], [ -47.662273355643102, -14.126906158063592 ], [ -47.662003861057869, -14.126906158063592 ], [ -47.662003861057869, -14.126636663478356 ], [ -47.661734366472629, -14.126636663478356 ], [ -47.661734366472629, -14.12636716889312 ], [ -47.661464871887397, -14.12636716889312 ], [ -47.661464871887397, -14.125828179722648 ], [ -47.658769926035035, -14.125828179722648 ], [ -47.658769926035035, -14.125289190552177 ], [ -47.658230936864562, -14.125289190552177 ], [ -47.658230936864562, -14.124750201381705 ], [ -47.657152958523625, -14.124750201381705 ], [ -47.657152958523625, -14.124480706796469 ], [ -47.655535991012208, -14.124480706796469 ], [ -47.655535991012208, -14.125019695966941 ] ] ] } },
{ "type": "Feature", "properties": { "nome_area_": "PARQUE NACIONAL DA CHAPADA DOS VEADEIROS", "tipo_area_": "UC Federal - Proteção Integral", "esferaadmi": "Federal", "nomeunidad": "PARQUE NACIONAL DA CHAPADA DOS VEADEIROS", "grupo": "Proteção Integral - PI", "ano": "2025", "mes_ano": "4-2025", "nm_municip": "ALTO PARAISO DE GOIAS", "nome": "Alto Paraíso de Goiás", "meso_ibge": "Norte Goiano", "micro_ibge": "Chapada dos Veadeiros", "geocodigo": 5200605.0, "area_ha": 92.31689 }, "geometry": { "type": "Polygon", "coordinates": [ [ [ -47.453954041255784, -14.120707782603168 ], [ -47.453415052085312, -14.120707782603168 ], [ -47.453415052085312, -14.120977277188404 ], [ -47.453145557500079, -14.120977277188404 ], [ -47.453145557500079, -14.121246771773638 ], [ -47.452606568329607, -14.121246771773638 ], [ -47.452606568329607, -14.122055255529347 ], [ -47.450450611647717, -14.122055255529347 ], [ -47.450450611647717, -14.120977277188404 ], [ -47.448294654965835, -14.120977277188404 ], [ -47.448294654965835, -14.12178576094411 ], [ -47.448025160380595, -14.12178576094411 ], [ -47.448025160380595, -14.122055255529347 ], [ -47.445869203698713, -14.122055255529347 ], [ -47.445869203698713, -14.123672223040762 ], [ -47.445060719943001, -14.123672223040762 ], [ -47.445060719943001, -14.123941717625998 ], [ -47.445869203698713, -14.123941717625998 ], [ -47.445869203698713, -14.124211212211232 ], [ -47.446138698283946, -14.124211212211232 ], [ -47.446138698283946, -14.125019695966941 ], [ -47.446947182039651, -14.125019695966941 ], [ -47.446947182039651, -14.12636716889312 ], [ -47.447486171210123, -14.12636716889312 ], [ -47.447486171210123, -14.126906158063592 ], [ -47.448564149551068, -14.126906158063592 ], [ -47.448564149551068, -14.127984136404535 ], [ -47.449642127892012, -14.127984136404535 ], [ -47.449642127892012, -14.127714641819299 ], [ -47.452067579159134, -14.127714641819299 ], [ -47.452067579159134, -14.127984136404535 ], [ -47.452606568329607, -14.127984136404535 ], [ -47.452606568329607, -14.128253630989771 ], [ -47.453145557500079, -14.128253630989771 ], [ -47.453145557500079, -14.128523125575008 ], [ -47.454762525011496, -14.128523125575008 ], [ -47.454762525011496, -14.127714641819299 ], [ -47.457457470863851, -14.127714641819299 ], [ -47.457457470863851, -14.126906158063592 ], [ -47.458804943790028, -14.126906158063592 ], [ -47.458804943790028, -14.125019695966941 ], [ -47.459074438375268, -14.125019695966941 ], [ -47.459074438375268, -14.124750201381705 ], [ -47.4593439329605, -14.124750201381705 ], [ -47.4593439329605, -14.124211212211232 ], [ -47.45961342754574, -14.124211212211232 ], [ -47.45961342754574, -14.123941717625998 ], [ -47.460421911301445, -14.123941717625998 ], [ -47.460421911301445, -14.123672223040762 ], [ -47.460691405886685, -14.123672223040762 ], [ -47.460691405886685, -14.122863739285053 ], [ -47.461230395057157, -14.122863739285053 ], [ -47.461230395057157, -14.122594244699819 ], [ -47.459074438375268, -14.122594244699819 ], [ -47.459074438375268, -14.12313323387029 ], [ -47.457457470863851, -14.12313323387029 ], [ -47.457457470863851, -14.122594244699819 ], [ -47.456379492522906, -14.122594244699819 ], [ -47.456379492522906, -14.120438288017931 ], [ -47.453954041255784, -14.120438288017931 ], [ -47.453954041255784, -14.120707782603168 ] ], [ [ -47.451259095403429, -14.127175652648827 ], [ -47.451259095403429, -14.126097674307884 ], [ -47.452337073744374, -14.126097674307884 ], [ -47.452337073744374, -14.127175652648827 ], [ -47.451259095403429, -14.127175652648827 ] ] ] } },
{ "type": "Feature", "properties": { "nome_area_": "PARQUE NACIONAL DA CHAPADA DOS VEADEIROS", "tipo_area_": "UC Federal - Proteção Integral", "esferaadmi": "Federal", "nomeunidad": "PARQUE NACIONAL DA CHAPADA DOS VEADEIROS", "grupo": "Proteção Integral - PI", "ano": "2025", "mes_ano": "4-2025", "nm_municip": "ALTO PARAISO DE GOIAS", "nome": "Alto Paraíso de Goiás", "meso_ibge": "Norte Goiano", "micro_ibge": "Chapada dos Veadeiros", "geocodigo": 5200605.0, "area_ha": 0.347051 }, "geometry": { "type": "Polygon", "coordinates": [ [ [ -47.442365774090646, -14.128253630989771 ], [ -47.442635268675879, -14.128253630989771 ], [ -47.442635268675879, -14.127175652648827 ], [ -47.442365774090646, -14.127175652648827 ], [ -47.442365774090646, -14.128253630989771 ] ] ] } },
{ "type": "Feature", "properties": { "nome_area_": "PARQUE NACIONAL DA CHAPADA DOS VEADEIROS", "tipo_area_": "UC Federal - Proteção Integral", "esferaadmi": "Federal", "nomeunidad": "PARQUE NACIONAL DA CHAPADA DOS VEADEIROS", "grupo": "Proteção Integral - PI", "ano": "2025", "mes_ano": "4-2025", "nm_municip": "ALTO PARAISO DE GOIAS", "nome": "Alto Paraíso de Goiás", "meso_ibge": "Norte Goiano", "micro_ibge": "Chapada dos Veadeiros", "geocodigo": 5200605.0, "area_ha": 51.191277 }, "geometry": { "type": "Polygon", "coordinates": [ [ [ -47.745547182480983, -14.119360309676988 ], [ -47.743930214969566, -14.119360309676988 ], [ -47.743930214969566, -14.120168793432695 ], [ -47.743391225799094, -14.120168793432695 ], [ -47.743391225799094, -14.120438288017931 ], [ -47.743121731213861, -14.120438288017931 ], [ -47.743121731213861, -14.121246771773638 ], [ -47.742582742043389, -14.121246771773638 ], [ -47.742582742043389, -14.122324750114583 ], [ -47.743391225799094, -14.122324750114583 ], [ -47.743391225799094, -14.122863739285053 ], [ -47.743660720384334, -14.122863739285053 ], [ -47.743660720384334, -14.12313323387029 ], [ -47.744199709554806, -14.12313323387029 ], [ -47.744199709554806, -14.123402728455526 ], [ -47.744469204140039, -14.123402728455526 ], [ -47.744469204140039, -14.123672223040762 ], [ -47.744738698725278, -14.123672223040762 ], [ -47.744738698725278, -14.123941717625998 ], [ -47.747972633748105, -14.123941717625998 ], [ -47.747972633748105, -14.12636716889312 ], [ -47.749589601259522, -14.12636716889312 ], [ -47.749589601259522, -14.128253630989771 ], [ -47.750667579600467, -14.128253630989771 ], [ -47.750667579600467, -14.127175652648827 ], [ -47.750128590429995, -14.127175652648827 ], [ -47.750128590429995, -14.12313323387029 ], [ -47.750398085015227, -14.12313323387029 ], [ -47.750398085015227, -14.122863739285053 ], [ -47.750667579600467, -14.122863739285053 ], [ -47.750667579600467, -14.122594244699819 ], [ -47.7509370741857, -14.122594244699819 ], [ -47.7509370741857, -14.122055255529347 ], [ -47.751476063356172, -14.122055255529347 ], [ -47.751476063356172, -14.120438288017931 ], [ -47.751206568770939, -14.120438288017931 ], [ -47.751206568770939, -14.120168793432695 ], [ -47.7509370741857, -14.120168793432695 ], [ -47.7509370741857, -14.119899298847459 ], [ -47.750398085015227, -14.119899298847459 ], [ -47.750398085015227, -14.119629804262225 ], [ -47.750128590429995, -14.119629804262225 ], [ -47.750128590429995, -14.119360309676988 ], [ -47.749859095844755, -14.119360309676988 ], [ -47.749859095844755, -14.119090815091752 ], [ -47.747433644577633, -14.119090815091752 ], [ -47.747433644577633, -14.118821320506516 ], [ -47.746894655407161, -14.118821320506516 ], [ -47.746894655407161, -14.11855182592128 ], [ -47.745547182480983, -14.11855182592128 ], [ -47.745547182480983, -14.119360309676988 ] ] ] } },
{ "type": "Feature", "properties": { "nome_area_": "PARQUE NACIONAL DA CHAPADA DOS VEADEIROS", "tipo_area_": "UC Federal - Proteção Integral", "esferaadmi": "Federal", "nomeunidad": "PARQUE NACIONAL DA CHAPADA DOS VEADEIROS", "grupo": "Proteção Integral - PI", "ano": "2025", "mes_ano": "4-2025", "nm_municip": "ALTO PARAISO DE GOIAS", "nome": "Alto Paraíso de Goiás", "meso_ibge": "Norte Goiano", "micro_ibge": "Chapada dos Veadeiros", "geocodigo": 5200605.0, "area_ha": 14.923288 }, "geometry": { "type": "Polygon", "coordinates": [ [ [ -47.711321370156028, -14.125019695966941 ], [ -47.711051875570796, -14.125019695966941 ], [ -47.711051875570796, -14.125289190552177 ], [ -47.710782380985556, -14.125289190552177 ], [ -47.710782380985556, -14.12636716889312 ], [ -47.711321370156028, -14.12636716889312 ], [ -47.711321370156028, -14.127984136404535 ], [ -47.711860359326501, -14.127984136404535 ], [ -47.711860359326501, -14.128253630989771 ], [ -47.713207832252678, -14.128253630989771 ], [ -47.713207832252678, -14.127175652648827 ], [ -47.71590277810504, -14.127175652648827 ], [ -47.71590277810504, -14.125558685137413 ], [ -47.7156332835198, -14.125558685137413 ], [ -47.7156332835198, -14.125289190552177 ], [ -47.715363788934567, -14.125289190552177 ], [ -47.715363788934567, -14.125019695966941 ], [ -47.712399348496973, -14.125019695966941 ], [ -47.712399348496973, -14.124750201381705 ], [ -47.711321370156028, -14.124750201381705 ], [ -47.711321370156028, -14.125019695966941 ] ] ] } },
{ "type": "Feature", "properties": { "nome_area_": "PARQUE NACIONAL DA CHAPADA DOS VEADEIROS", "tipo_area_": "UC Federal - Proteção Integral", "esferaadmi": "Federal", "nomeunidad": "PARQUE NACIONAL DA CHAPADA DOS VEADEIROS", "grupo": "Proteção Integral - PI", "ano": "2025", "mes_ano": "4-2025", "nm_municip": "ALTO PARAISO DE GOIAS", "nome": "Alto Paraíso de Goiás", "meso_ibge": "Norte Goiano", "micro_ibge": "Chapada dos Veadeiros", "geocodigo": 5200605.0, "area_ha": 2.342524 }, "geometry": { "type": "Polygon", "coordinates": [ [ [ -47.794864691579143, -14.135260490205903 ], [ -47.795134186164383, -14.135260490205903 ], [ -47.795134186164383, -14.135529984791139 ], [ -47.79648165909056, -14.135529984791139 ], [ -47.79648165909056, -14.134452006450196 ], [ -47.795942669920088, -14.134452006450196 ], [ -47.795942669920088, -14.13418251186496 ], [ -47.794864691579143, -14.13418251186496 ], [ -47.794864691579143, -14.135260490205903 ] ] ] } },
{ "type": "Feature", "properties": { "nome_area_": "PARQUE NACIONAL DA CHAPADA DOS VEADEIROS", "tipo_area_": "UC Federal - Proteção Integral", "esferaadmi": "Federal", "nomeunidad": "PARQUE NACIONAL DA CHAPADA DOS VEADEIROS", "grupo": "Proteção Integral - PI", "ano": "2025", "mes_ano": "4-2025", "nm_municip": "ALTO PARAISO DE GOIAS", "nome": "Alto Paraíso de Goiás", "meso_ibge": "Norte Goiano", "micro_ibge": "Chapada dos Veadeiros", "geocodigo": 5200605.0, "area_ha": 61.68739 }, "geometry": { "type": "Polygon", "coordinates": [ [ [ -47.425118120635553, -14.132565544353545 ], [ -47.423770647709368, -14.132565544353545 ], [ -47.423770647709368, -14.132835038938781 ], [ -47.423501153124135, -14.132835038938781 ], [ -47.423501153124135, -14.133913017279724 ], [ -47.425657109806025, -14.133913017279724 ], [ -47.425657109806025, -14.134721501035433 ], [ -47.427274077317435, -14.134721501035433 ], [ -47.427274077317435, -14.135529984791139 ], [ -47.427543571902675, -14.135529984791139 ], [ -47.427543571902675, -14.134990995620667 ], [ -47.42835205565838, -14.134990995620667 ], [ -47.42835205565838, -14.134721501035433 ], [ -47.429969023169797, -14.134721501035433 ], [ -47.429969023169797, -14.134452006450196 ], [ -47.431585990681214, -14.134452006450196 ], [ -47.431585990681214, -14.133104533524016 ], [ -47.434819925704041, -14.133104533524016 ], [ -47.434819925704041, -14.132565544353545 ], [ -47.435358914874513, -14.132565544353545 ], [ -47.435358914874513, -14.131487566012602 ], [ -47.43697588238593, -14.131487566012602 ], [ -47.43697588238593, -14.130679082256894 ], [ -47.435897904044985, -14.130679082256894 ], [ -47.435897904044985, -14.129331609330714 ], [ -47.434011441948336, -14.129331609330714 ], [ -47.434011441948336, -14.128523125575008 ], [ -47.430777506925502, -14.128523125575008 ], [ -47.430777506925502, -14.127984136404535 ], [ -47.429969023169797, -14.127984136404535 ], [ -47.429969023169797, -14.127445147234063 ], [ -47.428891044828852, -14.127445147234063 ], [ -47.428891044828852, -14.127714641819299 ], [ -47.428082561073147, -14.127714641819299 ], [ -47.428082561073147, -14.129601103915951 ], [ -47.425926604391258, -14.129601103915951 ], [ -47.425926604391258, -14.13094857684213 ], [ -47.425118120635553, -14.13094857684213 ], [ -47.425118120635553, -14.132565544353545 ] ], [ [ -47.427004582732202, -14.13094857684213 ], [ -47.427004582732202, -14.132026555183073 ], [ -47.429430033999324, -14.132026555183073 ], [ -47.429430033999324, -14.133643522694488 ], [ -47.428891044828852, -14.133643522694488 ], [ -47.428891044828852, -14.134452006450196 ], [ -47.427813066487907, -14.134452006450196 ], [ -47.427813066487907, -14.132565544353545 ], [ -47.425657109806025, -14.132565544353545 ], [ -47.425657109806025, -14.131218071427366 ], [ -47.425926604391258, -14.131218071427366 ], [ -47.425926604391258, -14.13094857684213 ], [ -47.427004582732202, -14.13094857684213 ] ] ] } },
{ "type": "Feature", "properties": { "nome_area_": "PARQUE NACIONAL DA CHAPADA DOS VEADEIROS", "tipo_area_": "UC Federal - Proteção Integral", "esferaadmi": "Federal", "nomeunidad": "PARQUE NACIONAL DA CHAPADA DOS VEADEIROS", "grupo": "Proteção Integral - PI", "ano": "2025", "mes_ano": "4-2025", "nm_municip": "ALTO PARAISO DE GOIAS", "nome": "Alto Paraíso de Goiás", "meso_ibge": "Norte Goiano", "micro_ibge": "Chapada dos Veadeiros", "geocodigo": 5200605.0, "area_ha": 0.433804 }, "geometry": { "type": "Polygon", "coordinates": [ [ [ -47.318128770296916, -14.133643522694488 ], [ -47.318398264882148, -14.133643522694488 ], [ -47.318398264882148, -14.132296049768309 ], [ -47.318128770296916, -14.132296049768309 ], [ -47.318128770296916, -14.133643522694488 ] ] ] } },
{ "type": "Feature", "properties": { "nome_area_": "PARQUE NACIONAL DA CHAPADA DOS VEADEIROS", "tipo_area_": "UC Federal - Proteção Integral", "esferaadmi": "Federal", "nomeunidad": "PARQUE NACIONAL DA CHAPADA DOS VEADEIROS", "grupo": "Proteção Integral - PI", "ano": "2025", "mes_ano": "4-2025", "nm_municip": "ALTO PARAISO DE GOIAS", "nome": "Alto Paraíso de Goiás", "meso_ibge": "Norte Goiano", "micro_ibge": "Chapada dos Veadeiros", "geocodigo": 5200605.0, "area_ha": 1187.245598 }, "geometry": { "type": "Polygon", "coordinates": [ [ [ -47.676287074075368, -14.096992259102411 ], [ -47.676017579490136, -14.096992259102411 ], [ -47.676017579490136, -14.097261753687647 ], [ -47.675209095734424, -14.097261753687647 ], [ -47.675209095734424, -14.097531248272883 ], [ -47.671166676955885, -14.097531248272883 ], [ -47.671166676955885, -14.097261753687647 ], [ -47.670897182370652, -14.097261753687647 ], [ -47.670897182370652, -14.096992259102411 ], [ -47.670627687785412, -14.096992259102411 ], [ -47.670627687785412, -14.096722764517176 ], [ -47.669549709444468, -14.096722764517176 ], [ -47.669549709444468, -14.096992259102411 ], [ -47.669280214859235, -14.096992259102411 ], [ -47.669280214859235, -14.098070237443356 ], [ -47.669010720274002, -14.098070237443356 ], [ -47.669010720274002, -14.100226194125241 ], [ -47.665776785251168, -14.100226194125241 ], [ -47.665776785251168, -14.098070237443356 ], [ -47.664429312324991, -14.098070237443356 ], [ -47.664429312324991, -14.098339732028592 ], [ -47.664159817739758, -14.098339732028592 ], [ -47.664159817739758, -14.098609226613826 ], [ -47.662273355643102, -14.098609226613826 ], [ -47.662273355643102, -14.098878721199062 ], [ -47.661464871887397, -14.098878721199062 ], [ -47.661464871887397, -14.099148215784298 ], [ -47.660656388131684, -14.099148215784298 ], [ -47.660656388131684, -14.099417710369535 ], [ -47.65984790437598, -14.099417710369535 ], [ -47.65984790437598, -14.100765183295714 ], [ -47.659578409790747, -14.100765183295714 ], [ -47.659578409790747, -14.10103467788095 ], [ -47.659308915205507, -14.10103467788095 ], [ -47.659308915205507, -14.102382150807129 ], [ -47.658230936864562, -14.102382150807129 ], [ -47.658230936864562, -14.103729623733308 ], [ -47.658500431449802, -14.103729623733308 ], [ -47.658500431449802, -14.103999118318544 ], [ -47.659039420620275, -14.103999118318544 ], [ -47.659039420620275, -14.10426861290378 ], [ -47.659308915205507, -14.10426861290378 ], [ -47.659308915205507, -14.104538107489017 ], [ -47.659578409790747, -14.104538107489017 ], [ -47.659578409790747, -14.105885580415196 ], [ -47.661734366472629, -14.105885580415196 ], [ -47.661734366472629, -14.108311031682318 ], [ -47.661464871887397, -14.108311031682318 ], [ -47.661464871887397, -14.110466988364205 ], [ -47.662003861057869, -14.110466988364205 ], [ -47.662003861057869, -14.11073648294944 ], [ -47.662273355643102, -14.11073648294944 ], [ -47.662273355643102, -14.111275472119912 ], [ -47.662812344813574, -14.111275472119912 ], [ -47.662812344813574, -14.111814461290384 ], [ -47.663351333984046, -14.111814461290384 ], [ -47.663351333984046, -14.11397041797227 ], [ -47.663620828569279, -14.11397041797227 ], [ -47.663620828569279, -14.114778901727979 ], [ -47.663890323154519, -14.114778901727979 ], [ -47.663890323154519, -14.115048396313213 ], [ -47.664159817739758, -14.115048396313213 ], [ -47.664159817739758, -14.115317890898449 ], [ -47.664429312324991, -14.115317890898449 ], [ -47.664429312324991, -14.116126374654158 ], [ -47.664698806910224, -14.116126374654158 ], [ -47.664698806910224, -14.118821320506516 ], [ -47.664159817739758, -14.118821320506516 ], [ -47.664159817739758, -14.119090815091752 ], [ -47.663890323154519, -14.119090815091752 ], [ -47.663890323154519, -14.119360309676988 ], [ -47.662542850228341, -14.119360309676988 ], [ -47.662542850228341, -14.119629804262225 ], [ -47.662003861057869, -14.119629804262225 ], [ -47.662003861057869, -14.120168793432695 ], [ -47.661734366472629, -14.120168793432695 ], [ -47.661734366472629, -14.120977277188404 ], [ -47.661464871887397, -14.120977277188404 ], [ -47.661464871887397, -14.122055255529347 ], [ -47.663890323154519, -14.122055255529347 ], [ -47.663890323154519, -14.123941717625998 ], [ -47.664159817739758, -14.123941717625998 ], [ -47.664159817739758, -14.124211212211232 ], [ -47.664429312324991, -14.124211212211232 ], [ -47.664429312324991, -14.124480706796469 ], [ -47.664968301495463, -14.124480706796469 ], [ -47.664968301495463, -14.125019695966941 ], [ -47.666854763592113, -14.125019695966941 ], [ -47.666854763592113, -14.126097674307884 ], [ -47.667124258177353, -14.126097674307884 ], [ -47.667124258177353, -14.12636716889312 ], [ -47.667393752762585, -14.12636716889312 ], [ -47.667393752762585, -14.126906158063592 ], [ -47.667932741933058, -14.126906158063592 ], [ -47.667932741933058, -14.127445147234063 ], [ -47.66847173110353, -14.127445147234063 ], [ -47.66847173110353, -14.130679082256894 ], [ -47.667932741933058, -14.130679082256894 ], [ -47.667932741933058, -14.13094857684213 ], [ -47.667663247347818, -14.13094857684213 ], [ -47.667663247347818, -14.132026555183073 ], [ -47.66847173110353, -14.132026555183073 ], [ -47.66847173110353, -14.132296049768309 ], [ -47.669549709444468, -14.132296049768309 ], [ -47.669549709444468, -14.133374028109252 ], [ -47.671436171541124, -14.133374028109252 ], [ -47.671436171541124, -14.131487566012602 ], [ -47.673592128223007, -14.131487566012602 ], [ -47.673592128223007, -14.132565544353545 ], [ -47.673861622808246, -14.132565544353545 ], [ -47.673861622808246, -14.132835038938781 ], [ -47.674131117393479, -14.132835038938781 ], [ -47.674131117393479, -14.133104533524016 ], [ -47.676017579490136, -14.133104533524016 ], [ -47.676017579490136, -14.132835038938781 ], [ -47.676287074075368, -14.132835038938781 ], [ -47.676287074075368, -14.132565544353545 ], [ -47.676826063245841, -14.132565544353545 ], [ -47.676826063245841, -14.132296049768309 ], [ -47.677365052416313, -14.132296049768309 ], [ -47.677365052416313, -14.132026555183073 ], [ -47.677904041586785, -14.132026555183073 ], [ -47.677904041586785, -14.131487566012602 ], [ -47.678443030757258, -14.131487566012602 ], [ -47.678443030757258, -14.129601103915951 ], [ -47.67898201992773, -14.129601103915951 ], [ -47.67898201992773, -14.128253630989771 ], [ -47.67871252534249, -14.128253630989771 ], [ -47.67871252534249, -14.125289190552177 ], [ -47.681137976609612, -14.125289190552177 ], [ -47.681137976609612, -14.126636663478356 ], [ -47.681407471194852, -14.126636663478356 ], [ -47.681407471194852, -14.127445147234063 ], [ -47.683024438706262, -14.127445147234063 ], [ -47.683024438706262, -14.127175652648827 ], [ -47.682215954950557, -14.127175652648827 ], [ -47.682215954950557, -14.125828179722648 ], [ -47.681407471194852, -14.125828179722648 ], [ -47.681407471194852, -14.122863739285053 ], [ -47.68059898743914, -14.122863739285053 ], [ -47.68059898743914, -14.122324750114583 ], [ -47.67898201992773, -14.122324750114583 ], [ -47.67898201992773, -14.120707782603168 ], [ -47.68059898743914, -14.120707782603168 ], [ -47.68059898743914, -14.120168793432695 ], [ -47.681946460365324, -14.120168793432695 ], [ -47.681946460365324, -14.121516266358874 ], [ -47.683024438706262, -14.121516266358874 ], [ -47.683024438706262, -14.122863739285053 ], [ -47.683563427876734, -14.122863739285053 ], [ -47.683563427876734, -14.124750201381705 ], [ -47.683832922461974, -14.124750201381705 ], [ -47.683832922461974, -14.125289190552177 ], [ -47.684371911632446, -14.125289190552177 ], [ -47.684371911632446, -14.125558685137413 ], [ -47.684641406217679, -14.125558685137413 ], [ -47.684641406217679, -14.125828179722648 ], [ -47.684910900802919, -14.125828179722648 ], [ -47.684910900802919, -14.126097674307884 ], [ -47.685180395388151, -14.126097674307884 ], [ -47.685180395388151, -14.12636716889312 ], [ -47.685449889973384, -14.12636716889312 ], [ -47.685449889973384, -14.127445147234063 ], [ -47.685988879143856, -14.127445147234063 ], [ -47.685988879143856, -14.127175652648827 ], [ -47.687336352070041, -14.127175652648827 ], [ -47.687336352070041, -14.126097674307884 ], [ -47.688683824996218, -14.126097674307884 ], [ -47.688683824996218, -14.125828179722648 ], [ -47.691648265433813, -14.125828179722648 ], [ -47.691648265433813, -14.127984136404535 ], [ -47.692187254604285, -14.127984136404535 ], [ -47.692187254604285, -14.128253630989771 ], [ -47.69326523294523, -14.128253630989771 ], [ -47.69326523294523, -14.127984136404535 ], [ -47.694612705871407, -14.127984136404535 ], [ -47.694612705871407, -14.129062114745478 ], [ -47.695690684212352, -14.129062114745478 ], [ -47.695690684212352, -14.129601103915951 ], [ -47.696229673382824, -14.129601103915951 ], [ -47.696229673382824, -14.130140093086421 ], [ -47.698385630064706, -14.130140093086421 ], [ -47.698385630064706, -14.130409587671657 ], [ -47.698655124649946, -14.130409587671657 ], [ -47.698655124649946, -14.131218071427366 ], [ -47.699463608405651, -14.131218071427366 ], [ -47.699463608405651, -14.131487566012602 ], [ -47.700541586746596, -14.131487566012602 ], [ -47.700541586746596, -14.131757060597836 ], [ -47.701889059672773, -14.131757060597836 ], [ -47.701889059672773, -14.130679082256894 ], [ -47.702158554258013, -14.130679082256894 ], [ -47.702158554258013, -14.130409587671657 ], [ -47.702967038013718, -14.130409587671657 ], [ -47.702967038013718, -14.130140093086421 ], [ -47.70323653259895, -14.130140093086421 ], [ -47.70323653259895, -14.129870598501187 ], [ -47.70350602718419, -14.129870598501187 ], [ -47.70350602718419, -14.129331609330714 ], [ -47.704584005525135, -14.129331609330714 ], [ -47.704584005525135, -14.129062114745478 ], [ -47.704853500110367, -14.129062114745478 ], [ -47.704853500110367, -14.127984136404535 ], [ -47.706470467621784, -14.127984136404535 ], [ -47.706470467621784, -14.126636663478356 ], [ -47.705931478451312, -14.126636663478356 ], [ -47.705931478451312, -14.124750201381705 ], [ -47.70539248928084, -14.124750201381705 ], [ -47.70539248928084, -14.121516266358874 ], [ -47.704045016354662, -14.121516266358874 ], [ -47.704045016354662, -14.122594244699819 ], [ -47.701350070502301, -14.122594244699819 ], [ -47.701350070502301, -14.122055255529347 ], [ -47.700272092161356, -14.122055255529347 ], [ -47.700272092161356, -14.121516266358874 ], [ -47.699194113820418, -14.121516266358874 ], [ -47.699194113820418, -14.122594244699819 ], [ -47.697846640894234, -14.122594244699819 ], [ -47.697846640894234, -14.125558685137413 ], [ -47.696229673382824, -14.125558685137413 ], [ -47.696229673382824, -14.126097674307884 ], [ -47.693534727530462, -14.126097674307884 ], [ -47.693534727530462, -14.123941717625998 ], [ -47.693804222115702, -14.123941717625998 ], [ -47.693804222115702, -14.123672223040762 ], [ -47.694343211286167, -14.123672223040762 ], [ -47.694343211286167, -14.123402728455526 ], [ -47.694612705871407, -14.123402728455526 ], [ -47.694612705871407, -14.12313323387029 ], [ -47.69488220045664, -14.12313323387029 ], [ -47.69488220045664, -14.122863739285053 ], [ -47.695151695041879, -14.122863739285053 ], [ -47.695151695041879, -14.122594244699819 ], [ -47.696768662553296, -14.122594244699819 ], [ -47.696768662553296, -14.117204352995101 ], [ -47.697038157138529, -14.117204352995101 ], [ -47.697038157138529, -14.116126374654158 ], [ -47.696768662553296, -14.116126374654158 ], [ -47.696768662553296, -14.115048396313213 ], [ -47.696499167968057, -14.115048396313213 ], [ -47.696499167968057, -14.113700923387034 ], [ -47.696229673382824, -14.113700923387034 ], [ -47.696229673382824, -14.1134314288018 ], [ -47.695960178797584, -14.1134314288018 ], [ -47.695960178797584, -14.110466988364205 ], [ -47.697846640894234, -14.110466988364205 ], [ -47.697846640894234, -14.110197493778969 ], [ -47.698385630064706, -14.110197493778969 ], [ -47.698385630064706, -14.109927999193733 ], [ -47.698655124649946, -14.109927999193733 ], [ -47.698655124649946, -14.109658504608497 ], [ -47.699194113820418, -14.109658504608497 ], [ -47.699194113820418, -14.109389010023261 ], [ -47.699733102990891, -14.109389010023261 ], [ -47.699733102990891, -14.109119515438024 ], [ -47.701889059672773, -14.109119515438024 ], [ -47.701889059672773, -14.110197493778969 ], [ -47.702967038013718, -14.110197493778969 ], [ -47.702967038013718, -14.109119515438024 ], [ -47.702158554258013, -14.109119515438024 ], [ -47.702158554258013, -14.106694064170902 ], [ -47.702967038013718, -14.106694064170902 ], [ -47.702967038013718, -14.105346591244723 ], [ -47.700811081331828, -14.105346591244723 ], [ -47.700811081331828, -14.106424569585666 ], [ -47.700272092161356, -14.106424569585666 ], [ -47.700272092161356, -14.108311031682318 ], [ -47.698116135479474, -14.108311031682318 ], [ -47.698116135479474, -14.109389010023261 ], [ -47.697038157138529, -14.109389010023261 ], [ -47.697038157138529, -14.108580526267554 ], [ -47.694073716700935, -14.108580526267554 ], [ -47.694073716700935, -14.107502547926611 ], [ -47.694343211286167, -14.107502547926611 ], [ -47.694343211286167, -14.107233053341375 ], [ -47.695151695041879, -14.107233053341375 ], [ -47.695151695041879, -14.105885580415196 ], [ -47.697577146309001, -14.105885580415196 ], [ -47.697577146309001, -14.103729623733308 ], [ -47.697307651723762, -14.103729623733308 ], [ -47.697307651723762, -14.103190634562836 ], [ -47.696768662553296, -14.103190634562836 ], [ -47.696768662553296, -14.1029211399776 ], [ -47.696499167968057, -14.1029211399776 ], [ -47.696499167968057, -14.102382150807129 ], [ -47.696229673382824, -14.102382150807129 ], [ -47.696229673382824, -14.10103467788095 ], [ -47.69488220045664, -14.10103467788095 ], [ -47.69488220045664, -14.100765183295714 ], [ -47.693804222115702, -14.100765183295714 ], [ -47.693804222115702, -14.100495688710478 ], [ -47.69299573835999, -14.100495688710478 ], [ -47.69299573835999, -14.099956699540005 ], [ -47.692726243774757, -14.099956699540005 ], [ -47.692726243774757, -14.099687204954771 ], [ -47.690031297922395, -14.099687204954771 ], [ -47.690031297922395, -14.099417710369535 ], [ -47.689761803337163, -14.099417710369535 ], [ -47.689761803337163, -14.099148215784298 ], [ -47.688414330410978, -14.099148215784298 ], [ -47.688414330410978, -14.100495688710478 ], [ -47.688144835825746, -14.100495688710478 ], [ -47.688144835825746, -14.100765183295714 ], [ -47.687875341240513, -14.100765183295714 ], [ -47.687875341240513, -14.101304172466186 ], [ -47.685180395388151, -14.101304172466186 ], [ -47.685180395388151, -14.100765183295714 ], [ -47.684910900802919, -14.100765183295714 ], [ -47.684910900802919, -14.100226194125241 ], [ -47.684102417047207, -14.100226194125241 ], [ -47.684102417047207, -14.098609226613826 ], [ -47.683563427876734, -14.098609226613826 ], [ -47.683563427876734, -14.097261753687647 ], [ -47.683293933291502, -14.097261753687647 ], [ -47.683293933291502, -14.096992259102411 ], [ -47.681137976609612, -14.096992259102411 ], [ -47.681137976609612, -14.097261753687647 ], [ -47.677365052416313, -14.097261753687647 ], [ -47.677365052416313, -14.09645326993194 ], [ -47.676287074075368, -14.09645326993194 ], [ -47.676287074075368, -14.096992259102411 ] ], [ [ -47.660925882716924, -14.103999118318544 ], [ -47.660925882716924, -14.101573667051422 ], [ -47.664968301495463, -14.101573667051422 ], [ -47.664968301495463, -14.103999118318544 ], [ -47.660925882716924, -14.103999118318544 ] ], [ [ -47.693534727530462, -14.110197493778969 ], [ -47.693534727530462, -14.112892439631327 ], [ -47.692726243774757, -14.112892439631327 ], [ -47.692726243774757, -14.113161934216564 ], [ -47.690570287092868, -14.113161934216564 ], [ -47.690570287092868, -14.111544966705148 ], [ -47.690300792507635, -14.111544966705148 ], [ -47.690300792507635, -14.11073648294944 ], [ -47.690031297922395, -14.11073648294944 ], [ -47.690031297922395, -14.110466988364205 ], [ -47.689761803337163, -14.110466988364205 ], [ -47.689761803337163, -14.106963558756139 ], [ -47.692456749189517, -14.106963558756139 ], [ -47.692456749189517, -14.110197493778969 ], [ -47.693534727530462, -14.110197493778969 ] ], [ [ -47.683832922461974, -14.114239912557506 ], [ -47.683832922461974, -14.117473847580337 ], [ -47.683563427876734, -14.117473847580337 ], [ -47.683563427876734, -14.117743342165573 ], [ -47.681407471194852, -14.117743342165573 ], [ -47.681407471194852, -14.119090815091752 ], [ -47.679521009098195, -14.119090815091752 ], [ -47.679521009098195, -14.119899298847459 ], [ -47.676556568660601, -14.119899298847459 ], [ -47.676556568660601, -14.119360309676988 ], [ -47.676017579490136, -14.119360309676988 ], [ -47.676017579490136, -14.118821320506516 ], [ -47.674400611978719, -14.118821320506516 ], [ -47.674400611978719, -14.116665363824628 ], [ -47.675209095734424, -14.116665363824628 ], [ -47.675209095734424, -14.116126374654158 ], [ -47.677904041586785, -14.116126374654158 ], [ -47.677904041586785, -14.115856880068922 ], [ -47.678173536172018, -14.115856880068922 ], [ -47.678173536172018, -14.115587385483686 ], [ -47.67871252534249, -14.115587385483686 ], [ -47.67871252534249, -14.11397041797227 ], [ -47.682754944121029, -14.11397041797227 ], [ -47.682754944121029, -14.114239912557506 ], [ -47.683832922461974, -14.114239912557506 ] ], [ [ -47.690839781678108, -14.12178576094411 ], [ -47.690839781678108, -14.124750201381705 ], [ -47.687875341240513, -14.124750201381705 ], [ -47.687875341240513, -14.125019695966941 ], [ -47.685719384558624, -14.125019695966941 ], [ -47.685719384558624, -14.122863739285053 ], [ -47.686797362899568, -14.122863739285053 ], [ -47.686797362899568, -14.122594244699819 ], [ -47.687066857484801, -14.122594244699819 ], [ -47.687066857484801, -14.121516266358874 ], [ -47.690031297922395, -14.121516266358874 ], [ -47.690031297922395, -14.12178576094411 ], [ -47.690839781678108, -14.12178576094411 ] ] ] } },
{ "type": "Feature", "properties": { "nome_area_": "PARQUE NACIONAL DA CHAPADA DOS VEADEIROS", "tipo_area_": "UC Federal - Proteção Integral", "esferaadmi": "Federal", "nomeunidad": "PARQUE NACIONAL DA CHAPADA DOS VEADEIROS", "grupo": "Proteção Integral - PI", "ano": "2025", "mes_ano": "4-2025", "nm_municip": "ALTO PARAISO DE GOIAS", "nome": "Alto Paraíso de Goiás", "meso_ibge": "Norte Goiano", "micro_ibge": "Chapada dos Veadeiros", "geocodigo": 5200605.0, "area_ha": 4.511587 }, "geometry": { "type": "Polygon", "coordinates": [ [ [ -47.314894835274082, -14.131487566012602 ], [ -47.315164329859321, -14.131487566012602 ], [ -47.315164329859321, -14.132296049768309 ], [ -47.315972813615026, -14.132296049768309 ], [ -47.315972813615026, -14.133104533524016 ], [ -47.317050791955971, -14.133104533524016 ], [ -47.317050791955971, -14.131757060597836 ], [ -47.316511802785499, -14.131757060597836 ], [ -47.316511802785499, -14.131218071427366 ], [ -47.316242308200266, -14.131218071427366 ], [ -47.316242308200266, -14.130409587671657 ], [ -47.314894835274082, -14.130409587671657 ], [ -47.314894835274082, -14.131487566012602 ] ] ] } },
{ "type": "Feature", "properties": { "nome_area_": "PARQUE NACIONAL DA CHAPADA DOS VEADEIROS", "tipo_area_": "UC Federal - Proteção Integral", "esferaadmi": "Federal", "nomeunidad": "PARQUE NACIONAL DA CHAPADA DOS VEADEIROS", "grupo": "Proteção Integral - PI", "ano": "2025", "mes_ano": "4-2025", "nm_municip": "ALTO PARAISO DE GOIAS", "nome": "Alto Paraíso de Goiás", "meso_ibge": "Norte Goiano", "micro_ibge": "Chapada dos Veadeiros", "geocodigo": 5200605.0, "area_ha": 0.260283 }, "geometry": { "type": "Polygon", "coordinates": [ [ [ -47.462577867983335, -14.132565544353545 ], [ -47.462308373398095, -14.132565544353545 ], [ -47.462308373398095, -14.132835038938781 ], [ -47.462847362568567, -14.132835038938781 ], [ -47.462847362568567, -14.132296049768309 ], [ -47.462577867983335, -14.132296049768309 ], [ -47.462577867983335, -14.132565544353545 ] ] ] } },
{ "type": "Feature", "properties": { "nome_area_": "PARQUE NACIONAL DA CHAPADA DOS VEADEIROS", "tipo_area_": "UC Federal - Proteção Integral", "esferaadmi": "Federal", "nomeunidad": "PARQUE NACIONAL DA CHAPADA DOS VEADEIROS", "grupo": "Proteção Integral - PI", "ano": "2025", "mes_ano": "4-2025", "nm_municip": "ALTO PARAISO DE GOIAS", "nome": "Alto Paraíso de Goiás", "meso_ibge": "Norte Goiano", "micro_ibge": "Chapada dos Veadeiros", "geocodigo": 5200605.0, "area_ha": 0.086761 }, "geometry": { "type": "Polygon", "coordinates": [ [ [ -47.462847362568567, -14.132296049768309 ], [ -47.463116857153807, -14.132296049768309 ], [ -47.463116857153807, -14.132026555183073 ], [ -47.462847362568567, -14.132026555183073 ], [ -47.462847362568567, -14.132296049768309 ] ] ] } },
{ "type": "Feature", "properties": { "nome_area_": "PARQUE NACIONAL DA CHAPADA DOS VEADEIROS", "tipo_area_": "UC Federal - Proteção Integral", "esferaadmi": "Federal", "nomeunidad": "PARQUE NACIONAL DA CHAPADA DOS VEADEIROS", "grupo": "Proteção Integral - PI", "ano": "2025", "mes_ano": "4-2025", "nm_municip": "ALTO PARAISO DE GOIAS", "nome": "Alto Paraíso de Goiás", "meso_ibge": "Norte Goiano", "micro_ibge": "Chapada dos Veadeiros", "geocodigo": 5200605.0, "area_ha": 25.681598 }, "geometry": { "type": "Polygon", "coordinates": [ [ [ -47.464194835494752, -14.128523125575008 ], [ -47.463116857153807, -14.128523125575008 ], [ -47.463116857153807, -14.127445147234063 ], [ -47.459882922130973, -14.127445147234063 ], [ -47.459882922130973, -14.128253630989771 ], [ -47.458535449204795, -14.128253630989771 ], [ -47.458535449204795, -14.127984136404535 ], [ -47.457457470863851, -14.127984136404535 ], [ -47.457457470863851, -14.128253630989771 ], [ -47.457996460034323, -14.128253630989771 ], [ -47.457996460034323, -14.128792620160242 ], [ -47.458265954619563, -14.128792620160242 ], [ -47.458265954619563, -14.130140093086421 ], [ -47.459074438375268, -14.130140093086421 ], [ -47.459074438375268, -14.130679082256894 ], [ -47.459882922130973, -14.130679082256894 ], [ -47.459882922130973, -14.130140093086421 ], [ -47.460960900471918, -14.130140093086421 ], [ -47.460960900471918, -14.130409587671657 ], [ -47.461230395057157, -14.130409587671657 ], [ -47.461230395057157, -14.130679082256894 ], [ -47.462038878812862, -14.130679082256894 ], [ -47.462038878812862, -14.13094857684213 ], [ -47.463116857153807, -14.13094857684213 ], [ -47.463116857153807, -14.131757060597836 ], [ -47.463655846324279, -14.131757060597836 ], [ -47.463655846324279, -14.131487566012602 ], [ -47.464194835494752, -14.131487566012602 ], [ -47.464194835494752, -14.131218071427366 ], [ -47.464464330079984, -14.131218071427366 ], [ -47.464464330079984, -14.13094857684213 ], [ -47.465542308420929, -14.13094857684213 ], [ -47.465542308420929, -14.130679082256894 ], [ -47.465811803006162, -14.130679082256894 ], [ -47.465811803006162, -14.129331609330714 ], [ -47.465003319250457, -14.129331609330714 ], [ -47.465003319250457, -14.127445147234063 ], [ -47.464194835494752, -14.127445147234063 ], [ -47.464194835494752, -14.128523125575008 ] ] ] } },
{ "type": "Feature", "properties": { "nome_area_": "PARQUE NACIONAL DA CHAPADA DOS VEADEIROS", "tipo_area_": "UC Federal - Proteção Integral", "esferaadmi": "Federal", "nomeunidad": "PARQUE NACIONAL DA CHAPADA DOS VEADEIROS", "grupo": "Proteção Integral - PI", "ano": "2025", "mes_ano": "4-2025", "nm_municip": "ALTO PARAISO DE GOIAS", "nome": "Alto Paraíso de Goiás", "meso_ibge": "Norte Goiano", "micro_ibge": "Chapada dos Veadeiros", "geocodigo": 5200605.0, "area_ha": 9.716056 }, "geometry": { "type": "Polygon", "coordinates": [ [ [ -47.79648165909056, -14.158706519121424 ], [ -47.797020648261032, -14.158706519121424 ], [ -47.797020648261032, -14.15951500287713 ], [ -47.797290142846265, -14.15951500287713 ], [ -47.797290142846265, -14.161670959559018 ], [ -47.797020648261032, -14.161670959559018 ], [ -47.797020648261032, -14.162748937899961 ], [ -47.797559637431505, -14.162748937899961 ], [ -47.797559637431505, -14.163018432485197 ], [ -47.798098626601977, -14.163018432485197 ], [ -47.798098626601977, -14.163287927070431 ], [ -47.799176604942915, -14.163287927070431 ], [ -47.799176604942915, -14.162209948729489 ], [ -47.798907110357682, -14.162209948729489 ], [ -47.798907110357682, -14.160053992047603 ], [ -47.798098626601977, -14.160053992047603 ], [ -47.798098626601977, -14.158437024536187 ], [ -47.797559637431505, -14.158437024536187 ], [ -47.797559637431505, -14.157628540780479 ], [ -47.79648165909056, -14.157628540780479 ], [ -47.79648165909056, -14.158706519121424 ] ] ] } },
{ "type": "Feature", "properties": { "nome_area_": "PARQUE NACIONAL DA CHAPADA DOS VEADEIROS", "tipo_area_": "UC Federal - Proteção Integral", "esferaadmi": "Federal", "nomeunidad": "PARQUE NACIONAL DA CHAPADA DOS VEADEIROS", "grupo": "Proteção Integral - PI", "ano": "2025", "mes_ano": "6-2025", "nm_municip": "ALTO PARAISO DE GOIAS", "nome": "Alto Paraíso de Goiás", "meso_ibge": "Norte Goiano", "micro_ibge": "Chapada dos Veadeiros", "geocodigo": 5200605.0, "area_ha": 6.248514 }, "geometry": { "type": "Polygon", "coordinates": [ [ [ -47.648529131796074, -14.069234316823119 ], [ -47.650685088477964, -14.069234316823119 ], [ -47.650685088477964, -14.066808865555995 ], [ -47.648529131796074, -14.066808865555995 ], [ -47.648529131796074, -14.069234316823119 ] ] ] } },
{ "type": "Feature", "properties": { "nome_area_": "PARQUE NACIONAL DA CHAPADA DOS VEADEIROS", "tipo_area_": "UC Federal - Proteção Integral", "esferaadmi": "Federal", "nomeunidad": "PARQUE NACIONAL DA CHAPADA DOS VEADEIROS", "grupo": "Proteção Integral - PI", "ano": "2025", "mes_ano": "6-2025", "nm_municip": "ALTO PARAISO DE GOIAS", "nome": "Alto Paraíso de Goiás", "meso_ibge": "Norte Goiano", "micro_ibge": "Chapada dos Veadeiros", "geocodigo": 5200605.0, "area_ha": 0.347138 }, "geometry": { "type": "Polygon", "coordinates": [ [ [ -47.638557832142347, -14.068964822237882 ], [ -47.639635810483291, -14.068964822237882 ], [ -47.639635810483291, -14.068695327652646 ], [ -47.638557832142347, -14.068695327652646 ], [ -47.638557832142347, -14.068964822237882 ] ] ] } },
{ "type": "Feature", "properties": { "nome_area_": "PARQUE NACIONAL DA CHAPADA DOS VEADEIROS", "tipo_area_": "UC Federal - Proteção Integral", "esferaadmi": "Federal", "nomeunidad": "PARQUE NACIONAL DA CHAPADA DOS VEADEIROS", "grupo": "Proteção Integral - PI", "ano": "2025", "mes_ano": "6-2025", "nm_municip": "ALTO PARAISO DE GOIAS", "nome": "Alto Paraíso de Goiás", "meso_ibge": "Norte Goiano", "micro_ibge": "Chapada dos Veadeiros", "geocodigo": 5200605.0, "area_ha": 0.867868 }, "geometry": { "type": "Polygon", "coordinates": [ [ [ -47.64367822926183, -14.063035941362694 ], [ -47.646373175114185, -14.063035941362694 ], [ -47.646373175114185, -14.062766446777458 ], [ -47.64367822926183, -14.062766446777458 ], [ -47.64367822926183, -14.063035941362694 ] ] ] } },
{ "type": "Feature", "properties": { "nome_area_": "PARQUE NACIONAL DA CHAPADA DOS VEADEIROS", "tipo_area_": "UC Federal - Proteção Integral", "esferaadmi": "Federal", "nomeunidad": "PARQUE NACIONAL DA CHAPADA DOS VEADEIROS", "grupo": "Proteção Integral - PI", "ano": "2025", "mes_ano": "7-2025", "nm_municip": "ALTO PARAISO DE GOIAS", "nome": "Alto Paraíso de Goiás", "meso_ibge": "Norte Goiano", "micro_ibge": "Chapada dos Veadeiros", "geocodigo": 5200605.0, "area_ha": 0.260497 }, "geometry": { "type": "Polygon", "coordinates": [ [ [ -47.191196820650823, -13.939337926739436 ], [ -47.192005304406536, -13.939337926739436 ], [ -47.192005304406536, -13.939068432154199 ], [ -47.191196820650823, -13.939068432154199 ], [ -47.191196820650823, -13.939337926739436 ] ] ] } },
{ "type": "Feature", "properties": { "nome_area_": "PARQUE NACIONAL DA CHAPADA DOS VEADEIROS", "tipo_area_": "UC Federal - Proteção Integral", "esferaadmi": "Federal", "nomeunidad": "PARQUE NACIONAL DA CHAPADA DOS VEADEIROS", "grupo": "Proteção Integral - PI", "ano": "2025", "mes_ano": "6-2025", "nm_municip": "ALTO PARAISO DE GOIAS", "nome": "Alto Paraíso de Goiás", "meso_ibge": "Norte Goiano", "micro_ibge": "Chapada dos Veadeiros", "geocodigo": 5200605.0, "area_ha": 0.086787 }, "geometry": { "type": "Polygon", "coordinates": [ [ [ -47.642330756335653, -14.062766446777458 ], [ -47.642600250920886, -14.062766446777458 ], [ -47.642600250920886, -14.062496952192221 ], [ -47.642330756335653, -14.062496952192221 ], [ -47.642330756335653, -14.062766446777458 ] ] ] } },
{ "type": "Feature", "properties": { "nome_area_": "PARQUE NACIONAL DA CHAPADA DOS VEADEIROS", "tipo_area_": "UC Federal - Proteção Integral", "esferaadmi": "Federal", "nomeunidad": "PARQUE NACIONAL DA CHAPADA DOS VEADEIROS", "grupo": "Proteção Integral - PI", "ano": "2025", "mes_ano": "7-2025", "nm_municip": "ALTO PARAISO DE GOIAS", "nome": "Alto Paraíso de Goiás", "meso_ibge": "Norte Goiano", "micro_ibge": "Chapada dos Veadeiros", "geocodigo": 5200605.0, "area_ha": 0.086833 }, "geometry": { "type": "Polygon", "coordinates": [ [ [ -47.190657831480351, -13.938259948398493 ], [ -47.190927326065591, -13.938259948398493 ], [ -47.190927326065591, -13.937990453813256 ], [ -47.190657831480351, -13.937990453813256 ], [ -47.190657831480351, -13.938259948398493 ] ] ] } },
{ "type": "Feature", "properties": { "nome_area_": "PARQUE NACIONAL DA CHAPADA DOS VEADEIROS", "tipo_area_": "UC Federal - Proteção Integral", "esferaadmi": "Federal", "nomeunidad": "PARQUE NACIONAL DA CHAPADA DOS VEADEIROS", "grupo": "Proteção Integral - PI", "ano": "2025", "mes_ano": "6-2025", "nm_municip": "ALTO PARAISO DE GOIAS", "nome": "Alto Paraíso de Goiás", "meso_ibge": "Norte Goiano", "micro_ibge": "Chapada dos Veadeiros", "geocodigo": 5200605.0, "area_ha": 0.520722 }, "geometry": { "type": "Polygon", "coordinates": [ [ [ -47.64745115345513, -14.062766446777458 ], [ -47.647990142625602, -14.062766446777458 ], [ -47.647990142625602, -14.061957963021751 ], [ -47.64745115345513, -14.061957963021751 ], [ -47.64745115345513, -14.062766446777458 ] ] ] } },
{ "type": "Feature", "properties": { "nome_area_": "PARQUE NACIONAL DA CHAPADA DOS VEADEIROS", "tipo_area_": "UC Federal - Proteção Integral", "esferaadmi": "Federal", "nomeunidad": "PARQUE NACIONAL DA CHAPADA DOS VEADEIROS", "grupo": "Proteção Integral - PI", "ano": "2025", "mes_ano": "6-2025", "nm_municip": "ALTO PARAISO DE GOIAS", "nome": "Alto Paraíso de Goiás", "meso_ibge": "Norte Goiano", "micro_ibge": "Chapada dos Veadeiros", "geocodigo": 5200605.0, "area_ha": 0.086162 }, "geometry": { "type": "Polygon", "coordinates": [ [ [ -47.650146099307491, -14.062304522961336 ], [ -47.650146099307491, -14.062496952192221 ], [ -47.650415593892724, -14.062496952192221 ], [ -47.650415593892724, -14.062301559778575 ], [ -47.650146099307491, -14.062304522961336 ] ] ] } },
{ "type": "Feature", "properties": { "nome_area_": "PARQUE NACIONAL DA CHAPADA DOS VEADEIROS", "tipo_area_": "UC Federal - Proteção Integral", "esferaadmi": "Federal", "nomeunidad": "PARQUE NACIONAL DA CHAPADA DOS VEADEIROS", "grupo": "Proteção Integral - PI", "ano": "2025", "mes_ano": "7-2025", "nm_municip": "ALTO PARAISO DE GOIAS", "nome": "Alto Paraíso de Goiás", "meso_ibge": "Norte Goiano", "micro_ibge": "Chapada dos Veadeiros", "geocodigo": 5200605.0, "area_ha": 0.434167 }, "geometry": { "type": "Polygon", "coordinates": [ [ [ -47.184998445190402, -13.936373486301841 ], [ -47.186345918116579, -13.936373486301841 ], [ -47.186345918116579, -13.936103991716605 ], [ -47.184998445190402, -13.936103991716605 ], [ -47.184998445190402, -13.936373486301841 ] ] ] } },
{ "type": "Feature", "properties": { "nome_area_": "PARQUE NACIONAL DA CHAPADA DOS VEADEIROS", "tipo_area_": "UC Federal - Proteção Integral", "esferaadmi": "Federal", "nomeunidad": "PARQUE NACIONAL DA CHAPADA DOS VEADEIROS", "grupo": "Proteção Integral - PI", "ano": "2025", "mes_ano": "6-2025", "nm_municip": "ALTO PARAISO DE GOIAS", "nome": "Alto Paraíso de Goiás", "meso_ibge": "Norte Goiano", "micro_ibge": "Chapada dos Veadeiros", "geocodigo": 5200605.0, "area_ha": 0.086781 }, "geometry": { "type": "Polygon", "coordinates": [ [ [ -47.634515413363808, -14.078397132721138 ], [ -47.634784907949047, -14.078397132721138 ], [ -47.634784907949047, -14.078127638135902 ], [ -47.634515413363808, -14.078127638135902 ], [ -47.634515413363808, -14.078397132721138 ] ] ] } },
{ "type": "Feature", "properties": { "nome_area_": "PARQUE NACIONAL DA CHAPADA DOS VEADEIROS", "tipo_area_": "UC Federal - Proteção Integral", "esferaadmi": "Federal", "nomeunidad": "PARQUE NACIONAL DA CHAPADA DOS VEADEIROS", "grupo": "Proteção Integral - PI", "ano": "2025", "mes_ano": "6-2025", "nm_municip": "ALTO PARAISO DE GOIAS", "nome": "Alto Paraíso de Goiás", "meso_ibge": "Norte Goiano", "micro_ibge": "Chapada dos Veadeiros", "geocodigo": 5200605.0, "area_ha": 0.086781 }, "geometry": { "type": "Polygon", "coordinates": [ [ [ -47.634784907949047, -14.078127638135902 ], [ -47.63505440253428, -14.078127638135902 ], [ -47.63505440253428, -14.077858143550666 ], [ -47.634784907949047, -14.077858143550666 ], [ -47.634784907949047, -14.078127638135902 ] ] ] } },
{ "type": "Feature", "properties": { "nome_area_": "PARQUE NACIONAL DA CHAPADA DOS VEADEIROS", "tipo_area_": "UC Federal - Proteção Integral", "esferaadmi": "Federal", "nomeunidad": "PARQUE NACIONAL DA CHAPADA DOS VEADEIROS", "grupo": "Proteção Integral - PI", "ano": "2025", "mes_ano": "6-2025", "nm_municip": "ALTO PARAISO DE GOIAS", "nome": "Alto Paraíso de Goiás", "meso_ibge": "Norte Goiano", "micro_ibge": "Chapada dos Veadeiros", "geocodigo": 5200605.0, "area_ha": 0.520689 }, "geometry": { "type": "Polygon", "coordinates": [ [ [ -47.63532389711952, -14.077858143550666 ], [ -47.635593391704752, -14.077858143550666 ], [ -47.635593391704752, -14.07624117603925 ], [ -47.63532389711952, -14.07624117603925 ], [ -47.63532389711952, -14.077858143550666 ] ] ] } },
{ "type": "Feature", "properties": { "nome_area_": "PARQUE NACIONAL DA CHAPADA DOS VEADEIROS", "tipo_area_": "UC Federal - Proteção Integral", "esferaadmi": "Federal", "nomeunidad": "PARQUE NACIONAL DA CHAPADA DOS VEADEIROS", "grupo": "Proteção Integral - PI", "ano": "2025", "mes_ano": "6-2025", "nm_municip": "ALTO PARAISO DE GOIAS", "nome": "Alto Paraíso de Goiás", "meso_ibge": "Norte Goiano", "micro_ibge": "Chapada dos Veadeiros", "geocodigo": 5200605.0, "area_ha": 29.159376 }, "geometry": { "type": "Polygon", "coordinates": [ [ [ -47.636132380875225, -14.067078360141231 ], [ -47.635862886289992, -14.067078360141231 ], [ -47.635862886289992, -14.067617349311703 ], [ -47.635593391704752, -14.067617349311703 ], [ -47.635593391704752, -14.068964822237882 ], [ -47.63505440253428, -14.068964822237882 ], [ -47.63505440253428, -14.069234316823119 ], [ -47.634784907949047, -14.069234316823119 ], [ -47.634784907949047, -14.069503811408355 ], [ -47.634515413363808, -14.069503811408355 ], [ -47.634515413363808, -14.070042800578825 ], [ -47.634245918778575, -14.070042800578825 ], [ -47.634245918778575, -14.070312295164062 ], [ -47.633706929608103, -14.070312295164062 ], [ -47.633706929608103, -14.071390273505006 ], [ -47.63343743502287, -14.071390273505006 ], [ -47.63343743502287, -14.071659768090241 ], [ -47.631820467511453, -14.071659768090241 ], [ -47.631820467511453, -14.071929262675477 ], [ -47.631550972926213, -14.071929262675477 ], [ -47.631550972926213, -14.073276735601656 ], [ -47.634515413363808, -14.073276735601656 ], [ -47.634515413363808, -14.073546230186892 ], [ -47.635862886289992, -14.073546230186892 ], [ -47.635862886289992, -14.075432692283544 ], [ -47.636671370045697, -14.075432692283544 ], [ -47.636671370045697, -14.072198757260713 ], [ -47.63694086463093, -14.072198757260713 ], [ -47.63694086463093, -14.071659768090241 ], [ -47.637479853801402, -14.071659768090241 ], [ -47.637479853801402, -14.068695327652646 ], [ -47.638557832142347, -14.068695327652646 ], [ -47.638557832142347, -14.068425833067412 ], [ -47.638018842971874, -14.068425833067412 ], [ -47.638018842971874, -14.066808865555995 ], [ -47.636132380875225, -14.066808865555995 ], [ -47.636132380875225, -14.067078360141231 ] ] ] } },
{ "type": "Feature", "properties": { "nome_area_": "PARQUE NACIONAL DA CHAPADA DOS VEADEIROS", "tipo_area_": "UC Federal - Proteção Integral", "esferaadmi": "Federal", "nomeunidad": "PARQUE NACIONAL DA CHAPADA DOS VEADEIROS", "grupo": "Proteção Integral - PI", "ano": "2025", "mes_ano": "7-2025", "nm_municip": "ALTO PARAISO DE GOIAS", "nome": "Alto Paraíso de Goiás", "meso_ibge": "Norte Goiano", "micro_ibge": "Chapada dos Veadeiros", "geocodigo": 5200605.0, "area_ha": 0.434213 }, "geometry": { "type": "Polygon", "coordinates": [ [ [ -47.173829788999967, -13.911283744999935 ], [ -47.174757650951442, -13.911310489874907 ], [ -47.174757650951442, -13.911040995289671 ], [ -47.174046590828958, -13.911040995289671 ], [ -47.173829788999967, -13.911283744999935 ] ] ] } },
{ "type": "Feature", "properties": { "nome_area_": "PARQUE NACIONAL DA CHAPADA DOS VEADEIROS", "tipo_area_": "UC Federal - Proteção Integral", "esferaadmi": "Federal", "nomeunidad": "PARQUE NACIONAL DA CHAPADA DOS VEADEIROS", "grupo": "Proteção Integral - PI", "ano": "2025", "mes_ano": "6-2025", "nm_municip": "ALTO PARAISO DE GOIAS", "nome": "Alto Paraíso de Goiás", "meso_ibge": "Norte Goiano", "micro_ibge": "Chapada dos Veadeiros", "geocodigo": 5200605.0, "area_ha": 1.388524 }, "geometry": { "type": "Polygon", "coordinates": [ [ [ -47.657152958523625, -14.074893703113071 ], [ -47.65769194769409, -14.074893703113071 ], [ -47.65769194769409, -14.072737746431185 ], [ -47.657152958523625, -14.072737746431185 ], [ -47.657152958523625, -14.074893703113071 ] ] ] } },
{ "type": "Feature", "properties": { "nome_area_": "PARQUE NACIONAL DA CHAPADA DOS VEADEIROS", "tipo_area_": "UC Federal - Proteção Integral", "esferaadmi": "Federal", "nomeunidad": "PARQUE NACIONAL DA CHAPADA DOS VEADEIROS", "grupo": "Proteção Integral - PI", "ano": "2025", "mes_ano": "6-2025", "nm_municip": "ALTO PARAISO DE GOIAS", "nome": "Alto Paraíso de Goiás", "meso_ibge": "Norte Goiano", "micro_ibge": "Chapada dos Veadeiros", "geocodigo": 5200605.0, "area_ha": 16.228494 }, "geometry": { "type": "Polygon", "coordinates": [ [ [ -47.647181658869897, -14.070581789749298 ], [ -47.646912164284657, -14.070581789749298 ], [ -47.646912164284657, -14.073546230186892 ], [ -47.647181658869897, -14.073546230186892 ], [ -47.647181658869897, -14.073815724772128 ], [ -47.649607110137019, -14.073815724772128 ], [ -47.649607110137019, -14.073546230186892 ], [ -47.650954583063196, -14.073546230186892 ], [ -47.650954583063196, -14.070581789749298 ], [ -47.650685088477964, -14.070581789749298 ], [ -47.650685088477964, -14.070312295164062 ], [ -47.647181658869897, -14.070312295164062 ], [ -47.647181658869897, -14.070581789749298 ] ] ] } },
{ "type": "Feature", "properties": { "nome_area_": "PARQUE NACIONAL DA CHAPADA DOS VEADEIROS", "tipo_area_": "UC Federal - Proteção Integral", "esferaadmi": "Federal", "nomeunidad": "PARQUE NACIONAL DA CHAPADA DOS VEADEIROS", "grupo": "Proteção Integral - PI", "ano": "2025", "mes_ano": "6-2025", "nm_municip": "ALTO PARAISO DE GOIAS", "nome": "Alto Paraíso de Goiás", "meso_ibge": "Norte Goiano", "micro_ibge": "Chapada dos Veadeiros", "geocodigo": 5200605.0, "area_ha": 18.2251 }, "geometry": { "type": "Polygon", "coordinates": [ [ [ -47.639096821312819, -14.060879984680806 ], [ -47.638827326727586, -14.060879984680806 ], [ -47.638827326727586, -14.061149479266042 ], [ -47.638557832142347, -14.061149479266042 ], [ -47.638557832142347, -14.066269876385524 ], [ -47.641791767165181, -14.066269876385524 ], [ -47.641791767165181, -14.069234316823119 ], [ -47.639635810483291, -14.069234316823119 ], [ -47.639635810483291, -14.069503811408355 ], [ -47.642330756335653, -14.069503811408355 ], [ -47.642330756335653, -14.068156338482176 ], [ -47.643408734676591, -14.068156338482176 ], [ -47.643408734676591, -14.065730887215052 ], [ -47.641791767165181, -14.065730887215052 ], [ -47.641791767165181, -14.065461392629816 ], [ -47.639096821312819, -14.065461392629816 ], [ -47.639096821312819, -14.063574930533166 ], [ -47.639366315898059, -14.063574930533166 ], [ -47.639366315898059, -14.063035941362694 ], [ -47.640983283409469, -14.063035941362694 ], [ -47.640983283409469, -14.062496952192221 ], [ -47.641791767165181, -14.062496952192221 ], [ -47.641791767165181, -14.062227457606987 ], [ -47.641522272579941, -14.062227457606987 ], [ -47.641522272579941, -14.061957963021751 ], [ -47.640713788824236, -14.061957963021751 ], [ -47.640713788824236, -14.060610490095572 ], [ -47.640174799653764, -14.060610490095572 ], [ -47.640174799653764, -14.060340995510336 ], [ -47.639096821312819, -14.060340995510336 ], [ -47.639096821312819, -14.060879984680806 ] ] ] } },
{ "type": "Feature", "properties": { "nome_area_": "PARQUE NACIONAL DA CHAPADA DOS VEADEIROS", "tipo_area_": "UC Federal - Proteção Integral", "esferaadmi": "Federal", "nomeunidad": "PARQUE NACIONAL DA CHAPADA DOS VEADEIROS", "grupo": "Proteção Integral - PI", "ano": "2025", "mes_ano": "6-2025", "nm_municip": "ALTO PARAISO DE GOIAS", "nome": "Alto Paraíso de Goiás", "meso_ibge": "Norte Goiano", "micro_ibge": "Chapada dos Veadeiros", "geocodigo": 5200605.0, "area_ha": 6.162756 }, "geometry": { "type": "Polygon", "coordinates": [ [ [ -47.432663969022151, -14.028271139867268 ], [ -47.432394474436919, -14.028271139867268 ], [ -47.432394474436919, -14.029349118208211 ], [ -47.432663969022151, -14.029349118208211 ], [ -47.432663969022151, -14.029618612793447 ], [ -47.433741947363096, -14.029618612793447 ], [ -47.433741947363096, -14.029349118208211 ], [ -47.436167398630218, -14.029349118208211 ], [ -47.436167398630218, -14.028271139867268 ], [ -47.435628409459746, -14.028271139867268 ], [ -47.435628409459746, -14.028001645282032 ], [ -47.432663969022151, -14.028001645282032 ], [ -47.432663969022151, -14.028271139867268 ] ] ] } },
{ "type": "Feature", "properties": { "nome_area_": "PARQUE NACIONAL DA CHAPADA DOS VEADEIROS", "tipo_area_": "UC Federal - Proteção Integral", "esferaadmi": "Federal", "nomeunidad": "PARQUE NACIONAL DA CHAPADA DOS VEADEIROS", "grupo": "Proteção Integral - PI", "ano": "2025", "mes_ano": "6-2025", "nm_municip": "ALTO PARAISO DE GOIAS", "nome": "Alto Paraíso de Goiás", "meso_ibge": "Norte Goiano", "micro_ibge": "Chapada dos Veadeiros", "geocodigo": 5200605.0, "area_ha": 2.517809 }, "geometry": { "type": "Polygon", "coordinates": [ [ [ -47.201976604060263, -13.970868793212031 ], [ -47.203593571571673, -13.970868793212031 ], [ -47.203593571571673, -13.969790814871088 ], [ -47.203324076986441, -13.969790814871088 ], [ -47.203324076986441, -13.969521320285851 ], [ -47.201976604060263, -13.969521320285851 ], [ -47.201976604060263, -13.970868793212031 ] ] ] } },
{ "type": "Feature", "properties": { "nome_area_": "PARQUE NACIONAL DA CHAPADA DOS VEADEIROS", "tipo_area_": "UC Federal - Proteção Integral", "esferaadmi": "Federal", "nomeunidad": "PARQUE NACIONAL DA CHAPADA DOS VEADEIROS", "grupo": "Proteção Integral - PI", "ano": "2025", "mes_ano": "6-2025", "nm_municip": "ALTO PARAISO DE GOIAS", "nome": "Alto Paraíso de Goiás", "meso_ibge": "Norte Goiano", "micro_ibge": "Chapada dos Veadeiros", "geocodigo": 5200605.0, "area_ha": 3.993791 }, "geometry": { "type": "Polygon", "coordinates": [ [ [ -47.206827506594507, -13.969521320285851 ], [ -47.205749528253563, -13.969521320285851 ], [ -47.205749528253563, -13.970599298626794 ], [ -47.20709700117974, -13.970599298626794 ], [ -47.20709700117974, -13.967904352774436 ], [ -47.208174979520685, -13.967904352774436 ], [ -47.208174979520685, -13.966826374433493 ], [ -47.206827506594507, -13.966826374433493 ], [ -47.206827506594507, -13.969521320285851 ] ] ] } },
{ "type": "Feature", "properties": { "nome_area_": "PARQUE NACIONAL DA CHAPADA DOS VEADEIROS", "tipo_area_": "UC Federal - Proteção Integral", "esferaadmi": "Federal", "nomeunidad": "PARQUE NACIONAL DA CHAPADA DOS VEADEIROS", "grupo": "Proteção Integral - PI", "ano": "2025", "mes_ano": "6-2025", "nm_municip": "ALTO PARAISO DE GOIAS", "nome": "Alto Paraíso de Goiás", "meso_ibge": "Norte Goiano", "micro_ibge": "Chapada dos Veadeiros", "geocodigo": 5200605.0, "area_ha": 24.475901 }, "geometry": { "type": "Polygon", "coordinates": [ [ [ -47.460421911301445, -14.04120687995859 ], [ -47.459882922130973, -14.04120687995859 ], [ -47.459882922130973, -14.041745869129061 ], [ -47.45961342754574, -14.041745869129061 ], [ -47.45961342754574, -14.042284858299533 ], [ -47.455301514181969, -14.042284858299533 ], [ -47.455301514181969, -14.042554352884769 ], [ -47.455032019596729, -14.042554352884769 ], [ -47.455032019596729, -14.043632331225712 ], [ -47.455840503352434, -14.043632331225712 ], [ -47.455840503352434, -14.044440814981419 ], [ -47.457457470863851, -14.044440814981419 ], [ -47.457457470863851, -14.046057782492834 ], [ -47.457726965449091, -14.046057782492834 ], [ -47.457726965449091, -14.04632727707807 ], [ -47.458804943790028, -14.04632727707807 ], [ -47.458804943790028, -14.046057782492834 ], [ -47.459074438375268, -14.046057782492834 ], [ -47.459074438375268, -14.045518793322364 ], [ -47.460152416716213, -14.045518793322364 ], [ -47.460152416716213, -14.044979804151891 ], [ -47.460691405886685, -14.044979804151891 ], [ -47.460691405886685, -14.043362836640476 ], [ -47.460960900471918, -14.043362836640476 ], [ -47.460960900471918, -14.042823847470004 ], [ -47.461230395057157, -14.042823847470004 ], [ -47.461230395057157, -14.041745869129061 ], [ -47.462577867983335, -14.041745869129061 ], [ -47.462577867983335, -14.040667890788118 ], [ -47.461769384227622, -14.040667890788118 ], [ -47.461769384227622, -14.040128901617646 ], [ -47.460421911301445, -14.040128901617646 ], [ -47.460421911301445, -14.04120687995859 ] ] ] } },
{ "type": "Feature", "properties": { "nome_area_": "PARQUE NACIONAL DA CHAPADA DOS VEADEIROS", "tipo_area_": "UC Federal - Proteção Integral", "esferaadmi": "Federal", "nomeunidad": "PARQUE NACIONAL DA CHAPADA DOS VEADEIROS", "grupo": "Proteção Integral - PI", "ano": "2025", "mes_ano": "6-2025", "nm_municip": "ALTO PARAISO DE GOIAS", "nome": "Alto Paraíso de Goiás", "meso_ibge": "Norte Goiano", "micro_ibge": "Chapada dos Veadeiros", "geocodigo": 5200605.0, "area_ha": 11.109966 }, "geometry": { "type": "Polygon", "coordinates": [ [ [ -47.454223535841024, -14.038242439520996 ], [ -47.456648987108146, -14.038242439520996 ], [ -47.456648987108146, -14.03797294493576 ], [ -47.456918481693378, -14.03797294493576 ], [ -47.456918481693378, -14.036894966594815 ], [ -47.456648987108146, -14.036894966594815 ], [ -47.456648987108146, -14.035008504498165 ], [ -47.456379492522906, -14.035008504498165 ], [ -47.456379492522906, -14.034469515327693 ], [ -47.454223535841024, -14.034469515327693 ], [ -47.454223535841024, -14.038242439520996 ] ] ] } },
{ "type": "Feature", "properties": { "nome_area_": "PARQUE NACIONAL DA CHAPADA DOS VEADEIROS", "tipo_area_": "UC Federal - Proteção Integral", "esferaadmi": "Federal", "nomeunidad": "PARQUE NACIONAL DA CHAPADA DOS VEADEIROS", "grupo": "Proteção Integral - PI", "ano": "2025", "mes_ano": "7-2025", "nm_municip": "ALTO PARAISO DE GOIAS", "nome": "Alto Paraíso de Goiás", "meso_ibge": "Norte Goiano", "micro_ibge": "Chapada dos Veadeiros", "geocodigo": 5200605.0, "area_ha": 0.173657 }, "geometry": { "type": "Polygon", "coordinates": [ [ [ -47.199012163622669, -13.95011771014887 ], [ -47.199551152793134, -13.95011771014887 ], [ -47.199551152793134, -13.949848215563634 ], [ -47.199012163622669, -13.949848215563634 ], [ -47.199012163622669, -13.95011771014887 ] ] ] } },
{ "type": "Feature", "properties": { "nome_area_": "PARQUE NACIONAL DA CHAPADA DOS VEADEIROS", "tipo_area_": "UC Federal - Proteção Integral", "esferaadmi": "Federal", "nomeunidad": "PARQUE NACIONAL DA CHAPADA DOS VEADEIROS", "grupo": "Proteção Integral - PI", "ano": "2025", "mes_ano": "6-2025", "nm_municip": "ALTO PARAISO DE GOIAS", "nome": "Alto Paraíso de Goiás", "meso_ibge": "Norte Goiano", "micro_ibge": "Chapada dos Veadeiros", "geocodigo": 5200605.0, "area_ha": 0.086762 }, "geometry": { "type": "Polygon", "coordinates": [ [ [ -47.758213427987066, -14.130679082256894 ], [ -47.758482922572306, -14.130679082256894 ], [ -47.758482922572306, -14.130409587671657 ], [ -47.758213427987066, -14.130409587671657 ], [ -47.758213427987066, -14.130679082256894 ] ] ] } },
{ "type": "Feature", "properties": { "nome_area_": "PARQUE NACIONAL DA CHAPADA DOS VEADEIROS", "tipo_area_": "UC Federal - Proteção Integral", "esferaadmi": "Federal", "nomeunidad": "PARQUE NACIONAL DA CHAPADA DOS VEADEIROS", "grupo": "Proteção Integral - PI", "ano": "2025", "mes_ano": "6-2025", "nm_municip": "ALTO PARAISO DE GOIAS", "nome": "Alto Paraíso de Goiás", "meso_ibge": "Norte Goiano", "micro_ibge": "Chapada dos Veadeiros", "geocodigo": 5200605.0, "area_ha": 0.173532 }, "geometry": { "type": "Polygon", "coordinates": [ [ [ -47.626430575806737, -14.118821320506516 ], [ -47.626969564977209, -14.118821320506516 ], [ -47.626969564977209, -14.11855182592128 ], [ -47.626430575806737, -14.11855182592128 ], [ -47.626430575806737, -14.118821320506516 ] ] ] } },
{ "type": "Feature", "properties": { "nome_area_": "PARQUE NACIONAL DA CHAPADA DOS VEADEIROS", "tipo_area_": "UC Federal - Proteção Integral", "esferaadmi": "Federal", "nomeunidad": "PARQUE NACIONAL DA CHAPADA DOS VEADEIROS", "grupo": "Proteção Integral - PI", "ano": "2025", "mes_ano": "6-2025", "nm_municip": "ALTO PARAISO DE GOIAS", "nome": "Alto Paraíso de Goiás", "meso_ibge": "Norte Goiano", "micro_ibge": "Chapada dos Veadeiros", "geocodigo": 5200605.0, "area_ha": 0.347077 }, "geometry": { "type": "Polygon", "coordinates": [ [ [ -47.632359456681925, -14.111005977534676 ], [ -47.632628951267158, -14.111005977534676 ], [ -47.632628951267158, -14.109927999193733 ], [ -47.632359456681925, -14.109927999193733 ], [ -47.632359456681925, -14.111005977534676 ] ] ] } },
{ "type": "Feature", "properties": { "nome_area_": "PARQUE NACIONAL DA CHAPADA DOS VEADEIROS", "tipo_area_": "UC Federal - Proteção Integral", "esferaadmi": "Federal", "nomeunidad": "PARQUE NACIONAL DA CHAPADA DOS VEADEIROS", "grupo": "Proteção Integral - PI", "ano": "2025", "mes_ano": "6-2025", "nm_municip": "ALTO PARAISO DE GOIAS", "nome": "Alto Paraíso de Goiás", "meso_ibge": "Norte Goiano", "micro_ibge": "Chapada dos Veadeiros", "geocodigo": 5200605.0, "area_ha": 0.086772 }, "geometry": { "type": "Polygon", "coordinates": [ [ [ -47.645295196773247, -14.102651645392365 ], [ -47.64556469135848, -14.102651645392365 ], [ -47.64556469135848, -14.102382150807129 ], [ -47.645295196773247, -14.102382150807129 ], [ -47.645295196773247, -14.102651645392365 ] ] ] } },
{ "type": "Feature", "properties": { "nome_area_": "PARQUE NACIONAL DA CHAPADA DOS VEADEIROS", "tipo_area_": "UC Federal - Proteção Integral", "esferaadmi": "Federal", "nomeunidad": "PARQUE NACIONAL DA CHAPADA DOS VEADEIROS", "grupo": "Proteção Integral - PI", "ano": "2025", "mes_ano": "7-2025", "nm_municip": "ALTO PARAISO DE GOIAS", "nome": "Alto Paraíso de Goiás", "meso_ibge": "Norte Goiano", "micro_ibge": "Chapada dos Veadeiros", "geocodigo": 5200605.0, "area_ha": 0.173647 }, "geometry": { "type": "Polygon", "coordinates": [ [ [ -47.199820647378374, -13.963861933995899 ], [ -47.200359636548846, -13.963861933995899 ], [ -47.200359636548846, -13.963592439410663 ], [ -47.199820647378374, -13.963592439410663 ], [ -47.199820647378374, -13.963861933995899 ] ] ] } },
{ "type": "Feature", "properties": { "nome_area_": "PARQUE NACIONAL DA CHAPADA DOS VEADEIROS", "tipo_area_": "UC Federal - Proteção Integral", "esferaadmi": "Federal", "nomeunidad": "PARQUE NACIONAL DA CHAPADA DOS VEADEIROS", "grupo": "Proteção Integral - PI", "ano": "2025", "mes_ano": "6-2025", "nm_municip": "ALTO PARAISO DE GOIAS", "nome": "Alto Paraíso de Goiás", "meso_ibge": "Norte Goiano", "micro_ibge": "Chapada dos Veadeiros", "geocodigo": 5200605.0, "area_ha": 0.173546 }, "geometry": { "type": "Polygon", "coordinates": [ [ [ -47.69299573835999, -14.100495688710478 ], [ -47.69326523294523, -14.100495688710478 ], [ -47.69326523294523, -14.099956699540005 ], [ -47.69299573835999, -14.099956699540005 ], [ -47.69299573835999, -14.100495688710478 ] ] ] } },
{ "type": "Feature", "properties": { "nome_area_": "PARQUE NACIONAL DA CHAPADA DOS VEADEIROS", "tipo_area_": "UC Federal - Proteção Integral", "esferaadmi": "Federal", "nomeunidad": "PARQUE NACIONAL DA CHAPADA DOS VEADEIROS", "grupo": "Proteção Integral - PI", "ano": "2025", "mes_ano": "6-2025", "nm_municip": "ALTO PARAISO DE GOIAS", "nome": "Alto Paraíso de Goiás", "meso_ibge": "Norte Goiano", "micro_ibge": "Chapada dos Veadeiros", "geocodigo": 5200605.0, "area_ha": 0.780813 }, "geometry": { "type": "Polygon", "coordinates": [ [ [ -47.777886532709289, -14.144423306103922 ], [ -47.778156027294521, -14.144423306103922 ], [ -47.778156027294521, -14.1419978548368 ], [ -47.777886532709289, -14.1419978548368 ], [ -47.777886532709289, -14.144423306103922 ] ] ] } },
{ "type": "Feature", "properties": { "nome_area_": "PARQUE NACIONAL DA CHAPADA DOS VEADEIROS", "tipo_area_": "UC Federal - Proteção Integral", "esferaadmi": "Federal", "nomeunidad": "PARQUE NACIONAL DA CHAPADA DOS VEADEIROS", "grupo": "Proteção Integral - PI", "ano": "2025", "mes_ano": "7-2025", "nm_municip": "ALTO PARAISO DE GOIAS", "nome": "Alto Paraíso de Goiás", "meso_ibge": "Norte Goiano", "micro_ibge": "Chapada dos Veadeiros", "geocodigo": 5200605.0, "area_ha": 0.347304 }, "geometry": { "type": "Polygon", "coordinates": [ [ [ -47.192005304406536, -13.957394063950238 ], [ -47.192274798991768, -13.957394063950238 ], [ -47.192274798991768, -13.956316085609295 ], [ -47.192005304406536, -13.956316085609295 ], [ -47.192005304406536, -13.957394063950238 ] ] ] } },
{ "type": "Feature", "properties": { "nome_area_": "PARQUE NACIONAL DA CHAPADA DOS VEADEIROS", "tipo_area_": "UC Federal - Proteção Integral", "esferaadmi": "Federal", "nomeunidad": "PARQUE NACIONAL DA CHAPADA DOS VEADEIROS", "grupo": "Proteção Integral - PI", "ano": "2025", "mes_ano": "6-2025", "nm_municip": "ALTO PARAISO DE GOIAS", "nome": "Alto Paraíso de Goiás", "meso_ibge": "Norte Goiano", "micro_ibge": "Chapada dos Veadeiros", "geocodigo": 5200605.0, "area_ha": 0.347038 }, "geometry": { "type": "Polygon", "coordinates": [ [ [ -47.767915233055561, -14.137146952302555 ], [ -47.768184727640794, -14.137146952302555 ], [ -47.768184727640794, -14.13606897396161 ], [ -47.767915233055561, -14.13606897396161 ], [ -47.767915233055561, -14.137146952302555 ] ] ] } },
{ "type": "Feature", "properties": { "nome_area_": "PARQUE NACIONAL DA CHAPADA DOS VEADEIROS", "tipo_area_": "UC Federal - Proteção Integral", "esferaadmi": "Federal", "nomeunidad": "PARQUE NACIONAL DA CHAPADA DOS VEADEIROS", "grupo": "Proteção Integral - PI", "ano": "2025", "mes_ano": "7-2025", "nm_municip": "ALTO PARAISO DE GOIAS", "nome": "Alto Paraíso de Goiás", "meso_ibge": "Norte Goiano", "micro_ibge": "Chapada dos Veadeiros", "geocodigo": 5200605.0, "area_ha": 0.52099 }, "geometry": { "type": "Polygon", "coordinates": [ [ [ -47.198742669037429, -13.941763378006559 ], [ -47.199012163622669, -13.941763378006559 ], [ -47.199012163622669, -13.940146410495144 ], [ -47.198742669037429, -13.940146410495144 ], [ -47.198742669037429, -13.941763378006559 ] ] ] } },
{ "type": "Feature", "properties": { "nome_area_": "PARQUE NACIONAL DA CHAPADA DOS VEADEIROS", "tipo_area_": "UC Federal - Proteção Integral", "esferaadmi": "Federal", "nomeunidad": "PARQUE NACIONAL DA CHAPADA DOS VEADEIROS", "grupo": "Proteção Integral - PI", "ano": "2025", "mes_ano": "6-2025", "nm_municip": "ALTO PARAISO DE GOIAS", "nome": "Alto Paraíso de Goiás", "meso_ibge": "Norte Goiano", "micro_ibge": "Chapada dos Veadeiros", "geocodigo": 5200605.0, "area_ha": 0.260281 }, "geometry": { "type": "Polygon", "coordinates": [ [ [ -47.767645738470321, -14.134452006450196 ], [ -47.767915233055561, -14.134452006450196 ], [ -47.767915233055561, -14.133643522694488 ], [ -47.767645738470321, -14.133643522694488 ], [ -47.767645738470321, -14.134452006450196 ] ] ] } },
{ "type": "Feature", "properties": { "nome_area_": "PARQUE NACIONAL DA CHAPADA DOS VEADEIROS", "tipo_area_": "UC Federal - Proteção Integral", "esferaadmi": "Federal", "nomeunidad": "PARQUE NACIONAL DA CHAPADA DOS VEADEIROS", "grupo": "Proteção Integral - PI", "ano": "2025", "mes_ano": "4-2025", "nm_municip": "ALTO PARAISO DE GOIAS", "nome": "Alto Paraíso de Goiás", "meso_ibge": "Norte Goiano", "micro_ibge": "Chapada dos Veadeiros", "geocodigo": 5200605.0, "area_ha": 1.736407 }, "geometry": { "type": "Polygon", "coordinates": [ [ [ -47.353163066377576, -13.972485760723446 ], [ -47.354510539303753, -13.972485760723446 ], [ -47.354510539303753, -13.971407782382503 ], [ -47.353163066377576, -13.971407782382503 ], [ -47.353163066377576, -13.972485760723446 ] ] ] } },
{ "type": "Feature", "properties": { "nome_area_": "PARQUE NACIONAL DA CHAPADA DOS VEADEIROS", "tipo_area_": "UC Federal - Proteção Integral", "esferaadmi": "Federal", "nomeunidad": "PARQUE NACIONAL DA CHAPADA DOS VEADEIROS", "grupo": "Proteção Integral - PI", "ano": "2025", "mes_ano": "7-2025", "nm_municip": "ALTO PARAISO DE GOIAS", "nome": "Alto Paraíso de Goiás", "meso_ibge": "Norte Goiano", "micro_ibge": "Chapada dos Veadeiros", "geocodigo": 5200605.0, "area_ha": 13.254682 }, "geometry": { "type": "Polygon", "coordinates": [ [ [ -47.175027145536674, -13.939803916516151 ], [ -47.176344406511681, -13.940954894250851 ], [ -47.176644113048091, -13.940954894250851 ], [ -47.176644113048091, -13.937990453813256 ], [ -47.177183102218564, -13.937990453813256 ], [ -47.177183102218564, -13.935295507960898 ], [ -47.176913607633324, -13.935295507960898 ], [ -47.176913607633324, -13.935026013375662 ], [ -47.176644113048091, -13.935026013375662 ], [ -47.176644113048091, -13.934756518790426 ], [ -47.176374618462852, -13.934756518790426 ], [ -47.176374618462852, -13.936373486301841 ], [ -47.175296640121914, -13.936373486301841 ], [ -47.175296640121914, -13.935295507960898 ], [ -47.174757650951442, -13.935295507960898 ], [ -47.174757650951442, -13.938798937568965 ], [ -47.175027145536674, -13.938798937568965 ], [ -47.175027145536674, -13.939803916516151 ] ] ] } },
{ "type": "Feature", "properties": { "nome_area_": "PARQUE NACIONAL DA CHAPADA DOS VEADEIROS", "tipo_area_": "UC Federal - Proteção Integral", "esferaadmi": "Federal", "nomeunidad": "PARQUE NACIONAL DA CHAPADA DOS VEADEIROS", "grupo": "Proteção Integral - PI", "ano": "2025", "mes_ano": "6-2025", "nm_municip": "ALTO PARAISO DE GOIAS", "nome": "Alto Paraíso de Goiás", "meso_ibge": "Norte Goiano", "micro_ibge": "Chapada dos Veadeiros", "geocodigo": 5200605.0, "area_ha": 0.086761 }, "geometry": { "type": "Polygon", "coordinates": [ [ [ -47.758752417157538, -14.133913017279724 ], [ -47.759021911742778, -14.133913017279724 ], [ -47.759021911742778, -14.133643522694488 ], [ -47.758752417157538, -14.133643522694488 ], [ -47.758752417157538, -14.133913017279724 ] ] ] } },
{ "type": "Feature", "properties": { "nome_area_": "PARQUE NACIONAL DA CHAPADA DOS VEADEIROS", "tipo_area_": "UC Federal - Proteção Integral", "esferaadmi": "Federal", "nomeunidad": "PARQUE NACIONAL DA CHAPADA DOS VEADEIROS", "grupo": "Proteção Integral - PI", "ano": "2025", "mes_ano": "6-2025", "nm_municip": "ALTO PARAISO DE GOIAS", "nome": "Alto Paraíso de Goiás", "meso_ibge": "Norte Goiano", "micro_ibge": "Chapada dos Veadeiros", "geocodigo": 5200605.0, "area_ha": 11.5414 }, "geometry": { "type": "Polygon", "coordinates": [ [ [ -47.646912164284657, -14.089715905301043 ], [ -47.649876604722252, -14.089715905301043 ], [ -47.649876604722252, -14.089446410715809 ], [ -47.650415593892724, -14.089446410715809 ], [ -47.650415593892724, -14.087290454033921 ], [ -47.649337615551779, -14.087290454033921 ], [ -47.649337615551779, -14.086751464863449 ], [ -47.646912164284657, -14.086751464863449 ], [ -47.646912164284657, -14.089715905301043 ] ] ] } },
{ "type": "Feature", "properties": { "nome_area_": "PARQUE NACIONAL DA CHAPADA DOS VEADEIROS", "tipo_area_": "UC Federal - Proteção Integral", "esferaadmi": "Federal", "nomeunidad": "PARQUE NACIONAL DA CHAPADA DOS VEADEIROS", "grupo": "Proteção Integral - PI", "ano": "2025", "mes_ano": "7-2025", "nm_municip": "ALTO PARAISO DE GOIAS", "nome": "Alto Paraíso de Goiás", "meso_ibge": "Norte Goiano", "micro_ibge": "Chapada dos Veadeiros", "geocodigo": 5200605.0, "area_ha": 0.086832 }, "geometry": { "type": "Polygon", "coordinates": [ [ [ -47.177722091389036, -13.940146410495144 ], [ -47.177991585974269, -13.940146410495144 ], [ -47.177991585974269, -13.939876915909908 ], [ -47.177722091389036, -13.939876915909908 ], [ -47.177722091389036, -13.940146410495144 ] ] ] } },
{ "type": "Feature", "properties": { "nome_area_": "PARQUE NACIONAL DA CHAPADA DOS VEADEIROS", "tipo_area_": "UC Federal - Proteção Integral", "esferaadmi": "Federal", "nomeunidad": "PARQUE NACIONAL DA CHAPADA DOS VEADEIROS", "grupo": "Proteção Integral - PI", "ano": "2025", "mes_ano": "6-2025", "nm_municip": "ALTO PARAISO DE GOIAS", "nome": "Alto Paraíso de Goiás", "meso_ibge": "Norte Goiano", "micro_ibge": "Chapada dos Veadeiros", "geocodigo": 5200605.0, "area_ha": 0.173554 }, "geometry": { "type": "Polygon", "coordinates": [ [ [ -47.651224077648436, -14.089446410715809 ], [ -47.651493572233669, -14.089446410715809 ], [ -47.651493572233669, -14.088907421545336 ], [ -47.651224077648436, -14.088907421545336 ], [ -47.651224077648436, -14.089446410715809 ] ] ] } },
{ "type": "Feature", "properties": { "nome_area_": "PARQUE NACIONAL DA CHAPADA DOS VEADEIROS", "tipo_area_": "UC Federal - Proteção Integral", "esferaadmi": "Federal", "nomeunidad": "PARQUE NACIONAL DA CHAPADA DOS VEADEIROS", "grupo": "Proteção Integral - PI", "ano": "2025", "mes_ano": "6-2025", "nm_municip": "ALTO PARAISO DE GOIAS", "nome": "Alto Paraíso de Goiás", "meso_ibge": "Norte Goiano", "micro_ibge": "Chapada dos Veadeiros", "geocodigo": 5200605.0, "area_ha": 0.173555 }, "geometry": { "type": "Polygon", "coordinates": [ [ [ -47.705661983866079, -14.0886379269601 ], [ -47.706200973036545, -14.0886379269601 ], [ -47.706200973036545, -14.088368432374864 ], [ -47.705661983866079, -14.088368432374864 ], [ -47.705661983866079, -14.0886379269601 ] ] ] } },
{ "type": "Feature", "properties": { "nome_area_": "PARQUE NACIONAL DA CHAPADA DOS VEADEIROS", "tipo_area_": "UC Federal - Proteção Integral", "esferaadmi": "Federal", "nomeunidad": "PARQUE NACIONAL DA CHAPADA DOS VEADEIROS", "grupo": "Proteção Integral - PI", "ano": "2025", "mes_ano": "6-2025", "nm_municip": "ALTO PARAISO DE GOIAS", "nome": "Alto Paraíso de Goiás", "meso_ibge": "Norte Goiano", "micro_ibge": "Chapada dos Veadeiros", "geocodigo": 5200605.0, "area_ha": 35.058894 }, "geometry": { "type": "Polygon", "coordinates": [ [ [ -47.630203500000036, -14.081361573158732 ], [ -47.630472994585276, -14.081361573158732 ], [ -47.630472994585276, -14.082978540670148 ], [ -47.630742489170508, -14.082978540670148 ], [ -47.630742489170508, -14.083248035255384 ], [ -47.631011983755741, -14.083248035255384 ], [ -47.631011983755741, -14.084595508181563 ], [ -47.631281478340981, -14.084595508181563 ], [ -47.631281478340981, -14.085134497352033 ], [ -47.631550972926213, -14.085134497352033 ], [ -47.631550972926213, -14.085673486522506 ], [ -47.634515413363808, -14.085673486522506 ], [ -47.634515413363808, -14.085942981107742 ], [ -47.634784907949047, -14.085942981107742 ], [ -47.634784907949047, -14.086212475692978 ], [ -47.63505440253428, -14.086212475692978 ], [ -47.63505440253428, -14.086481970278214 ], [ -47.63694086463093, -14.086481970278214 ], [ -47.63694086463093, -14.085942981107742 ], [ -47.636671370045697, -14.085942981107742 ], [ -47.636671370045697, -14.085673486522506 ], [ -47.636401875460464, -14.085673486522506 ], [ -47.636401875460464, -14.08540399193727 ], [ -47.636132380875225, -14.08540399193727 ], [ -47.636132380875225, -14.084865002766797 ], [ -47.635862886289992, -14.084865002766797 ], [ -47.635862886289992, -14.084326013596327 ], [ -47.635593391704752, -14.084326013596327 ], [ -47.635593391704752, -14.083787024425854 ], [ -47.63532389711952, -14.083787024425854 ], [ -47.63532389711952, -14.083517529840618 ], [ -47.63505440253428, -14.083517529840618 ], [ -47.63505440253428, -14.083248035255384 ], [ -47.634784907949047, -14.083248035255384 ], [ -47.634784907949047, -14.082170056914439 ], [ -47.634515413363808, -14.082170056914439 ], [ -47.634515413363808, -14.081361573158732 ], [ -47.634245918778575, -14.081361573158732 ], [ -47.634245918778575, -14.079205616476845 ], [ -47.630203500000036, -14.079205616476845 ], [ -47.630203500000036, -14.081361573158732 ] ] ] } },
{ "type": "Feature", "properties": { "nome_area_": "PARQUE NACIONAL DA CHAPADA DOS VEADEIROS", "tipo_area_": "UC Federal - Proteção Integral", "esferaadmi": "Federal", "nomeunidad": "PARQUE NACIONAL DA CHAPADA DOS VEADEIROS", "grupo": "Proteção Integral - PI", "ano": "2025", "mes_ano": "6-2025", "nm_municip": "ALTO PARAISO DE GOIAS", "nome": "Alto Paraíso de Goiás", "meso_ibge": "Norte Goiano", "micro_ibge": "Chapada dos Veadeiros", "geocodigo": 5200605.0, "area_ha": 0.781012 }, "geometry": { "type": "Polygon", "coordinates": [ [ [ -47.646373175114185, -14.083787024425854 ], [ -47.648798626381307, -14.083787024425854 ], [ -47.648798626381307, -14.083517529840618 ], [ -47.646373175114185, -14.083517529840618 ], [ -47.646373175114185, -14.083787024425854 ] ] ] } },
{ "type": "Feature", "properties": { "nome_area_": "PARQUE NACIONAL DA CHAPADA DOS VEADEIROS", "tipo_area_": "UC Federal - Proteção Integral", "esferaadmi": "Federal", "nomeunidad": "PARQUE NACIONAL DA CHAPADA DOS VEADEIROS", "grupo": "Proteção Integral - PI", "ano": "2025", "mes_ano": "7-2025", "nm_municip": "ALTO PARAISO DE GOIAS", "nome": "Alto Paraíso de Goiás", "meso_ibge": "Norte Goiano", "micro_ibge": "Chapada dos Veadeiros", "geocodigo": 5200605.0, "area_ha": 0.08683 }, "geometry": { "type": "Polygon", "coordinates": [ [ [ -47.202785087815968, -13.946344785955567 ], [ -47.203054582401208, -13.946344785955567 ], [ -47.203054582401208, -13.946075291370333 ], [ -47.202785087815968, -13.946075291370333 ], [ -47.202785087815968, -13.946344785955567 ] ] ] } },
{ "type": "Feature", "properties": { "nome_area_": "PARQUE NACIONAL DA CHAPADA DOS VEADEIROS", "tipo_area_": "UC Federal - Proteção Integral", "esferaadmi": "Federal", "nomeunidad": "PARQUE NACIONAL DA CHAPADA DOS VEADEIROS", "grupo": "Proteção Integral - PI", "ano": "2025", "mes_ano": "6-2025", "nm_municip": "ALTO PARAISO DE GOIAS", "nome": "Alto Paraíso de Goiás", "meso_ibge": "Norte Goiano", "micro_ibge": "Chapada dos Veadeiros", "geocodigo": 5200605.0, "area_ha": 6.248153 }, "geometry": { "type": "Polygon", "coordinates": [ [ [ -47.644217218432303, -14.079744605647317 ], [ -47.64367822926183, -14.079744605647317 ], [ -47.64367822926183, -14.082978540670148 ], [ -47.643947723847063, -14.082978540670148 ], [ -47.643947723847063, -14.083517529840618 ], [ -47.646373175114185, -14.083517529840618 ], [ -47.646373175114185, -14.082978540670148 ], [ -47.646103680528952, -14.082978540670148 ], [ -47.646103680528952, -14.082439551499675 ], [ -47.643947723847063, -14.082439551499675 ], [ -47.643947723847063, -14.080283594817789 ], [ -47.645025702188008, -14.080283594817789 ], [ -47.645025702188008, -14.079744605647317 ], [ -47.646642669699425, -14.079744605647317 ], [ -47.646642669699425, -14.079205616476845 ], [ -47.644217218432303, -14.079205616476845 ], [ -47.644217218432303, -14.079744605647317 ] ] ] } },
{ "type": "Feature", "properties": { "nome_area_": "PARQUE NACIONAL DA CHAPADA DOS VEADEIROS", "tipo_area_": "UC Federal - Proteção Integral", "esferaadmi": "Federal", "nomeunidad": "PARQUE NACIONAL DA CHAPADA DOS VEADEIROS", "grupo": "Proteção Integral - PI", "ano": "2025", "mes_ano": "6-2025", "nm_municip": "ALTO PARAISO DE GOIAS", "nome": "Alto Paraíso de Goiás", "meso_ibge": "Norte Goiano", "micro_ibge": "Chapada dos Veadeiros", "geocodigo": 5200605.0, "area_ha": 1.214826 }, "geometry": { "type": "Polygon", "coordinates": [ [ [ -47.643947723847063, -14.098878721199062 ], [ -47.644217218432303, -14.098878721199062 ], [ -47.644217218432303, -14.099417710369535 ], [ -47.644486713017535, -14.099417710369535 ], [ -47.644486713017535, -14.099956699540005 ], [ -47.644756207602775, -14.099956699540005 ], [ -47.644756207602775, -14.100495688710478 ], [ -47.645025702188008, -14.100495688710478 ], [ -47.645025702188008, -14.099148215784298 ], [ -47.644756207602775, -14.099148215784298 ], [ -47.644756207602775, -14.098609226613826 ], [ -47.643947723847063, -14.098609226613826 ], [ -47.643947723847063, -14.098878721199062 ] ] ] } },
{ "type": "Feature", "properties": { "nome_area_": "PARQUE NACIONAL DA CHAPADA DOS VEADEIROS", "tipo_area_": "UC Federal - Proteção Integral", "esferaadmi": "Federal", "nomeunidad": "PARQUE NACIONAL DA CHAPADA DOS VEADEIROS", "grupo": "Proteção Integral - PI", "ano": "2025", "mes_ano": "7-2025", "nm_municip": "ALTO PARAISO DE GOIAS", "nome": "Alto Paraíso de Goiás", "meso_ibge": "Norte Goiano", "micro_ibge": "Chapada dos Veadeiros", "geocodigo": 5200605.0, "area_ha": 0.347321 }, "geometry": { "type": "Polygon", "coordinates": [ [ [ -47.180417037241391, -13.944997313029388 ], [ -47.181495015582335, -13.944997313029388 ], [ -47.181495015582335, -13.944727818444154 ], [ -47.180417037241391, -13.944727818444154 ], [ -47.180417037241391, -13.944997313029388 ] ] ] } },
{ "type": "Feature", "properties": { "nome_area_": "PARQUE NACIONAL DA CHAPADA DOS VEADEIROS", "tipo_area_": "UC Federal - Proteção Integral", "esferaadmi": "Federal", "nomeunidad": "PARQUE NACIONAL DA CHAPADA DOS VEADEIROS", "grupo": "Proteção Integral - PI", "ano": "2025", "mes_ano": "6-2025", "nm_municip": "ALTO PARAISO DE GOIAS", "nome": "Alto Paraíso de Goiás", "meso_ibge": "Norte Goiano", "micro_ibge": "Chapada dos Veadeiros", "geocodigo": 5200605.0, "area_ha": 457.285073 }, "geometry": { "type": "Polygon", "coordinates": [ [ [ -47.666008417999933, -14.070868910999934 ], [ -47.665800891302744, -14.070581789749298 ], [ -47.663908313528019, -14.070581789749298 ], [ -47.663482383999963, -14.070943013999965 ], [ -47.66285427, -14.07100141 ], [ -47.662423018016632, -14.070851284334534 ], [ -47.660117398961219, -14.070851284334534 ], [ -47.660117398961219, -14.070312295164062 ], [ -47.65984790437598, -14.070312295164062 ], [ -47.65984790437598, -14.072737746431185 ], [ -47.660925882716924, -14.072737746431185 ], [ -47.660925882716924, -14.07300724101642 ], [ -47.661195377302157, -14.07300724101642 ], [ -47.661195377302157, -14.073546230186892 ], [ -47.661464871887397, -14.073546230186892 ], [ -47.661464871887397, -14.074085219357364 ], [ -47.661734366472629, -14.074085219357364 ], [ -47.661734366472629, -14.07624117603925 ], [ -47.661464871887397, -14.07624117603925 ], [ -47.661464871887397, -14.076510670624486 ], [ -47.660656388131684, -14.076510670624486 ], [ -47.660656388131684, -14.077319154380195 ], [ -47.659578409790747, -14.077319154380195 ], [ -47.659578409790747, -14.077588648965429 ], [ -47.656613969353153, -14.077588648965429 ], [ -47.656613969353153, -14.078397132721138 ], [ -47.656344474767913, -14.078397132721138 ], [ -47.656344474767913, -14.078666627306374 ], [ -47.65607498018268, -14.078666627306374 ], [ -47.65607498018268, -14.078936121891608 ], [ -47.655266496426968, -14.078936121891608 ], [ -47.655266496426968, -14.079205616476845 ], [ -47.654727507256496, -14.079205616476845 ], [ -47.654727507256496, -14.079475111062081 ], [ -47.654188518086031, -14.079475111062081 ], [ -47.654188518086031, -14.079744605647317 ], [ -47.653380034330318, -14.079744605647317 ], [ -47.653380034330318, -14.080014100232553 ], [ -47.649876604722252, -14.080014100232553 ], [ -47.649876604722252, -14.083248035255384 ], [ -47.650685088477964, -14.083248035255384 ], [ -47.650685088477964, -14.083517529840618 ], [ -47.651224077648436, -14.083517529840618 ], [ -47.651224077648436, -14.083787024425854 ], [ -47.651493572233669, -14.083787024425854 ], [ -47.651493572233669, -14.084326013596327 ], [ -47.651763066818901, -14.084326013596327 ], [ -47.651763066818901, -14.084595508181563 ], [ -47.652032561404141, -14.084595508181563 ], [ -47.652032561404141, -14.084865002766797 ], [ -47.652302055989374, -14.084865002766797 ], [ -47.652302055989374, -14.086212475692978 ], [ -47.652571550574613, -14.086212475692978 ], [ -47.652571550574613, -14.087020959448685 ], [ -47.654188518086031, -14.087020959448685 ], [ -47.654188518086031, -14.087829443204393 ], [ -47.654727507256496, -14.087829443204393 ], [ -47.654727507256496, -14.0886379269601 ], [ -47.654997001841735, -14.0886379269601 ], [ -47.654997001841735, -14.088907421545336 ], [ -47.655266496426968, -14.088907421545336 ], [ -47.655266496426968, -14.089176916130572 ], [ -47.655535991012208, -14.089176916130572 ], [ -47.655535991012208, -14.089715905301043 ], [ -47.65580548559744, -14.089715905301043 ], [ -47.65580548559744, -14.089985399886279 ], [ -47.65607498018268, -14.089985399886279 ], [ -47.65607498018268, -14.090254894471515 ], [ -47.656613969353153, -14.090254894471515 ], [ -47.656613969353153, -14.090793883641988 ], [ -47.657422453108857, -14.090793883641988 ], [ -47.657422453108857, -14.091063378227222 ], [ -47.65769194769409, -14.091063378227222 ], [ -47.65769194769409, -14.091332872812458 ], [ -47.65796144227933, -14.091332872812458 ], [ -47.65796144227933, -14.091602367397694 ], [ -47.658230936864562, -14.091602367397694 ], [ -47.658230936864562, -14.091871861982931 ], [ -47.659308915205507, -14.091871861982931 ], [ -47.659308915205507, -14.092141356568167 ], [ -47.65984790437598, -14.092141356568167 ], [ -47.65984790437598, -14.092410851153403 ], [ -47.660386893546452, -14.092410851153403 ], [ -47.660386893546452, -14.092680345738637 ], [ -47.660656388131684, -14.092680345738637 ], [ -47.660656388131684, -14.092949840323874 ], [ -47.660925882716924, -14.092949840323874 ], [ -47.660925882716924, -14.09321933490911 ], [ -47.661195377302157, -14.09321933490911 ], [ -47.661195377302157, -14.093488829494346 ], [ -47.662003861057869, -14.093488829494346 ], [ -47.662003861057869, -14.094027818664816 ], [ -47.662542850228341, -14.094027818664816 ], [ -47.662542850228341, -14.094297313250053 ], [ -47.663351333984046, -14.094297313250053 ], [ -47.663351333984046, -14.094566807835289 ], [ -47.664159817739758, -14.094566807835289 ], [ -47.664159817739758, -14.094836302420525 ], [ -47.664429312324991, -14.094836302420525 ], [ -47.664429312324991, -14.095105797005761 ], [ -47.664698806910224, -14.095105797005761 ], [ -47.664698806910224, -14.095375291590997 ], [ -47.665237796080696, -14.095375291590997 ], [ -47.665237796080696, -14.095644786176232 ], [ -47.669549709444468, -14.095644786176232 ], [ -47.669549709444468, -14.095914280761468 ], [ -47.669819204029707, -14.095914280761468 ], [ -47.669819204029707, -14.096183775346704 ], [ -47.67035819320018, -14.096183775346704 ], [ -47.67035819320018, -14.096722764517176 ], [ -47.670897182370652, -14.096722764517176 ], [ -47.670897182370652, -14.096992259102411 ], [ -47.673592128223007, -14.096992259102411 ], [ -47.673592128223007, -14.097531248272883 ], [ -47.673861622808246, -14.097531248272883 ], [ -47.673861622808246, -14.095105797005761 ], [ -47.674131117393479, -14.095105797005761 ], [ -47.674131117393479, -14.092949840323874 ], [ -47.675478590319663, -14.092949840323874 ], [ -47.675478590319663, -14.090793883641988 ], [ -47.676287074075368, -14.090793883641988 ], [ -47.676287074075368, -14.090524389056752 ], [ -47.677634547001546, -14.090524389056752 ], [ -47.677634547001546, -14.090254894471515 ], [ -47.677904041586785, -14.090254894471515 ], [ -47.677904041586785, -14.089176916130572 ], [ -47.678173536172018, -14.089176916130572 ], [ -47.678173536172018, -14.084595508181563 ], [ -47.677095557831073, -14.084595508181563 ], [ -47.677095557831073, -14.08405651901109 ], [ -47.676556568660601, -14.08405651901109 ], [ -47.676556568660601, -14.083787024425854 ], [ -47.676017579490136, -14.083787024425854 ], [ -47.676017579490136, -14.082709046084911 ], [ -47.675748084904896, -14.082709046084911 ], [ -47.675748084904896, -14.082170056914439 ], [ -47.674670106563951, -14.082170056914439 ], [ -47.674670106563951, -14.082439551499675 ], [ -47.671166676955885, -14.082439551499675 ], [ -47.671166676955885, -14.082709046084911 ], [ -47.670897182370652, -14.082709046084911 ], [ -47.670897182370652, -14.083248035255384 ], [ -47.668741225688763, -14.083248035255384 ], [ -47.668741225688763, -14.082439551499675 ], [ -47.66847173110353, -14.082439551499675 ], [ -47.66847173110353, -14.079744605647317 ], [ -47.66820223651829, -14.079744605647317 ], [ -47.66820223651829, -14.079475111062081 ], [ -47.665776785251168, -14.079475111062081 ], [ -47.665776785251168, -14.077319154380195 ], [ -47.666046279836408, -14.077319154380195 ], [ -47.666046279836408, -14.075971681454014 ], [ -47.666585269006873, -14.075971681454014 ], [ -47.666585269006873, -14.074624208527835 ], [ -47.667663247347818, -14.074624208527835 ], [ -47.667663247347818, -14.07300724101642 ], [ -47.666854763592113, -14.07300724101642 ], [ -47.666854763592113, -14.072737746431185 ], [ -47.666585269006873, -14.072737746431185 ], [ -47.666585269006873, -14.072468251845949 ], [ -47.666315774421641, -14.072468251845949 ], [ -47.666315774421641, -14.072198757260713 ], [ -47.666046279836408, -14.072198757260713 ], [ -47.666008417999933, -14.070868910999934 ] ] ] } },
{ "type": "Feature", "properties": { "nome_area_": "PARQUE NACIONAL DA CHAPADA DOS VEADEIROS", "tipo_area_": "UC Federal - Proteção Integral", "esferaadmi": "Federal", "nomeunidad": "PARQUE NACIONAL DA CHAPADA DOS VEADEIROS", "grupo": "Proteção Integral - PI", "ano": "2025", "mes_ano": "7-2025", "nm_municip": "ALTO PARAISO DE GOIAS", "nome": "Alto Paraíso de Goiás", "meso_ibge": "Norte Goiano", "micro_ibge": "Chapada dos Veadeiros", "geocodigo": 5200605.0, "area_ha": 0.08683 }, "geometry": { "type": "Polygon", "coordinates": [ [ [ -47.203324076986441, -13.944997313029388 ], [ -47.203593571571673, -13.944997313029388 ], [ -47.203593571571673, -13.944727818444154 ], [ -47.203324076986441, -13.944727818444154 ], [ -47.203324076986441, -13.944997313029388 ] ] ] } },
{ "type": "Feature", "properties": { "nome_area_": "PARQUE NACIONAL DA CHAPADA DOS VEADEIROS", "tipo_area_": "UC Federal - Proteção Integral", "esferaadmi": "Federal", "nomeunidad": "PARQUE NACIONAL DA CHAPADA DOS VEADEIROS", "grupo": "Proteção Integral - PI", "ano": "2025", "mes_ano": "6-2025", "nm_municip": "CAVALCANTE", "nome": "Cavalcante", "meso_ibge": "Norte Goiano", "micro_ibge": "Chapada dos Veadeiros", "geocodigo": 5205307.0, "area_ha": 0.124513 }, "geometry": { "type": "Polygon", "coordinates": [ [ [ -47.663103369569448, -14.070973670967309 ], [ -47.662544319946981, -14.070851284334534 ], [ -47.662423018016632, -14.070851284334534 ], [ -47.66285427, -14.07100141 ], [ -47.663103369569448, -14.070973670967309 ] ] ] } },
{ "type": "Feature", "properties": { "nome_area_": "PARQUE NACIONAL DA CHAPADA DOS VEADEIROS", "tipo_area_": "UC Federal - Proteção Integral", "esferaadmi": "Federal", "nomeunidad": "PARQUE NACIONAL DA CHAPADA DOS VEADEIROS", "grupo": "Proteção Integral - PI", "ano": "2025", "mes_ano": "6-2025", "nm_municip": "ALTO PARAISO DE GOIAS", "nome": "Alto Paraíso de Goiás", "meso_ibge": "Norte Goiano", "micro_ibge": "Chapada dos Veadeiros", "geocodigo": 5200605.0, "area_ha": 0.086774 }, "geometry": { "type": "Polygon", "coordinates": [ [ [ -47.706739962207017, -14.097261753687647 ], [ -47.707009456792257, -14.097261753687647 ], [ -47.707009456792257, -14.096992259102411 ], [ -47.706739962207017, -14.096992259102411 ], [ -47.706739962207017, -14.097261753687647 ] ] ] } },
{ "type": "Feature", "properties": { "nome_area_": "PARQUE NACIONAL DA CHAPADA DOS VEADEIROS", "tipo_area_": "UC Federal - Proteção Integral", "esferaadmi": "Federal", "nomeunidad": "PARQUE NACIONAL DA CHAPADA DOS VEADEIROS", "grupo": "Proteção Integral - PI", "ano": "2025", "mes_ano": "7-2025", "nm_municip": "ALTO PARAISO DE GOIAS", "nome": "Alto Paraíso de Goiás", "meso_ibge": "Norte Goiano", "micro_ibge": "Chapada dos Veadeiros", "geocodigo": 5200605.0, "area_ha": 0.0868 }, "geometry": { "type": "Polygon", "coordinates": [ [ [ -47.435628409459746, -14.028271139867268 ], [ -47.435897904044985, -14.028271139867268 ], [ -47.435897904044985, -14.028001645282032 ], [ -47.435628409459746, -14.028001645282032 ], [ -47.435628409459746, -14.028271139867268 ] ] ] } },
{ "type": "Feature", "properties": { "nome_area_": "PARQUE NACIONAL DA CHAPADA DOS VEADEIROS", "tipo_area_": "UC Federal - Proteção Integral", "esferaadmi": "Federal", "nomeunidad": "PARQUE NACIONAL DA CHAPADA DOS VEADEIROS", "grupo": "Proteção Integral - PI", "ano": "2025", "mes_ano": "6-2025", "nm_municip": "ALTO PARAISO DE GOIAS", "nome": "Alto Paraíso de Goiás", "meso_ibge": "Norte Goiano", "micro_ibge": "Chapada dos Veadeiros", "geocodigo": 5200605.0, "area_ha": 0.086775 }, "geometry": { "type": "Polygon", "coordinates": [ [ [ -47.640983283409469, -14.094566807835289 ], [ -47.641252777994708, -14.094566807835289 ], [ -47.641252777994708, -14.094297313250053 ], [ -47.640983283409469, -14.094297313250053 ], [ -47.640983283409469, -14.094566807835289 ] ] ] } },
{ "type": "Feature", "properties": { "nome_area_": "PARQUE NACIONAL DA CHAPADA DOS VEADEIROS", "tipo_area_": "UC Federal - Proteção Integral", "esferaadmi": "Federal", "nomeunidad": "PARQUE NACIONAL DA CHAPADA DOS VEADEIROS", "grupo": "Proteção Integral - PI", "ano": "2025", "mes_ano": "6-2025", "nm_municip": "ALTO PARAISO DE GOIAS", "nome": "Alto Paraíso de Goiás", "meso_ibge": "Norte Goiano", "micro_ibge": "Chapada dos Veadeiros", "geocodigo": 5200605.0, "area_ha": 0.347104 }, "geometry": { "type": "Polygon", "coordinates": [ [ [ -47.649337615551779, -14.092680345738637 ], [ -47.649607110137019, -14.092680345738637 ], [ -47.649607110137019, -14.091602367397694 ], [ -47.649337615551779, -14.091602367397694 ], [ -47.649337615551779, -14.092680345738637 ] ] ] } },
{ "type": "Feature", "properties": { "nome_area_": "PARQUE NACIONAL DA CHAPADA DOS VEADEIROS", "tipo_area_": "UC Federal - Proteção Integral", "esferaadmi": "Federal", "nomeunidad": "PARQUE NACIONAL DA CHAPADA DOS VEADEIROS", "grupo": "Proteção Integral - PI", "ano": "2025", "mes_ano": "6-2025", "nm_municip": "ALTO PARAISO DE GOIAS", "nome": "Alto Paraíso de Goiás", "meso_ibge": "Norte Goiano", "micro_ibge": "Chapada dos Veadeiros", "geocodigo": 5200605.0, "area_ha": 0.086776 }, "geometry": { "type": "Polygon", "coordinates": [ [ [ -47.639635810483291, -14.091063378227222 ], [ -47.639905305068524, -14.091063378227222 ], [ -47.639905305068524, -14.090793883641988 ], [ -47.639635810483291, -14.090793883641988 ], [ -47.639635810483291, -14.091063378227222 ] ] ] } },
{ "type": "Feature", "properties": { "nome_area_": "PARQUE NACIONAL DA CHAPADA DOS VEADEIROS", "tipo_area_": "UC Federal - Proteção Integral", "esferaadmi": "Federal", "nomeunidad": "PARQUE NACIONAL DA CHAPADA DOS VEADEIROS", "grupo": "Proteção Integral - PI", "ano": "2025", "mes_ano": "6-2025", "nm_municip": "ALTO PARAISO DE GOIAS", "nome": "Alto Paraíso de Goiás", "meso_ibge": "Norte Goiano", "micro_ibge": "Chapada dos Veadeiros", "geocodigo": 5200605.0, "area_ha": 0.173553 }, "geometry": { "type": "Polygon", "coordinates": [ [ [ -47.639366315898059, -14.090524389056752 ], [ -47.639635810483291, -14.090524389056752 ], [ -47.639635810483291, -14.089985399886279 ], [ -47.639366315898059, -14.089985399886279 ], [ -47.639366315898059, -14.090524389056752 ] ] ] } },
{ "type": "Feature", "properties": { "nome_area_": "PARQUE NACIONAL DA CHAPADA DOS VEADEIROS", "tipo_area_": "UC Federal - Proteção Integral", "esferaadmi": "Federal", "nomeunidad": "PARQUE NACIONAL DA CHAPADA DOS VEADEIROS", "grupo": "Proteção Integral - PI", "ano": "2025", "mes_ano": "7-2025", "nm_municip": "ALTO PARAISO DE GOIAS", "nome": "Alto Paraíso de Goiás", "meso_ibge": "Norte Goiano", "micro_ibge": "Chapada dos Veadeiros", "geocodigo": 5200605.0, "area_ha": 0.954769 }, "geometry": { "type": "Polygon", "coordinates": [ [ [ -47.454223535841024, -14.034469515327693 ], [ -47.456379492522906, -14.034469515327693 ], [ -47.456379492522906, -14.035008504498165 ], [ -47.456648987108146, -14.035008504498165 ], [ -47.456648987108146, -14.034200020742457 ], [ -47.454223535841024, -14.034200020742457 ], [ -47.454223535841024, -14.034469515327693 ] ] ] } },
{ "type": "Feature", "properties": { "nome_area_": "PARQUE NACIONAL DA CHAPADA DOS VEADEIROS", "tipo_area_": "UC Federal - Proteção Integral", "esferaadmi": "Federal", "nomeunidad": "PARQUE NACIONAL DA CHAPADA DOS VEADEIROS", "grupo": "Proteção Integral - PI", "ano": "2025", "mes_ano": "4-2025", "nm_municip": "ALTO PARAISO DE GOIAS", "nome": "Alto Paraíso de Goiás", "meso_ibge": "Norte Goiano", "micro_ibge": "Chapada dos Veadeiros", "geocodigo": 5200605.0, "area_ha": 0.0868 }, "geometry": { "type": "Polygon", "coordinates": [ [ [ -47.543426243554094, -14.027732150696796 ], [ -47.543695738139327, -14.027732150696796 ], [ -47.543695738139327, -14.027462656111561 ], [ -47.543426243554094, -14.027462656111561 ], [ -47.543426243554094, -14.027732150696796 ] ] ] } },
{ "type": "Feature", "properties": { "nome_area_": "PARQUE NACIONAL DA CHAPADA DOS VEADEIROS", "tipo_area_": "UC Federal - Proteção Integral", "esferaadmi": "Federal", "nomeunidad": "PARQUE NACIONAL DA CHAPADA DOS VEADEIROS", "grupo": "Proteção Integral - PI", "ano": "2025", "mes_ano": "4-2025", "nm_municip": "ALTO PARAISO DE GOIAS", "nome": "Alto Paraíso de Goiás", "meso_ibge": "Norte Goiano", "micro_ibge": "Chapada dos Veadeiros", "geocodigo": 5200605.0, "area_ha": 0.520802 }, "geometry": { "type": "Polygon", "coordinates": [ [ [ -47.543695738139327, -14.027193161526325 ], [ -47.54396523272456, -14.027193161526325 ], [ -47.54396523272456, -14.02557619401491 ], [ -47.543695738139327, -14.02557619401491 ], [ -47.543695738139327, -14.027193161526325 ] ] ] } },
{ "type": "Feature", "properties": { "nome_area_": "PARQUE NACIONAL DA CHAPADA DOS VEADEIROS", "tipo_area_": "UC Federal - Proteção Integral", "esferaadmi": "Federal", "nomeunidad": "PARQUE NACIONAL DA CHAPADA DOS VEADEIROS", "grupo": "Proteção Integral - PI", "ano": "2025", "mes_ano": "4-2025", "nm_municip": "ALTO PARAISO DE GOIAS", "nome": "Alto Paraíso de Goiás", "meso_ibge": "Norte Goiano", "micro_ibge": "Chapada dos Veadeiros", "geocodigo": 5200605.0, "area_ha": 2.083227 }, "geometry": { "type": "Polygon", "coordinates": [ [ [ -47.539653319360788, -14.025306699429674 ], [ -47.54234826521315, -14.025306699429674 ], [ -47.54234826521315, -14.025037204844438 ], [ -47.54019230853126, -14.025037204844438 ], [ -47.54019230853126, -14.023150742747788 ], [ -47.539653319360788, -14.023150742747788 ], [ -47.539653319360788, -14.025306699429674 ] ] ] } },
{ "type": "Feature", "properties": { "nome_area_": "PARQUE NACIONAL DA CHAPADA DOS VEADEIROS", "tipo_area_": "UC Federal - Proteção Integral", "esferaadmi": "Federal", "nomeunidad": "PARQUE NACIONAL DA CHAPADA DOS VEADEIROS", "grupo": "Proteção Integral - PI", "ano": "2025", "mes_ano": "4-2025", "nm_municip": "ALTO PARAISO DE GOIAS", "nome": "Alto Paraíso de Goiás", "meso_ibge": "Norte Goiano", "micro_ibge": "Chapada dos Veadeiros", "geocodigo": 5200605.0, "area_ha": 0.086801 }, "geometry": { "type": "Polygon", "coordinates": [ [ [ -47.543426243554094, -14.025306699429674 ], [ -47.543695738139327, -14.025306699429674 ], [ -47.543695738139327, -14.025037204844438 ], [ -47.543426243554094, -14.025037204844438 ], [ -47.543426243554094, -14.025306699429674 ] ] ] } },
{ "type": "Feature", "properties": { "nome_area_": "PARQUE NACIONAL DA CHAPADA DOS VEADEIROS", "tipo_area_": "UC Federal - Proteção Integral", "esferaadmi": "Federal", "nomeunidad": "PARQUE NACIONAL DA CHAPADA DOS VEADEIROS", "grupo": "Proteção Integral - PI", "ano": "2025", "mes_ano": "7-2025", "nm_municip": "ALTO PARAISO DE GOIAS", "nome": "Alto Paraíso de Goiás", "meso_ibge": "Norte Goiano", "micro_ibge": "Chapada dos Veadeiros", "geocodigo": 5200605.0, "area_ha": 0.433996 }, "geometry": { "type": "Polygon", "coordinates": [ [ [ -47.433741947363096, -14.029618612793447 ], [ -47.435089420289273, -14.029618612793447 ], [ -47.435089420289273, -14.029349118208211 ], [ -47.433741947363096, -14.029349118208211 ], [ -47.433741947363096, -14.029618612793447 ] ] ] } },
{ "type": "Feature", "properties": { "nome_area_": "PARQUE NACIONAL DA CHAPADA DOS VEADEIROS", "tipo_area_": "UC Federal - Proteção Integral", "esferaadmi": "Federal", "nomeunidad": "PARQUE NACIONAL DA CHAPADA DOS VEADEIROS", "grupo": "Proteção Integral - PI", "ano": "2025", "mes_ano": "4-2025", "nm_municip": "ALTO PARAISO DE GOIAS", "nome": "Alto Paraíso de Goiás", "meso_ibge": "Norte Goiano", "micro_ibge": "Chapada dos Veadeiros", "geocodigo": 5200605.0, "area_ha": 0.607613 }, "geometry": { "type": "Polygon", "coordinates": [ [ [ -47.54019230853126, -14.022611753577316 ], [ -47.5404618031165, -14.022611753577316 ], [ -47.5404618031165, -14.022342258992079 ], [ -47.540731297701733, -14.022342258992079 ], [ -47.540731297701733, -14.021533775236373 ], [ -47.54019230853126, -14.021533775236373 ], [ -47.54019230853126, -14.022611753577316 ] ] ] } },
{ "type": "Feature", "properties": { "nome_area_": "PARQUE NACIONAL DA CHAPADA DOS VEADEIROS", "tipo_area_": "UC Federal - Proteção Integral", "esferaadmi": "Federal", "nomeunidad": "PARQUE NACIONAL DA CHAPADA DOS VEADEIROS", "grupo": "Proteção Integral - PI", "ano": "2025", "mes_ano": "7-2025", "nm_municip": "ALTO PARAISO DE GOIAS", "nome": "Alto Paraíso de Goiás", "meso_ibge": "Norte Goiano", "micro_ibge": "Chapada dos Veadeiros", "geocodigo": 5200605.0, "area_ha": 5.729675 }, "geometry": { "type": "Polygon", "coordinates": [ [ [ -47.422153680197958, -13.991350381689957 ], [ -47.421614691027486, -13.991350381689957 ], [ -47.421614691027486, -13.992697854616136 ], [ -47.423501153124135, -13.992697854616136 ], [ -47.423501153124135, -13.990541897934248 ], [ -47.423231658538896, -13.990541897934248 ], [ -47.423231658538896, -13.989463919593305 ], [ -47.422153680197958, -13.989463919593305 ], [ -47.422153680197958, -13.991350381689957 ] ] ] } },
{ "type": "Feature", "properties": { "nome_area_": "PARQUE NACIONAL DA CHAPADA DOS VEADEIROS", "tipo_area_": "UC Federal - Proteção Integral", "esferaadmi": "Federal", "nomeunidad": "PARQUE NACIONAL DA CHAPADA DOS VEADEIROS", "grupo": "Proteção Integral - PI", "ano": "2025", "mes_ano": "4-2025", "nm_municip": "ALTO PARAISO DE GOIAS", "nome": "Alto Paraíso de Goiás", "meso_ibge": "Norte Goiano", "micro_ibge": "Chapada dos Veadeiros", "geocodigo": 5200605.0, "area_ha": 0.34721 }, "geometry": { "type": "Polygon", "coordinates": [ [ [ -47.537227868093666, -14.020455796895428 ], [ -47.538305846434611, -14.020455796895428 ], [ -47.538305846434611, -14.020186302310194 ], [ -47.537227868093666, -14.020186302310194 ], [ -47.537227868093666, -14.020455796895428 ] ] ] } },
{ "type": "Feature", "properties": { "nome_area_": "PARQUE NACIONAL DA CHAPADA DOS VEADEIROS", "tipo_area_": "UC Federal - Proteção Integral", "esferaadmi": "Federal", "nomeunidad": "PARQUE NACIONAL DA CHAPADA DOS VEADEIROS", "grupo": "Proteção Integral - PI", "ano": "2025", "mes_ano": "4-2025", "nm_municip": "ALTO PARAISO DE GOIAS", "nome": "Alto Paraíso de Goiás", "meso_ibge": "Norte Goiano", "micro_ibge": "Chapada dos Veadeiros", "geocodigo": 5200605.0, "area_ha": 0.781148 }, "geometry": { "type": "Polygon", "coordinates": [ [ [ -47.552319564866877, -14.04309334205524 ], [ -47.552858554037343, -14.04309334205524 ], [ -47.552858554037343, -14.042823847470004 ], [ -47.553128048622582, -14.042823847470004 ], [ -47.553128048622582, -14.042554352884769 ], [ -47.553397543207815, -14.042554352884769 ], [ -47.553397543207815, -14.042284858299533 ], [ -47.552319564866877, -14.042284858299533 ], [ -47.552319564866877, -14.04309334205524 ] ] ] } },
{ "type": "Feature", "properties": { "nome_area_": "PARQUE NACIONAL DA CHAPADA DOS VEADEIROS", "tipo_area_": "UC Federal - Proteção Integral", "esferaadmi": "Federal", "nomeunidad": "PARQUE NACIONAL DA CHAPADA DOS VEADEIROS", "grupo": "Proteção Integral - PI", "ano": "2025", "mes_ano": "4-2025", "nm_municip": "ALTO PARAISO DE GOIAS", "nome": "Alto Paraíso de Goiás", "meso_ibge": "Norte Goiano", "micro_ibge": "Chapada dos Veadeiros", "geocodigo": 5200605.0, "area_ha": 0.694357 }, "geometry": { "type": "Polygon", "coordinates": [ [ [ -47.541539781457438, -14.042554352884769 ], [ -47.54207877062791, -14.042554352884769 ], [ -47.54207877062791, -14.042015363714297 ], [ -47.541809276042677, -14.042015363714297 ], [ -47.541809276042677, -14.040937385373354 ], [ -47.541539781457438, -14.040937385373354 ], [ -47.541539781457438, -14.042554352884769 ] ] ] } },
{ "type": "Feature", "properties": { "nome_area_": "PARQUE NACIONAL DA CHAPADA DOS VEADEIROS", "tipo_area_": "UC Federal - Proteção Integral", "esferaadmi": "Federal", "nomeunidad": "PARQUE NACIONAL DA CHAPADA DOS VEADEIROS", "grupo": "Proteção Integral - PI", "ano": "2025", "mes_ano": "4-2025", "nm_municip": "ALTO PARAISO DE GOIAS", "nome": "Alto Paraíso de Goiás", "meso_ibge": "Norte Goiano", "micro_ibge": "Chapada dos Veadeiros", "geocodigo": 5200605.0, "area_ha": 0.520774 }, "geometry": { "type": "Polygon", "coordinates": [ [ [ -47.553397543207815, -14.039589912447175 ], [ -47.553667037793055, -14.039589912447175 ], [ -47.553667037793055, -14.03797294493576 ], [ -47.553397543207815, -14.03797294493576 ], [ -47.553397543207815, -14.039589912447175 ] ] ] } },
{ "type": "Feature", "properties": { "nome_area_": "PARQUE NACIONAL DA CHAPADA DOS VEADEIROS", "tipo_area_": "UC Federal - Proteção Integral", "esferaadmi": "Federal", "nomeunidad": "PARQUE NACIONAL DA CHAPADA DOS VEADEIROS", "grupo": "Proteção Integral - PI", "ano": "2025", "mes_ano": "4-2025", "nm_municip": "ALTO PARAISO DE GOIAS", "nome": "Alto Paraíso de Goiás", "meso_ibge": "Norte Goiano", "micro_ibge": "Chapada dos Veadeiros", "geocodigo": 5200605.0, "area_ha": 1.909513 }, "geometry": { "type": "Polygon", "coordinates": [ [ [ -47.55070259735546, -14.037703450350524 ], [ -47.548546640673571, -14.037703450350524 ], [ -47.548546640673571, -14.038242439520996 ], [ -47.55070259735546, -14.038242439520996 ], [ -47.55070259735546, -14.03797294493576 ], [ -47.551511081111165, -14.03797294493576 ], [ -47.551511081111165, -14.037433955765287 ], [ -47.55070259735546, -14.037433955765287 ], [ -47.55070259735546, -14.037703450350524 ] ] ] } },
{ "type": "Feature", "properties": { "nome_area_": "PARQUE NACIONAL DA CHAPADA DOS VEADEIROS", "tipo_area_": "UC Federal - Proteção Integral", "esferaadmi": "Federal", "nomeunidad": "PARQUE NACIONAL DA CHAPADA DOS VEADEIROS", "grupo": "Proteção Integral - PI", "ano": "2025", "mes_ano": "4-2025", "nm_municip": "ALTO PARAISO DE GOIAS", "nome": "Alto Paraíso de Goiás", "meso_ibge": "Norte Goiano", "micro_ibge": "Chapada dos Veadeiros", "geocodigo": 5200605.0, "area_ha": 0.086797 }, "geometry": { "type": "Polygon", "coordinates": [ [ [ -47.548277146088338, -14.034739009912929 ], [ -47.548546640673571, -14.034739009912929 ], [ -47.548546640673571, -14.034469515327693 ], [ -47.548277146088338, -14.034469515327693 ], [ -47.548277146088338, -14.034739009912929 ] ] ] } },
{ "type": "Feature", "properties": { "nome_area_": "PARQUE NACIONAL DA CHAPADA DOS VEADEIROS", "tipo_area_": "UC Federal - Proteção Integral", "esferaadmi": "Federal", "nomeunidad": "PARQUE NACIONAL DA CHAPADA DOS VEADEIROS", "grupo": "Proteção Integral - PI", "ano": "2025", "mes_ano": "4-2025", "nm_municip": "ALTO PARAISO DE GOIAS", "nome": "Alto Paraíso de Goiás", "meso_ibge": "Norte Goiano", "micro_ibge": "Chapada dos Veadeiros", "geocodigo": 5200605.0, "area_ha": 2.169941 }, "geometry": { "type": "Polygon", "coordinates": [ [ [ -47.539114330190316, -14.034200020742457 ], [ -47.541270286872205, -14.034200020742457 ], [ -47.541270286872205, -14.03339153698675 ], [ -47.539383824775555, -14.03339153698675 ], [ -47.539383824775555, -14.033122042401514 ], [ -47.539114330190316, -14.033122042401514 ], [ -47.539114330190316, -14.034200020742457 ] ] ] } },
{ "type": "Feature", "properties": { "nome_area_": "PARQUE NACIONAL DA CHAPADA DOS VEADEIROS", "tipo_area_": "UC Federal - Proteção Integral", "esferaadmi": "Federal", "nomeunidad": "PARQUE NACIONAL DA CHAPADA DOS VEADEIROS", "grupo": "Proteção Integral - PI", "ano": "2025", "mes_ano": "7-2025", "nm_municip": "ALTO PARAISO DE GOIAS", "nome": "Alto Paraíso de Goiás", "meso_ibge": "Norte Goiano", "micro_ibge": "Chapada dos Veadeiros", "geocodigo": 5200605.0, "area_ha": 0.694568 }, "geometry": { "type": "Polygon", "coordinates": [ [ [ -47.201437614889791, -13.970868793212031 ], [ -47.201976604060263, -13.970868793212031 ], [ -47.201976604060263, -13.969790814871088 ], [ -47.201437614889791, -13.969790814871088 ], [ -47.201437614889791, -13.970868793212031 ] ] ] } },
{ "type": "Feature", "properties": { "nome_area_": "PARQUE NACIONAL DA CHAPADA DOS VEADEIROS", "tipo_area_": "UC Federal - Proteção Integral", "esferaadmi": "Federal", "nomeunidad": "PARQUE NACIONAL DA CHAPADA DOS VEADEIROS", "grupo": "Proteção Integral - PI", "ano": "2025", "mes_ano": "4-2025", "nm_municip": "ALTO PARAISO DE GOIAS", "nome": "Alto Paraíso de Goiás", "meso_ibge": "Norte Goiano", "micro_ibge": "Chapada dos Veadeiros", "geocodigo": 5200605.0, "area_ha": 0.086798 }, "geometry": { "type": "Polygon", "coordinates": [ [ [ -47.543695738139327, -14.032852547816278 ], [ -47.54396523272456, -14.032852547816278 ], [ -47.54396523272456, -14.032583053231042 ], [ -47.543695738139327, -14.032583053231042 ], [ -47.543695738139327, -14.032852547816278 ] ] ] } },
{ "type": "Feature", "properties": { "nome_area_": "PARQUE NACIONAL DA CHAPADA DOS VEADEIROS", "tipo_area_": "UC Federal - Proteção Integral", "esferaadmi": "Federal", "nomeunidad": "PARQUE NACIONAL DA CHAPADA DOS VEADEIROS", "grupo": "Proteção Integral - PI", "ano": "2025", "mes_ano": "4-2025", "nm_municip": "ALTO PARAISO DE GOIAS", "nome": "Alto Paraíso de Goiás", "meso_ibge": "Norte Goiano", "micro_ibge": "Chapada dos Veadeiros", "geocodigo": 5200605.0, "area_ha": 0.086798 }, "geometry": { "type": "Polygon", "coordinates": [ [ [ -47.544504221895032, -14.032583053231042 ], [ -47.544773716480272, -14.032583053231042 ], [ -47.544773716480272, -14.032313558645805 ], [ -47.544504221895032, -14.032313558645805 ], [ -47.544504221895032, -14.032583053231042 ] ] ] } },
{ "type": "Feature", "properties": { "nome_area_": "PARQUE NACIONAL DA CHAPADA DOS VEADEIROS", "tipo_area_": "UC Federal - Proteção Integral", "esferaadmi": "Federal", "nomeunidad": "PARQUE NACIONAL DA CHAPADA DOS VEADEIROS", "grupo": "Proteção Integral - PI", "ano": "2025", "mes_ano": "7-2025", "nm_municip": "ALTO PARAISO DE GOIAS", "nome": "Alto Paraíso de Goiás", "meso_ibge": "Norte Goiano", "micro_ibge": "Chapada dos Veadeiros", "geocodigo": 5200605.0, "area_ha": 1.388891 }, "geometry": { "type": "Polygon", "coordinates": [ [ [ -47.44721667662489, -14.012370959338353 ], [ -47.448294654965835, -14.012370959338353 ], [ -47.448294654965835, -14.011292980997409 ], [ -47.44721667662489, -14.011292980997409 ], [ -47.44721667662489, -14.012370959338353 ] ] ] } },
{ "type": "Feature", "properties": { "nome_area_": "PARQUE NACIONAL DA CHAPADA DOS VEADEIROS", "tipo_area_": "UC Federal - Proteção Integral", "esferaadmi": "Federal", "nomeunidad": "PARQUE NACIONAL DA CHAPADA DOS VEADEIROS", "grupo": "Proteção Integral - PI", "ano": "2025", "mes_ano": "6-2025", "nm_municip": "ALTO PARAISO DE GOIAS", "nome": "Alto Paraíso de Goiás", "meso_ibge": "Norte Goiano", "micro_ibge": "Chapada dos Veadeiros", "geocodigo": 5200605.0, "area_ha": 0.520527 }, "geometry": { "type": "Polygon", "coordinates": [ [ [ -47.777886532709289, -14.150352186979111 ], [ -47.779503500220699, -14.150352186979111 ], [ -47.779503500220699, -14.150082692393875 ], [ -47.777886532709289, -14.150082692393875 ], [ -47.777886532709289, -14.150352186979111 ] ] ] } },
{ "type": "Feature", "properties": { "nome_area_": "PARQUE NACIONAL DA CHAPADA DOS VEADEIROS", "tipo_area_": "UC Federal - Proteção Integral", "esferaadmi": "Federal", "nomeunidad": "PARQUE NACIONAL DA CHAPADA DOS VEADEIROS", "grupo": "Proteção Integral - PI", "ano": "2025", "mes_ano": "7-2025", "nm_municip": "ALTO PARAISO DE GOIAS", "nome": "Alto Paraíso de Goiás", "meso_ibge": "Norte Goiano", "micro_ibge": "Chapada dos Veadeiros", "geocodigo": 5200605.0, "area_ha": 5.902807 }, "geometry": { "type": "Polygon", "coordinates": [ [ [ -47.431047001510741, -14.010215002656466 ], [ -47.430508012340269, -14.010215002656466 ], [ -47.430508012340269, -14.010753991826938 ], [ -47.430238517755029, -14.010753991826938 ], [ -47.430238517755029, -14.011831970167881 ], [ -47.430508012340269, -14.011831970167881 ], [ -47.430508012340269, -14.012101464753117 ], [ -47.432663969022151, -14.012101464753117 ], [ -47.432663969022151, -14.011562475582645 ], [ -47.432933463607391, -14.011562475582645 ], [ -47.432933463607391, -14.010484497241702 ], [ -47.432394474436919, -14.010484497241702 ], [ -47.432394474436919, -14.00994550807123 ], [ -47.431047001510741, -14.00994550807123 ], [ -47.431047001510741, -14.010215002656466 ] ] ] } },
{ "type": "Feature", "properties": { "nome_area_": "PARQUE NACIONAL DA CHAPADA DOS VEADEIROS", "tipo_area_": "UC Federal - Proteção Integral", "esferaadmi": "Federal", "nomeunidad": "PARQUE NACIONAL DA CHAPADA DOS VEADEIROS", "grupo": "Proteção Integral - PI", "ano": "2025", "mes_ano": "7-2025", "nm_municip": "ALTO PARAISO DE GOIAS", "nome": "Alto Paraíso de Goiás", "meso_ibge": "Norte Goiano", "micro_ibge": "Chapada dos Veadeiros", "geocodigo": 5200605.0, "area_ha": 6.337008 }, "geometry": { "type": "Polygon", "coordinates": [ [ [ -47.425118120635553, -14.004555616366513 ], [ -47.424848626050313, -14.004555616366513 ], [ -47.424848626050313, -14.005633594707456 ], [ -47.425118120635553, -14.005633594707456 ], [ -47.425118120635553, -14.006172583877929 ], [ -47.425657109806025, -14.006172583877929 ], [ -47.425657109806025, -14.006442078463165 ], [ -47.426735088146962, -14.006442078463165 ], [ -47.426735088146962, -14.005094605536986 ], [ -47.42646559356173, -14.005094605536986 ], [ -47.42646559356173, -14.004825110951749 ], [ -47.42619609897649, -14.004825110951749 ], [ -47.42619609897649, -14.002399659684626 ], [ -47.425118120635553, -14.002399659684626 ], [ -47.425118120635553, -14.004555616366513 ] ] ] } },
{ "type": "Feature", "properties": { "nome_area_": "PARQUE NACIONAL DA CHAPADA DOS VEADEIROS", "tipo_area_": "UC Federal - Proteção Integral", "esferaadmi": "Federal", "nomeunidad": "PARQUE NACIONAL DA CHAPADA DOS VEADEIROS", "grupo": "Proteção Integral - PI", "ano": "2025", "mes_ano": "7-2025", "nm_municip": "ALTO PARAISO DE GOIAS", "nome": "Alto Paraíso de Goiás", "meso_ibge": "Norte Goiano", "micro_ibge": "Chapada dos Veadeiros", "geocodigo": 5200605.0, "area_ha": 5.121863 }, "geometry": { "type": "Polygon", "coordinates": [ [ [ -47.431047001510741, -13.996740273394673 ], [ -47.432124979851679, -13.996740273394673 ], [ -47.432124979851679, -13.998087746320852 ], [ -47.434011441948336, -13.998087746320852 ], [ -47.434011441948336, -13.997009767979909 ], [ -47.432394474436919, -13.997009767979909 ], [ -47.432394474436919, -13.995123305883258 ], [ -47.431047001510741, -13.995123305883258 ], [ -47.431047001510741, -13.996740273394673 ] ] ] } },
{ "type": "Feature", "properties": { "nome_area_": "PARQUE NACIONAL DA CHAPADA DOS VEADEIROS", "tipo_area_": "UC Federal - Proteção Integral", "esferaadmi": "Federal", "nomeunidad": "PARQUE NACIONAL DA CHAPADA DOS VEADEIROS", "grupo": "Proteção Integral - PI", "ano": "2025", "mes_ano": "7-2025", "nm_municip": "ALTO PARAISO DE GOIAS", "nome": "Alto Paraíso de Goiás", "meso_ibge": "Norte Goiano", "micro_ibge": "Chapada dos Veadeiros", "geocodigo": 5200605.0, "area_ha": 4.080122 }, "geometry": { "type": "Polygon", "coordinates": [ [ [ -47.424848626050313, -13.996470778809437 ], [ -47.424040142294608, -13.996470778809437 ], [ -47.424040142294608, -13.99754875715038 ], [ -47.425387615220785, -13.99754875715038 ], [ -47.425387615220785, -13.998087746320852 ], [ -47.42646559356173, -13.998087746320852 ], [ -47.42646559356173, -13.996740273394673 ], [ -47.42619609897649, -13.996740273394673 ], [ -47.42619609897649, -13.996470778809437 ], [ -47.425926604391258, -13.996470778809437 ], [ -47.425926604391258, -13.996201284224201 ], [ -47.424848626050313, -13.996201284224201 ], [ -47.424848626050313, -13.996470778809437 ] ] ] } },
{ "type": "Feature", "properties": { "nome_area_": "PDS ESUSA", "tipo_area_": "Assentamentos INCRA", "esferaadmi": null, "nomeunidad": null, "grupo": null, "ano": "2025", "mes_ano": "10-2025", "nm_municip": "ALTO PARAISO DE GOIAS", "nome": "Alto Paraíso de Goiás", "meso_ibge": "Norte Goiano", "micro_ibge": "Chapada dos Veadeiros", "geocodigo": 5200605.0, "area_ha": 2.513873 }, "geometry": { "type": "Polygon", "coordinates": [ [ [ -47.717519745616457, -14.335225472450908 ], [ -47.717789240201689, -14.335225472450908 ], [ -47.717789240201689, -14.335494967036144 ], [ -47.719136713127867, -14.335494967036144 ], [ -47.719136713127867, -14.334147494109965 ], [ -47.717519745616457, -14.334147494109965 ], [ -47.717519745616457, -14.335225472450908 ] ] ] } },
{ "type": "Feature", "properties": { "nome_area_": "PDS ESUSA", "tipo_area_": "Assentamentos INCRA", "esferaadmi": null, "nomeunidad": null, "grupo": null, "ano": "2025", "mes_ano": "10-2025", "nm_municip": "ALTO PARAISO DE GOIAS", "nome": "Alto Paraíso de Goiás", "meso_ibge": "Norte Goiano", "micro_ibge": "Chapada dos Veadeiros", "geocodigo": 5200605.0, "area_ha": 1.733708 }, "geometry": { "type": "Polygon", "coordinates": [ [ [ -47.698924619235179, -14.335225472450908 ], [ -47.700002597576123, -14.335225472450908 ], [ -47.700002597576123, -14.333877999524729 ], [ -47.698924619235179, -14.333877999524729 ], [ -47.698924619235179, -14.335225472450908 ] ] ] } },
{ "type": "Feature", "properties": { "nome_area_": "PDS ESUSA", "tipo_area_": "Assentamentos INCRA", "esferaadmi": null, "nomeunidad": null, "grupo": null, "ano": "2025", "mes_ano": "7-2025", "nm_municip": "ALTO PARAISO DE GOIAS", "nome": "Alto Paraíso de Goiás", "meso_ibge": "Norte Goiano", "micro_ibge": "Chapada dos Veadeiros", "geocodigo": 5200605.0, "area_ha": 24.319282 }, "geometry": { "type": "Polygon", "coordinates": [ [ [ -47.740969, -14.382257 ], [ -47.74326162, -14.3819681 ], [ -47.74451673, -14.38124722 ], [ -47.74455626, -14.38077056 ], [ -47.74478448, -14.38071853 ], [ -47.74526498, -14.38011043 ], [ -47.74524452, -14.37977799 ], [ -47.745547182480983, -14.379412680751882 ], [ -47.745547182480983, -14.37807511150341 ], [ -47.743391225799094, -14.37807511150341 ], [ -47.743391225799094, -14.376727638577231 ], [ -47.742043752872917, -14.376727638577231 ], [ -47.742043752872917, -14.376997133162467 ], [ -47.741774258287684, -14.376997133162467 ], [ -47.741774258287684, -14.377266627747701 ], [ -47.741504763702444, -14.377266627747701 ], [ -47.741504763702444, -14.37807511150341 ], [ -47.741235269117212, -14.37807511150341 ], [ -47.741235269117212, -14.378344606088646 ], [ -47.7404267853615, -14.378344606088646 ], [ -47.7404267853615, -14.378883595259117 ], [ -47.740157290776267, -14.378883595259117 ], [ -47.740157290776267, -14.380500562770532 ], [ -47.740696279946739, -14.380500562770532 ], [ -47.740696279946739, -14.382792018610321 ], [ -47.740969, -14.382257 ] ] ] } },
{ "type": "Feature", "properties": { "nome_area_": "PDS ESUSA", "tipo_area_": "Assentamentos INCRA", "esferaadmi": null, "nomeunidad": null, "grupo": null, "ano": "2025", "mes_ano": "9-2025", "nm_municip": "ALTO PARAISO DE GOIAS", "nome": "Alto Paraíso de Goiás", "meso_ibge": "Norte Goiano", "micro_ibge": "Chapada dos Veadeiros", "geocodigo": 5200605.0, "area_ha": 0.021538 }, "geometry": { "type": "MultiPolygon", "coordinates": [ [ [ [ -47.744199709554806, -14.321874140209053 ], [ -47.744354528717913, -14.321750743189115 ], [ -47.744199709554806, -14.321750743189115 ], [ -47.744199709554806, -14.321874140209053 ] ] ], [ [ [ -47.745277687895751, -14.319944463959294 ], [ -47.745395902219968, -14.319864281092466 ], [ -47.745277687895751, -14.319864281092466 ], [ -47.745277687895751, -14.319944463959294 ] ] ] ] } },
{ "type": "Feature", "properties": { "nome_area_": "PDS ESUSA", "tipo_area_": "Assentamentos INCRA", "esferaadmi": null, "nomeunidad": null, "grupo": null, "ano": "2025", "mes_ano": "10-2025", "nm_municip": "ALTO PARAISO DE GOIAS", "nome": "Alto Paraíso de Goiás", "meso_ibge": "Norte Goiano", "micro_ibge": "Chapada dos Veadeiros", "geocodigo": 5200605.0, "area_ha": 30.252262 }, "geometry": { "type": "Polygon", "coordinates": [ [ [ -47.717519745616457, -14.339806880399918 ], [ -47.717250251031217, -14.339806880399918 ], [ -47.717250251031217, -14.340076374985154 ], [ -47.714285810593623, -14.340076374985154 ], [ -47.714285810593623, -14.339806880399918 ], [ -47.712668843082206, -14.339806880399918 ], [ -47.712668843082206, -14.340076374985154 ], [ -47.712399348496973, -14.340076374985154 ], [ -47.712399348496973, -14.342232331667041 ], [ -47.713207832252678, -14.342232331667041 ], [ -47.713207832252678, -14.3449272775194 ], [ -47.714285810593623, -14.3449272775194 ], [ -47.714285810593623, -14.344657782934163 ], [ -47.714555305178862, -14.344657782934163 ], [ -47.714555305178862, -14.343849299178457 ], [ -47.715094294349328, -14.343849299178457 ], [ -47.715094294349328, -14.341423847911333 ], [ -47.718597723957394, -14.341423847911333 ], [ -47.718597723957394, -14.341962837081805 ], [ -47.719136713127867, -14.341962837081805 ], [ -47.719136713127867, -14.342232331667041 ], [ -47.719406207713106, -14.342232331667041 ], [ -47.719406207713106, -14.344118793763691 ], [ -47.719675702298339, -14.344118793763691 ], [ -47.719675702298339, -14.344388288348927 ], [ -47.720753680639284, -14.344388288348927 ], [ -47.720753680639284, -14.344118793763691 ], [ -47.721023175224516, -14.344118793763691 ], [ -47.721023175224516, -14.342501826252278 ], [ -47.721562164394989, -14.342501826252278 ], [ -47.721562164394989, -14.341423847911333 ], [ -47.721292669809756, -14.341423847911333 ], [ -47.721292669809756, -14.341154353326097 ], [ -47.721023175224516, -14.341154353326097 ], [ -47.721023175224516, -14.340884858740862 ], [ -47.720753680639284, -14.340884858740862 ], [ -47.720753680639284, -14.340615364155626 ], [ -47.720484186054051, -14.340615364155626 ], [ -47.720484186054051, -14.34034586957039 ], [ -47.720214691468811, -14.34034586957039 ], [ -47.720214691468811, -14.340076374985154 ], [ -47.719945196883579, -14.340076374985154 ], [ -47.719945196883579, -14.339806880399918 ], [ -47.719675702298339, -14.339806880399918 ], [ -47.719675702298339, -14.339537385814683 ], [ -47.717519745616457, -14.339537385814683 ], [ -47.717519745616457, -14.339806880399918 ] ] ] } },
{ "type": "Feature", "properties": { "nome_area_": "PDS ESUSA", "tipo_area_": "Assentamentos INCRA", "esferaadmi": null, "nomeunidad": null, "grupo": null, "ano": "2025", "mes_ano": "10-2025", "nm_municip": "ALTO PARAISO DE GOIAS", "nome": "Alto Paraíso de Goiás", "meso_ibge": "Norte Goiano", "micro_ibge": "Chapada dos Veadeiros", "geocodigo": 5200605.0, "area_ha": 4.4211 }, "geometry": { "type": "Polygon", "coordinates": [ [ [ -47.720484186054051, -14.326601645723361 ], [ -47.720214691468811, -14.326601645723361 ], [ -47.720214691468811, -14.327140634893833 ], [ -47.719945196883579, -14.327140634893833 ], [ -47.719945196883579, -14.328218613234776 ], [ -47.721292669809756, -14.328218613234776 ], [ -47.721292669809756, -14.327140634893833 ], [ -47.721831658980228, -14.327140634893833 ], [ -47.721831658980228, -14.326871140308597 ], [ -47.722101153565461, -14.326871140308597 ], [ -47.722101153565461, -14.325793161967654 ], [ -47.720484186054051, -14.325793161967654 ], [ -47.720484186054051, -14.326601645723361 ] ] ] } },
{ "type": "Feature", "properties": { "nome_area_": "PDS ESUSA", "tipo_area_": "Assentamentos INCRA", "esferaadmi": null, "nomeunidad": null, "grupo": null, "ano": "2025", "mes_ano": "10-2025", "nm_municip": "ALTO PARAISO DE GOIAS", "nome": "Alto Paraíso de Goiás", "meso_ibge": "Norte Goiano", "micro_ibge": "Chapada dos Veadeiros", "geocodigo": 5200605.0, "area_ha": 20.285221 }, "geometry": { "type": "Polygon", "coordinates": [ [ [ -47.716980756445984, -14.322289732359588 ], [ -47.716711261860745, -14.322289732359588 ], [ -47.716711261860745, -14.32282872153006 ], [ -47.71590277810504, -14.32282872153006 ], [ -47.71590277810504, -14.324984678211946 ], [ -47.7156332835198, -14.324984678211946 ], [ -47.7156332835198, -14.326062656552889 ], [ -47.713477326837918, -14.326062656552889 ], [ -47.713477326837918, -14.325254172797182 ], [ -47.712399348496973, -14.325254172797182 ], [ -47.712399348496973, -14.326332151138125 ], [ -47.714824799764095, -14.326332151138125 ], [ -47.714824799764095, -14.32794911864954 ], [ -47.717789240201689, -14.32794911864954 ], [ -47.717789240201689, -14.326062656552889 ], [ -47.718058734786922, -14.326062656552889 ], [ -47.718058734786922, -14.323906699871003 ], [ -47.718328229372162, -14.323906699871003 ], [ -47.718328229372162, -14.323098216115294 ], [ -47.718597723957394, -14.323098216115294 ], [ -47.718597723957394, -14.321750743189115 ], [ -47.718328229372162, -14.321750743189115 ], [ -47.718328229372162, -14.321481248603881 ], [ -47.716980756445984, -14.321481248603881 ], [ -47.716980756445984, -14.322289732359588 ] ] ] } },
{ "type": "Feature", "properties": { "nome_area_": "PDS ESUSA", "tipo_area_": "Assentamentos INCRA", "esferaadmi": null, "nomeunidad": null, "grupo": null, "ano": "2025", "mes_ano": "10-2025", "nm_municip": "ALTO PARAISO DE GOIAS", "nome": "Alto Paraíso de Goiás", "meso_ibge": "Norte Goiano", "micro_ibge": "Chapada dos Veadeiros", "geocodigo": 5200605.0, "area_ha": 15.604106 }, "geometry": { "type": "Polygon", "coordinates": [ [ [ -47.731263969463484, -14.323098216115294 ], [ -47.729377507366834, -14.323098216115294 ], [ -47.729377507366834, -14.323637205285767 ], [ -47.729108012781595, -14.323637205285767 ], [ -47.729108012781595, -14.32471518362671 ], [ -47.7299164965373, -14.32471518362671 ], [ -47.7299164965373, -14.324984678211946 ], [ -47.731533464048717, -14.324984678211946 ], [ -47.731533464048717, -14.325523667382418 ], [ -47.732072453219189, -14.325523667382418 ], [ -47.732072453219189, -14.325793161967654 ], [ -47.733150431560134, -14.325793161967654 ], [ -47.733150431560134, -14.32471518362671 ], [ -47.733419926145373, -14.32471518362671 ], [ -47.733419926145373, -14.323367710700531 ], [ -47.734497904486311, -14.323367710700531 ], [ -47.734497904486311, -14.322289732359588 ], [ -47.732880936974894, -14.322289732359588 ], [ -47.732880936974894, -14.321481248603881 ], [ -47.731263969463484, -14.321481248603881 ], [ -47.731263969463484, -14.323098216115294 ] ] ] } },
{ "type": "Feature", "properties": { "nome_area_": "PDS ESUSA", "tipo_area_": "Assentamentos INCRA", "esferaadmi": null, "nomeunidad": null, "grupo": null, "ano": "2025", "mes_ano": "10-2025", "nm_municip": "ALTO PARAISO DE GOIAS", "nome": "Alto Paraíso de Goiás", "meso_ibge": "Norte Goiano", "micro_ibge": "Chapada dos Veadeiros", "geocodigo": 5200605.0, "area_ha": 2.08056 }, "geometry": { "type": "Polygon", "coordinates": [ [ [ -47.702158554258013, -14.32282872153006 ], [ -47.703775521769423, -14.32282872153006 ], [ -47.703775521769423, -14.321750743189115 ], [ -47.702158554258013, -14.321750743189115 ], [ -47.702158554258013, -14.32282872153006 ] ] ] } },
{ "type": "Feature", "properties": { "nome_area_": "PDS ESUSA", "tipo_area_": "Assentamentos INCRA", "esferaadmi": null, "nomeunidad": null, "grupo": null, "ano": "2025", "mes_ano": "10-2025", "nm_municip": "ALTO PARAISO DE GOIAS", "nome": "Alto Paraíso de Goiás", "meso_ibge": "Norte Goiano", "micro_ibge": "Chapada dos Veadeiros", "geocodigo": 5200605.0, "area_ha": 8.235233 }, "geometry": { "type": "Polygon", "coordinates": [ [ [ -47.712668843082206, -14.330913559087135 ], [ -47.712399348496973, -14.330913559087135 ], [ -47.712399348496973, -14.331991537428078 ], [ -47.712938337667445, -14.331991537428078 ], [ -47.712938337667445, -14.332261032013314 ], [ -47.714285810593623, -14.332261032013314 ], [ -47.714285810593623, -14.33253052659855 ], [ -47.71590277810504, -14.33253052659855 ], [ -47.71590277810504, -14.331183053672371 ], [ -47.714824799764095, -14.331183053672371 ], [ -47.714824799764095, -14.330913559087135 ], [ -47.71401631600839, -14.330913559087135 ], [ -47.71401631600839, -14.329296591575719 ], [ -47.712668843082206, -14.329296591575719 ], [ -47.712668843082206, -14.330913559087135 ] ] ] } },
{ "type": "Feature", "properties": { "nome_area_": "PDS ESUSA", "tipo_area_": "Assentamentos INCRA", "esferaadmi": null, "nomeunidad": null, "grupo": null, "ano": "2025", "mes_ano": "10-2025", "nm_municip": "ALTO PARAISO DE GOIAS", "nome": "Alto Paraíso de Goiás", "meso_ibge": "Norte Goiano", "micro_ibge": "Chapada dos Veadeiros", "geocodigo": 5200605.0, "area_ha": 4.594419 }, "geometry": { "type": "Polygon", "coordinates": [ [ [ -47.718058734786922, -14.330913559087135 ], [ -47.719136713127867, -14.330913559087135 ], [ -47.719136713127867, -14.3306440645019 ], [ -47.719945196883579, -14.3306440645019 ], [ -47.719945196883579, -14.328757602405249 ], [ -47.718058734786922, -14.328757602405249 ], [ -47.718058734786922, -14.330913559087135 ] ] ] } },
{ "type": "Feature", "properties": { "nome_area_": "PDS ESUSA", "tipo_area_": "Assentamentos INCRA", "esferaadmi": null, "nomeunidad": null, "grupo": null, "ano": "2025", "mes_ano": "6-2025", "nm_municip": "ALTO PARAISO DE GOIAS", "nome": "Alto Paraíso de Goiás", "meso_ibge": "Norte Goiano", "micro_ibge": "Chapada dos Veadeiros", "geocodigo": 5200605.0, "area_ha": 1.386726 }, "geometry": { "type": "Polygon", "coordinates": [ [ [ -47.726682561514473, -14.374841176480579 ], [ -47.727760539855417, -14.374841176480579 ], [ -47.727760539855417, -14.373763198139637 ], [ -47.726682561514473, -14.373763198139637 ], [ -47.726682561514473, -14.374841176480579 ] ] ] } },
{ "type": "Feature", "properties": { "nome_area_": "PDS ESUSA", "tipo_area_": "Assentamentos INCRA", "esferaadmi": null, "nomeunidad": null, "grupo": null, "ano": "2025", "mes_ano": "8-2025", "nm_municip": "ALTO PARAISO DE GOIAS", "nome": "Alto Paraíso de Goiás", "meso_ibge": "Norte Goiano", "micro_ibge": "Chapada dos Veadeiros", "geocodigo": 5200605.0, "area_ha": 2.773498 }, "geometry": { "type": "Polygon", "coordinates": [ [ [ -47.688953319581451, -14.371068252287278 ], [ -47.69110927626334, -14.371068252287278 ], [ -47.69110927626334, -14.369990273946334 ], [ -47.688953319581451, -14.369990273946334 ], [ -47.688953319581451, -14.371068252287278 ] ] ] } },
{ "type": "Feature", "properties": { "nome_area_": "PDS ESUSA", "tipo_area_": "Assentamentos INCRA", "esferaadmi": null, "nomeunidad": null, "grupo": null, "ano": "2025", "mes_ano": "10-2025", "nm_municip": "ALTO PARAISO DE GOIAS", "nome": "Alto Paraíso de Goiás", "meso_ibge": "Norte Goiano", "micro_ibge": "Chapada dos Veadeiros", "geocodigo": 5200605.0, "area_ha": 3.987347 }, "geometry": { "type": "Polygon", "coordinates": [ [ [ -47.708356929718434, -14.344657782934163 ], [ -47.708895918888906, -14.344657782934163 ], [ -47.708895918888906, -14.346274750445579 ], [ -47.710243391815084, -14.346274750445579 ], [ -47.710243391815084, -14.344657782934163 ], [ -47.709434908059379, -14.344657782934163 ], [ -47.709434908059379, -14.343579804593221 ], [ -47.708356929718434, -14.343579804593221 ], [ -47.708356929718434, -14.344657782934163 ] ] ] } },
{ "type": "Feature", "properties": { "nome_area_": "PDS ESUSA", "tipo_area_": "Assentamentos INCRA", "esferaadmi": null, "nomeunidad": null, "grupo": null, "ano": "2025", "mes_ano": "6-2025", "nm_municip": "ALTO PARAISO DE GOIAS", "nome": "Alto Paraíso de Goiás", "meso_ibge": "Norte Goiano", "micro_ibge": "Chapada dos Veadeiros", "geocodigo": 5200605.0, "area_ha": 1.387108 }, "geometry": { "type": "Polygon", "coordinates": [ [ [ -47.708087435133201, -14.311509948950153 ], [ -47.709165413474139, -14.311509948950153 ], [ -47.709165413474139, -14.31043197060921 ], [ -47.708087435133201, -14.31043197060921 ], [ -47.708087435133201, -14.311509948950153 ] ] ] } },
{ "type": "Feature", "properties": { "nome_area_": "PDS ESUSA", "tipo_area_": "Assentamentos INCRA", "esferaadmi": null, "nomeunidad": null, "grupo": null, "ano": "2025", "mes_ano": "7-2025", "nm_municip": "ALTO PARAISO DE GOIAS", "nome": "Alto Paraíso de Goiás", "meso_ibge": "Norte Goiano", "micro_ibge": "Chapada dos Veadeiros", "geocodigo": 5200605.0, "area_ha": 0.086703 }, "geometry": { "type": "Polygon", "coordinates": [ [ [ -47.729647001952067, -14.288063920034634 ], [ -47.7299164965373, -14.288063920034634 ], [ -47.7299164965373, -14.287794425449398 ], [ -47.729647001952067, -14.287794425449398 ], [ -47.729647001952067, -14.288063920034634 ] ] ] } },
{ "type": "Feature", "properties": { "nome_area_": "PDS ESUSA", "tipo_area_": "Assentamentos INCRA", "esferaadmi": null, "nomeunidad": null, "grupo": null, "ano": "2025", "mes_ano": "6-2025", "nm_municip": "ALTO PARAISO DE GOIAS", "nome": "Alto Paraíso de Goiás", "meso_ibge": "Norte Goiano", "micro_ibge": "Chapada dos Veadeiros", "geocodigo": 5200605.0, "area_ha": 153.548721 }, "geometry": { "type": "Polygon", "coordinates": [ [ [ -47.72829952902589, -14.286177457937983 ], [ -47.727221550684945, -14.286177457937983 ], [ -47.727221550684945, -14.286446952523219 ], [ -47.726682561514473, -14.286446952523219 ], [ -47.726682561514473, -14.286716447108455 ], [ -47.726143572344, -14.286716447108455 ], [ -47.726143572344, -14.28698594169369 ], [ -47.725874077758768, -14.28698594169369 ], [ -47.725874077758768, -14.287255436278926 ], [ -47.725604583173528, -14.287255436278926 ], [ -47.725604583173528, -14.287524930864162 ], [ -47.725065594003055, -14.287524930864162 ], [ -47.725065594003055, -14.287794425449398 ], [ -47.723448626491646, -14.287794425449398 ], [ -47.723448626491646, -14.288063920034634 ], [ -47.719136713127867, -14.288063920034634 ], [ -47.719136713127867, -14.288333414619871 ], [ -47.717519745616457, -14.288333414619871 ], [ -47.717519745616457, -14.288602909205105 ], [ -47.716711261860745, -14.288602909205105 ], [ -47.716711261860745, -14.288872403790341 ], [ -47.714555305178862, -14.288872403790341 ], [ -47.714555305178862, -14.288602909205105 ], [ -47.714285810593623, -14.288602909205105 ], [ -47.714285810593623, -14.288333414619871 ], [ -47.71374682142315, -14.288333414619871 ], [ -47.71374682142315, -14.288063920034634 ], [ -47.713477326837918, -14.288063920034634 ], [ -47.713477326837918, -14.287794425449398 ], [ -47.712938337667445, -14.287794425449398 ], [ -47.712938337667445, -14.287524930864162 ], [ -47.712668843082206, -14.287524930864162 ], [ -47.712668843082206, -14.287255436278926 ], [ -47.711590864741268, -14.287255436278926 ], [ -47.711590864741268, -14.287524930864162 ], [ -47.711321370156028, -14.287524930864162 ], [ -47.711321370156028, -14.288063920034634 ], [ -47.711051875570796, -14.288063920034634 ], [ -47.711051875570796, -14.288872403790341 ], [ -47.710782380985556, -14.288872403790341 ], [ -47.710782380985556, -14.28968088754605 ], [ -47.710512886400323, -14.28968088754605 ], [ -47.710512886400323, -14.29021987671652 ], [ -47.710243391815084, -14.29021987671652 ], [ -47.710243391815084, -14.290489371301756 ], [ -47.709973897229851, -14.290489371301756 ], [ -47.709973897229851, -14.291028360472229 ], [ -47.709704402644611, -14.291028360472229 ], [ -47.709704402644611, -14.291297855057465 ], [ -47.709434908059379, -14.291297855057465 ], [ -47.709434908059379, -14.292645327983644 ], [ -47.709165413474139, -14.292645327983644 ], [ -47.709165413474139, -14.293992800909823 ], [ -47.709704402644611, -14.293992800909823 ], [ -47.709704402644611, -14.294262295495059 ], [ -47.709973897229851, -14.294262295495059 ], [ -47.709973897229851, -14.295340273836002 ], [ -47.710243391815084, -14.295340273836002 ], [ -47.710243391815084, -14.295609768421238 ], [ -47.710512886400323, -14.295609768421238 ], [ -47.710512886400323, -14.296148757591709 ], [ -47.712938337667445, -14.296148757591709 ], [ -47.712938337667445, -14.295609768421238 ], [ -47.713207832252678, -14.295609768421238 ], [ -47.713207832252678, -14.294531790080294 ], [ -47.716172272690272, -14.294531790080294 ], [ -47.716172272690272, -14.29480128466553 ], [ -47.716711261860745, -14.29480128466553 ], [ -47.716711261860745, -14.295070779250766 ], [ -47.717789240201689, -14.295070779250766 ], [ -47.717789240201689, -14.29480128466553 ], [ -47.720753680639284, -14.29480128466553 ], [ -47.720753680639284, -14.295070779250766 ], [ -47.721831658980228, -14.295070779250766 ], [ -47.721831658980228, -14.29480128466553 ], [ -47.723987615662111, -14.29480128466553 ], [ -47.723987615662111, -14.294531790080294 ], [ -47.724526604832583, -14.294531790080294 ], [ -47.724526604832583, -14.294262295495059 ], [ -47.724796099417823, -14.294262295495059 ], [ -47.724796099417823, -14.293992800909823 ], [ -47.725065594003055, -14.293992800909823 ], [ -47.725065594003055, -14.293453811739351 ], [ -47.725335088588295, -14.293453811739351 ], [ -47.725335088588295, -14.292914822568878 ], [ -47.725604583173528, -14.292914822568878 ], [ -47.725604583173528, -14.292645327983644 ], [ -47.725874077758768, -14.292645327983644 ], [ -47.725874077758768, -14.292375833398408 ], [ -47.72641306692924, -14.292375833398408 ], [ -47.72641306692924, -14.292106338813172 ], [ -47.727221550684945, -14.292106338813172 ], [ -47.727221550684945, -14.291836844227936 ], [ -47.729108012781595, -14.291836844227936 ], [ -47.729108012781595, -14.289411392960814 ], [ -47.729377507366834, -14.289411392960814 ], [ -47.729377507366834, -14.288063920034634 ], [ -47.729647001952067, -14.288063920034634 ], [ -47.729647001952067, -14.287794425449398 ], [ -47.7299164965373, -14.287794425449398 ], [ -47.7299164965373, -14.285907963352747 ], [ -47.72829952902589, -14.285907963352747 ], [ -47.72829952902589, -14.286177457937983 ] ] ] } },
{ "type": "Feature", "properties": { "nome_area_": "PDS ESUSA", "tipo_area_": "Assentamentos INCRA", "esferaadmi": null, "nomeunidad": null, "grupo": null, "ano": "2025", "mes_ano": "7-2025", "nm_municip": "ALTO PARAISO DE GOIAS", "nome": "Alto Paraíso de Goiás", "meso_ibge": "Norte Goiano", "micro_ibge": "Chapada dos Veadeiros", "geocodigo": 5200605.0, "area_ha": 14.480637 }, "geometry": { "type": "Polygon", "coordinates": [ [ [ -47.707548445962729, -14.266504353215765 ], [ -47.707009456792257, -14.266504353215765 ], [ -47.707009456792257, -14.266773847801002 ], [ -47.704853500110367, -14.266773847801002 ], [ -47.704853500110367, -14.268121320727181 ], [ -47.705122994695607, -14.268121320727181 ], [ -47.705122994695607, -14.268390815312417 ], [ -47.70539248928084, -14.268390815312417 ], [ -47.70539248928084, -14.269199299068124 ], [ -47.705661983866079, -14.269199299068124 ], [ -47.705661983866079, -14.269738288238596 ], [ -47.707009456792257, -14.269738288238596 ], [ -47.707009456792257, -14.26946879365336 ], [ -47.709434908059379, -14.26946879365336 ], [ -47.709434908059379, -14.268121320727181 ], [ -47.709165413474139, -14.268121320727181 ], [ -47.709165413474139, -14.267582331556708 ], [ -47.708895918888906, -14.267582331556708 ], [ -47.708895918888906, -14.266773847801002 ], [ -47.708626424303674, -14.266773847801002 ], [ -47.708626424303674, -14.266234858630529 ], [ -47.707548445962729, -14.266234858630529 ], [ -47.707548445962729, -14.266504353215765 ] ] ] } },
{ "type": "Feature", "properties": { "nome_area_": "PDS ESUSA", "tipo_area_": "Assentamentos INCRA", "esferaadmi": null, "nomeunidad": null, "grupo": null, "ano": "2025", "mes_ano": "10-2025", "nm_municip": "ALTO PARAISO DE GOIAS", "nome": "Alto Paraíso de Goiás", "meso_ibge": "Norte Goiano", "micro_ibge": "Chapada dos Veadeiros", "geocodigo": 5200605.0, "area_ha": 95.947747 }, "geometry": { "type": "Polygon", "coordinates": [ [ [ -47.737731839509145, -14.36055796346308 ], [ -47.735036893656783, -14.36055796346308 ], [ -47.735036893656783, -14.359479985122135 ], [ -47.733958915315839, -14.359479985122135 ], [ -47.733958915315839, -14.360018974292608 ], [ -47.732611442389661, -14.360018974292608 ], [ -47.732611442389661, -14.360288468877844 ], [ -47.732341947804429, -14.360288468877844 ], [ -47.732341947804429, -14.36055796346308 ], [ -47.731802958633956, -14.36055796346308 ], [ -47.731802958633956, -14.361096952633551 ], [ -47.731533464048717, -14.361096952633551 ], [ -47.731533464048717, -14.362174930974493 ], [ -47.731802958633956, -14.362174930974493 ], [ -47.731802958633956, -14.362983414730202 ], [ -47.732880936974894, -14.362983414730202 ], [ -47.732880936974894, -14.363252909315438 ], [ -47.733689420730606, -14.363252909315438 ], [ -47.733689420730606, -14.36567836058256 ], [ -47.730994474878244, -14.36567836058256 ], [ -47.730994474878244, -14.366486844338269 ], [ -47.72803003444065, -14.366486844338269 ], [ -47.72803003444065, -14.366756338923505 ], [ -47.726952056099705, -14.366756338923505 ], [ -47.726952056099705, -14.367025833508739 ], [ -47.726682561514473, -14.367025833508739 ], [ -47.726682561514473, -14.367564822679212 ], [ -47.724796099417823, -14.367564822679212 ], [ -47.724796099417823, -14.368103811849684 ], [ -47.723179131906406, -14.368103811849684 ], [ -47.723179131906406, -14.369720779361099 ], [ -47.721562164394989, -14.369720779361099 ], [ -47.721562164394989, -14.370798757702042 ], [ -47.721831658980228, -14.370798757702042 ], [ -47.721831658980228, -14.371337746872513 ], [ -47.723179131906406, -14.371337746872513 ], [ -47.723179131906406, -14.371876736042985 ], [ -47.724257110247351, -14.371876736042985 ], [ -47.724257110247351, -14.372146230628221 ], [ -47.725874077758768, -14.372146230628221 ], [ -47.725874077758768, -14.371876736042985 ], [ -47.72641306692924, -14.371876736042985 ], [ -47.72641306692924, -14.369720779361099 ], [ -47.726952056099705, -14.369720779361099 ], [ -47.726952056099705, -14.369451284775863 ], [ -47.729108012781595, -14.369451284775863 ], [ -47.729108012781595, -14.368912295605391 ], [ -47.733419926145373, -14.368912295605391 ], [ -47.733419926145373, -14.369990273946334 ], [ -47.734497904486311, -14.369990273946334 ], [ -47.734497904486311, -14.368912295605391 ], [ -47.734228409901078, -14.368912295605391 ], [ -47.734228409901078, -14.365947855167796 ], [ -47.736923355753433, -14.365947855167796 ], [ -47.736923355753433, -14.363791898485911 ], [ -47.739348807020562, -14.363791898485911 ], [ -47.739348807020562, -14.36567836058256 ], [ -47.739618301605795, -14.36567836058256 ], [ -47.739618301605795, -14.366217349753033 ], [ -47.740696279946739, -14.366217349753033 ], [ -47.740696279946739, -14.365947855167796 ], [ -47.740965774531972, -14.365947855167796 ], [ -47.740965774531972, -14.362983414730202 ], [ -47.742852236628622, -14.362983414730202 ], [ -47.742852236628622, -14.361635941804023 ], [ -47.741504763702444, -14.361635941804023 ], [ -47.741504763702444, -14.36244442555973 ], [ -47.739348807020562, -14.36244442555973 ], [ -47.739348807020562, -14.361635941804023 ], [ -47.739079312435322, -14.361635941804023 ], [ -47.739079312435322, -14.361366447218787 ], [ -47.738809817850083, -14.361366447218787 ], [ -47.738809817850083, -14.359479985122135 ], [ -47.737731839509145, -14.359479985122135 ], [ -47.737731839509145, -14.36055796346308 ] ] ] } },
{ "type": "Feature", "properties": { "nome_area_": "PDS ESUSA", "tipo_area_": "Assentamentos INCRA", "esferaadmi": null, "nomeunidad": null, "grupo": null, "ano": "2025", "mes_ano": "10-2025", "nm_municip": "ALTO PARAISO DE GOIAS", "nome": "Alto Paraíso de Goiás", "meso_ibge": "Norte Goiano", "micro_ibge": "Chapada dos Veadeiros", "geocodigo": 5200605.0, "area_ha": 3.553455 }, "geometry": { "type": "Polygon", "coordinates": [ [ [ -47.691917760019045, -14.375649660236288 ], [ -47.69110927626334, -14.375649660236288 ], [ -47.69110927626334, -14.377266627747701 ], [ -47.692187254604285, -14.377266627747701 ], [ -47.692187254604285, -14.376997133162467 ], [ -47.692456749189517, -14.376997133162467 ], [ -47.692456749189517, -14.376727638577231 ], [ -47.69299573835999, -14.376727638577231 ], [ -47.69299573835999, -14.375380165651052 ], [ -47.691917760019045, -14.375380165651052 ], [ -47.691917760019045, -14.375649660236288 ] ] ] } },
{ "type": "Feature", "properties": { "nome_area_": "PDS ESUSA", "tipo_area_": "Assentamentos INCRA", "esferaadmi": null, "nomeunidad": null, "grupo": null, "ano": "2025", "mes_ano": "10-2025", "nm_municip": "ALTO PARAISO DE GOIAS", "nome": "Alto Paraíso de Goiás", "meso_ibge": "Norte Goiano", "micro_ibge": "Chapada dos Veadeiros", "geocodigo": 5200605.0, "area_ha": 1.733481 }, "geometry": { "type": "Polygon", "coordinates": [ [ [ -47.71374682142315, -14.365139371412088 ], [ -47.715094294349328, -14.365139371412088 ], [ -47.715094294349328, -14.364061393071145 ], [ -47.71374682142315, -14.364061393071145 ], [ -47.71374682142315, -14.365139371412088 ] ] ] } },
{ "type": "Feature", "properties": { "nome_area_": "PDS ESUSA", "tipo_area_": "Assentamentos INCRA", "esferaadmi": null, "nomeunidad": null, "grupo": null, "ano": "2025", "mes_ano": "7-2025", "nm_municip": "ALTO PARAISO DE GOIAS", "nome": "Alto Paraíso de Goiás", "meso_ibge": "Norte Goiano", "micro_ibge": "Chapada dos Veadeiros", "geocodigo": 5200605.0, "area_ha": 3.640133 }, "geometry": { "type": "Polygon", "coordinates": [ [ [ -47.724526604832583, -14.375110671065816 ], [ -47.724257110247351, -14.375110671065816 ], [ -47.724257110247351, -14.376188649406759 ], [ -47.725065594003055, -14.376188649406759 ], [ -47.725065594003055, -14.376727638577231 ], [ -47.726143572344, -14.376727638577231 ], [ -47.726143572344, -14.374841176480579 ], [ -47.724526604832583, -14.374841176480579 ], [ -47.724526604832583, -14.375110671065816 ] ] ] } },
{ "type": "Feature", "properties": { "nome_area_": "PDS ESUSA", "tipo_area_": "Assentamentos INCRA", "esferaadmi": null, "nomeunidad": null, "grupo": null, "ano": "2025", "mes_ano": "7-2025", "nm_municip": "ALTO PARAISO DE GOIAS", "nome": "Alto Paraíso de Goiás", "meso_ibge": "Norte Goiano", "micro_ibge": "Chapada dos Veadeiros", "geocodigo": 5200605.0, "area_ha": 5.633661 }, "geometry": { "type": "Polygon", "coordinates": [ [ [ -47.69488220045664, -14.370529263116806 ], [ -47.694612705871407, -14.370529263116806 ], [ -47.694612705871407, -14.370798757702042 ], [ -47.692456749189517, -14.370798757702042 ], [ -47.692456749189517, -14.37025976853157 ], [ -47.691378770848573, -14.37025976853157 ], [ -47.691378770848573, -14.371337746872513 ], [ -47.694343211286167, -14.371337746872513 ], [ -47.694343211286167, -14.371876736042985 ], [ -47.695421189627112, -14.371876736042985 ], [ -47.695421189627112, -14.371607241457749 ], [ -47.695960178797584, -14.371607241457749 ], [ -47.695960178797584, -14.371337746872513 ], [ -47.696229673382824, -14.371337746872513 ], [ -47.696229673382824, -14.37025976853157 ], [ -47.69488220045664, -14.37025976853157 ], [ -47.69488220045664, -14.370529263116806 ] ] ] } },
{ "type": "Feature", "properties": { "nome_area_": "PDS ESUSA", "tipo_area_": "Assentamentos INCRA", "esferaadmi": null, "nomeunidad": null, "grupo": null, "ano": "2025", "mes_ano": "10-2025", "nm_municip": "ALTO PARAISO DE GOIAS", "nome": "Alto Paraíso de Goiás", "meso_ibge": "Norte Goiano", "micro_ibge": "Chapada dos Veadeiros", "geocodigo": 5200605.0, "area_ha": 632.427744 }, "geometry": { "type": "MultiPolygon", "coordinates": [ [ [ [ -47.678379536558666, -14.319325291921993 ], [ -47.678489, -14.319737 ], [ -47.678973, -14.319713 ], [ -47.679437, -14.319956 ], [ -47.679946, -14.320496 ], [ -47.680017, -14.321135 ], [ -47.680143, -14.321218 ], [ -47.689225, -14.320405 ], [ -47.683176, -14.327773 ], [ -47.693738, -14.329549 ], [ -47.695960178797584, -14.334524096577754 ], [ -47.695960178797584, -14.330105075331428 ], [ -47.696229673382824, -14.330105075331428 ], [ -47.696229673382824, -14.32794911864954 ], [ -47.700002597576123, -14.32794911864954 ], [ -47.700002597576123, -14.329566086160956 ], [ -47.700541586746596, -14.329566086160956 ], [ -47.700541586746596, -14.330105075331428 ], [ -47.70161956508754, -14.330105075331428 ], [ -47.70161956508754, -14.329835580746192 ], [ -47.702967038013718, -14.329835580746192 ], [ -47.702967038013718, -14.329296591575719 ], [ -47.705931478451312, -14.329296591575719 ], [ -47.705931478451312, -14.328488107820013 ], [ -47.708356929718434, -14.328488107820013 ], [ -47.708356929718434, -14.328757602405249 ], [ -47.710243391815084, -14.328757602405249 ], [ -47.710243391815084, -14.327140634893833 ], [ -47.707817940547962, -14.327140634893833 ], [ -47.707817940547962, -14.324984678211946 ], [ -47.710782380985556, -14.324984678211946 ], [ -47.710782380985556, -14.323906699871003 ], [ -47.709973897229851, -14.323906699871003 ], [ -47.709973897229851, -14.322559226944824 ], [ -47.708895918888906, -14.322559226944824 ], [ -47.708895918888906, -14.32282872153006 ], [ -47.707278951377489, -14.32282872153006 ], [ -47.707278951377489, -14.323367710700531 ], [ -47.706739962207017, -14.323367710700531 ], [ -47.706739962207017, -14.326601645723361 ], [ -47.70323653259895, -14.326601645723361 ], [ -47.70323653259895, -14.325523667382418 ], [ -47.702158554258013, -14.325523667382418 ], [ -47.702158554258013, -14.325793161967654 ], [ -47.700002597576123, -14.325793161967654 ], [ -47.700002597576123, -14.324984678211946 ], [ -47.696229673382824, -14.324984678211946 ], [ -47.696229673382824, -14.32282872153006 ], [ -47.695151695041879, -14.32282872153006 ], [ -47.695151695041879, -14.323098216115294 ], [ -47.69488220045664, -14.323098216115294 ], [ -47.69488220045664, -14.323637205285767 ], [ -47.691648265433813, -14.323637205285767 ], [ -47.691648265433813, -14.323367710700531 ], [ -47.69110927626334, -14.323367710700531 ], [ -47.69110927626334, -14.317977818995814 ], [ -47.693534727530462, -14.317977818995814 ], [ -47.693534727530462, -14.316899840654871 ], [ -47.695690684212352, -14.316899840654871 ], [ -47.695690684212352, -14.316360851484399 ], [ -47.695960178797584, -14.316360851484399 ], [ -47.695960178797584, -14.315821862313927 ], [ -47.698655124649946, -14.315821862313927 ], [ -47.698655124649946, -14.316091356899163 ], [ -47.698924619235179, -14.316091356899163 ], [ -47.698924619235179, -14.316360851484399 ], [ -47.700002597576123, -14.316360851484399 ], [ -47.700002597576123, -14.315821862313927 ], [ -47.700811081331828, -14.315821862313927 ], [ -47.700811081331828, -14.314743883972984 ], [ -47.701889059672773, -14.314743883972984 ], [ -47.701889059672773, -14.313396411046805 ], [ -47.700002597576123, -14.313396411046805 ], [ -47.700002597576123, -14.311509948950153 ], [ -47.698655124649946, -14.311509948950153 ], [ -47.698655124649946, -14.312857421876332 ], [ -47.697307651723762, -14.312857421876332 ], [ -47.697307651723762, -14.313665905632041 ], [ -47.697038157138529, -14.313665905632041 ], [ -47.697038157138529, -14.314204894802511 ], [ -47.696768662553296, -14.314204894802511 ], [ -47.696768662553296, -14.314474389387748 ], [ -47.696229673382824, -14.314474389387748 ], [ -47.696229673382824, -14.314743883972984 ], [ -47.690570287092868, -14.314743883972984 ], [ -47.690570287092868, -14.31501337855822 ], [ -47.690031297922395, -14.31501337855822 ], [ -47.690031297922395, -14.315282873143456 ], [ -47.689761803337163, -14.315282873143456 ], [ -47.689761803337163, -14.315821862313927 ], [ -47.685449889973384, -14.315821862313927 ], [ -47.685449889973384, -14.315552367728692 ], [ -47.685180395388151, -14.315552367728692 ], [ -47.685180395388151, -14.315282873143456 ], [ -47.684102417047207, -14.315282873143456 ], [ -47.684102417047207, -14.315552367728692 ], [ -47.683563427876734, -14.315552367728692 ], [ -47.683563427876734, -14.315821862313927 ], [ -47.681137976609612, -14.315821862313927 ], [ -47.681137976609612, -14.314474389387748 ], [ -47.679790503683435, -14.314474389387748 ], [ -47.679790503683435, -14.316360851484399 ], [ -47.67871252534249, -14.316360851484399 ], [ -47.67871252534249, -14.316630346069635 ], [ -47.678443030757258, -14.316630346069635 ], [ -47.678443030757258, -14.319325291921993 ], [ -47.678379536558666, -14.319325291921993 ] ] ], [ [ [ -47.698038, -14.339176 ], [ -47.698218810483056, -14.345735761275106 ], [ -47.700811081331828, -14.345735761275106 ], [ -47.700811081331828, -14.346005255860343 ], [ -47.70323653259895, -14.346005255860343 ], [ -47.70323653259895, -14.350317169224116 ], [ -47.700811081331828, -14.350317169224116 ], [ -47.700811081331828, -14.351395147565061 ], [ -47.701080575917068, -14.351395147565061 ], [ -47.701080575917068, -14.351934136735531 ], [ -47.701350070502301, -14.351934136735531 ], [ -47.701350070502301, -14.354629082587891 ], [ -47.702428048843245, -14.354629082587891 ], [ -47.702428048843245, -14.357324028440249 ], [ -47.704045016354662, -14.357324028440249 ], [ -47.704045016354662, -14.357593523025486 ], [ -47.704584005525135, -14.357593523025486 ], [ -47.704584005525135, -14.35786301761072 ], [ -47.707817940547962, -14.35786301761072 ], [ -47.707817940547962, -14.358132512195956 ], [ -47.708087435133201, -14.358132512195956 ], [ -47.708087435133201, -14.358402006781192 ], [ -47.709165413474139, -14.358402006781192 ], [ -47.709165413474139, -14.358940995951665 ], [ -47.709434908059379, -14.358940995951665 ], [ -47.709434908059379, -14.359210490536899 ], [ -47.709973897229851, -14.359210490536899 ], [ -47.709973897229851, -14.359749479707371 ], [ -47.710243391815084, -14.359749479707371 ], [ -47.710243391815084, -14.360018974292608 ], [ -47.710512886400323, -14.360018974292608 ], [ -47.710512886400323, -14.360288468877844 ], [ -47.711051875570796, -14.360288468877844 ], [ -47.711051875570796, -14.36055796346308 ], [ -47.711321370156028, -14.36055796346308 ], [ -47.711321370156028, -14.360827458048314 ], [ -47.711860359326501, -14.360827458048314 ], [ -47.711860359326501, -14.361096952633551 ], [ -47.71374682142315, -14.361096952633551 ], [ -47.71374682142315, -14.359479985122135 ], [ -47.716441767275512, -14.359479985122135 ], [ -47.716441767275512, -14.359749479707371 ], [ -47.717519745616457, -14.359749479707371 ], [ -47.717519745616457, -14.360018974292608 ], [ -47.719136713127867, -14.360018974292608 ], [ -47.719136713127867, -14.360288468877844 ], [ -47.720484186054051, -14.360288468877844 ], [ -47.720484186054051, -14.364061393071145 ], [ -47.719136713127867, -14.364061393071145 ], [ -47.719136713127867, -14.365947855167796 ], [ -47.716980756445984, -14.365947855167796 ], [ -47.716980756445984, -14.36567836058256 ], [ -47.716711261860745, -14.36567836058256 ], [ -47.716711261860745, -14.365408865997324 ], [ -47.716172272690272, -14.365408865997324 ], [ -47.716172272690272, -14.365139371412088 ], [ -47.715094294349328, -14.365139371412088 ], [ -47.715094294349328, -14.366217349753033 ], [ -47.7156332835198, -14.366217349753033 ], [ -47.7156332835198, -14.366756338923505 ], [ -47.716172272690272, -14.366756338923505 ], [ -47.716172272690272, -14.367295328093975 ], [ -47.718597723957394, -14.367295328093975 ], [ -47.718597723957394, -14.368103811849684 ], [ -47.720214691468811, -14.368103811849684 ], [ -47.720214691468811, -14.367564822679212 ], [ -47.722640142735933, -14.367564822679212 ], [ -47.722640142735933, -14.36244442555973 ], [ -47.725065594003055, -14.36244442555973 ], [ -47.725065594003055, -14.359479985122135 ], [ -47.725604583173528, -14.359479985122135 ], [ -47.725604583173528, -14.356515544684541 ], [ -47.726143572344, -14.356515544684541 ], [ -47.726143572344, -14.354898577173126 ], [ -47.725335088588295, -14.354898577173126 ], [ -47.725335088588295, -14.354359588002655 ], [ -47.723179131906406, -14.354359588002655 ], [ -47.723179131906406, -14.353551104246947 ], [ -47.722640142735933, -14.353551104246947 ], [ -47.722640142735933, -14.349778180053645 ], [ -47.723448626491646, -14.349778180053645 ], [ -47.723448626491646, -14.348700201712703 ], [ -47.723179131906406, -14.348700201712703 ], [ -47.723179131906406, -14.346813739616051 ], [ -47.722101153565461, -14.346813739616051 ], [ -47.722101153565461, -14.347083234201286 ], [ -47.721831658980228, -14.347083234201286 ], [ -47.721831658980228, -14.347352728786522 ], [ -47.719675702298339, -14.347352728786522 ], [ -47.719675702298339, -14.347083234201286 ], [ -47.717789240201689, -14.347083234201286 ], [ -47.717789240201689, -14.347622223371758 ], [ -47.716172272690272, -14.347622223371758 ], [ -47.716172272690272, -14.34816121254223 ], [ -47.712938337667445, -14.34816121254223 ], [ -47.712938337667445, -14.348430707127466 ], [ -47.712399348496973, -14.348430707127466 ], [ -47.712399348496973, -14.348969696297937 ], [ -47.711590864741268, -14.348969696297937 ], [ -47.711590864741268, -14.350317169224116 ], [ -47.711860359326501, -14.350317169224116 ], [ -47.711860359326501, -14.350856158394588 ], [ -47.712668843082206, -14.350856158394588 ], [ -47.712668843082206, -14.353551104246947 ], [ -47.710512886400323, -14.353551104246947 ], [ -47.710512886400323, -14.35274262049124 ], [ -47.707548445962729, -14.35274262049124 ], [ -47.707548445962729, -14.352203631320767 ], [ -47.707278951377489, -14.352203631320767 ], [ -47.707278951377489, -14.350047674638882 ], [ -47.709165413474139, -14.350047674638882 ], [ -47.709165413474139, -14.349508685468409 ], [ -47.709434908059379, -14.349508685468409 ], [ -47.709434908059379, -14.348430707127466 ], [ -47.708626424303674, -14.348430707127466 ], [ -47.708626424303674, -14.347891717956994 ], [ -47.706739962207017, -14.347891717956994 ], [ -47.706739962207017, -14.346544245030815 ], [ -47.705931478451312, -14.346544245030815 ], [ -47.705931478451312, -14.343849299178457 ], [ -47.705661983866079, -14.343849299178457 ], [ -47.705661983866079, -14.343579804593221 ], [ -47.704314510939895, -14.343579804593221 ], [ -47.704314510939895, -14.342232331667041 ], [ -47.704045016354662, -14.342232331667041 ], [ -47.704045016354662, -14.341962837081805 ], [ -47.703775521769423, -14.341962837081805 ], [ -47.703775521769423, -14.341423847911333 ], [ -47.70323653259895, -14.341423847911333 ], [ -47.70323653259895, -14.339806880399918 ], [ -47.701889059672773, -14.339806880399918 ], [ -47.701889059672773, -14.340076374985154 ], [ -47.699194113820418, -14.340076374985154 ], [ -47.699194113820418, -14.339537385814683 ], [ -47.698924619235179, -14.339537385814683 ], [ -47.698924619235179, -14.338998396644211 ], [ -47.698655124649946, -14.338998396644211 ], [ -47.698655124649946, -14.338728902058975 ], [ -47.698385630064706, -14.338728902058975 ], [ -47.698385630064706, -14.338189912888502 ], [ -47.697597553902618, -14.338189912888502 ], [ -47.698038, -14.339176 ] ], [ [ -47.721562164394989, -14.362174930974493 ], [ -47.721562164394989, -14.360018974292608 ], [ -47.723718121076878, -14.360018974292608 ], [ -47.723718121076878, -14.362174930974493 ], [ -47.721562164394989, -14.362174930974493 ] ] ] ] } },
{ "type": "Feature", "properties": { "nome_area_": "PDS ESUSA", "tipo_area_": "Assentamentos INCRA", "esferaadmi": null, "nomeunidad": null, "grupo": null, "ano": "2025", "mes_ano": "10-2025", "nm_municip": "ALTO PARAISO DE GOIAS", "nome": "Alto Paraíso de Goiás", "meso_ibge": "Norte Goiano", "micro_ibge": "Chapada dos Veadeiros", "geocodigo": 5200605.0, "area_ha": 2.080153 }, "geometry": { "type": "Polygon", "coordinates": [ [ [ -47.747703139162873, -14.367834317264448 ], [ -47.749320106674283, -14.367834317264448 ], [ -47.749320106674283, -14.366756338923505 ], [ -47.747703139162873, -14.366756338923505 ], [ -47.747703139162873, -14.367834317264448 ] ] ] } },
{ "type": "Feature", "properties": { "nome_area_": "PDS ESUSA", "tipo_area_": "Assentamentos INCRA", "esferaadmi": null, "nomeunidad": null, "grupo": null, "ano": "2025", "mes_ano": "7-2025", "nm_municip": "ALTO PARAISO DE GOIAS", "nome": "Alto Paraíso de Goiás", "meso_ibge": "Norte Goiano", "micro_ibge": "Chapada dos Veadeiros", "geocodigo": 5200605.0, "area_ha": 45.847529 }, "geometry": { "type": "Polygon", "coordinates": [ [ [ -47.730724980293012, -14.376458143991995 ], [ -47.729647001952067, -14.376458143991995 ], [ -47.729647001952067, -14.376727638577231 ], [ -47.72829952902589, -14.376727638577231 ], [ -47.72829952902589, -14.376997133162467 ], [ -47.726682561514473, -14.376997133162467 ], [ -47.726682561514473, -14.378883595259117 ], [ -47.726143572344, -14.378883595259117 ], [ -47.726143572344, -14.379422584429589 ], [ -47.725874077758768, -14.379422584429589 ], [ -47.725874077758768, -14.379692079014825 ], [ -47.725604583173528, -14.379692079014825 ], [ -47.725604583173528, -14.381309046526241 ], [ -47.725335088588295, -14.381309046526241 ], [ -47.725335088588295, -14.382117530281947 ], [ -47.725065594003055, -14.382117530281947 ], [ -47.725065594003055, -14.384542981549071 ], [ -47.725335088588295, -14.384542981549071 ], [ -47.725335088588295, -14.384812476134307 ], [ -47.725874077758768, -14.384812476134307 ], [ -47.725874077758768, -14.385081970719542 ], [ -47.727491045270185, -14.385081970719542 ], [ -47.727491045270185, -14.384003992378599 ], [ -47.727760539855417, -14.384003992378599 ], [ -47.727760539855417, -14.383465003208126 ], [ -47.72803003444065, -14.383465003208126 ], [ -47.72803003444065, -14.383195508622892 ], [ -47.72829952902589, -14.383195508622892 ], [ -47.72829952902589, -14.382926014037656 ], [ -47.728569023611122, -14.382926014037656 ], [ -47.728569023611122, -14.38265651945242 ], [ -47.728838518196362, -14.38265651945242 ], [ -47.728838518196362, -14.382387024867183 ], [ -47.730185991122539, -14.382387024867183 ], [ -47.730185991122539, -14.381848035696713 ], [ -47.730455485707779, -14.381848035696713 ], [ -47.730455485707779, -14.380231068185296 ], [ -47.7299164965373, -14.380231068185296 ], [ -47.7299164965373, -14.37807511150341 ], [ -47.731533464048717, -14.37807511150341 ], [ -47.731533464048717, -14.377805616918174 ], [ -47.731802958633956, -14.377805616918174 ], [ -47.731802958633956, -14.377536122332938 ], [ -47.732072453219189, -14.377536122332938 ], [ -47.732072453219189, -14.376727638577231 ], [ -47.733419926145373, -14.376727638577231 ], [ -47.733419926145373, -14.375380165651052 ], [ -47.733150431560134, -14.375380165651052 ], [ -47.733150431560134, -14.374841176480579 ], [ -47.732341947804429, -14.374841176480579 ], [ -47.732341947804429, -14.374571681895343 ], [ -47.730724980293012, -14.374571681895343 ], [ -47.730724980293012, -14.376458143991995 ] ] ] } },
{ "type": "Feature", "properties": { "nome_area_": "PDS ESUSA", "tipo_area_": "Assentamentos INCRA", "esferaadmi": null, "nomeunidad": null, "grupo": null, "ano": "2025", "mes_ano": "7-2025", "nm_municip": "ALTO PARAISO DE GOIAS", "nome": "Alto Paraíso de Goiás", "meso_ibge": "Norte Goiano", "micro_ibge": "Chapada dos Veadeiros", "geocodigo": 5200605.0, "area_ha": 2.080036 }, "geometry": { "type": "Polygon", "coordinates": [ [ [ -47.718867218542634, -14.380500562770532 ], [ -47.719136713127867, -14.380500562770532 ], [ -47.719136713127867, -14.380770057355768 ], [ -47.720214691468811, -14.380770057355768 ], [ -47.720214691468811, -14.379422584429589 ], [ -47.718867218542634, -14.379422584429589 ], [ -47.718867218542634, -14.380500562770532 ] ] ] } },
{ "type": "Feature", "properties": { "nome_area_": "PDS ESUSA", "tipo_area_": "Assentamentos INCRA", "esferaadmi": null, "nomeunidad": null, "grupo": null, "ano": "2025", "mes_ano": "7-2025", "nm_municip": "ALTO PARAISO DE GOIAS", "nome": "Alto Paraíso de Goiás", "meso_ibge": "Norte Goiano", "micro_ibge": "Chapada dos Veadeiros", "geocodigo": 5200605.0, "area_ha": 14.560373 }, "geometry": { "type": "Polygon", "coordinates": [ [ [ -47.710512886400323, -14.376997133162467 ], [ -47.710243391815084, -14.376997133162467 ], [ -47.710243391815084, -14.377266627747701 ], [ -47.709434908059379, -14.377266627747701 ], [ -47.709434908059379, -14.378883595259117 ], [ -47.710782380985556, -14.378883595259117 ], [ -47.710782380985556, -14.379961573600061 ], [ -47.712129853911733, -14.379961573600061 ], [ -47.712129853911733, -14.379692079014825 ], [ -47.713207832252678, -14.379692079014825 ], [ -47.713207832252678, -14.379422584429589 ], [ -47.71374682142315, -14.379422584429589 ], [ -47.71374682142315, -14.379153089844353 ], [ -47.71401631600839, -14.379153089844353 ], [ -47.71401631600839, -14.37807511150341 ], [ -47.714555305178862, -14.37807511150341 ], [ -47.714555305178862, -14.376997133162467 ], [ -47.712399348496973, -14.376997133162467 ], [ -47.712399348496973, -14.376727638577231 ], [ -47.710512886400323, -14.376727638577231 ], [ -47.710512886400323, -14.376997133162467 ] ] ] } },
{ "type": "Feature", "properties": { "nome_area_": "PDS ESUSA", "tipo_area_": "Assentamentos INCRA", "esferaadmi": null, "nomeunidad": null, "grupo": null, "ano": "2025", "mes_ano": "7-2025", "nm_municip": "ALTO PARAISO DE GOIAS", "nome": "Alto Paraíso de Goiás", "meso_ibge": "Norte Goiano", "micro_ibge": "Chapada dos Veadeiros", "geocodigo": 5200605.0, "area_ha": 0.086701 }, "geometry": { "type": "Polygon", "coordinates": [ [ [ -47.72641306692924, -14.292375833398408 ], [ -47.726682561514473, -14.292375833398408 ], [ -47.726682561514473, -14.292106338813172 ], [ -47.72641306692924, -14.292106338813172 ], [ -47.72641306692924, -14.292375833398408 ] ] ] } },
{ "type": "Feature", "properties": { "nome_area_": "PDS ESUSA", "tipo_area_": "Assentamentos INCRA", "esferaadmi": null, "nomeunidad": null, "grupo": null, "ano": "2025", "mes_ano": "7-2025", "nm_municip": "ALTO PARAISO DE GOIAS", "nome": "Alto Paraíso de Goiás", "meso_ibge": "Norte Goiano", "micro_ibge": "Chapada dos Veadeiros", "geocodigo": 5200605.0, "area_ha": 0.086702 }, "geometry": { "type": "Polygon", "coordinates": [ [ [ -47.709704402644611, -14.291028360472229 ], [ -47.709973897229851, -14.291028360472229 ], [ -47.709973897229851, -14.290758865886993 ], [ -47.709704402644611, -14.290758865886993 ], [ -47.709704402644611, -14.291028360472229 ] ] ] } },
{ "type": "Feature", "properties": { "nome_area_": "PDS ESUSA", "tipo_area_": "Assentamentos INCRA", "esferaadmi": null, "nomeunidad": null, "grupo": null, "ano": "2025", "mes_ano": "7-2025", "nm_municip": "ALTO PARAISO DE GOIAS", "nome": "Alto Paraíso de Goiás", "meso_ibge": "Norte Goiano", "micro_ibge": "Chapada dos Veadeiros", "geocodigo": 5200605.0, "area_ha": 0.086702 }, "geometry": { "type": "Polygon", "coordinates": [ [ [ -47.710243391815084, -14.29021987671652 ], [ -47.710512886400323, -14.29021987671652 ], [ -47.710512886400323, -14.289950382131284 ], [ -47.710243391815084, -14.289950382131284 ], [ -47.710243391815084, -14.29021987671652 ] ] ] } },
{ "type": "Feature", "properties": { "nome_area_": "PDS ESUSA", "tipo_area_": "Assentamentos INCRA", "esferaadmi": null, "nomeunidad": null, "grupo": null, "ano": "2025", "mes_ano": "7-2025", "nm_municip": "ALTO PARAISO DE GOIAS", "nome": "Alto Paraíso de Goiás", "meso_ibge": "Norte Goiano", "micro_ibge": "Chapada dos Veadeiros", "geocodigo": 5200605.0, "area_ha": 0.086703 }, "geometry": { "type": "Polygon", "coordinates": [ [ [ -47.710782380985556, -14.288872403790341 ], [ -47.711051875570796, -14.288872403790341 ], [ -47.711051875570796, -14.288602909205105 ], [ -47.710782380985556, -14.288602909205105 ], [ -47.710782380985556, -14.288872403790341 ] ] ] } },
{ "type": "Feature", "properties": { "nome_area_": "PDS ESUSA", "tipo_area_": "Assentamentos INCRA", "esferaadmi": null, "nomeunidad": null, "grupo": null, "ano": "2025", "mes_ano": "7-2025", "nm_municip": "ALTO PARAISO DE GOIAS", "nome": "Alto Paraíso de Goiás", "meso_ibge": "Norte Goiano", "micro_ibge": "Chapada dos Veadeiros", "geocodigo": 5200605.0, "area_ha": 0.086703 }, "geometry": { "type": "Polygon", "coordinates": [ [ [ -47.718867218542634, -14.288333414619871 ], [ -47.719136713127867, -14.288333414619871 ], [ -47.719136713127867, -14.288063920034634 ], [ -47.718867218542634, -14.288063920034634 ], [ -47.718867218542634, -14.288333414619871 ] ] ] } },
{ "type": "Feature", "properties": { "nome_area_": "PDS ESUSA", "tipo_area_": "Assentamentos INCRA", "esferaadmi": null, "nomeunidad": null, "grupo": null, "ano": "2025", "mes_ano": "7-2025", "nm_municip": "ALTO PARAISO DE GOIAS", "nome": "Alto Paraíso de Goiás", "meso_ibge": "Norte Goiano", "micro_ibge": "Chapada dos Veadeiros", "geocodigo": 5200605.0, "area_ha": 0.0867 }, "geometry": { "type": "Polygon", "coordinates": [ [ [ -47.712938337667445, -14.295879263006473 ], [ -47.713207832252678, -14.295879263006473 ], [ -47.713207832252678, -14.295609768421238 ], [ -47.712938337667445, -14.295609768421238 ], [ -47.712938337667445, -14.295879263006473 ] ] ] } },
{ "type": "Feature", "properties": { "nome_area_": "PDS ESUSA", "tipo_area_": "Assentamentos INCRA", "esferaadmi": null, "nomeunidad": null, "grupo": null, "ano": "2025", "mes_ano": "7-2025", "nm_municip": "ALTO PARAISO DE GOIAS", "nome": "Alto Paraíso de Goiás", "meso_ibge": "Norte Goiano", "micro_ibge": "Chapada dos Veadeiros", "geocodigo": 5200605.0, "area_ha": 0.346801 }, "geometry": { "type": "Polygon", "coordinates": [ [ [ -47.713207832252678, -14.295609768421238 ], [ -47.713477326837918, -14.295609768421238 ], [ -47.713477326837918, -14.294531790080294 ], [ -47.713207832252678, -14.294531790080294 ], [ -47.713207832252678, -14.295609768421238 ] ] ] } },
{ "type": "Feature", "properties": { "nome_area_": "PDS ESUSA", "tipo_area_": "Assentamentos INCRA", "esferaadmi": null, "nomeunidad": null, "grupo": null, "ano": "2025", "mes_ano": "11-2025", "nm_municip": "ALTO PARAISO DE GOIAS", "nome": "Alto Paraíso de Goiás", "meso_ibge": "Norte Goiano", "micro_ibge": "Chapada dos Veadeiros", "geocodigo": 5200605.0, "area_ha": 2.080004 }, "geometry": { "type": "Polygon", "coordinates": [ [ [ -47.734228409901078, -14.384542981549071 ], [ -47.735306388242023, -14.384542981549071 ], [ -47.735306388242023, -14.382926014037656 ], [ -47.734228409901078, -14.382926014037656 ], [ -47.734228409901078, -14.384542981549071 ] ] ] } },
{ "type": "Feature", "properties": { "nome_area_": "PDS ESUSA", "tipo_area_": "Assentamentos INCRA", "esferaadmi": null, "nomeunidad": null, "grupo": null, "ano": "2025", "mes_ano": "7-2025", "nm_municip": "ALTO PARAISO DE GOIAS", "nome": "Alto Paraíso de Goiás", "meso_ibge": "Norte Goiano", "micro_ibge": "Chapada dos Veadeiros", "geocodigo": 5200605.0, "area_ha": 0.0867 }, "geometry": { "type": "Polygon", "coordinates": [ [ [ -47.716441767275512, -14.295070779250766 ], [ -47.716711261860745, -14.295070779250766 ], [ -47.716711261860745, -14.29480128466553 ], [ -47.716441767275512, -14.29480128466553 ], [ -47.716441767275512, -14.295070779250766 ] ] ] } },
{ "type": "Feature", "properties": { "nome_area_": "PDS ESUSA", "tipo_area_": "Assentamentos INCRA", "esferaadmi": null, "nomeunidad": null, "grupo": null, "ano": "2025", "mes_ano": "7-2025", "nm_municip": "ALTO PARAISO DE GOIAS", "nome": "Alto Paraíso de Goiás", "meso_ibge": "Norte Goiano", "micro_ibge": "Chapada dos Veadeiros", "geocodigo": 5200605.0, "area_ha": 0.086701 }, "geometry": { "type": "Polygon", "coordinates": [ [ [ -47.709434908059379, -14.294262295495059 ], [ -47.709704402644611, -14.294262295495059 ], [ -47.709704402644611, -14.293992800909823 ], [ -47.709434908059379, -14.293992800909823 ], [ -47.709434908059379, -14.294262295495059 ] ] ] } },
{ "type": "Feature", "properties": { "nome_area_": "PDS ESUSA", "tipo_area_": "Assentamentos INCRA", "esferaadmi": null, "nomeunidad": null, "grupo": null, "ano": "2025", "mes_ano": "11-2025", "nm_municip": "ALTO PARAISO DE GOIAS", "nome": "Alto Paraíso de Goiás", "meso_ibge": "Norte Goiano", "micro_ibge": "Chapada dos Veadeiros", "geocodigo": 5200605.0, "area_ha": 1.387035 }, "geometry": { "type": "Polygon", "coordinates": [ [ [ -47.72829952902589, -14.323637205285767 ], [ -47.729377507366834, -14.323637205285767 ], [ -47.729377507366834, -14.322559226944824 ], [ -47.72829952902589, -14.322559226944824 ], [ -47.72829952902589, -14.323637205285767 ] ] ] } },
{ "type": "Feature", "properties": { "nome_area_": "PDS ESUSA", "tipo_area_": "Assentamentos INCRA", "esferaadmi": null, "nomeunidad": null, "grupo": null, "ano": "2025", "mes_ano": "10-2025", "nm_municip": "ALTO PARAISO DE GOIAS", "nome": "Alto Paraíso de Goiás", "meso_ibge": "Norte Goiano", "micro_ibge": "Chapada dos Veadeiros", "geocodigo": 5200605.0, "area_ha": 1.386939 }, "geometry": { "type": "Polygon", "coordinates": [ [ [ -47.709165413474139, -14.339537385814683 ], [ -47.710243391815084, -14.339537385814683 ], [ -47.710243391815084, -14.338459407473739 ], [ -47.709165413474139, -14.338459407473739 ], [ -47.709165413474139, -14.339537385814683 ] ] ] } },
{ "type": "Feature", "properties": { "nome_area_": "PA SILVIO RODRIGUES", "tipo_area_": "Assentamentos INCRA", "esferaadmi": null, "nomeunidad": null, "grupo": null, "ano": "2025", "mes_ano": "8-2025", "nm_municip": "ALTO PARAISO DE GOIAS", "nome": "Alto Paraíso de Goiás", "meso_ibge": "Norte Goiano", "micro_ibge": "Chapada dos Veadeiros", "geocodigo": 5200605.0, "area_ha": 0.346705 }, "geometry": { "type": "Polygon", "coordinates": [ [ [ -47.573609637100503, -14.358671501366429 ], [ -47.574687615441448, -14.358671501366429 ], [ -47.574687615441448, -14.358402006781192 ], [ -47.573609637100503, -14.358402006781192 ], [ -47.573609637100503, -14.358671501366429 ] ] ] } },
{ "type": "Feature", "properties": { "nome_area_": "PA SILVIO RODRIGUES", "tipo_area_": "Assentamentos INCRA", "esferaadmi": null, "nomeunidad": null, "grupo": null, "ano": "2025", "mes_ano": "8-2025", "nm_municip": "ALTO PARAISO DE GOIAS", "nome": "Alto Paraíso de Goiás", "meso_ibge": "Norte Goiano", "micro_ibge": "Chapada dos Veadeiros", "geocodigo": 5200605.0, "area_ha": 0.260029 }, "geometry": { "type": "Polygon", "coordinates": [ [ [ -47.57522660461192, -14.358402006781192 ], [ -47.576035088367632, -14.358402006781192 ], [ -47.576035088367632, -14.358132512195956 ], [ -47.57522660461192, -14.358132512195956 ], [ -47.57522660461192, -14.358402006781192 ] ] ] } },
{ "type": "Feature", "properties": { "nome_area_": "PA SILVIO RODRIGUES", "tipo_area_": "Assentamentos INCRA", "esferaadmi": null, "nomeunidad": null, "grupo": null, "ano": "2025", "mes_ano": "8-2025", "nm_municip": "ALTO PARAISO DE GOIAS", "nome": "Alto Paraíso de Goiás", "meso_ibge": "Norte Goiano", "micro_ibge": "Chapada dos Veadeiros", "geocodigo": 5200605.0, "area_ha": 0.086677 }, "geometry": { "type": "Polygon", "coordinates": [ [ [ -47.572262164174326, -14.35786301761072 ], [ -47.572531658759566, -14.35786301761072 ], [ -47.572531658759566, -14.357593523025486 ], [ -47.572262164174326, -14.357593523025486 ], [ -47.572262164174326, -14.35786301761072 ] ] ] } },
{ "type": "Feature", "properties": { "nome_area_": "PA SILVIO RODRIGUES", "tipo_area_": "Assentamentos INCRA", "esferaadmi": null, "nomeunidad": null, "grupo": null, "ano": "2025", "mes_ano": "8-2025", "nm_municip": "ALTO PARAISO DE GOIAS", "nome": "Alto Paraíso de Goiás", "meso_ibge": "Norte Goiano", "micro_ibge": "Chapada dos Veadeiros", "geocodigo": 5200605.0, "area_ha": 0.086675 }, "geometry": { "type": "Polygon", "coordinates": [ [ [ -47.58977931221466, -14.361635941804023 ], [ -47.590048806799892, -14.361635941804023 ], [ -47.590048806799892, -14.361366447218787 ], [ -47.58977931221466, -14.361366447218787 ], [ -47.58977931221466, -14.361635941804023 ] ] ] } },
{ "type": "Feature", "properties": { "nome_area_": "PA SILVIO RODRIGUES", "tipo_area_": "Assentamentos INCRA", "esferaadmi": null, "nomeunidad": null, "grupo": null, "ano": "2025", "mes_ano": "8-2025", "nm_municip": "ALTO PARAISO DE GOIAS", "nome": "Alto Paraíso de Goiás", "meso_ibge": "Norte Goiano", "micro_ibge": "Chapada dos Veadeiros", "geocodigo": 5200605.0, "area_ha": 0.086677 }, "geometry": { "type": "Polygon", "coordinates": [ [ [ -47.579269023390459, -14.35786301761072 ], [ -47.579538517975692, -14.35786301761072 ], [ -47.579538517975692, -14.357593523025486 ], [ -47.579269023390459, -14.357593523025486 ], [ -47.579269023390459, -14.35786301761072 ] ] ] } },
{ "type": "Feature", "properties": { "nome_area_": "PA SILVIO RODRIGUES", "tipo_area_": "Assentamentos INCRA", "esferaadmi": null, "nomeunidad": null, "grupo": null, "ano": "2025", "mes_ano": "8-2025", "nm_municip": "ALTO PARAISO DE GOIAS", "nome": "Alto Paraíso de Goiás", "meso_ibge": "Norte Goiano", "micro_ibge": "Chapada dos Veadeiros", "geocodigo": 5200605.0, "area_ha": 1.99359 }, "geometry": { "type": "Polygon", "coordinates": [ [ [ -47.597594655186498, -14.357054533855013 ], [ -47.593552236407959, -14.357054533855013 ], [ -47.593552236407959, -14.357324028440249 ], [ -47.598672633527443, -14.357324028440249 ], [ -47.598672633527443, -14.356785039269777 ], [ -47.597594655186498, -14.356785039269777 ], [ -47.597594655186498, -14.357054533855013 ] ] ] } },
{ "type": "Feature", "properties": { "nome_area_": "PA SILVIO RODRIGUES", "tipo_area_": "Assentamentos INCRA", "esferaadmi": null, "nomeunidad": null, "grupo": null, "ano": "2025", "mes_ano": "8-2025", "nm_municip": "ALTO PARAISO DE GOIAS", "nome": "Alto Paraíso de Goiás", "meso_ibge": "Norte Goiano", "micro_ibge": "Chapada dos Veadeiros", "geocodigo": 5200605.0, "area_ha": 0.346701 }, "geometry": { "type": "Polygon", "coordinates": [ [ [ -47.584119925924703, -14.361366447218787 ], [ -47.585197904265648, -14.361366447218787 ], [ -47.585197904265648, -14.361096952633551 ], [ -47.584119925924703, -14.361096952633551 ], [ -47.584119925924703, -14.361366447218787 ] ] ] } },
{ "type": "Feature", "properties": { "nome_area_": "PA SILVIO RODRIGUES", "tipo_area_": "Assentamentos INCRA", "esferaadmi": null, "nomeunidad": null, "grupo": null, "ano": "2025", "mes_ano": "8-2025", "nm_municip": "ALTO PARAISO DE GOIAS", "nome": "Alto Paraíso de Goiás", "meso_ibge": "Norte Goiano", "micro_ibge": "Chapada dos Veadeiros", "geocodigo": 5200605.0, "area_ha": 0.866772 }, "geometry": { "type": "Polygon", "coordinates": [ [ [ -47.591935268896542, -14.357054533855013 ], [ -47.592474258067014, -14.357054533855013 ], [ -47.592474258067014, -14.355707060928834 ], [ -47.591935268896542, -14.355707060928834 ], [ -47.591935268896542, -14.357054533855013 ] ] ] } },
{ "type": "Feature", "properties": { "nome_area_": "PA SILVIO RODRIGUES", "tipo_area_": "Assentamentos INCRA", "esferaadmi": null, "nomeunidad": null, "grupo": null, "ano": "2025", "mes_ano": "8-2025", "nm_municip": "ALTO PARAISO DE GOIAS", "nome": "Alto Paraíso de Goiás", "meso_ibge": "Norte Goiano", "micro_ibge": "Chapada dos Veadeiros", "geocodigo": 5200605.0, "area_ha": 0.086675 }, "geometry": { "type": "Polygon", "coordinates": [ [ [ -47.589240323044187, -14.361096952633551 ], [ -47.58950981762942, -14.361096952633551 ], [ -47.58950981762942, -14.360827458048314 ], [ -47.589240323044187, -14.360827458048314 ], [ -47.589240323044187, -14.361096952633551 ] ] ] } },
{ "type": "Feature", "properties": { "nome_area_": "PA SILVIO RODRIGUES", "tipo_area_": "Assentamentos INCRA", "esferaadmi": null, "nomeunidad": null, "grupo": null, "ano": "2025", "mes_ano": "8-2025", "nm_municip": "ALTO PARAISO DE GOIAS", "nome": "Alto Paraíso de Goiás", "meso_ibge": "Norte Goiano", "micro_ibge": "Chapada dos Veadeiros", "geocodigo": 5200605.0, "area_ha": 0.43339 }, "geometry": { "type": "Polygon", "coordinates": [ [ [ -47.576843572123337, -14.354629082587891 ], [ -47.577652055879042, -14.354629082587891 ], [ -47.577652055879042, -14.354359588002655 ], [ -47.57738256129381, -14.354359588002655 ], [ -47.57738256129381, -14.354090093417419 ], [ -47.576843572123337, -14.354090093417419 ], [ -47.576843572123337, -14.354629082587891 ] ] ] } },
{ "type": "Feature", "properties": { "nome_area_": "PA SILVIO RODRIGUES", "tipo_area_": "Assentamentos INCRA", "esferaadmi": null, "nomeunidad": null, "grupo": null, "ano": "2025", "mes_ano": "8-2025", "nm_municip": "ALTO PARAISO DE GOIAS", "nome": "Alto Paraíso de Goiás", "meso_ibge": "Norte Goiano", "micro_ibge": "Chapada dos Veadeiros", "geocodigo": 5200605.0, "area_ha": 0.866755 }, "geometry": { "type": "Polygon", "coordinates": [ [ [ -47.585197904265648, -14.361096952633551 ], [ -47.585467398850881, -14.361096952633551 ], [ -47.585467398850881, -14.36055796346308 ], [ -47.587353860947537, -14.36055796346308 ], [ -47.587353860947537, -14.360288468877844 ], [ -47.585197904265648, -14.360288468877844 ], [ -47.585197904265648, -14.361096952633551 ] ] ] } },
{ "type": "Feature", "properties": { "nome_area_": "PA SILVIO RODRIGUES", "tipo_area_": "Assentamentos INCRA", "esferaadmi": null, "nomeunidad": null, "grupo": null, "ano": "2025", "mes_ano": "8-2025", "nm_municip": "ALTO PARAISO DE GOIAS", "nome": "Alto Paraíso de Goiás", "meso_ibge": "Norte Goiano", "micro_ibge": "Chapada dos Veadeiros", "geocodigo": 5200605.0, "area_ha": 0.693428 }, "geometry": { "type": "Polygon", "coordinates": [ [ [ -47.566063788713905, -14.353551104246947 ], [ -47.566333283299137, -14.353551104246947 ], [ -47.566333283299137, -14.35274262049124 ], [ -47.567411261640082, -14.35274262049124 ], [ -47.567411261640082, -14.352473125906004 ], [ -47.566063788713905, -14.352473125906004 ], [ -47.566063788713905, -14.353551104246947 ] ] ] } },
{ "type": "Feature", "properties": { "nome_area_": "PA SILVIO RODRIGUES", "tipo_area_": "Assentamentos INCRA", "esferaadmi": null, "nomeunidad": null, "grupo": null, "ano": "2025", "mes_ano": "8-2025", "nm_municip": "ALTO PARAISO DE GOIAS", "nome": "Alto Paraíso de Goiás", "meso_ibge": "Norte Goiano", "micro_ibge": "Chapada dos Veadeiros", "geocodigo": 5200605.0, "area_ha": 0.086676 }, "geometry": { "type": "Polygon", "coordinates": [ [ [ -47.58789285011801, -14.360827458048314 ], [ -47.588162344703242, -14.360827458048314 ], [ -47.588162344703242, -14.36055796346308 ], [ -47.58789285011801, -14.36055796346308 ], [ -47.58789285011801, -14.360827458048314 ] ] ] } },
{ "type": "Feature", "properties": { "nome_area_": "PA SILVIO RODRIGUES", "tipo_area_": "Assentamentos INCRA", "esferaadmi": null, "nomeunidad": null, "grupo": null, "ano": "2025", "mes_ano": "8-2025", "nm_municip": "ALTO PARAISO DE GOIAS", "nome": "Alto Paraíso de Goiás", "meso_ibge": "Norte Goiano", "micro_ibge": "Chapada dos Veadeiros", "geocodigo": 5200605.0, "area_ha": 0.173351 }, "geometry": { "type": "Polygon", "coordinates": [ [ [ -47.582502958413286, -14.36055796346308 ], [ -47.582772452998526, -14.36055796346308 ], [ -47.582772452998526, -14.360018974292608 ], [ -47.582502958413286, -14.360018974292608 ], [ -47.582502958413286, -14.36055796346308 ] ] ] } },
{ "type": "Feature", "properties": { "nome_area_": "PA SILVIO RODRIGUES", "tipo_area_": "Assentamentos INCRA", "esferaadmi": null, "nomeunidad": null, "grupo": null, "ano": "2025", "mes_ano": "8-2025", "nm_municip": "ALTO PARAISO DE GOIAS", "nome": "Alto Paraíso de Goiás", "meso_ibge": "Norte Goiano", "micro_ibge": "Chapada dos Veadeiros", "geocodigo": 5200605.0, "area_ha": 0.086676 }, "geometry": { "type": "Polygon", "coordinates": [ [ [ -47.581963969242821, -14.359749479707371 ], [ -47.582233463828054, -14.359749479707371 ], [ -47.582233463828054, -14.359479985122135 ], [ -47.581963969242821, -14.359479985122135 ], [ -47.581963969242821, -14.359749479707371 ] ] ] } },
{ "type": "Feature", "properties": { "nome_area_": "PA SILVIO RODRIGUES", "tipo_area_": "Assentamentos INCRA", "esferaadmi": null, "nomeunidad": null, "grupo": null, "ano": "2025", "mes_ano": "8-2025", "nm_municip": "ALTO PARAISO DE GOIAS", "nome": "Alto Paraíso de Goiás", "meso_ibge": "Norte Goiano", "micro_ibge": "Chapada dos Veadeiros", "geocodigo": 5200605.0, "area_ha": 0.086676 }, "geometry": { "type": "Polygon", "coordinates": [ [ [ -47.580347001731404, -14.358940995951665 ], [ -47.580616496316637, -14.358940995951665 ], [ -47.580616496316637, -14.358671501366429 ], [ -47.580347001731404, -14.358671501366429 ], [ -47.580347001731404, -14.358940995951665 ] ] ] } },
{ "type": "Feature", "properties": { "nome_area_": "PA SILVIO RODRIGUES", "tipo_area_": "Assentamentos INCRA", "esferaadmi": null, "nomeunidad": null, "grupo": null, "ano": "2025", "mes_ano": "7-2025", "nm_municip": "ALTO PARAISO DE GOIAS", "nome": "Alto Paraíso de Goiás", "meso_ibge": "Norte Goiano", "micro_ibge": "Chapada dos Veadeiros", "geocodigo": 5200605.0, "area_ha": 2.080481 }, "geometry": { "type": "Polygon", "coordinates": [ [ [ -47.617537254493953, -14.3306440645019 ], [ -47.617267759908714, -14.3306440645019 ], [ -47.617267759908714, -14.331722042842843 ], [ -47.618615232834898, -14.331722042842843 ], [ -47.618615232834898, -14.330374569916664 ], [ -47.617537254493953, -14.330374569916664 ], [ -47.617537254493953, -14.3306440645019 ] ] ] } },
{ "type": "Feature", "properties": { "nome_area_": "PA SILVIO RODRIGUES", "tipo_area_": "Assentamentos INCRA", "esferaadmi": null, "nomeunidad": null, "grupo": null, "ano": "2025", "mes_ano": "8-2025", "nm_municip": "ALTO PARAISO DE GOIAS", "nome": "Alto Paraíso de Goiás", "meso_ibge": "Norte Goiano", "micro_ibge": "Chapada dos Veadeiros", "geocodigo": 5200605.0, "area_ha": 2.242365 }, "geometry": { "type": "Polygon", "coordinates": [ [ [ -47.59395096, -14.36295368 ], [ -47.594091225578431, -14.362851847386647 ], [ -47.594091225578431, -14.362713920144966 ], [ -47.594281208371754, -14.362713920144966 ], [ -47.5945503, -14.36251856 ], [ -47.594630214748904, -14.362549726415683 ], [ -47.594630214748904, -14.36244442555973 ], [ -47.592743752652254, -14.36244442555973 ], [ -47.592743752652254, -14.362713920144966 ], [ -47.591126785140837, -14.362713920144966 ], [ -47.591126785140837, -14.362983414730202 ], [ -47.591665774311309, -14.362983414730202 ], [ -47.591665774311309, -14.363252909315438 ], [ -47.594002905054822, -14.363252909315438 ], [ -47.59395096, -14.36295368 ] ] ] } },
{ "type": "Feature", "properties": { "nome_area_": "PA SILVIO RODRIGUES", "tipo_area_": "Assentamentos INCRA", "esferaadmi": null, "nomeunidad": null, "grupo": null, "ano": "2025", "mes_ano": "8-2025", "nm_municip": "ALTO PARAISO DE GOIAS", "nome": "Alto Paraíso de Goiás", "meso_ibge": "Norte Goiano", "micro_ibge": "Chapada dos Veadeiros", "geocodigo": 5200605.0, "area_ha": 0.086675 }, "geometry": { "type": "Polygon", "coordinates": [ [ [ -47.590587795970364, -14.362713920144966 ], [ -47.590857290555604, -14.362713920144966 ], [ -47.590857290555604, -14.36244442555973 ], [ -47.590587795970364, -14.36244442555973 ], [ -47.590587795970364, -14.362713920144966 ] ] ] } },
{ "type": "Feature", "properties": { "nome_area_": "PA SILVIO RODRIGUES", "tipo_area_": "Assentamentos INCRA", "esferaadmi": null, "nomeunidad": null, "grupo": null, "ano": "2025", "mes_ano": "8-2025", "nm_municip": "ALTO PARAISO DE GOIAS", "nome": "Alto Paraíso de Goiás", "meso_ibge": "Norte Goiano", "micro_ibge": "Chapada dos Veadeiros", "geocodigo": 5200605.0, "area_ha": 8.667556 }, "geometry": { "type": "Polygon", "coordinates": [ [ [ -47.598403138942203, -14.359749479707371 ], [ -47.596786171430793, -14.359749479707371 ], [ -47.596786171430793, -14.360827458048314 ], [ -47.596247182260321, -14.360827458048314 ], [ -47.596247182260321, -14.361096952633551 ], [ -47.595438698504609, -14.361096952633551 ], [ -47.595438698504609, -14.361366447218787 ], [ -47.594630214748904, -14.361366447218787 ], [ -47.594630214748904, -14.36244442555973 ], [ -47.595169203919376, -14.36244442555973 ], [ -47.595169203919376, -14.362174930974493 ], [ -47.595977687675081, -14.362174930974493 ], [ -47.595977687675081, -14.361905436389259 ], [ -47.596247182260321, -14.361905436389259 ], [ -47.596247182260321, -14.361635941804023 ], [ -47.596786171430793, -14.361635941804023 ], [ -47.596786171430793, -14.361366447218787 ], [ -47.598403138942203, -14.361366447218787 ], [ -47.598403138942203, -14.361096952633551 ], [ -47.598672633527443, -14.361096952633551 ], [ -47.598672633527443, -14.360827458048314 ], [ -47.599211622697915, -14.360827458048314 ], [ -47.599211622697915, -14.36055796346308 ], [ -47.599750611868387, -14.36055796346308 ], [ -47.599750611868387, -14.358940995951665 ], [ -47.598942128112675, -14.358940995951665 ], [ -47.598942128112675, -14.358671501366429 ], [ -47.598403138942203, -14.358671501366429 ], [ -47.598403138942203, -14.359749479707371 ] ] ] } },
{ "type": "Feature", "properties": { "nome_area_": "PA SILVIO RODRIGUES", "tipo_area_": "Assentamentos INCRA", "esferaadmi": null, "nomeunidad": null, "grupo": null, "ano": "2025", "mes_ano": "8-2025", "nm_municip": "ALTO PARAISO DE GOIAS", "nome": "Alto Paraíso de Goiás", "meso_ibge": "Norte Goiano", "micro_ibge": "Chapada dos Veadeiros", "geocodigo": 5200605.0, "area_ha": 0.086675 }, "geometry": { "type": "Polygon", "coordinates": [ [ [ -47.590048806799892, -14.361905436389259 ], [ -47.590318301385132, -14.361905436389259 ], [ -47.590318301385132, -14.361635941804023 ], [ -47.590048806799892, -14.361635941804023 ], [ -47.590048806799892, -14.361905436389259 ] ] ] } },
{ "type": "Feature", "properties": { "nome_area_": "PA SILVIO RODRIGUES", "tipo_area_": "Assentamentos INCRA", "esferaadmi": null, "nomeunidad": null, "grupo": null, "ano": "2025", "mes_ano": "7-2025", "nm_municip": "ALTO PARAISO DE GOIAS", "nome": "Alto Paraíso de Goiás", "meso_ibge": "Norte Goiano", "micro_ibge": "Chapada dos Veadeiros", "geocodigo": 5200605.0, "area_ha": 210.410507 }, "geometry": { "type": "Polygon", "coordinates": [ [ [ -47.567510607265255, -14.357054533855013 ], [ -47.567680756225315, -14.357054533855013 ], [ -47.567680756225315, -14.357425964796777 ], [ -47.567757513046459, -14.357593523025486 ], [ -47.569028229151499, -14.357593523025486 ], [ -47.569028229151499, -14.357324028440249 ], [ -47.572262164174326, -14.357324028440249 ], [ -47.572262164174326, -14.357593523025486 ], [ -47.572531658759566, -14.357593523025486 ], [ -47.572531658759566, -14.35786301761072 ], [ -47.573070647930038, -14.35786301761072 ], [ -47.573070647930038, -14.358132512195956 ], [ -47.573340142515271, -14.358132512195956 ], [ -47.573340142515271, -14.358402006781192 ], [ -47.57522660461192, -14.358402006781192 ], [ -47.57522660461192, -14.358132512195956 ], [ -47.576574077538098, -14.358132512195956 ], [ -47.576574077538098, -14.357593523025486 ], [ -47.579538517975692, -14.357593523025486 ], [ -47.579538517975692, -14.358132512195956 ], [ -47.580077507146164, -14.358132512195956 ], [ -47.580077507146164, -14.358671501366429 ], [ -47.580616496316637, -14.358671501366429 ], [ -47.580616496316637, -14.358940995951665 ], [ -47.580885990901876, -14.358940995951665 ], [ -47.580885990901876, -14.359210490536899 ], [ -47.581424980072349, -14.359210490536899 ], [ -47.581424980072349, -14.359479985122135 ], [ -47.582233463828054, -14.359479985122135 ], [ -47.582233463828054, -14.359749479707371 ], [ -47.582502958413286, -14.359749479707371 ], [ -47.582502958413286, -14.360018974292608 ], [ -47.582772452998526, -14.360018974292608 ], [ -47.582772452998526, -14.36055796346308 ], [ -47.583311442168998, -14.36055796346308 ], [ -47.583311442168998, -14.360827458048314 ], [ -47.583580936754231, -14.360827458048314 ], [ -47.583580936754231, -14.361096952633551 ], [ -47.585197904265648, -14.361096952633551 ], [ -47.585197904265648, -14.360288468877844 ], [ -47.587353860947537, -14.360288468877844 ], [ -47.587353860947537, -14.36055796346308 ], [ -47.588162344703242, -14.36055796346308 ], [ -47.588162344703242, -14.360827458048314 ], [ -47.58950981762942, -14.360827458048314 ], [ -47.58950981762942, -14.361366447218787 ], [ -47.590048806799892, -14.361366447218787 ], [ -47.590048806799892, -14.361635941804023 ], [ -47.590318301385132, -14.361635941804023 ], [ -47.590318301385132, -14.362174930974493 ], [ -47.590587795970364, -14.362174930974493 ], [ -47.590587795970364, -14.36244442555973 ], [ -47.590857290555604, -14.36244442555973 ], [ -47.590857290555604, -14.362713920144966 ], [ -47.592743752652254, -14.362713920144966 ], [ -47.592743752652254, -14.36244442555973 ], [ -47.594630214748904, -14.36244442555973 ], [ -47.594630214748904, -14.361366447218787 ], [ -47.595438698504609, -14.361366447218787 ], [ -47.595438698504609, -14.361096952633551 ], [ -47.596247182260321, -14.361096952633551 ], [ -47.596247182260321, -14.360827458048314 ], [ -47.596786171430793, -14.360827458048314 ], [ -47.596786171430793, -14.359749479707371 ], [ -47.598403138942203, -14.359749479707371 ], [ -47.598403138942203, -14.358671501366429 ], [ -47.599211622697915, -14.358671501366429 ], [ -47.599211622697915, -14.357324028440249 ], [ -47.593552236407959, -14.357324028440249 ], [ -47.593552236407959, -14.357054533855013 ], [ -47.591935268896542, -14.357054533855013 ], [ -47.591935268896542, -14.354898577173126 ], [ -47.591665774311309, -14.354898577173126 ], [ -47.591665774311309, -14.354629082587891 ], [ -47.591396279726069, -14.354629082587891 ], [ -47.591396279726069, -14.354359588002655 ], [ -47.591126785140837, -14.354359588002655 ], [ -47.591126785140837, -14.353820598832183 ], [ -47.590857290555604, -14.353820598832183 ], [ -47.590857290555604, -14.353551104246947 ], [ -47.590587795970364, -14.353551104246947 ], [ -47.590587795970364, -14.352473125906004 ], [ -47.586006388021353, -14.352473125906004 ], [ -47.586006388021353, -14.352203631320767 ], [ -47.58573689343612, -14.352203631320767 ], [ -47.58573689343612, -14.351934136735531 ], [ -47.584658915095176, -14.351934136735531 ], [ -47.584658915095176, -14.352473125906004 ], [ -47.584119925924703, -14.352473125906004 ], [ -47.584119925924703, -14.35274262049124 ], [ -47.583850431339471, -14.35274262049124 ], [ -47.583850431339471, -14.353012115076476 ], [ -47.583311442168998, -14.353012115076476 ], [ -47.583311442168998, -14.35328160966171 ], [ -47.583041947583759, -14.35328160966171 ], [ -47.583041947583759, -14.353551104246947 ], [ -47.582772452998526, -14.353551104246947 ], [ -47.582772452998526, -14.353820598832183 ], [ -47.582233463828054, -14.353820598832183 ], [ -47.582233463828054, -14.354090093417419 ], [ -47.581694474657581, -14.354090093417419 ], [ -47.581694474657581, -14.354359588002655 ], [ -47.581155485487109, -14.354359588002655 ], [ -47.581155485487109, -14.354629082587891 ], [ -47.580885990901876, -14.354629082587891 ], [ -47.580885990901876, -14.354898577173126 ], [ -47.577921550464282, -14.354898577173126 ], [ -47.577921550464282, -14.354629082587891 ], [ -47.576843572123337, -14.354629082587891 ], [ -47.576843572123337, -14.353551104246947 ], [ -47.576304582952865, -14.353551104246947 ], [ -47.576304582952865, -14.35328160966171 ], [ -47.576035088367632, -14.35328160966171 ], [ -47.576035088367632, -14.352473125906004 ], [ -47.57549609919716, -14.352473125906004 ], [ -47.57549609919716, -14.352203631320767 ], [ -47.57522660461192, -14.352203631320767 ], [ -47.57522660461192, -14.351934136735531 ], [ -47.573340142515271, -14.351934136735531 ], [ -47.573340142515271, -14.35274262049124 ], [ -47.573070647930038, -14.35274262049124 ], [ -47.573070647930038, -14.353012115076476 ], [ -47.567411261640082, -14.353012115076476 ], [ -47.567411261640082, -14.35274262049124 ], [ -47.566333283299137, -14.35274262049124 ], [ -47.566333283299137, -14.354090093417419 ], [ -47.566602777884377, -14.354090093417419 ], [ -47.566602777884377, -14.355072764928678 ], [ -47.567510607265255, -14.357054533855013 ] ] ] } },
{ "type": "Feature", "properties": { "nome_area_": "PA SILVIO RODRIGUES", "tipo_area_": "Assentamentos INCRA", "esferaadmi": null, "nomeunidad": null, "grupo": null, "ano": "2025", "mes_ano": "8-2025", "nm_municip": "ALTO PARAISO DE GOIAS", "nome": "Alto Paraíso de Goiás", "meso_ibge": "Norte Goiano", "micro_ibge": "Chapada dos Veadeiros", "geocodigo": 5200605.0, "area_ha": 0.086679 }, "geometry": { "type": "Polygon", "coordinates": [ [ [ -47.57549609919716, -14.352473125906004 ], [ -47.575765593782393, -14.352473125906004 ], [ -47.575765593782393, -14.352203631320767 ], [ -47.57549609919716, -14.352203631320767 ], [ -47.57549609919716, -14.352473125906004 ] ] ] } },
{ "type": "Feature", "properties": { "nome_area_": null, "tipo_area_": null, "esferaadmi": null, "nomeunidad": null, "grupo": null, "ano": "2025", "mes_ano": "10-2025", "nm_municip": "ALTO PARAISO DE GOIAS", "nome": "Alto Paraíso de Goiás", "meso_ibge": "Norte Goiano", "micro_ibge": "Chapada dos Veadeiros", "geocodigo": 5200605.0, "area_ha": 22.912844 }, "geometry": { "type": "Polygon", "coordinates": [ [ [ -47.497342669478762, -14.049022222930429 ], [ -47.497342669478762, -14.049291717515665 ], [ -47.49680368030829, -14.049291717515665 ], [ -47.49680368030829, -14.049561212100901 ], [ -47.49653418572305, -14.049561212100901 ], [ -47.49653418572305, -14.049830706686137 ], [ -47.496264691137817, -14.049830706686137 ], [ -47.496264691137817, -14.051178179612316 ], [ -47.497073174893522, -14.051178179612316 ], [ -47.497073174893522, -14.051717168782787 ], [ -47.497342669478762, -14.051717168782787 ], [ -47.497342669478762, -14.052256157953259 ], [ -47.497612164063995, -14.052256157953259 ], [ -47.497612164063995, -14.052525652538495 ], [ -47.498151153234467, -14.052525652538495 ], [ -47.498151153234467, -14.052795147123732 ], [ -47.501115593672061, -14.052795147123732 ], [ -47.501115593672061, -14.054681609220383 ], [ -47.502463066598239, -14.054681609220383 ], [ -47.502463066598239, -14.053334136294204 ], [ -47.502193572013006, -14.053334136294204 ], [ -47.502193572013006, -14.050639190441844 ], [ -47.502732561183478, -14.050639190441844 ], [ -47.502732561183478, -14.049561212100901 ], [ -47.501385088257294, -14.049561212100901 ], [ -47.501385088257294, -14.050369695856608 ], [ -47.499229131575412, -14.050369695856608 ], [ -47.499229131575412, -14.049561212100901 ], [ -47.4984206478197, -14.049561212100901 ], [ -47.4984206478197, -14.049022222930429 ], [ -47.497342669478762, -14.049022222930429 ] ] ] } },
{ "type": "Feature", "properties": { "nome_area_": null, "tipo_area_": null, "esferaadmi": null, "nomeunidad": null, "grupo": null, "ano": "2025", "mes_ano": "10-2025", "nm_municip": "ALTO PARAISO DE GOIAS", "nome": "Alto Paraíso de Goiás", "meso_ibge": "Norte Goiano", "micro_ibge": "Chapada dos Veadeiros", "geocodigo": 5200605.0, "area_ha": 0.694239 }, "geometry": { "type": "Polygon", "coordinates": [ [ [ -47.458265954619563, -14.081092078573496 ], [ -47.458265954619563, -14.081361573158732 ], [ -47.4593439329605, -14.081361573158732 ], [ -47.4593439329605, -14.081631067743968 ], [ -47.459882922130973, -14.081631067743968 ], [ -47.459882922130973, -14.081092078573496 ], [ -47.458265954619563, -14.081092078573496 ] ] ] } },
{ "type": "Feature", "properties": { "nome_area_": null, "tipo_area_": null, "esferaadmi": null, "nomeunidad": null, "grupo": null, "ano": "2025", "mes_ano": "10-2025", "nm_municip": "ALTO PARAISO DE GOIAS", "nome": "Alto Paraíso de Goiás", "meso_ibge": "Norte Goiano", "micro_ibge": "Chapada dos Veadeiros", "geocodigo": 5200605.0, "area_ha": 0.173559 }, "geometry": { "type": "Polygon", "coordinates": [ [ [ -47.46149988964239, -14.082170056914439 ], [ -47.46149988964239, -14.082709046084911 ], [ -47.461769384227622, -14.082709046084911 ], [ -47.461769384227622, -14.082170056914439 ], [ -47.46149988964239, -14.082170056914439 ] ] ] } },
{ "type": "Feature", "properties": { "nome_area_": null, "tipo_area_": null, "esferaadmi": null, "nomeunidad": null, "grupo": null, "ano": "2025", "mes_ano": "10-2025", "nm_municip": "ALTO PARAISO DE GOIAS", "nome": "Alto Paraíso de Goiás", "meso_ibge": "Norte Goiano", "micro_ibge": "Chapada dos Veadeiros", "geocodigo": 5200605.0, "area_ha": 2.256279 }, "geometry": { "type": "Polygon", "coordinates": [ [ [ -47.466620286761874, -14.080283594817789 ], [ -47.466620286761874, -14.08082258398826 ], [ -47.466350792176634, -14.08082258398826 ], [ -47.466350792176634, -14.081900562329203 ], [ -47.465272813835696, -14.081900562329203 ], [ -47.465272813835696, -14.082978540670148 ], [ -47.465542308420929, -14.082978540670148 ], [ -47.465542308420929, -14.082170056914439 ], [ -47.466620286761874, -14.082170056914439 ], [ -47.466620286761874, -14.081900562329203 ], [ -47.466889781347106, -14.081900562329203 ], [ -47.466889781347106, -14.081631067743968 ], [ -47.467159275932346, -14.081631067743968 ], [ -47.467159275932346, -14.081092078573496 ], [ -47.467428770517579, -14.081092078573496 ], [ -47.467428770517579, -14.080283594817789 ], [ -47.466620286761874, -14.080283594817789 ] ] ] } },
{ "type": "Feature", "properties": { "nome_area_": null, "tipo_area_": null, "esferaadmi": null, "nomeunidad": null, "grupo": null, "ano": "2025", "mes_ano": "10-2025", "nm_municip": "ALTO PARAISO DE GOIAS", "nome": "Alto Paraíso de Goiás", "meso_ibge": "Norte Goiano", "micro_ibge": "Chapada dos Veadeiros", "geocodigo": 5200605.0, "area_ha": 0.086779 }, "geometry": { "type": "Polygon", "coordinates": [ [ [ -47.461769384227622, -14.082709046084911 ], [ -47.461769384227622, -14.082978540670148 ], [ -47.462038878812862, -14.082978540670148 ], [ -47.462038878812862, -14.082709046084911 ], [ -47.461769384227622, -14.082709046084911 ] ] ] } },
{ "type": "Feature", "properties": { "nome_area_": null, "tipo_area_": null, "esferaadmi": null, "nomeunidad": null, "grupo": null, "ano": "2025", "mes_ano": "10-2025", "nm_municip": "ALTO PARAISO DE GOIAS", "nome": "Alto Paraíso de Goiás", "meso_ibge": "Norte Goiano", "micro_ibge": "Chapada dos Veadeiros", "geocodigo": 5200605.0, "area_ha": 0.607455 }, "geometry": { "type": "Polygon", "coordinates": [ [ [ -47.462308373398095, -14.082978540670148 ], [ -47.462308373398095, -14.083248035255384 ], [ -47.462577867983335, -14.083248035255384 ], [ -47.462577867983335, -14.083517529840618 ], [ -47.46338635173904, -14.083517529840618 ], [ -47.46338635173904, -14.082978540670148 ], [ -47.462308373398095, -14.082978540670148 ] ] ] } },
{ "type": "Feature", "properties": { "nome_area_": null, "tipo_area_": null, "esferaadmi": null, "nomeunidad": null, "grupo": null, "ano": "2025", "mes_ano": "10-2025", "nm_municip": "ALTO PARAISO DE GOIAS", "nome": "Alto Paraíso de Goiás", "meso_ibge": "Norte Goiano", "micro_ibge": "Chapada dos Veadeiros", "geocodigo": 5200605.0, "area_ha": 0.086754 }, "geometry": { "type": "Polygon", "coordinates": [ [ [ -47.653110539745086, -14.150621681564347 ], [ -47.653110539745086, -14.150891176149583 ], [ -47.653380034330318, -14.150891176149583 ], [ -47.653380034330318, -14.150621681564347 ], [ -47.653110539745086, -14.150621681564347 ] ] ] } },
{ "type": "Feature", "properties": { "nome_area_": null, "tipo_area_": null, "esferaadmi": null, "nomeunidad": null, "grupo": null, "ano": "2025", "mes_ano": "10-2025", "nm_municip": "ALTO PARAISO DE GOIAS", "nome": "Alto Paraíso de Goiás", "meso_ibge": "Norte Goiano", "micro_ibge": "Chapada dos Veadeiros", "geocodigo": 5200605.0, "area_ha": 0.086749 }, "geometry": { "type": "Polygon", "coordinates": [ [ [ -47.663890323154519, -14.163826916240904 ], [ -47.663890323154519, -14.16409641082614 ], [ -47.664159817739758, -14.16409641082614 ], [ -47.664159817739758, -14.163826916240904 ], [ -47.663890323154519, -14.163826916240904 ] ] ] } },
{ "type": "Feature", "properties": { "nome_area_": null, "tipo_area_": null, "esferaadmi": null, "nomeunidad": null, "grupo": null, "ano": "2025", "mes_ano": "10-2025", "nm_municip": "ALTO PARAISO DE GOIAS", "nome": "Alto Paraíso de Goiás", "meso_ibge": "Norte Goiano", "micro_ibge": "Chapada dos Veadeiros", "geocodigo": 5200605.0, "area_ha": 0.173495 }, "geometry": { "type": "Polygon", "coordinates": [ [ [ -47.664159817739758, -14.167869335019443 ], [ -47.664159817739758, -14.168408324189913 ], [ -47.664429312324991, -14.168408324189913 ], [ -47.664429312324991, -14.167869335019443 ], [ -47.664159817739758, -14.167869335019443 ] ] ] } },
{ "type": "Feature", "properties": { "nome_area_": null, "tipo_area_": null, "esferaadmi": null, "nomeunidad": null, "grupo": null, "ano": "2025", "mes_ano": "10-2025", "nm_municip": "ALTO PARAISO DE GOIAS", "nome": "Alto Paraíso de Goiás", "meso_ibge": "Norte Goiano", "micro_ibge": "Chapada dos Veadeiros", "geocodigo": 5200605.0, "area_ha": 0.346981 }, "geometry": { "type": "Polygon", "coordinates": [ [ [ -47.675748084904896, -14.174606699650338 ], [ -47.675748084904896, -14.174876194235575 ], [ -47.676826063245841, -14.174876194235575 ], [ -47.676826063245841, -14.174606699650338 ], [ -47.675748084904896, -14.174606699650338 ] ] ] } },
{ "type": "Feature", "properties": { "nome_area_": null, "tipo_area_": null, "esferaadmi": null, "nomeunidad": null, "grupo": null, "ano": "2025", "mes_ano": "10-2025", "nm_municip": "COLINAS DO SUL", "nome": "Colinas do Sul", "meso_ibge": "Norte Goiano", "micro_ibge": "Chapada dos Veadeiros", "geocodigo": 5205521.0, "area_ha": 102.687691 }, "geometry": { "type": "Polygon", "coordinates": [ [ [ -47.932064276999938, -14.176962697999954 ], [ -47.930959457123251, -14.176731771816039 ], [ -47.930656558170611, -14.176762656332226 ], [ -47.932017992931023, -14.177054638155347 ], [ -47.932064276999938, -14.176962697999954 ] ] ] } },
{ "type": "Feature", "properties": { "nome_area_": null, "tipo_area_": null, "esferaadmi": null, "nomeunidad": null, "grupo": null, "ano": "2025", "mes_ano": "10-2025", "nm_municip": "ALTO PARAISO DE GOIAS", "nome": "Alto Paraíso de Goiás", "meso_ibge": "Norte Goiano", "micro_ibge": "Chapada dos Veadeiros", "geocodigo": 5200605.0, "area_ha": 16.410434 }, "geometry": { "type": "Polygon", "coordinates": [ [ [ -47.931767940878956, -14.177551349552246 ], [ -47.931767940878956, -14.177301645502697 ], [ -47.931893645685392, -14.177301645502697 ], [ -47.932017992931023, -14.177054638155347 ], [ -47.930656558170611, -14.176762656332226 ], [ -47.929881478782306, -14.176762656332226 ], [ -47.929881478782306, -14.17703215091746 ], [ -47.929342489611841, -14.17703215091746 ], [ -47.929342489611841, -14.177571140087933 ], [ -47.929072995026601, -14.177571140087933 ], [ -47.929072995026601, -14.177840634673169 ], [ -47.928264511270896, -14.177840634673169 ], [ -47.928264511270896, -14.178649118428876 ], [ -47.927725522100424, -14.178649118428876 ], [ -47.927725522100424, -14.180266085940291 ], [ -47.927456027515184, -14.180266085940291 ], [ -47.927456027515184, -14.181344064281234 ], [ -47.928803500441362, -14.181344064281234 ], [ -47.928803500441362, -14.181883053451706 ], [ -47.929072995026601, -14.181883053451706 ], [ -47.929072995026601, -14.182691537207415 ], [ -47.929180292439192, -14.182691537207415 ], [ -47.931767940878956, -14.177551349552246 ] ] ] } },
{ "type": "Feature", "properties": { "nome_area_": null, "tipo_area_": null, "esferaadmi": null, "nomeunidad": null, "grupo": null, "ano": "2025", "mes_ano": "10-2025", "nm_municip": "ALTO PARAISO DE GOIAS", "nome": "Alto Paraíso de Goiás", "meso_ibge": "Norte Goiano", "micro_ibge": "Chapada dos Veadeiros", "geocodigo": 5200605.0, "area_ha": 0.086692 }, "geometry": { "type": "Polygon", "coordinates": [ [ [ -47.773305124760277, -14.315552367728692 ], [ -47.773305124760277, -14.315821862313927 ], [ -47.77357461934551, -14.315821862313927 ], [ -47.77357461934551, -14.315552367728692 ], [ -47.773305124760277, -14.315552367728692 ] ] ] } },
{ "type": "Feature", "properties": { "nome_area_": null, "tipo_area_": null, "esferaadmi": null, "nomeunidad": null, "grupo": null, "ano": "2025", "mes_ano": "10-2025", "nm_municip": "ALTO PARAISO DE GOIAS", "nome": "Alto Paraíso de Goiás", "meso_ibge": "Norte Goiano", "micro_ibge": "Chapada dos Veadeiros", "geocodigo": 5200605.0, "area_ha": 0.086691 }, "geometry": { "type": "Polygon", "coordinates": [ [ [ -47.774383103101222, -14.31824731358105 ], [ -47.774383103101222, -14.318516808166287 ], [ -47.774652597686455, -14.318516808166287 ], [ -47.774652597686455, -14.31824731358105 ], [ -47.774383103101222, -14.31824731358105 ] ] ] } },
{ "type": "Feature", "properties": { "nome_area_": null, "tipo_area_": null, "esferaadmi": null, "nomeunidad": null, "grupo": null, "ano": "2025", "mes_ano": "10-2025", "nm_municip": "ALTO PARAISO DE GOIAS", "nome": "Alto Paraíso de Goiás", "meso_ibge": "Norte Goiano", "micro_ibge": "Chapada dos Veadeiros", "geocodigo": 5200605.0, "area_ha": 0.173381 }, "geometry": { "type": "Polygon", "coordinates": [ [ [ -47.799176604942915, -14.321211754018645 ], [ -47.799176604942915, -14.321481248603881 ], [ -47.799715594113394, -14.321481248603881 ], [ -47.799715594113394, -14.321211754018645 ], [ -47.799176604942915, -14.321211754018645 ] ] ] } },
{ "type": "Feature", "properties": { "nome_area_": null, "tipo_area_": null, "esferaadmi": null, "nomeunidad": null, "grupo": null, "ano": "2025", "mes_ano": "10-2025", "nm_municip": "ALTO PARAISO DE GOIAS", "nome": "Alto Paraíso de Goiás", "meso_ibge": "Norte Goiano", "micro_ibge": "Chapada dos Veadeiros", "geocodigo": 5200605.0, "area_ha": 14.477283 }, "geometry": { "type": "Polygon", "coordinates": [ [ [ -47.514590322933856, -14.317708324410578 ], [ -47.514590322933856, -14.317977818995814 ], [ -47.514320828348616, -14.317977818995814 ], [ -47.514320828348616, -14.319325291921993 ], [ -47.514590322933856, -14.319325291921993 ], [ -47.514590322933856, -14.321750743189115 ], [ -47.514859817519088, -14.321750743189115 ], [ -47.514859817519088, -14.324984678211946 ], [ -47.515129312104328, -14.324984678211946 ], [ -47.515129312104328, -14.325254172797182 ], [ -47.516207290445266, -14.325254172797182 ], [ -47.516207290445266, -14.32471518362671 ], [ -47.516476785030505, -14.32471518362671 ], [ -47.516476785030505, -14.3201337756777 ], [ -47.515937795860033, -14.3201337756777 ], [ -47.515937795860033, -14.317708324410578 ], [ -47.514590322933856, -14.317708324410578 ] ] ] } },
{ "type": "Feature", "properties": { "nome_area_": null, "tipo_area_": null, "esferaadmi": null, "nomeunidad": null, "grupo": null, "ano": "2025", "mes_ano": "10-2025", "nm_municip": "ALTO PARAISO DE GOIAS", "nome": "Alto Paraíso de Goiás", "meso_ibge": "Norte Goiano", "micro_ibge": "Chapada dos Veadeiros", "geocodigo": 5200605.0, "area_ha": 6.50147 }, "geometry": { "type": "Polygon", "coordinates": [ [ [ -47.655535991012208, -14.330913559087135 ], [ -47.655535991012208, -14.331991537428078 ], [ -47.656344474767913, -14.331991537428078 ], [ -47.656344474767913, -14.332261032013314 ], [ -47.656613969353153, -14.332261032013314 ], [ -47.656613969353153, -14.33253052659855 ], [ -47.656883463938385, -14.33253052659855 ], [ -47.656883463938385, -14.332800021183786 ], [ -47.657152958523625, -14.332800021183786 ], [ -47.657152958523625, -14.333339010354258 ], [ -47.658500431449802, -14.333339010354258 ], [ -47.658500431449802, -14.330913559087135 ], [ -47.655535991012208, -14.330913559087135 ] ] ] } },
{ "type": "Feature", "properties": { "nome_area_": null, "tipo_area_": null, "esferaadmi": null, "nomeunidad": null, "grupo": null, "ano": "2025", "mes_ano": "10-2025", "nm_municip": "ALTO PARAISO DE GOIAS", "nome": "Alto Paraíso de Goiás", "meso_ibge": "Norte Goiano", "micro_ibge": "Chapada dos Veadeiros", "geocodigo": 5200605.0, "area_ha": 8.494756 }, "geometry": { "type": "Polygon", "coordinates": [ [ [ -47.667124258177353, -14.344388288348927 ], [ -47.667124258177353, -14.344657782934163 ], [ -47.666854763592113, -14.344657782934163 ], [ -47.666854763592113, -14.346005255860343 ], [ -47.667393752762585, -14.346005255860343 ], [ -47.667393752762585, -14.346544245030815 ], [ -47.667932741933058, -14.346544245030815 ], [ -47.667932741933058, -14.347083234201286 ], [ -47.670088698614947, -14.347083234201286 ], [ -47.670088698614947, -14.345196772104636 ], [ -47.669549709444468, -14.345196772104636 ], [ -47.669549709444468, -14.3449272775194 ], [ -47.669280214859235, -14.3449272775194 ], [ -47.669280214859235, -14.344657782934163 ], [ -47.669010720274002, -14.344657782934163 ], [ -47.669010720274002, -14.344388288348927 ], [ -47.667124258177353, -14.344388288348927 ] ] ] } },
{ "type": "Feature", "properties": { "nome_area_": null, "tipo_area_": null, "esferaadmi": null, "nomeunidad": null, "grupo": null, "ano": "2025", "mes_ano": "10-2025", "nm_municip": "ALTO PARAISO DE GOIAS", "nome": "Alto Paraíso de Goiás", "meso_ibge": "Norte Goiano", "micro_ibge": "Chapada dos Veadeiros", "geocodigo": 5200605.0, "area_ha": 7.887904 }, "geometry": { "type": "Polygon", "coordinates": [ [ [ -47.672514149882062, -14.346544245030815 ], [ -47.672514149882062, -14.347352728786522 ], [ -47.670088698614947, -14.347352728786522 ], [ -47.670088698614947, -14.348430707127466 ], [ -47.672244655296829, -14.348430707127466 ], [ -47.672244655296829, -14.350047674638882 ], [ -47.673322633637774, -14.350047674638882 ], [ -47.673322633637774, -14.347891717956994 ], [ -47.673861622808246, -14.347891717956994 ], [ -47.673861622808246, -14.346544245030815 ], [ -47.672514149882062, -14.346544245030815 ] ] ] } },
{ "type": "Feature", "properties": { "nome_area_": null, "tipo_area_": null, "esferaadmi": null, "nomeunidad": null, "grupo": null, "ano": "2025", "mes_ano": "10-2025", "nm_municip": "ALTO PARAISO DE GOIAS", "nome": "Alto Paraíso de Goiás", "meso_ibge": "Norte Goiano", "micro_ibge": "Chapada dos Veadeiros", "geocodigo": 5200605.0, "area_ha": 755.141078 }, "geometry": { "type": "Polygon", "coordinates": [ [ [ -47.676287074075368, -14.319325291921993 ], [ -47.676287074075368, -14.316360851484399 ], [ -47.674131117393479, -14.316360851484399 ], [ -47.674131117393479, -14.314743883972984 ], [ -47.671975160711597, -14.314743883972984 ], [ -47.671975160711597, -14.313935400217275 ], [ -47.669280214859235, -14.313935400217275 ], [ -47.669280214859235, -14.315552367728692 ], [ -47.669010720274002, -14.315552367728692 ], [ -47.669010720274002, -14.316360851484399 ], [ -47.668741225688763, -14.316360851484399 ], [ -47.668741225688763, -14.317438829825342 ], [ -47.669010720274002, -14.317438829825342 ], [ -47.669010720274002, -14.320672764848172 ], [ -47.66847173110353, -14.320672764848172 ], [ -47.66847173110353, -14.322020237774352 ], [ -47.667663247347818, -14.322020237774352 ], [ -47.667663247347818, -14.322289732359588 ], [ -47.664698806910224, -14.322289732359588 ], [ -47.664698806910224, -14.322559226944824 ], [ -47.664159817739758, -14.322559226944824 ], [ -47.664159817739758, -14.324176194456239 ], [ -47.664429312324991, -14.324176194456239 ], [ -47.664429312324991, -14.324984678211946 ], [ -47.664968301495463, -14.324984678211946 ], [ -47.664968301495463, -14.327140634893833 ], [ -47.665237796080696, -14.327140634893833 ], [ -47.665237796080696, -14.327679624064304 ], [ -47.66820223651829, -14.327679624064304 ], [ -47.66820223651829, -14.331183053672371 ], [ -47.666046279836408, -14.331183053672371 ], [ -47.666046279836408, -14.330913559087135 ], [ -47.665507290665936, -14.330913559087135 ], [ -47.665507290665936, -14.3306440645019 ], [ -47.663081839398814, -14.3306440645019 ], [ -47.663081839398814, -14.328218613234776 ], [ -47.662812344813574, -14.328218613234776 ], [ -47.662812344813574, -14.327679624064304 ], [ -47.662542850228341, -14.327679624064304 ], [ -47.662542850228341, -14.32741012947907 ], [ -47.661734366472629, -14.32741012947907 ], [ -47.661734366472629, -14.326062656552889 ], [ -47.661464871887397, -14.326062656552889 ], [ -47.661464871887397, -14.325793161967654 ], [ -47.661195377302157, -14.325793161967654 ], [ -47.661195377302157, -14.325523667382418 ], [ -47.660386893546452, -14.325523667382418 ], [ -47.660386893546452, -14.324984678211946 ], [ -47.660117398961219, -14.324984678211946 ], [ -47.660117398961219, -14.324445689041475 ], [ -47.65984790437598, -14.324445689041475 ], [ -47.65984790437598, -14.321750743189115 ], [ -47.65607498018268, -14.321750743189115 ], [ -47.65607498018268, -14.321211754018645 ], [ -47.65580548559744, -14.321211754018645 ], [ -47.65580548559744, -14.320942259433409 ], [ -47.655266496426968, -14.320942259433409 ], [ -47.655266496426968, -14.320672764848172 ], [ -47.653380034330318, -14.320672764848172 ], [ -47.653380034330318, -14.318516808166287 ], [ -47.652302055989374, -14.318516808166287 ], [ -47.652302055989374, -14.320403270262936 ], [ -47.651763066818901, -14.320403270262936 ], [ -47.651763066818901, -14.323637205285767 ], [ -47.652032561404141, -14.323637205285767 ], [ -47.652032561404141, -14.324176194456239 ], [ -47.652571550574613, -14.324176194456239 ], [ -47.652571550574613, -14.324445689041475 ], [ -47.655266496426968, -14.324445689041475 ], [ -47.655266496426968, -14.326871140308597 ], [ -47.655535991012208, -14.326871140308597 ], [ -47.655535991012208, -14.327140634893833 ], [ -47.65580548559744, -14.327140634893833 ], [ -47.65580548559744, -14.32741012947907 ], [ -47.656613969353153, -14.32741012947907 ], [ -47.656613969353153, -14.327679624064304 ], [ -47.65769194769409, -14.327679624064304 ], [ -47.65769194769409, -14.328757602405249 ], [ -47.658500431449802, -14.328757602405249 ], [ -47.658500431449802, -14.330374569916664 ], [ -47.660656388131684, -14.330374569916664 ], [ -47.660656388131684, -14.334147494109965 ], [ -47.660117398961219, -14.334147494109965 ], [ -47.660117398961219, -14.335225472450908 ], [ -47.660386893546452, -14.335225472450908 ], [ -47.660386893546452, -14.33576446162138 ], [ -47.661464871887397, -14.33576446162138 ], [ -47.661464871887397, -14.336572945377089 ], [ -47.663081839398814, -14.336572945377089 ], [ -47.663081839398814, -14.339537385814683 ], [ -47.662542850228341, -14.339537385814683 ], [ -47.662542850228341, -14.341154353326097 ], [ -47.665507290665936, -14.341154353326097 ], [ -47.665507290665936, -14.341423847911333 ], [ -47.666585269006873, -14.341423847911333 ], [ -47.666585269006873, -14.34034586957039 ], [ -47.665237796080696, -14.34034586957039 ], [ -47.665237796080696, -14.337381429132796 ], [ -47.668741225688763, -14.337381429132796 ], [ -47.668741225688763, -14.340076374985154 ], [ -47.670088698614947, -14.340076374985154 ], [ -47.670088698614947, -14.339806880399918 ], [ -47.670627687785412, -14.339806880399918 ], [ -47.670627687785412, -14.336572945377089 ], [ -47.671166676955885, -14.336572945377089 ], [ -47.671166676955885, -14.33576446162138 ], [ -47.671975160711597, -14.33576446162138 ], [ -47.671975160711597, -14.334416988695201 ], [ -47.672514149882062, -14.334416988695201 ], [ -47.672514149882062, -14.331722042842843 ], [ -47.672783644467302, -14.331722042842843 ], [ -47.672783644467302, -14.331452548257607 ], [ -47.673053139052541, -14.331452548257607 ], [ -47.673053139052541, -14.330913559087135 ], [ -47.674939601149191, -14.330913559087135 ], [ -47.674939601149191, -14.3306440645019 ], [ -47.676556568660601, -14.3306440645019 ], [ -47.676556568660601, -14.329566086160956 ], [ -47.676826063245841, -14.329566086160956 ], [ -47.676826063245841, -14.329296591575719 ], [ -47.67898201992773, -14.329296591575719 ], [ -47.67898201992773, -14.331722042842843 ], [ -47.677365052416313, -14.331722042842843 ], [ -47.677365052416313, -14.333069515769022 ], [ -47.676826063245841, -14.333069515769022 ], [ -47.676826063245841, -14.333339010354258 ], [ -47.676287074075368, -14.333339010354258 ], [ -47.676287074075368, -14.336033956206617 ], [ -47.676017579490136, -14.336033956206617 ], [ -47.676017579490136, -14.336303450791853 ], [ -47.675748084904896, -14.336303450791853 ], [ -47.675748084904896, -14.337381429132796 ], [ -47.676017579490136, -14.337381429132796 ], [ -47.676017579490136, -14.337650923718032 ], [ -47.680329492853907, -14.337650923718032 ], [ -47.680329492853907, -14.339267891229447 ], [ -47.681946460365324, -14.339267891229447 ], [ -47.681946460365324, -14.342771320837512 ], [ -47.681676965780085, -14.342771320837512 ], [ -47.681676965780085, -14.346544245030815 ], [ -47.682754944121029, -14.346544245030815 ], [ -47.682754944121029, -14.343849299178457 ], [ -47.683293933291502, -14.343849299178457 ], [ -47.683293933291502, -14.343579804593221 ], [ -47.683563427876734, -14.343579804593221 ], [ -47.683563427876734, -14.342232331667041 ], [ -47.685449889973384, -14.342232331667041 ], [ -47.685449889973384, -14.34034586957039 ], [ -47.685719384558624, -14.34034586957039 ], [ -47.685719384558624, -14.339267891229447 ], [ -47.686258373729096, -14.339267891229447 ], [ -47.686258373729096, -14.338189912888502 ], [ -47.688414330410978, -14.338189912888502 ], [ -47.688414330410978, -14.340076374985154 ], [ -47.688683824996218, -14.340076374985154 ], [ -47.688683824996218, -14.340884858740862 ], [ -47.689761803337163, -14.340884858740862 ], [ -47.689761803337163, -14.340615364155626 ], [ -47.692187254604285, -14.340615364155626 ], [ -47.692187254604285, -14.343310310007984 ], [ -47.69110927626334, -14.343310310007984 ], [ -47.69110927626334, -14.346544245030815 ], [ -47.692187254604285, -14.346544245030815 ], [ -47.692187254604285, -14.34816121254223 ], [ -47.692726243774757, -14.34816121254223 ], [ -47.692726243774757, -14.348700201712703 ], [ -47.693804222115702, -14.348700201712703 ], [ -47.693804222115702, -14.348430707127466 ], [ -47.69488220045664, -14.348430707127466 ], [ -47.69488220045664, -14.347083234201286 ], [ -47.695421189627112, -14.347083234201286 ], [ -47.695421189627112, -14.346813739616051 ], [ -47.697846640894234, -14.346813739616051 ], [ -47.697846640894234, -14.345735761275106 ], [ -47.698218810483056, -14.345735761275106 ], [ -47.698038, -14.339176 ], [ -47.697597553902618, -14.338189912888502 ], [ -47.696229673382824, -14.338189912888502 ], [ -47.696229673382824, -14.335225472450908 ], [ -47.695960178797584, -14.335225472450908 ], [ -47.695960178797584, -14.334524096577754 ], [ -47.693738, -14.329549 ], [ -47.683176, -14.327773 ], [ -47.689225, -14.320405 ], [ -47.680143, -14.321218 ], [ -47.680017, -14.321135 ], [ -47.679992, -14.32058 ], [ -47.679767, -14.320295 ], [ -47.679437, -14.319956 ], [ -47.678973, -14.319713 ], [ -47.678489, -14.319737 ], [ -47.678371, -14.319494 ], [ -47.678379536558666, -14.319325291921993 ], [ -47.676287074075368, -14.319325291921993 ] ] ] } },
{ "type": "Feature", "properties": { "nome_area_": null, "tipo_area_": null, "esferaadmi": null, "nomeunidad": null, "grupo": null, "ano": "2025", "mes_ano": "10-2025", "nm_municip": "ALTO PARAISO DE GOIAS", "nome": "Alto Paraíso de Goiás", "meso_ibge": "Norte Goiano", "micro_ibge": "Chapada dos Veadeiros", "geocodigo": 5200605.0, "area_ha": 11.787006 }, "geometry": { "type": "Polygon", "coordinates": [ [ [ -47.523214149661399, -14.374302187310107 ], [ -47.523214149661399, -14.377805616918174 ], [ -47.522944655076166, -14.377805616918174 ], [ -47.522944655076166, -14.378883595259117 ], [ -47.523214149661399, -14.378883595259117 ], [ -47.523214149661399, -14.379153089844353 ], [ -47.523483644246639, -14.379153089844353 ], [ -47.523483644246639, -14.379422584429589 ], [ -47.523753138831871, -14.379422584429589 ], [ -47.523753138831871, -14.379961573600061 ], [ -47.524022633417111, -14.379961573600061 ], [ -47.524022633417111, -14.380231068185296 ], [ -47.525100611758049, -14.380231068185296 ], [ -47.525100611758049, -14.379961573600061 ], [ -47.525370106343289, -14.379961573600061 ], [ -47.525370106343289, -14.377266627747701 ], [ -47.524561622587584, -14.377266627747701 ], [ -47.524561622587584, -14.374841176480579 ], [ -47.524292128002344, -14.374841176480579 ], [ -47.524292128002344, -14.374302187310107 ], [ -47.523214149661399, -14.374302187310107 ] ] ] } },
{ "type": "Feature", "properties": { "nome_area_": null, "tipo_area_": null, "esferaadmi": null, "nomeunidad": null, "grupo": null, "ano": "2025", "mes_ano": "10-2025", "nm_municip": "ALTO PARAISO DE GOIAS", "nome": "Alto Paraíso de Goiás", "meso_ibge": "Norte Goiano", "micro_ibge": "Chapada dos Veadeiros", "geocodigo": 5200605.0, "area_ha": 6.066273 }, "geometry": { "type": "Polygon", "coordinates": [ [ [ -47.746355666236688, -14.397209227055155 ], [ -47.746355666236688, -14.398556699981334 ], [ -47.746086171651456, -14.398556699981334 ], [ -47.746086171651456, -14.399365183737043 ], [ -47.745816677066216, -14.399365183737043 ], [ -47.745816677066216, -14.400712656663222 ], [ -47.7471641499924, -14.400712656663222 ], [ -47.7471641499924, -14.399904172907515 ], [ -47.747433644577633, -14.399904172907515 ], [ -47.747433644577633, -14.399634678322279 ], [ -47.747703139162873, -14.399634678322279 ], [ -47.747703139162873, -14.397478721640391 ], [ -47.747433644577633, -14.397478721640391 ], [ -47.747433644577633, -14.397209227055155 ], [ -47.746355666236688, -14.397209227055155 ] ] ] } },
{ "type": "Feature", "properties": { "nome_area_": null, "tipo_area_": null, "esferaadmi": null, "nomeunidad": null, "grupo": null, "ano": "2025", "mes_ano": "10-2025", "nm_municip": "ALTO PARAISO DE GOIAS", "nome": "Alto Paraíso de Goiás", "meso_ibge": "Norte Goiano", "micro_ibge": "Chapada dos Veadeiros", "geocodigo": 5200605.0, "area_ha": 37.003242 }, "geometry": { "type": "Polygon", "coordinates": [ [ [ -47.756596460475656, -14.401790635004165 ], [ -47.756596460475656, -14.402329624174637 ], [ -47.756057471305184, -14.402329624174637 ], [ -47.756057471305184, -14.403138107930344 ], [ -47.754440503793766, -14.403138107930344 ], [ -47.754440503793766, -14.40340760251558 ], [ -47.754171009208534, -14.40340760251558 ], [ -47.754171009208534, -14.403677097100816 ], [ -47.753901514623294, -14.403677097100816 ], [ -47.753901514623294, -14.403946591686053 ], [ -47.753632020038062, -14.403946591686053 ], [ -47.753632020038062, -14.404216086271287 ], [ -47.753362525452822, -14.404216086271287 ], [ -47.753362525452822, -14.404485580856523 ], [ -47.753093030867589, -14.404485580856523 ], [ -47.753093030867589, -14.404755075441759 ], [ -47.752823536282349, -14.404755075441759 ], [ -47.752823536282349, -14.405024570026995 ], [ -47.752284547111877, -14.405024570026995 ], [ -47.752284547111877, -14.407180526708883 ], [ -47.750128590429995, -14.407180526708883 ], [ -47.750128590429995, -14.408258505049826 ], [ -47.751745557941405, -14.408258505049826 ], [ -47.751745557941405, -14.408797494220298 ], [ -47.752823536282349, -14.408797494220298 ], [ -47.752823536282349, -14.406911032123647 ], [ -47.756326965890416, -14.406911032123647 ], [ -47.756326965890416, -14.407450021294117 ], [ -47.756865955060888, -14.407450021294117 ], [ -47.756865955060888, -14.407719515879354 ], [ -47.757943933401833, -14.407719515879354 ], [ -47.757943933401833, -14.407450021294117 ], [ -47.758213427987066, -14.407450021294117 ], [ -47.758213427987066, -14.406372042953175 ], [ -47.760099890083723, -14.406372042953175 ], [ -47.760099890083723, -14.405294064612232 ], [ -47.759830395498483, -14.405294064612232 ], [ -47.759830395498483, -14.403946591686053 ], [ -47.757943933401833, -14.403946591686053 ], [ -47.757943933401833, -14.401790635004165 ], [ -47.756596460475656, -14.401790635004165 ] ] ] } },
{ "type": "Feature", "properties": { "nome_area_": null, "tipo_area_": null, "esferaadmi": null, "nomeunidad": null, "grupo": null, "ano": "2025", "mes_ano": "10-2025", "nm_municip": "ALTO PARAISO DE GOIAS", "nome": "Alto Paraíso de Goiás", "meso_ibge": "Norte Goiano", "micro_ibge": "Chapada dos Veadeiros", "geocodigo": 5200605.0, "area_ha": 0.693226 }, "geometry": { "type": "Polygon", "coordinates": [ [ [ -47.594899709334136, -14.418499299288788 ], [ -47.594899709334136, -14.420655255970676 ], [ -47.595169203919376, -14.420655255970676 ], [ -47.595169203919376, -14.418499299288788 ], [ -47.594899709334136, -14.418499299288788 ] ] ] } },
{ "type": "Feature", "properties": { "nome_area_": null, "tipo_area_": null, "esferaadmi": null, "nomeunidad": null, "grupo": null, "ano": "2025", "mes_ano": "10-2025", "nm_municip": "ALTO PARAISO DE GOIAS", "nome": "Alto Paraíso de Goiás", "meso_ibge": "Norte Goiano", "micro_ibge": "Chapada dos Veadeiros", "geocodigo": 5200605.0, "area_ha": 0.433252 }, "geometry": { "type": "Polygon", "coordinates": [ [ [ -47.600559095624092, -14.427123126016337 ], [ -47.600559095624092, -14.427392620601571 ], [ -47.60190656855027, -14.427392620601571 ], [ -47.60190656855027, -14.427123126016337 ], [ -47.600559095624092, -14.427123126016337 ] ] ] } },
{ "type": "Feature", "properties": { "nome_area_": null, "tipo_area_": null, "esferaadmi": null, "nomeunidad": null, "grupo": null, "ano": "2025", "mes_ano": "10-2025", "nm_municip": "ALTO PARAISO DE GOIAS", "nome": "Alto Paraíso de Goiás", "meso_ibge": "Norte Goiano", "micro_ibge": "Chapada dos Veadeiros", "geocodigo": 5200605.0, "area_ha": 0.259951 }, "geometry": { "type": "Polygon", "coordinates": [ [ [ -47.584119925924703, -14.427392620601571 ], [ -47.584119925924703, -14.427662115186807 ], [ -47.584928409680415, -14.427662115186807 ], [ -47.584928409680415, -14.427392620601571 ], [ -47.584119925924703, -14.427392620601571 ] ] ] } },
{ "type": "Feature", "properties": { "nome_area_": null, "tipo_area_": null, "esferaadmi": null, "nomeunidad": null, "grupo": null, "ano": "2025", "mes_ano": "10-2025", "nm_municip": "ALTO PARAISO DE GOIAS", "nome": "Alto Paraíso de Goiás", "meso_ibge": "Norte Goiano", "micro_ibge": "Chapada dos Veadeiros", "geocodigo": 5200605.0, "area_ha": 5.631979 }, "geometry": { "type": "Polygon", "coordinates": [ [ [ -47.566333283299137, -14.437363920255297 ], [ -47.566333283299137, -14.438172404011006 ], [ -47.566063788713905, -14.438172404011006 ], [ -47.566063788713905, -14.440328360692893 ], [ -47.568758734566259, -14.440328360692893 ], [ -47.568758734566259, -14.439519876937185 ], [ -47.568489239981027, -14.439519876937185 ], [ -47.568489239981027, -14.439250382351949 ], [ -47.568219745395787, -14.439250382351949 ], [ -47.568219745395787, -14.438711393181478 ], [ -47.56687227246961, -14.438711393181478 ], [ -47.56687227246961, -14.43790290942577 ], [ -47.566602777884377, -14.43790290942577 ], [ -47.566602777884377, -14.437363920255297 ], [ -47.566333283299137, -14.437363920255297 ] ] ] } },
{ "type": "Feature", "properties": { "nome_area_": null, "tipo_area_": null, "esferaadmi": null, "nomeunidad": null, "grupo": null, "ano": "2025", "mes_ano": "10-2025", "nm_municip": "ALTO PARAISO DE GOIAS", "nome": "Alto Paraíso de Goiás", "meso_ibge": "Norte Goiano", "micro_ibge": "Chapada dos Veadeiros", "geocodigo": 5200605.0, "area_ha": 2.772615 }, "geometry": { "type": "Polygon", "coordinates": [ [ [ -47.556631478230649, -14.441945328204309 ], [ -47.556631478230649, -14.444909768641903 ], [ -47.557170467401122, -14.444909768641903 ], [ -47.557170467401122, -14.444640274056667 ], [ -47.557439961986354, -14.444640274056667 ], [ -47.557439961986354, -14.441945328204309 ], [ -47.556631478230649, -14.441945328204309 ] ] ] } },
{ "type": "Feature", "properties": { "nome_area_": null, "tipo_area_": null, "esferaadmi": null, "nomeunidad": null, "grupo": null, "ano": "2025", "mes_ano": "10-2025", "nm_municip": "ALTO PARAISO DE GOIAS", "nome": "Alto Paraíso de Goiás", "meso_ibge": "Norte Goiano", "micro_ibge": "Chapada dos Veadeiros", "geocodigo": 5200605.0, "area_ha": 0.086643 }, "geometry": { "type": "Polygon", "coordinates": [ [ [ -47.573609637100503, -14.446257241568082 ], [ -47.573609637100503, -14.446526736153317 ], [ -47.573879131685743, -14.446526736153317 ], [ -47.573879131685743, -14.446257241568082 ], [ -47.573609637100503, -14.446257241568082 ] ] ] } },
{ "type": "Feature", "properties": { "nome_area_": null, "tipo_area_": null, "esferaadmi": null, "nomeunidad": null, "grupo": null, "ano": "2025", "mes_ano": "10-2025", "nm_municip": "ALTO PARAISO DE GOIAS", "nome": "Alto Paraíso de Goiás", "meso_ibge": "Norte Goiano", "micro_ibge": "Chapada dos Veadeiros", "geocodigo": 5200605.0, "area_ha": 14.036156 }, "geometry": { "type": "Polygon", "coordinates": [ [ [ -47.56687227246961, -14.444909768641903 ], [ -47.56687227246961, -14.445179263227139 ], [ -47.566063788713905, -14.445179263227139 ], [ -47.566063788713905, -14.446257241568082 ], [ -47.565794294128665, -14.446257241568082 ], [ -47.565794294128665, -14.447335219909025 ], [ -47.567411261640082, -14.447335219909025 ], [ -47.567411261640082, -14.448413198249968 ], [ -47.567950250810554, -14.448413198249968 ], [ -47.567950250810554, -14.44895218742044 ], [ -47.569028229151499, -14.44895218742044 ], [ -47.569028229151499, -14.448682692835204 ], [ -47.569297723736732, -14.448682692835204 ], [ -47.569297723736732, -14.448413198249968 ], [ -47.569836712907204, -14.448413198249968 ], [ -47.569836712907204, -14.446796230738553 ], [ -47.569567218321971, -14.446796230738553 ], [ -47.569567218321971, -14.445448757812374 ], [ -47.569297723736732, -14.445448757812374 ], [ -47.569297723736732, -14.445179263227139 ], [ -47.569028229151499, -14.445179263227139 ], [ -47.569028229151499, -14.444909768641903 ], [ -47.56687227246961, -14.444909768641903 ] ] ] } },
{ "type": "Feature", "properties": { "nome_area_": null, "tipo_area_": null, "esferaadmi": null, "nomeunidad": null, "grupo": null, "ano": "2025", "mes_ano": "10-2025", "nm_municip": "ALTO PARAISO DE GOIAS", "nome": "Alto Paraíso de Goiás", "meso_ibge": "Norte Goiano", "micro_ibge": "Chapada dos Veadeiros", "geocodigo": 5200605.0, "area_ha": 5.458474 }, "geometry": { "type": "Polygon", "coordinates": [ [ [ -47.556900972815882, -14.447604714494261 ], [ -47.556900972815882, -14.449221682005676 ], [ -47.557170467401122, -14.449221682005676 ], [ -47.557170467401122, -14.448682692835204 ], [ -47.560943391594421, -14.448682692835204 ], [ -47.560943391594421, -14.448413198249968 ], [ -47.561482380764893, -14.448413198249968 ], [ -47.561482380764893, -14.448143703664734 ], [ -47.561212886179661, -14.448143703664734 ], [ -47.561212886179661, -14.447874209079497 ], [ -47.560404402423949, -14.447874209079497 ], [ -47.560404402423949, -14.447604714494261 ], [ -47.556900972815882, -14.447604714494261 ] ] ] } },
{ "type": "Feature", "properties": { "nome_area_": null, "tipo_area_": null, "esferaadmi": null, "nomeunidad": null, "grupo": null, "ano": "2025", "mes_ano": "11-2025", "nm_municip": "ALTO PARAISO DE GOIAS", "nome": "Alto Paraíso de Goiás", "meso_ibge": "Norte Goiano", "micro_ibge": "Chapada dos Veadeiros", "geocodigo": 5200605.0, "area_ha": 2.774916 }, "geometry": { "type": "Polygon", "coordinates": [ [ [ -47.436436893215458, -14.25195164561303 ], [ -47.436436893215458, -14.252221140198266 ], [ -47.435897904044985, -14.252221140198266 ], [ -47.435897904044985, -14.253568613124445 ], [ -47.43697588238593, -14.253568613124445 ], [ -47.43697588238593, -14.253299118539209 ], [ -47.437514871556402, -14.253299118539209 ], [ -47.437514871556402, -14.25195164561303 ], [ -47.436436893215458, -14.25195164561303 ] ] ] } },
{ "type": "Feature", "properties": { "nome_area_": null, "tipo_area_": null, "esferaadmi": null, "nomeunidad": null, "grupo": null, "ano": "2025", "mes_ano": "11-2025", "nm_municip": "ALTO PARAISO DE GOIAS", "nome": "Alto Paraíso de Goiás", "meso_ibge": "Norte Goiano", "micro_ibge": "Chapada dos Veadeiros", "geocodigo": 5200605.0, "area_ha": 1.734309 }, "geometry": { "type": "Polygon", "coordinates": [ [ [ -47.434550431118808, -14.253838107709679 ], [ -47.434550431118808, -14.25518558063586 ], [ -47.435628409459746, -14.25518558063586 ], [ -47.435628409459746, -14.253838107709679 ], [ -47.434550431118808, -14.253838107709679 ] ] ] } },
{ "type": "Feature", "properties": { "nome_area_": null, "tipo_area_": null, "esferaadmi": null, "nomeunidad": null, "grupo": null, "ano": "2025", "mes_ano": "11-2025", "nm_municip": "ALTO PARAISO DE GOIAS", "nome": "Alto Paraíso de Goiás", "meso_ibge": "Norte Goiano", "micro_ibge": "Chapada dos Veadeiros", "geocodigo": 5200605.0, "area_ha": 3.813618 }, "geometry": { "type": "Polygon", "coordinates": [ [ [ -47.511625882496261, -14.365947855167796 ], [ -47.511625882496261, -14.366217349753033 ], [ -47.511356387911022, -14.366217349753033 ], [ -47.511356387911022, -14.368103811849684 ], [ -47.512703860837206, -14.368103811849684 ], [ -47.512703860837206, -14.367295328093975 ], [ -47.512973355422439, -14.367295328093975 ], [ -47.512973355422439, -14.365947855167796 ], [ -47.511625882496261, -14.365947855167796 ] ] ] } },
{ "type": "Feature", "properties": { "nome_area_": null, "tipo_area_": null, "esferaadmi": null, "nomeunidad": null, "grupo": null, "ano": "2025", "mes_ano": "12-2025", "nm_municip": "ALTO PARAISO DE GOIAS", "nome": "Alto Paraíso de Goiás", "meso_ibge": "Norte Goiano", "micro_ibge": "Chapada dos Veadeiros", "geocodigo": 5200605.0, "area_ha": 22.551602 }, "geometry": { "type": "Polygon", "coordinates": [ [ [ -47.784893391925415, -14.193471320616847 ], [ -47.784893391925415, -14.194549298957792 ], [ -47.783006929828765, -14.194549298957792 ], [ -47.783006929828765, -14.196435761054442 ], [ -47.784354402754943, -14.196435761054442 ], [ -47.784354402754943, -14.197513739395387 ], [ -47.784623897340182, -14.197513739395387 ], [ -47.784623897340182, -14.197783233980623 ], [ -47.784893391925415, -14.197783233980623 ], [ -47.784893391925415, -14.199939190662509 ], [ -47.78408490816971, -14.199939190662509 ], [ -47.78408490816971, -14.201017169003453 ], [ -47.785162886510655, -14.201017169003453 ], [ -47.785162886510655, -14.200478179832981 ], [ -47.787857832363009, -14.200478179832981 ], [ -47.787857832363009, -14.199400201492036 ], [ -47.786779854022072, -14.199400201492036 ], [ -47.786779854022072, -14.195088288128263 ], [ -47.786510359436832, -14.195088288128263 ], [ -47.786510359436832, -14.19401030978732 ], [ -47.78597137026636, -14.19401030978732 ], [ -47.78597137026636, -14.193471320616847 ], [ -47.784893391925415, -14.193471320616847 ] ] ] } },
{ "type": "Feature", "properties": { "nome_area_": null, "tipo_area_": null, "esferaadmi": null, "nomeunidad": null, "grupo": null, "ano": "2025", "mes_ano": "12-2025", "nm_municip": "ALTO PARAISO DE GOIAS", "nome": "Alto Paraíso de Goiás", "meso_ibge": "Norte Goiano", "micro_ibge": "Chapada dos Veadeiros", "geocodigo": 5200605.0, "area_ha": 11.882566 }, "geometry": { "type": "Polygon", "coordinates": [ [ [ -47.791091767385844, -14.202634136514867 ], [ -47.791091767385844, -14.202903631100103 ], [ -47.790283283630131, -14.202903631100103 ], [ -47.790283283630131, -14.203442620270575 ], [ -47.790013789044899, -14.203442620270575 ], [ -47.790013789044899, -14.203981609441048 ], [ -47.789744294459666, -14.203981609441048 ], [ -47.789744294459666, -14.204251104026282 ], [ -47.788396821533482, -14.204251104026282 ], [ -47.788396821533482, -14.204790093196754 ], [ -47.788127326948249, -14.204790093196754 ], [ -47.788127326948249, -14.205868071537697 ], [ -47.789205305289194, -14.205868071537697 ], [ -47.789205305289194, -14.206676555293406 ], [ -47.789474799874426, -14.206676555293406 ], [ -47.789474799874426, -14.206946049878642 ], [ -47.790822272800604, -14.206946049878642 ], [ -47.790822272800604, -14.206137566122933 ], [ -47.791361261971076, -14.206137566122933 ], [ -47.791361261971076, -14.204520598611518 ], [ -47.791630756556316, -14.204520598611518 ], [ -47.791630756556316, -14.203981609441048 ], [ -47.792169745726788, -14.203981609441048 ], [ -47.792169745726788, -14.202634136514867 ], [ -47.791091767385844, -14.202634136514867 ] ] ] } },
{ "type": "Feature", "properties": { "nome_area_": null, "tipo_area_": null, "esferaadmi": null, "nomeunidad": null, "grupo": null, "ano": "2025", "mes_ano": "12-2025", "nm_municip": "ALTO PARAISO DE GOIAS", "nome": "Alto Paraíso de Goiás", "meso_ibge": "Norte Goiano", "micro_ibge": "Chapada dos Veadeiros", "geocodigo": 5200605.0, "area_ha": 1.994859 }, "geometry": { "type": "Polygon", "coordinates": [ [ [ -47.801063067039571, -14.206946049878642 ], [ -47.801063067039571, -14.207215544463876 ], [ -47.800793572454332, -14.207215544463876 ], [ -47.800793572454332, -14.208293522804821 ], [ -47.801871550795276, -14.208293522804821 ], [ -47.801871550795276, -14.208024028219585 ], [ -47.802141045380509, -14.208024028219585 ], [ -47.802141045380509, -14.206946049878642 ], [ -47.801063067039571, -14.206946049878642 ] ] ] } },
{ "type": "Feature", "properties": { "nome_area_": null, "tipo_area_": null, "esferaadmi": null, "nomeunidad": null, "grupo": null, "ano": "2025", "mes_ano": "12-2025", "nm_municip": "ALTO PARAISO DE GOIAS", "nome": "Alto Paraíso de Goiás", "meso_ibge": "Norte Goiano", "micro_ibge": "Chapada dos Veadeiros", "geocodigo": 5200605.0, "area_ha": 1.734611 }, "geometry": { "type": "Polygon", "coordinates": [ [ [ -47.798637615772449, -14.213683414509537 ], [ -47.798637615772449, -14.21476139285048 ], [ -47.799985088698627, -14.21476139285048 ], [ -47.799985088698627, -14.213683414509537 ], [ -47.798637615772449, -14.213683414509537 ] ] ] } },
{ "type": "Feature", "properties": { "nome_area_": null, "tipo_area_": null, "esferaadmi": null, "nomeunidad": null, "grupo": null, "ano": "2025", "mes_ano": "12-2025", "nm_municip": "ALTO PARAISO DE GOIAS", "nome": "Alto Paraíso de Goiás", "meso_ibge": "Norte Goiano", "micro_ibge": "Chapada dos Veadeiros", "geocodigo": 5200605.0, "area_ha": 7.025106 }, "geometry": { "type": "Polygon", "coordinates": [ [ [ -47.789744294459666, -14.215569876606189 ], [ -47.789744294459666, -14.215839371191425 ], [ -47.787318843192537, -14.215839371191425 ], [ -47.787318843192537, -14.216108865776661 ], [ -47.786240864851599, -14.216108865776661 ], [ -47.786240864851599, -14.217456338702839 ], [ -47.787857832363009, -14.217456338702839 ], [ -47.787857832363009, -14.217186844117604 ], [ -47.788935810703954, -14.217186844117604 ], [ -47.788935810703954, -14.216647854947132 ], [ -47.791091767385844, -14.216647854947132 ], [ -47.791091767385844, -14.215569876606189 ], [ -47.789744294459666, -14.215569876606189 ] ] ] } },
{ "type": "Feature", "properties": { "nome_area_": null, "tipo_area_": null, "esferaadmi": null, "nomeunidad": null, "grupo": null, "ano": "2025", "mes_ano": "12-2025", "nm_municip": "ALTO PARAISO DE GOIAS", "nome": "Alto Paraíso de Goiás", "meso_ibge": "Norte Goiano", "micro_ibge": "Chapada dos Veadeiros", "geocodigo": 5200605.0, "area_ha": 4.5966 }, "geometry": { "type": "Polygon", "coordinates": [ [ [ -47.802141045380509, -14.21934280079949 ], [ -47.802141045380509, -14.220690273725669 ], [ -47.802410539965749, -14.220690273725669 ], [ -47.802410539965749, -14.220959768310905 ], [ -47.804566496647638, -14.220959768310905 ], [ -47.804566496647638, -14.21934280079949 ], [ -47.802141045380509, -14.21934280079949 ] ] ] } },
{ "type": "Feature", "properties": { "nome_area_": null, "tipo_area_": null, "esferaadmi": null, "nomeunidad": null, "grupo": null, "ano": "2025", "mes_ano": "12-2025", "nm_municip": "ALTO PARAISO DE GOIAS", "nome": "Alto Paraíso de Goiás", "meso_ibge": "Norte Goiano", "micro_ibge": "Chapada dos Veadeiros", "geocodigo": 5200605.0, "area_ha": 165.914968 }, "geometry": { "type": "Polygon", "coordinates": [ [ [ -47.573340142515271, -14.208563017390055 ], [ -47.573340142515271, -14.209910490316236 ], [ -47.572531658759566, -14.209910490316236 ], [ -47.572531658759566, -14.210179984901471 ], [ -47.571453680418621, -14.210179984901471 ], [ -47.571453680418621, -14.211257963242415 ], [ -47.572262164174326, -14.211257963242415 ], [ -47.572262164174326, -14.215030887435717 ], [ -47.572531658759566, -14.215030887435717 ], [ -47.572531658759566, -14.215569876606189 ], [ -47.573070647930038, -14.215569876606189 ], [ -47.573070647930038, -14.215839371191425 ], [ -47.573609637100503, -14.215839371191425 ], [ -47.573609637100503, -14.216108865776661 ], [ -47.574148626270976, -14.216108865776661 ], [ -47.574148626270976, -14.216917349532368 ], [ -47.574418120856215, -14.216917349532368 ], [ -47.574418120856215, -14.217456338702839 ], [ -47.574687615441448, -14.217456338702839 ], [ -47.574687615441448, -14.217995327873311 ], [ -47.575765593782393, -14.217995327873311 ], [ -47.575765593782393, -14.218264822458547 ], [ -47.576574077538098, -14.218264822458547 ], [ -47.576574077538098, -14.218534317043783 ], [ -47.579538517975692, -14.218534317043783 ], [ -47.579538517975692, -14.217995327873311 ], [ -47.580885990901876, -14.217995327873311 ], [ -47.580885990901876, -14.217186844117604 ], [ -47.583580936754231, -14.217186844117604 ], [ -47.583580936754231, -14.218803811629019 ], [ -47.585467398850881, -14.218803811629019 ], [ -47.585467398850881, -14.218534317043783 ], [ -47.58573689343612, -14.218534317043783 ], [ -47.58573689343612, -14.218264822458547 ], [ -47.58789285011801, -14.218264822458547 ], [ -47.58789285011801, -14.220420779140435 ], [ -47.588162344703242, -14.220420779140435 ], [ -47.588162344703242, -14.220690273725669 ], [ -47.58977931221466, -14.220690273725669 ], [ -47.58977931221466, -14.221229262896141 ], [ -47.590048806799892, -14.221229262896141 ], [ -47.590048806799892, -14.221498757481378 ], [ -47.590857290555604, -14.221498757481378 ], [ -47.590857290555604, -14.221768252066614 ], [ -47.592204763481782, -14.221768252066614 ], [ -47.592204763481782, -14.220959768310905 ], [ -47.592743752652254, -14.220959768310905 ], [ -47.592743752652254, -14.220420779140435 ], [ -47.593013247237486, -14.220420779140435 ], [ -47.593013247237486, -14.219612295384726 ], [ -47.593552236407959, -14.219612295384726 ], [ -47.593552236407959, -14.218264822458547 ], [ -47.593282741822726, -14.218264822458547 ], [ -47.593282741822726, -14.217995327873311 ], [ -47.592204763481782, -14.217995327873311 ], [ -47.592204763481782, -14.217725833288075 ], [ -47.591126785140837, -14.217725833288075 ], [ -47.591126785140837, -14.217186844117604 ], [ -47.590318301385132, -14.217186844117604 ], [ -47.590318301385132, -14.216917349532368 ], [ -47.58977931221466, -14.216917349532368 ], [ -47.58977931221466, -14.215300382020953 ], [ -47.589240323044187, -14.215300382020953 ], [ -47.589240323044187, -14.212605436168595 ], [ -47.58977931221466, -14.212605436168595 ], [ -47.58977931221466, -14.21152745782765 ], [ -47.587353860947537, -14.21152745782765 ], [ -47.587353860947537, -14.211796952412886 ], [ -47.584389420509943, -14.211796952412886 ], [ -47.584389420509943, -14.21152745782765 ], [ -47.583580936754231, -14.21152745782765 ], [ -47.583580936754231, -14.211257963242415 ], [ -47.582502958413286, -14.211257963242415 ], [ -47.582502958413286, -14.211796952412886 ], [ -47.580347001731404, -14.211796952412886 ], [ -47.580347001731404, -14.21152745782765 ], [ -47.580077507146164, -14.21152745782765 ], [ -47.580077507146164, -14.210988468657179 ], [ -47.579808012560932, -14.210988468657179 ], [ -47.579808012560932, -14.209371501145764 ], [ -47.578730034219987, -14.209371501145764 ], [ -47.578730034219987, -14.210718974071943 ], [ -47.57522660461192, -14.210718974071943 ], [ -47.57522660461192, -14.210179984901471 ], [ -47.574957110026688, -14.210179984901471 ], [ -47.574957110026688, -14.209371501145764 ], [ -47.574687615441448, -14.209371501145764 ], [ -47.574687615441448, -14.209102006560528 ], [ -47.574418120856215, -14.209102006560528 ], [ -47.574418120856215, -14.208563017390055 ], [ -47.573340142515271, -14.208563017390055 ] ] ] } },
{ "type": "Feature", "properties": { "nome_area_": null, "tipo_area_": null, "esferaadmi": null, "nomeunidad": null, "grupo": null, "ano": "2025", "mes_ano": "12-2025", "nm_municip": "ALTO PARAISO DE GOIAS", "nome": "Alto Paraíso de Goiás", "meso_ibge": "Norte Goiano", "micro_ibge": "Chapada dos Veadeiros", "geocodigo": 5200605.0, "area_ha": 4.509582 }, "geometry": { "type": "Polygon", "coordinates": [ [ [ -47.786779854022072, -14.233626013816991 ], [ -47.786779854022072, -14.235512475913643 ], [ -47.786510359436832, -14.235512475913643 ], [ -47.786510359436832, -14.236590454254586 ], [ -47.787857832363009, -14.236590454254586 ], [ -47.787857832363009, -14.234703992157934 ], [ -47.788127326948249, -14.234703992157934 ], [ -47.788127326948249, -14.233626013816991 ], [ -47.786779854022072, -14.233626013816991 ] ] ] } },
{ "type": "Feature", "properties": { "nome_area_": null, "tipo_area_": null, "esferaadmi": null, "nomeunidad": null, "grupo": null, "ano": "2025", "mes_ano": "4-2025", "nm_municip": "ALTO PARAISO DE GOIAS", "nome": "Alto Paraíso de Goiás", "meso_ibge": "Norte Goiano", "micro_ibge": "Chapada dos Veadeiros", "geocodigo": 5200605.0, "area_ha": 1.388806 }, "geometry": { "type": "Polygon", "coordinates": [ [ [ -47.524022633417111, -14.02557619401491 ], [ -47.524022633417111, -14.026654172355853 ], [ -47.525100611758049, -14.026654172355853 ], [ -47.525100611758049, -14.02557619401491 ], [ -47.524022633417111, -14.02557619401491 ] ] ] } },
{ "type": "Feature", "properties": { "nome_area_": null, "tipo_area_": null, "esferaadmi": null, "nomeunidad": null, "grupo": null, "ano": "2025", "mes_ano": "4-2025", "nm_municip": "ALTO PARAISO DE GOIAS", "nome": "Alto Paraíso de Goiás", "meso_ibge": "Norte Goiano", "micro_ibge": "Chapada dos Veadeiros", "geocodigo": 5200605.0, "area_ha": 1.388771 }, "geometry": { "type": "Polygon", "coordinates": [ [ [ -47.512973355422439, -14.031505074890099 ], [ -47.512973355422439, -14.032583053231042 ], [ -47.514051333763383, -14.032583053231042 ], [ -47.514051333763383, -14.031505074890099 ], [ -47.512973355422439, -14.031505074890099 ] ] ] } },
{ "type": "Feature", "properties": { "nome_area_": null, "tipo_area_": null, "esferaadmi": null, "nomeunidad": null, "grupo": null, "ano": "2025", "mes_ano": "4-2025", "nm_municip": "ALTO PARAISO DE GOIAS", "nome": "Alto Paraíso de Goiás", "meso_ibge": "Norte Goiano", "micro_ibge": "Chapada dos Veadeiros", "geocodigo": 5200605.0, "area_ha": 3.729557 }, "geometry": { "type": "Polygon", "coordinates": [ [ [ -47.775191586856927, -14.204251104026282 ], [ -47.775191586856927, -14.205598576952461 ], [ -47.776000070612632, -14.205598576952461 ], [ -47.776000070612632, -14.20640706070817 ], [ -47.777078048953577, -14.20640706070817 ], [ -47.777078048953577, -14.205329082367227 ], [ -47.776808554368344, -14.205329082367227 ], [ -47.776808554368344, -14.204251104026282 ], [ -47.775191586856927, -14.204251104026282 ] ] ] } },
{ "type": "Feature", "properties": { "nome_area_": null, "tipo_area_": null, "esferaadmi": null, "nomeunidad": null, "grupo": null, "ano": "2025", "mes_ano": "5-2025", "nm_municip": "ALTO PARAISO DE GOIAS", "nome": "Alto Paraíso de Goiás", "meso_ibge": "Norte Goiano", "micro_ibge": "Chapada dos Veadeiros", "geocodigo": 5200605.0, "area_ha": 0.260201 }, "geometry": { "type": "Polygon", "coordinates": [ [ [ -47.775191586856927, -14.205598576952461 ], [ -47.775191586856927, -14.205868071537697 ], [ -47.776000070612632, -14.205868071537697 ], [ -47.776000070612632, -14.205598576952461 ], [ -47.775191586856927, -14.205598576952461 ] ] ] } },
{ "type": "Feature", "properties": { "nome_area_": null, "tipo_area_": null, "esferaadmi": null, "nomeunidad": null, "grupo": null, "ano": "2025", "mes_ano": "5-2025", "nm_municip": "ALTO PARAISO DE GOIAS", "nome": "Alto Paraíso de Goiás", "meso_ibge": "Norte Goiano", "micro_ibge": "Chapada dos Veadeiros", "geocodigo": 5200605.0, "area_ha": 0.954068 }, "geometry": { "type": "Polygon", "coordinates": [ [ [ -47.777078048953577, -14.205868071537697 ], [ -47.777078048953577, -14.20640706070817 ], [ -47.776000070612632, -14.20640706070817 ], [ -47.776000070612632, -14.206676555293406 ], [ -47.776269565197872, -14.206676555293406 ], [ -47.776269565197872, -14.206946049878642 ], [ -47.777347543538816, -14.206946049878642 ], [ -47.777347543538816, -14.205868071537697 ], [ -47.777078048953577, -14.205868071537697 ] ] ] } },
{ "type": "Feature", "properties": { "nome_area_": null, "tipo_area_": null, "esferaadmi": null, "nomeunidad": null, "grupo": null, "ano": "2025", "mes_ano": "5-2025", "nm_municip": "ALTO PARAISO DE GOIAS", "nome": "Alto Paraíso de Goiás", "meso_ibge": "Norte Goiano", "micro_ibge": "Chapada dos Veadeiros", "geocodigo": 5200605.0, "area_ha": 1.387727 }, "geometry": { "type": "Polygon", "coordinates": [ [ [ -47.702428048843245, -14.207215544463876 ], [ -47.702428048843245, -14.208293522804821 ], [ -47.70350602718419, -14.208293522804821 ], [ -47.70350602718419, -14.207215544463876 ], [ -47.702428048843245, -14.207215544463876 ] ] ] } },
{ "type": "Feature", "properties": { "nome_area_": null, "tipo_area_": null, "esferaadmi": null, "nomeunidad": null, "grupo": null, "ano": "2025", "mes_ano": "5-2025", "nm_municip": "ALTO PARAISO DE GOIAS", "nome": "Alto Paraíso de Goiás", "meso_ibge": "Norte Goiano", "micro_ibge": "Chapada dos Veadeiros", "geocodigo": 5200605.0, "area_ha": 737.04342 }, "geometry": { "type": "Polygon", "coordinates": [ [ [ -47.717250251031217, -14.197783233980623 ], [ -47.717250251031217, -14.198052728565857 ], [ -47.716980756445984, -14.198052728565857 ], [ -47.716980756445984, -14.201286663588688 ], [ -47.716711261860745, -14.201286663588688 ], [ -47.716711261860745, -14.20182565275916 ], [ -47.713477326837918, -14.20182565275916 ], [ -47.713477326837918, -14.203442620270575 ], [ -47.715094294349328, -14.203442620270575 ], [ -47.715094294349328, -14.206946049878642 ], [ -47.713477326837918, -14.206946049878642 ], [ -47.713477326837918, -14.207215544463876 ], [ -47.713207832252678, -14.207215544463876 ], [ -47.713207832252678, -14.207485039049113 ], [ -47.707817940547962, -14.207485039049113 ], [ -47.707817940547962, -14.207754533634349 ], [ -47.707278951377489, -14.207754533634349 ], [ -47.707278951377489, -14.208024028219585 ], [ -47.707009456792257, -14.208024028219585 ], [ -47.707009456792257, -14.208293522804821 ], [ -47.706739962207017, -14.208293522804821 ], [ -47.706739962207017, -14.211796952412886 ], [ -47.705661983866079, -14.211796952412886 ], [ -47.705661983866079, -14.212066446998122 ], [ -47.702967038013718, -14.212066446998122 ], [ -47.702967038013718, -14.21152745782765 ], [ -47.702697543428485, -14.21152745782765 ], [ -47.702697543428485, -14.210988468657179 ], [ -47.702158554258013, -14.210988468657179 ], [ -47.702158554258013, -14.210449479486707 ], [ -47.701080575917068, -14.210449479486707 ], [ -47.701080575917068, -14.209371501145764 ], [ -47.700002597576123, -14.209371501145764 ], [ -47.700002597576123, -14.208832511975292 ], [ -47.699463608405651, -14.208832511975292 ], [ -47.699463608405651, -14.208563017390055 ], [ -47.698655124649946, -14.208563017390055 ], [ -47.698655124649946, -14.208293522804821 ], [ -47.698116135479474, -14.208293522804821 ], [ -47.698116135479474, -14.204790093196754 ], [ -47.697307651723762, -14.204790093196754 ], [ -47.697307651723762, -14.204520598611518 ], [ -47.695690684212352, -14.204520598611518 ], [ -47.695690684212352, -14.206137566122933 ], [ -47.693534727530462, -14.206137566122933 ], [ -47.693534727530462, -14.205868071537697 ], [ -47.69110927626334, -14.205868071537697 ], [ -47.69110927626334, -14.206137566122933 ], [ -47.686258373729096, -14.206137566122933 ], [ -47.686258373729096, -14.205868071537697 ], [ -47.685180395388151, -14.205868071537697 ], [ -47.685180395388151, -14.206676555293406 ], [ -47.684910900802919, -14.206676555293406 ], [ -47.684910900802919, -14.206946049878642 ], [ -47.684641406217679, -14.206946049878642 ], [ -47.684641406217679, -14.207215544463876 ], [ -47.684371911632446, -14.207215544463876 ], [ -47.684371911632446, -14.208024028219585 ], [ -47.684102417047207, -14.208024028219585 ], [ -47.684102417047207, -14.208293522804821 ], [ -47.683832922461974, -14.208293522804821 ], [ -47.683832922461974, -14.209371501145764 ], [ -47.684371911632446, -14.209371501145764 ], [ -47.684371911632446, -14.209640995731 ], [ -47.684641406217679, -14.209640995731 ], [ -47.684641406217679, -14.209910490316236 ], [ -47.687066857484801, -14.209910490316236 ], [ -47.687066857484801, -14.210449479486707 ], [ -47.688414330410978, -14.210449479486707 ], [ -47.688414330410978, -14.210179984901471 ], [ -47.688683824996218, -14.210179984901471 ], [ -47.688683824996218, -14.209910490316236 ], [ -47.690839781678108, -14.209910490316236 ], [ -47.690839781678108, -14.21152745782765 ], [ -47.691648265433813, -14.21152745782765 ], [ -47.691648265433813, -14.212335941583358 ], [ -47.691917760019045, -14.212335941583358 ], [ -47.691917760019045, -14.213144425339065 ], [ -47.69299573835999, -14.213144425339065 ], [ -47.69299573835999, -14.212874930753831 ], [ -47.69326523294523, -14.212874930753831 ], [ -47.69326523294523, -14.212066446998122 ], [ -47.693534727530462, -14.212066446998122 ], [ -47.693534727530462, -14.211796952412886 ], [ -47.694073716700935, -14.211796952412886 ], [ -47.694073716700935, -14.21152745782765 ], [ -47.694343211286167, -14.21152745782765 ], [ -47.694343211286167, -14.210718974071943 ], [ -47.69488220045664, -14.210718974071943 ], [ -47.69488220045664, -14.210449479486707 ], [ -47.695421189627112, -14.210449479486707 ], [ -47.695421189627112, -14.210179984901471 ], [ -47.697577146309001, -14.210179984901471 ], [ -47.697577146309001, -14.210449479486707 ], [ -47.697846640894234, -14.210449479486707 ], [ -47.697846640894234, -14.211257963242415 ], [ -47.699463608405651, -14.211257963242415 ], [ -47.699463608405651, -14.21152745782765 ], [ -47.70161956508754, -14.21152745782765 ], [ -47.70161956508754, -14.212605436168595 ], [ -47.702697543428485, -14.212605436168595 ], [ -47.702697543428485, -14.213683414509537 ], [ -47.70350602718419, -14.213683414509537 ], [ -47.70350602718419, -14.21476139285048 ], [ -47.703775521769423, -14.21476139285048 ], [ -47.703775521769423, -14.215300382020953 ], [ -47.704314510939895, -14.215300382020953 ], [ -47.704314510939895, -14.215569876606189 ], [ -47.705661983866079, -14.215569876606189 ], [ -47.705661983866079, -14.215839371191425 ], [ -47.709165413474139, -14.215839371191425 ], [ -47.709165413474139, -14.216108865776661 ], [ -47.709973897229851, -14.216108865776661 ], [ -47.709973897229851, -14.216647854947132 ], [ -47.713477326837918, -14.216647854947132 ], [ -47.713477326837918, -14.220690273725669 ], [ -47.710782380985556, -14.220690273725669 ], [ -47.710782380985556, -14.221498757481378 ], [ -47.710243391815084, -14.221498757481378 ], [ -47.710243391815084, -14.221768252066614 ], [ -47.709973897229851, -14.221768252066614 ], [ -47.709973897229851, -14.22203774665185 ], [ -47.708895918888906, -14.22203774665185 ], [ -47.708895918888906, -14.224193703333736 ], [ -47.709973897229851, -14.224193703333736 ], [ -47.709973897229851, -14.225271681674679 ], [ -47.710782380985556, -14.225271681674679 ], [ -47.710782380985556, -14.225541176259915 ], [ -47.712399348496973, -14.225541176259915 ], [ -47.712399348496973, -14.225002187089444 ], [ -47.71590277810504, -14.225002187089444 ], [ -47.71590277810504, -14.225271681674679 ], [ -47.717250251031217, -14.225271681674679 ], [ -47.717250251031217, -14.225541176259915 ], [ -47.717789240201689, -14.225541176259915 ], [ -47.717789240201689, -14.226619154600858 ], [ -47.719406207713106, -14.226619154600858 ], [ -47.719406207713106, -14.227427638356566 ], [ -47.721292669809756, -14.227427638356566 ], [ -47.721292669809756, -14.228505616697509 ], [ -47.721562164394989, -14.228505616697509 ], [ -47.721562164394989, -14.228775111282745 ], [ -47.722101153565461, -14.228775111282745 ], [ -47.722101153565461, -14.229044605867982 ], [ -47.723718121076878, -14.229044605867982 ], [ -47.723718121076878, -14.227966627527039 ], [ -47.724796099417823, -14.227966627527039 ], [ -47.724796099417823, -14.227427638356566 ], [ -47.725065594003055, -14.227427638356566 ], [ -47.725065594003055, -14.226080165430387 ], [ -47.727221550684945, -14.226080165430387 ], [ -47.727221550684945, -14.22715814377133 ], [ -47.729647001952067, -14.22715814377133 ], [ -47.729647001952067, -14.224732692504208 ], [ -47.730455485707779, -14.224732692504208 ], [ -47.730455485707779, -14.223115724992793 ], [ -47.728838518196362, -14.223115724992793 ], [ -47.728838518196362, -14.220959768310905 ], [ -47.729647001952067, -14.220959768310905 ], [ -47.729647001952067, -14.220690273725669 ], [ -47.730185991122539, -14.220690273725669 ], [ -47.730185991122539, -14.220151284555199 ], [ -47.731802958633956, -14.220151284555199 ], [ -47.731802958633956, -14.219073306214256 ], [ -47.731263969463484, -14.219073306214256 ], [ -47.731263969463484, -14.218803811629019 ], [ -47.730455485707779, -14.218803811629019 ], [ -47.730455485707779, -14.218534317043783 ], [ -47.730185991122539, -14.218534317043783 ], [ -47.730185991122539, -14.218264822458547 ], [ -47.729108012781595, -14.218264822458547 ], [ -47.729108012781595, -14.218534317043783 ], [ -47.728569023611122, -14.218534317043783 ], [ -47.728569023611122, -14.218803811629019 ], [ -47.726143572344, -14.218803811629019 ], [ -47.726143572344, -14.217995327873311 ], [ -47.725874077758768, -14.217995327873311 ], [ -47.725874077758768, -14.217456338702839 ], [ -47.725604583173528, -14.217456338702839 ], [ -47.725604583173528, -14.217186844117604 ], [ -47.725065594003055, -14.217186844117604 ], [ -47.725065594003055, -14.216917349532368 ], [ -47.724796099417823, -14.216917349532368 ], [ -47.724796099417823, -14.216378360361896 ], [ -47.724526604832583, -14.216378360361896 ], [ -47.724526604832583, -14.216108865776661 ], [ -47.723179131906406, -14.216108865776661 ], [ -47.723179131906406, -14.216378360361896 ], [ -47.720214691468811, -14.216378360361896 ], [ -47.720214691468811, -14.21422240368001 ], [ -47.720484186054051, -14.21422240368001 ], [ -47.720484186054051, -14.213952909094774 ], [ -47.720753680639284, -14.213952909094774 ], [ -47.720753680639284, -14.213413919924301 ], [ -47.721023175224516, -14.213413919924301 ], [ -47.721023175224516, -14.213144425339065 ], [ -47.721562164394989, -14.213144425339065 ], [ -47.721562164394989, -14.212874930753831 ], [ -47.721831658980228, -14.212874930753831 ], [ -47.721831658980228, -14.212605436168595 ], [ -47.725604583173528, -14.212605436168595 ], [ -47.725604583173528, -14.212874930753831 ], [ -47.727221550684945, -14.212874930753831 ], [ -47.727221550684945, -14.212605436168595 ], [ -47.72803003444065, -14.212605436168595 ], [ -47.72803003444065, -14.212335941583358 ], [ -47.730724980293012, -14.212335941583358 ], [ -47.730724980293012, -14.212066446998122 ], [ -47.732072453219189, -14.212066446998122 ], [ -47.732072453219189, -14.211796952412886 ], [ -47.732611442389661, -14.211796952412886 ], [ -47.732611442389661, -14.21152745782765 ], [ -47.733419926145373, -14.21152745782765 ], [ -47.733419926145373, -14.211257963242415 ], [ -47.733958915315839, -14.211257963242415 ], [ -47.733958915315839, -14.210988468657179 ], [ -47.735575882827256, -14.210988468657179 ], [ -47.735575882827256, -14.210718974071943 ], [ -47.735845377412488, -14.210718974071943 ], [ -47.735845377412488, -14.210449479486707 ], [ -47.736114871997728, -14.210449479486707 ], [ -47.736114871997728, -14.210179984901471 ], [ -47.736384366582968, -14.210179984901471 ], [ -47.736384366582968, -14.208832511975292 ], [ -47.7366538611682, -14.208832511975292 ], [ -47.7366538611682, -14.208563017390055 ], [ -47.736923355753433, -14.208563017390055 ], [ -47.736923355753433, -14.208024028219585 ], [ -47.737192850338673, -14.208024028219585 ], [ -47.737192850338673, -14.207215544463876 ], [ -47.737462344923905, -14.207215544463876 ], [ -47.737462344923905, -14.206137566122933 ], [ -47.737192850338673, -14.206137566122933 ], [ -47.737192850338673, -14.205059587781991 ], [ -47.736923355753433, -14.205059587781991 ], [ -47.736923355753433, -14.204520598611518 ], [ -47.7366538611682, -14.204520598611518 ], [ -47.7366538611682, -14.203712114855811 ], [ -47.736384366582968, -14.203712114855811 ], [ -47.736384366582968, -14.203173125685339 ], [ -47.736114871997728, -14.203173125685339 ], [ -47.736114871997728, -14.202364641929632 ], [ -47.735845377412488, -14.202364641929632 ], [ -47.735845377412488, -14.202095147344396 ], [ -47.735575882827256, -14.202095147344396 ], [ -47.735575882827256, -14.20182565275916 ], [ -47.734767399071551, -14.20182565275916 ], [ -47.734767399071551, -14.201556158173924 ], [ -47.734228409901078, -14.201556158173924 ], [ -47.734228409901078, -14.201286663588688 ], [ -47.733958915315839, -14.201286663588688 ], [ -47.733958915315839, -14.201017169003453 ], [ -47.733150431560134, -14.201017169003453 ], [ -47.733150431560134, -14.200747674418217 ], [ -47.732880936974894, -14.200747674418217 ], [ -47.732880936974894, -14.200478179832981 ], [ -47.732072453219189, -14.200478179832981 ], [ -47.732072453219189, -14.200208685247745 ], [ -47.731802958633956, -14.200208685247745 ], [ -47.731802958633956, -14.199939190662509 ], [ -47.731263969463484, -14.199939190662509 ], [ -47.731263969463484, -14.199669696077272 ], [ -47.730724980293012, -14.199669696077272 ], [ -47.730724980293012, -14.199400201492036 ], [ -47.7299164965373, -14.199400201492036 ], [ -47.7299164965373, -14.199130706906802 ], [ -47.72829952902589, -14.199130706906802 ], [ -47.72829952902589, -14.199400201492036 ], [ -47.727760539855417, -14.199400201492036 ], [ -47.727760539855417, -14.199669696077272 ], [ -47.727491045270185, -14.199669696077272 ], [ -47.727491045270185, -14.199939190662509 ], [ -47.723987615662111, -14.199939190662509 ], [ -47.723987615662111, -14.199669696077272 ], [ -47.723718121076878, -14.199669696077272 ], [ -47.723718121076878, -14.199400201492036 ], [ -47.722640142735933, -14.199400201492036 ], [ -47.722640142735933, -14.199130706906802 ], [ -47.722101153565461, -14.199130706906802 ], [ -47.722101153565461, -14.198861212321566 ], [ -47.721831658980228, -14.198861212321566 ], [ -47.721831658980228, -14.198591717736329 ], [ -47.721562164394989, -14.198591717736329 ], [ -47.721562164394989, -14.198322223151093 ], [ -47.718328229372162, -14.198322223151093 ], [ -47.718328229372162, -14.197783233980623 ], [ -47.717250251031217, -14.197783233980623 ] ], [ [ -47.725065594003055, -14.206946049878642 ], [ -47.724257110247351, -14.206946049878642 ], [ -47.724257110247351, -14.207485039049113 ], [ -47.722909637321173, -14.207485039049113 ], [ -47.722909637321173, -14.208024028219585 ], [ -47.722640142735933, -14.208024028219585 ], [ -47.722640142735933, -14.208293522804821 ], [ -47.720214691468811, -14.208293522804821 ], [ -47.720214691468811, -14.205868071537697 ], [ -47.720484186054051, -14.205868071537697 ], [ -47.720484186054051, -14.205598576952461 ], [ -47.721562164394989, -14.205598576952461 ], [ -47.721562164394989, -14.205329082367227 ], [ -47.722909637321173, -14.205329082367227 ], [ -47.722909637321173, -14.204790093196754 ], [ -47.725065594003055, -14.204790093196754 ], [ -47.725065594003055, -14.206946049878642 ] ], [ [ -47.721292669809756, -14.226349660015623 ], [ -47.718867218542634, -14.226349660015623 ], [ -47.718867218542634, -14.2239242087485 ], [ -47.721292669809756, -14.2239242087485 ], [ -47.721292669809756, -14.226349660015623 ] ] ] } },
{ "type": "Feature", "properties": { "nome_area_": null, "tipo_area_": null, "esferaadmi": null, "nomeunidad": null, "grupo": null, "ano": "2025", "mes_ano": "5-2025", "nm_municip": "ALTO PARAISO DE GOIAS", "nome": "Alto Paraíso de Goiás", "meso_ibge": "Norte Goiano", "micro_ibge": "Chapada dos Veadeiros", "geocodigo": 5200605.0, "area_ha": 4.941245 }, "geometry": { "type": "Polygon", "coordinates": [ [ [ -47.488988337336451, -14.325254172797182 ], [ -47.488988337336451, -14.326601645723361 ], [ -47.489257831921684, -14.326601645723361 ], [ -47.489257831921684, -14.326871140308597 ], [ -47.489796821092156, -14.326871140308597 ], [ -47.489796821092156, -14.327140634893833 ], [ -47.491144294018333, -14.327140634893833 ], [ -47.491144294018333, -14.326871140308597 ], [ -47.491413788603573, -14.326871140308597 ], [ -47.491413788603573, -14.325523667382418 ], [ -47.491144294018333, -14.325523667382418 ], [ -47.491144294018333, -14.325254172797182 ], [ -47.488988337336451, -14.325254172797182 ] ] ] } },
{ "type": "Feature", "properties": { "nome_area_": null, "tipo_area_": null, "esferaadmi": null, "nomeunidad": null, "grupo": null, "ano": "2025", "mes_ano": "5-2025", "nm_municip": "ALTO PARAISO DE GOIAS", "nome": "Alto Paraíso de Goiás", "meso_ibge": "Norte Goiano", "micro_ibge": "Chapada dos Veadeiros", "geocodigo": 5200605.0, "area_ha": 57.212623 }, "geometry": { "type": "Polygon", "coordinates": [ [ [ -47.501924077427766, -14.329566086160956 ], [ -47.501924077427766, -14.331722042842843 ], [ -47.501654582842534, -14.331722042842843 ], [ -47.501654582842534, -14.332261032013314 ], [ -47.501115593672061, -14.332261032013314 ], [ -47.501115593672061, -14.333339010354258 ], [ -47.501385088257294, -14.333339010354258 ], [ -47.501385088257294, -14.333608504939495 ], [ -47.501654582842534, -14.333608504939495 ], [ -47.501654582842534, -14.334147494109965 ], [ -47.501924077427766, -14.334147494109965 ], [ -47.501924077427766, -14.334416988695201 ], [ -47.502732561183478, -14.334416988695201 ], [ -47.502732561183478, -14.334955977865674 ], [ -47.503002055768711, -14.334955977865674 ], [ -47.503002055768711, -14.335494967036144 ], [ -47.503271550353951, -14.335494967036144 ], [ -47.503271550353951, -14.33576446162138 ], [ -47.503810539524423, -14.33576446162138 ], [ -47.503810539524423, -14.336033956206617 ], [ -47.504888517865361, -14.336033956206617 ], [ -47.504888517865361, -14.335494967036144 ], [ -47.5051580124506, -14.335494967036144 ], [ -47.5051580124506, -14.335225472450908 ], [ -47.507313969132483, -14.335225472450908 ], [ -47.507313969132483, -14.335494967036144 ], [ -47.507852958302955, -14.335494967036144 ], [ -47.507852958302955, -14.336303450791853 ], [ -47.508122452888195, -14.336303450791853 ], [ -47.508122452888195, -14.336842439962323 ], [ -47.510278409570077, -14.336842439962323 ], [ -47.510278409570077, -14.337111934547559 ], [ -47.511086893325789, -14.337111934547559 ], [ -47.511086893325789, -14.337381429132796 ], [ -47.512164871666734, -14.337381429132796 ], [ -47.512164871666734, -14.334686483280437 ], [ -47.510278409570077, -14.334686483280437 ], [ -47.510278409570077, -14.334416988695201 ], [ -47.510008914984844, -14.334416988695201 ], [ -47.510008914984844, -14.334147494109965 ], [ -47.509739420399612, -14.334147494109965 ], [ -47.509739420399612, -14.333339010354258 ], [ -47.509469925814372, -14.333339010354258 ], [ -47.509469925814372, -14.330913559087135 ], [ -47.509200431229139, -14.330913559087135 ], [ -47.509200431229139, -14.3306440645019 ], [ -47.5089309366439, -14.3306440645019 ], [ -47.5089309366439, -14.330374569916664 ], [ -47.507852958302955, -14.330374569916664 ], [ -47.507852958302955, -14.3306440645019 ], [ -47.507313969132483, -14.3306440645019 ], [ -47.507313969132483, -14.330913559087135 ], [ -47.504619023280128, -14.330913559087135 ], [ -47.504619023280128, -14.330374569916664 ], [ -47.504080034109656, -14.330374569916664 ], [ -47.504080034109656, -14.330105075331428 ], [ -47.503810539524423, -14.330105075331428 ], [ -47.503810539524423, -14.329835580746192 ], [ -47.503271550353951, -14.329835580746192 ], [ -47.503271550353951, -14.329566086160956 ], [ -47.501924077427766, -14.329566086160956 ] ] ] } },
{ "type": "Feature", "properties": { "nome_area_": null, "tipo_area_": null, "esferaadmi": null, "nomeunidad": null, "grupo": null, "ano": "2025", "mes_ano": "6-2025", "nm_municip": "ALTO PARAISO DE GOIAS", "nome": "Alto Paraíso de Goiás", "meso_ibge": "Norte Goiano", "micro_ibge": "Chapada dos Veadeiros", "geocodigo": 5200605.0, "area_ha": 0.086737 }, "geometry": { "type": "Polygon", "coordinates": [ [ [ -47.718328229372162, -14.198052728565857 ], [ -47.718328229372162, -14.198322223151093 ], [ -47.718597723957394, -14.198322223151093 ], [ -47.718597723957394, -14.198052728565857 ], [ -47.718328229372162, -14.198052728565857 ] ] ] } },
{ "type": "Feature", "properties": { "nome_area_": null, "tipo_area_": null, "esferaadmi": null, "nomeunidad": null, "grupo": null, "ano": "2025", "mes_ano": "6-2025", "nm_municip": "ALTO PARAISO DE GOIAS", "nome": "Alto Paraíso de Goiás", "meso_ibge": "Norte Goiano", "micro_ibge": "Chapada dos Veadeiros", "geocodigo": 5200605.0, "area_ha": 4.510167 }, "geometry": { "type": "Polygon", "coordinates": [ [ [ -47.694073716700935, -14.203981609441048 ], [ -47.694073716700935, -14.205598576952461 ], [ -47.693534727530462, -14.205598576952461 ], [ -47.693534727530462, -14.206137566122933 ], [ -47.695690684212352, -14.206137566122933 ], [ -47.695690684212352, -14.203981609441048 ], [ -47.694073716700935, -14.203981609441048 ] ] ] } },
{ "type": "Feature", "properties": { "nome_area_": null, "tipo_area_": null, "esferaadmi": null, "nomeunidad": null, "grupo": null, "ano": "2025", "mes_ano": "6-2025", "nm_municip": "ALTO PARAISO DE GOIAS", "nome": "Alto Paraíso de Goiás", "meso_ibge": "Norte Goiano", "micro_ibge": "Chapada dos Veadeiros", "geocodigo": 5200605.0, "area_ha": 0.086734 }, "geometry": { "type": "Polygon", "coordinates": [ [ [ -47.737192850338673, -14.205868071537697 ], [ -47.737192850338673, -14.206137566122933 ], [ -47.737462344923905, -14.206137566122933 ], [ -47.737462344923905, -14.205868071537697 ], [ -47.737192850338673, -14.205868071537697 ] ] ] } },
{ "type": "Feature", "properties": { "nome_area_": null, "tipo_area_": null, "esferaadmi": null, "nomeunidad": null, "grupo": null, "ano": "2025", "mes_ano": "6-2025", "nm_municip": "ALTO PARAISO DE GOIAS", "nome": "Alto Paraíso de Goiás", "meso_ibge": "Norte Goiano", "micro_ibge": "Chapada dos Veadeiros", "geocodigo": 5200605.0, "area_ha": 0.346932 }, "geometry": { "type": "Polygon", "coordinates": [ [ [ -47.709434908059379, -14.207215544463876 ], [ -47.709434908059379, -14.207485039049113 ], [ -47.710512886400323, -14.207485039049113 ], [ -47.710512886400323, -14.207215544463876 ], [ -47.709434908059379, -14.207215544463876 ] ] ] } },
{ "type": "Feature", "properties": { "nome_area_": null, "tipo_area_": null, "esferaadmi": null, "nomeunidad": null, "grupo": null, "ano": "2025", "mes_ano": "6-2025", "nm_municip": "ALTO PARAISO DE GOIAS", "nome": "Alto Paraíso de Goiás", "meso_ibge": "Norte Goiano", "micro_ibge": "Chapada dos Veadeiros", "geocodigo": 5200605.0, "area_ha": 15.351817 }, "geometry": { "type": "Polygon", "coordinates": [ [ [ -47.722909637321173, -14.204790093196754 ], [ -47.722909637321173, -14.205329082367227 ], [ -47.721562164394989, -14.205329082367227 ], [ -47.721562164394989, -14.205598576952461 ], [ -47.720484186054051, -14.205598576952461 ], [ -47.720484186054051, -14.205868071537697 ], [ -47.720214691468811, -14.205868071537697 ], [ -47.720214691468811, -14.208293522804821 ], [ -47.722640142735933, -14.208293522804821 ], [ -47.722640142735933, -14.208024028219585 ], [ -47.722909637321173, -14.208024028219585 ], [ -47.722909637321173, -14.207485039049113 ], [ -47.724257110247351, -14.207485039049113 ], [ -47.724257110247351, -14.206946049878642 ], [ -47.725065594003055, -14.206946049878642 ], [ -47.725065594003055, -14.204790093196754 ], [ -47.722909637321173, -14.204790093196754 ] ] ] } },
{ "type": "Feature", "properties": { "nome_area_": null, "tipo_area_": null, "esferaadmi": null, "nomeunidad": null, "grupo": null, "ano": "2025", "mes_ano": "6-2025", "nm_municip": "ALTO PARAISO DE GOIAS", "nome": "Alto Paraíso de Goiás", "meso_ibge": "Norte Goiano", "micro_ibge": "Chapada dos Veadeiros", "geocodigo": 5200605.0, "area_ha": 0.867314 }, "geometry": { "type": "Polygon", "coordinates": [ [ [ -47.702967038013718, -14.211796952412886 ], [ -47.702967038013718, -14.212066446998122 ], [ -47.705661983866079, -14.212066446998122 ], [ -47.705661983866079, -14.211796952412886 ], [ -47.702967038013718, -14.211796952412886 ] ] ] } },
{ "type": "Feature", "properties": { "nome_area_": null, "tipo_area_": null, "esferaadmi": null, "nomeunidad": null, "grupo": null, "ano": "2025", "mes_ano": "6-2025", "nm_municip": "ALTO PARAISO DE GOIAS", "nome": "Alto Paraíso de Goiás", "meso_ibge": "Norte Goiano", "micro_ibge": "Chapada dos Veadeiros", "geocodigo": 5200605.0, "area_ha": 51.952618 }, "geometry": { "type": "Polygon", "coordinates": [ [ [ -47.679251514512963, -14.204520598611518 ], [ -47.679251514512963, -14.205868071537697 ], [ -47.679521009098195, -14.205868071537697 ], [ -47.679521009098195, -14.206946049878642 ], [ -47.680059998268668, -14.206946049878642 ], [ -47.680059998268668, -14.207485039049113 ], [ -47.681407471194852, -14.207485039049113 ], [ -47.681407471194852, -14.208293522804821 ], [ -47.681676965780085, -14.208293522804821 ], [ -47.681676965780085, -14.208832511975292 ], [ -47.683024438706262, -14.208832511975292 ], [ -47.683024438706262, -14.210179984901471 ], [ -47.683832922461974, -14.210179984901471 ], [ -47.683832922461974, -14.213144425339065 ], [ -47.684102417047207, -14.213144425339065 ], [ -47.684102417047207, -14.213413919924301 ], [ -47.685719384558624, -14.213413919924301 ], [ -47.685719384558624, -14.213144425339065 ], [ -47.687875341240513, -14.213144425339065 ], [ -47.687875341240513, -14.213683414509537 ], [ -47.688144835825746, -14.213683414509537 ], [ -47.688144835825746, -14.213952909094774 ], [ -47.689222814166691, -14.213952909094774 ], [ -47.689222814166691, -14.214491898265244 ], [ -47.690300792507635, -14.214491898265244 ], [ -47.690300792507635, -14.212605436168595 ], [ -47.69110927626334, -14.212605436168595 ], [ -47.69110927626334, -14.21152745782765 ], [ -47.690839781678108, -14.21152745782765 ], [ -47.690839781678108, -14.209910490316236 ], [ -47.688683824996218, -14.209910490316236 ], [ -47.688683824996218, -14.210179984901471 ], [ -47.688414330410978, -14.210179984901471 ], [ -47.688414330410978, -14.210449479486707 ], [ -47.687066857484801, -14.210449479486707 ], [ -47.687066857484801, -14.209910490316236 ], [ -47.684641406217679, -14.209910490316236 ], [ -47.684641406217679, -14.209640995731 ], [ -47.684371911632446, -14.209640995731 ], [ -47.684371911632446, -14.209371501145764 ], [ -47.683832922461974, -14.209371501145764 ], [ -47.683832922461974, -14.208293522804821 ], [ -47.684102417047207, -14.208293522804821 ], [ -47.684102417047207, -14.208024028219585 ], [ -47.684371911632446, -14.208024028219585 ], [ -47.684371911632446, -14.207215544463876 ], [ -47.684641406217679, -14.207215544463876 ], [ -47.684641406217679, -14.206946049878642 ], [ -47.684910900802919, -14.206946049878642 ], [ -47.684910900802919, -14.206676555293406 ], [ -47.685180395388151, -14.206676555293406 ], [ -47.685180395388151, -14.205868071537697 ], [ -47.684641406217679, -14.205868071537697 ], [ -47.684641406217679, -14.205598576952461 ], [ -47.684371911632446, -14.205598576952461 ], [ -47.684371911632446, -14.205329082367227 ], [ -47.683832922461974, -14.205329082367227 ], [ -47.683832922461974, -14.205059587781991 ], [ -47.683024438706262, -14.205059587781991 ], [ -47.683024438706262, -14.204790093196754 ], [ -47.680329492853907, -14.204790093196754 ], [ -47.680329492853907, -14.204520598611518 ], [ -47.679251514512963, -14.204520598611518 ] ] ] } },
{ "type": "Feature", "properties": { "nome_area_": null, "tipo_area_": null, "esferaadmi": null, "nomeunidad": null, "grupo": null, "ano": "2025", "mes_ano": "6-2025", "nm_municip": "ALTO PARAISO DE GOIAS", "nome": "Alto Paraíso de Goiás", "meso_ibge": "Norte Goiano", "micro_ibge": "Chapada dos Veadeiros", "geocodigo": 5200605.0, "area_ha": 0.08673 }, "geometry": { "type": "Polygon", "coordinates": [ [ [ -47.724796099417823, -14.216647854947132 ], [ -47.724796099417823, -14.216917349532368 ], [ -47.725065594003055, -14.216917349532368 ], [ -47.725065594003055, -14.216647854947132 ], [ -47.724796099417823, -14.216647854947132 ] ] ] } },
{ "type": "Feature", "properties": { "nome_area_": null, "tipo_area_": null, "esferaadmi": null, "nomeunidad": null, "grupo": null, "ano": "2025", "mes_ano": "6-2025", "nm_municip": "ALTO PARAISO DE GOIAS", "nome": "Alto Paraíso de Goiás", "meso_ibge": "Norte Goiano", "micro_ibge": "Chapada dos Veadeiros", "geocodigo": 5200605.0, "area_ha": 0.086729 }, "geometry": { "type": "Polygon", "coordinates": [ [ [ -47.725065594003055, -14.216917349532368 ], [ -47.725065594003055, -14.217186844117604 ], [ -47.725335088588295, -14.217186844117604 ], [ -47.725335088588295, -14.216917349532368 ], [ -47.725065594003055, -14.216917349532368 ] ] ] } },
{ "type": "Feature", "properties": { "nome_area_": null, "tipo_area_": null, "esferaadmi": null, "nomeunidad": null, "grupo": null, "ano": "2025", "mes_ano": "6-2025", "nm_municip": "ALTO PARAISO DE GOIAS", "nome": "Alto Paraíso de Goiás", "meso_ibge": "Norte Goiano", "micro_ibge": "Chapada dos Veadeiros", "geocodigo": 5200605.0, "area_ha": 0.173458 }, "geometry": { "type": "Polygon", "coordinates": [ [ [ -47.726143572344, -14.218264822458547 ], [ -47.726143572344, -14.218803811629019 ], [ -47.72641306692924, -14.218803811629019 ], [ -47.72641306692924, -14.218264822458547 ], [ -47.726143572344, -14.218264822458547 ] ] ] } },
{ "type": "Feature", "properties": { "nome_area_": null, "tipo_area_": null, "esferaadmi": null, "nomeunidad": null, "grupo": null, "ano": "2025", "mes_ano": "6-2025", "nm_municip": "ALTO PARAISO DE GOIAS", "nome": "Alto Paraíso de Goiás", "meso_ibge": "Norte Goiano", "micro_ibge": "Chapada dos Veadeiros", "geocodigo": 5200605.0, "area_ha": 0.086729 }, "geometry": { "type": "Polygon", "coordinates": [ [ [ -47.730455485707779, -14.218534317043783 ], [ -47.730455485707779, -14.218803811629019 ], [ -47.730724980293012, -14.218803811629019 ], [ -47.730724980293012, -14.218534317043783 ], [ -47.730455485707779, -14.218534317043783 ] ] ] } },
{ "type": "Feature", "properties": { "nome_area_": null, "tipo_area_": null, "esferaadmi": null, "nomeunidad": null, "grupo": null, "ano": "2025", "mes_ano": "6-2025", "nm_municip": "ALTO PARAISO DE GOIAS", "nome": "Alto Paraíso de Goiás", "meso_ibge": "Norte Goiano", "micro_ibge": "Chapada dos Veadeiros", "geocodigo": 5200605.0, "area_ha": 0.867282 }, "geometry": { "type": "Polygon", "coordinates": [ [ [ -47.710782380985556, -14.220420779140435 ], [ -47.710782380985556, -14.220690273725669 ], [ -47.713477326837918, -14.220690273725669 ], [ -47.713477326837918, -14.220420779140435 ], [ -47.710782380985556, -14.220420779140435 ] ] ] } },
{ "type": "Feature", "properties": { "nome_area_": null, "tipo_area_": null, "esferaadmi": null, "nomeunidad": null, "grupo": null, "ano": "2025", "mes_ano": "6-2025", "nm_municip": "ALTO PARAISO DE GOIAS", "nome": "Alto Paraíso de Goiás", "meso_ibge": "Norte Goiano", "micro_ibge": "Chapada dos Veadeiros", "geocodigo": 5200605.0, "area_ha": 0.260184 }, "geometry": { "type": "Polygon", "coordinates": [ [ [ -47.710512886400323, -14.220959768310905 ], [ -47.710512886400323, -14.221229262896141 ], [ -47.710243391815084, -14.221229262896141 ], [ -47.710243391815084, -14.221498757481378 ], [ -47.710782380985556, -14.221498757481378 ], [ -47.710782380985556, -14.220959768310905 ], [ -47.710512886400323, -14.220959768310905 ] ] ] } },
{ "type": "Feature", "properties": { "nome_area_": null, "tipo_area_": null, "esferaadmi": null, "nomeunidad": null, "grupo": null, "ano": "2025", "mes_ano": "6-2025", "nm_municip": "ALTO PARAISO DE GOIAS", "nome": "Alto Paraíso de Goiás", "meso_ibge": "Norte Goiano", "micro_ibge": "Chapada dos Veadeiros", "geocodigo": 5200605.0, "area_ha": 0.346905 }, "geometry": { "type": "Polygon", "coordinates": [ [ [ -47.716172272690272, -14.225271681674679 ], [ -47.716172272690272, -14.225541176259915 ], [ -47.717250251031217, -14.225541176259915 ], [ -47.717250251031217, -14.225271681674679 ], [ -47.716172272690272, -14.225271681674679 ] ] ] } },
{ "type": "Feature", "properties": { "nome_area_": null, "tipo_area_": null, "esferaadmi": null, "nomeunidad": null, "grupo": null, "ano": "2025", "mes_ano": "6-2025", "nm_municip": "ALTO PARAISO DE GOIAS", "nome": "Alto Paraíso de Goiás", "meso_ibge": "Norte Goiano", "micro_ibge": "Chapada dos Veadeiros", "geocodigo": 5200605.0, "area_ha": 5.203587 }, "geometry": { "type": "Polygon", "coordinates": [ [ [ -47.718867218542634, -14.2239242087485 ], [ -47.718867218542634, -14.224463197918972 ], [ -47.719675702298339, -14.224463197918972 ], [ -47.719675702298339, -14.226349660015623 ], [ -47.721292669809756, -14.226349660015623 ], [ -47.721292669809756, -14.2239242087485 ], [ -47.718867218542634, -14.2239242087485 ] ] ] } },
{ "type": "Feature", "properties": { "nome_area_": null, "tipo_area_": null, "esferaadmi": null, "nomeunidad": null, "grupo": null, "ano": "2025", "mes_ano": "6-2025", "nm_municip": "ALTO PARAISO DE GOIAS", "nome": "Alto Paraíso de Goiás", "meso_ibge": "Norte Goiano", "micro_ibge": "Chapada dos Veadeiros", "geocodigo": 5200605.0, "area_ha": 4.855352 }, "geometry": { "type": "Polygon", "coordinates": [ [ [ -47.41406884264088, -14.287255436278926 ], [ -47.41406884264088, -14.289141898375577 ], [ -47.414338337226113, -14.289141898375577 ], [ -47.414338337226113, -14.289411392960814 ], [ -47.414607831811352, -14.289411392960814 ], [ -47.414607831811352, -14.28968088754605 ], [ -47.415685810152297, -14.28968088754605 ], [ -47.415685810152297, -14.289411392960814 ], [ -47.41595530473753, -14.289411392960814 ], [ -47.41595530473753, -14.288063920034634 ], [ -47.415685810152297, -14.288063920034634 ], [ -47.415685810152297, -14.287255436278926 ], [ -47.41406884264088, -14.287255436278926 ] ] ] } },
{ "type": "Feature", "properties": { "nome_area_": null, "tipo_area_": null, "esferaadmi": null, "nomeunidad": null, "grupo": null, "ano": "2025", "mes_ano": "6-2025", "nm_municip": "ALTO PARAISO DE GOIAS", "nome": "Alto Paraíso de Goiás", "meso_ibge": "Norte Goiano", "micro_ibge": "Chapada dos Veadeiros", "geocodigo": 5200605.0, "area_ha": 0.346754 }, "geometry": { "type": "Polygon", "coordinates": [ [ [ -47.491413788603573, -14.325793161967654 ], [ -47.491413788603573, -14.326871140308597 ], [ -47.491683283188806, -14.326871140308597 ], [ -47.491683283188806, -14.325793161967654 ], [ -47.491413788603573, -14.325793161967654 ] ] ] } },
{ "type": "Feature", "properties": { "nome_area_": null, "tipo_area_": null, "esferaadmi": null, "nomeunidad": null, "grupo": null, "ano": "2025", "mes_ano": "6-2025", "nm_municip": "ALTO PARAISO DE GOIAS", "nome": "Alto Paraíso de Goiás", "meso_ibge": "Norte Goiano", "micro_ibge": "Chapada dos Veadeiros", "geocodigo": 5200605.0, "area_ha": 0.086688 }, "geometry": { "type": "Polygon", "coordinates": [ [ [ -47.489527326506916, -14.326871140308597 ], [ -47.489527326506916, -14.327140634893833 ], [ -47.489796821092156, -14.327140634893833 ], [ -47.489796821092156, -14.326871140308597 ], [ -47.489527326506916, -14.326871140308597 ] ] ] } },
{ "type": "Feature", "properties": { "nome_area_": null, "tipo_area_": null, "esferaadmi": null, "nomeunidad": null, "grupo": null, "ano": "2025", "mes_ano": "6-2025", "nm_municip": "ALTO PARAISO DE GOIAS", "nome": "Alto Paraíso de Goiás", "meso_ibge": "Norte Goiano", "micro_ibge": "Chapada dos Veadeiros", "geocodigo": 5200605.0, "area_ha": 0.086686 }, "geometry": { "type": "Polygon", "coordinates": [ [ [ -47.501385088257294, -14.331991537428078 ], [ -47.501385088257294, -14.332261032013314 ], [ -47.501654582842534, -14.332261032013314 ], [ -47.501654582842534, -14.331991537428078 ], [ -47.501385088257294, -14.331991537428078 ] ] ] } },
{ "type": "Feature", "properties": { "nome_area_": null, "tipo_area_": null, "esferaadmi": null, "nomeunidad": null, "grupo": null, "ano": "2025", "mes_ano": "6-2025", "nm_municip": "ALTO PARAISO DE GOIAS", "nome": "Alto Paraíso de Goiás", "meso_ibge": "Norte Goiano", "micro_ibge": "Chapada dos Veadeiros", "geocodigo": 5200605.0, "area_ha": 0.086686 }, "geometry": { "type": "Polygon", "coordinates": [ [ [ -47.501115593672061, -14.333339010354258 ], [ -47.501115593672061, -14.333608504939495 ], [ -47.501385088257294, -14.333608504939495 ], [ -47.501385088257294, -14.333339010354258 ], [ -47.501115593672061, -14.333339010354258 ] ] ] } },
{ "type": "Feature", "properties": { "nome_area_": null, "tipo_area_": null, "esferaadmi": null, "nomeunidad": null, "grupo": null, "ano": "2025", "mes_ano": "6-2025", "nm_municip": "ALTO PARAISO DE GOIAS", "nome": "Alto Paraíso de Goiás", "meso_ibge": "Norte Goiano", "micro_ibge": "Chapada dos Veadeiros", "geocodigo": 5200605.0, "area_ha": 0.086685 }, "geometry": { "type": "Polygon", "coordinates": [ [ [ -47.510008914984844, -14.334147494109965 ], [ -47.510008914984844, -14.334416988695201 ], [ -47.510278409570077, -14.334416988695201 ], [ -47.510278409570077, -14.334147494109965 ], [ -47.510008914984844, -14.334147494109965 ] ] ] } },
{ "type": "Feature", "properties": { "nome_area_": null, "tipo_area_": null, "esferaadmi": null, "nomeunidad": null, "grupo": null, "ano": "2025", "mes_ano": "6-2025", "nm_municip": "ALTO PARAISO DE GOIAS", "nome": "Alto Paraíso de Goiás", "meso_ibge": "Norte Goiano", "micro_ibge": "Chapada dos Veadeiros", "geocodigo": 5200605.0, "area_ha": 0.086685 }, "geometry": { "type": "Polygon", "coordinates": [ [ [ -47.501654582842534, -14.334147494109965 ], [ -47.501654582842534, -14.334416988695201 ], [ -47.501924077427766, -14.334416988695201 ], [ -47.501924077427766, -14.334147494109965 ], [ -47.501654582842534, -14.334147494109965 ] ] ] } },
{ "type": "Feature", "properties": { "nome_area_": null, "tipo_area_": null, "esferaadmi": null, "nomeunidad": null, "grupo": null, "ano": "2025", "mes_ano": "6-2025", "nm_municip": "ALTO PARAISO DE GOIAS", "nome": "Alto Paraíso de Goiás", "meso_ibge": "Norte Goiano", "micro_ibge": "Chapada dos Veadeiros", "geocodigo": 5200605.0, "area_ha": 0.173369 }, "geometry": { "type": "Polygon", "coordinates": [ [ [ -47.507852958302955, -14.336303450791853 ], [ -47.507852958302955, -14.336842439962323 ], [ -47.508122452888195, -14.336842439962323 ], [ -47.508122452888195, -14.336303450791853 ], [ -47.507852958302955, -14.336303450791853 ] ] ] } },
{ "type": "Feature", "properties": { "nome_area_": null, "tipo_area_": null, "esferaadmi": null, "nomeunidad": null, "grupo": null, "ano": "2025", "mes_ano": "6-2025", "nm_municip": "ALTO PARAISO DE GOIAS", "nome": "Alto Paraíso de Goiás", "meso_ibge": "Norte Goiano", "micro_ibge": "Chapada dos Veadeiros", "geocodigo": 5200605.0, "area_ha": 11.785469 }, "geometry": { "type": "Polygon", "coordinates": [ [ [ -47.777886532709289, -14.404485580856523 ], [ -47.777886532709289, -14.405024570026995 ], [ -47.777617038124049, -14.405024570026995 ], [ -47.777617038124049, -14.406102548367938 ], [ -47.776808554368344, -14.406102548367938 ], [ -47.776808554368344, -14.407180526708883 ], [ -47.776269565197872, -14.407180526708883 ], [ -47.776269565197872, -14.407719515879354 ], [ -47.775730576027399, -14.407719515879354 ], [ -47.775730576027399, -14.408258505049826 ], [ -47.77546108144216, -14.408258505049826 ], [ -47.77546108144216, -14.409605977976005 ], [ -47.776539059783104, -14.409605977976005 ], [ -47.776539059783104, -14.409336483390769 ], [ -47.778425521879754, -14.409336483390769 ], [ -47.778425521879754, -14.406372042953175 ], [ -47.778695016464994, -14.406372042953175 ], [ -47.778695016464994, -14.405833053782704 ], [ -47.778964511050226, -14.405833053782704 ], [ -47.778964511050226, -14.404485580856523 ], [ -47.777886532709289, -14.404485580856523 ] ] ] } },
{ "type": "Feature", "properties": { "nome_area_": null, "tipo_area_": null, "esferaadmi": null, "nomeunidad": null, "grupo": null, "ano": "2025", "mes_ano": "7-2025", "nm_municip": "ALTO PARAISO DE GOIAS", "nome": "Alto Paraíso de Goiás", "meso_ibge": "Norte Goiano", "micro_ibge": "Chapada dos Veadeiros", "geocodigo": 5200605.0, "area_ha": 0.22748 }, "geometry": { "type": "Polygon", "coordinates": [ [ [ -47.441557290334934, -14.043362836640476 ], [ -47.442635268675879, -14.043362836640476 ], [ -47.442635268675879, -14.043311570727697 ], [ -47.441557290334934, -14.043060941069562 ], [ -47.441557290334934, -14.043362836640476 ] ] ] } },
{ "type": "Feature", "properties": { "nome_area_": null, "tipo_area_": null, "esferaadmi": null, "nomeunidad": null, "grupo": null, "ano": "2025", "mes_ano": "7-2025", "nm_municip": "ALTO PARAISO DE GOIAS", "nome": "Alto Paraíso de Goiás", "meso_ibge": "Norte Goiano", "micro_ibge": "Chapada dos Veadeiros", "geocodigo": 5200605.0, "area_ha": 5.203594 }, "geometry": { "type": "Polygon", "coordinates": [ [ [ -47.406792488839514, -14.223115724992793 ], [ -47.406792488839514, -14.223385219578029 ], [ -47.406522994254274, -14.223385219578029 ], [ -47.406522994254274, -14.225271681674679 ], [ -47.406253499669042, -14.225271681674679 ], [ -47.406253499669042, -14.226349660015623 ], [ -47.406522994254274, -14.226349660015623 ], [ -47.406522994254274, -14.226619154600858 ], [ -47.407600972595219, -14.226619154600858 ], [ -47.407600972595219, -14.224463197918972 ], [ -47.407870467180459, -14.224463197918972 ], [ -47.407870467180459, -14.223115724992793 ], [ -47.406792488839514, -14.223115724992793 ] ] ] } },
{ "type": "Feature", "properties": { "nome_area_": null, "tipo_area_": null, "esferaadmi": null, "nomeunidad": null, "grupo": null, "ano": "2025", "mes_ano": "7-2025", "nm_municip": "ALTO PARAISO DE GOIAS", "nome": "Alto Paraíso de Goiás", "meso_ibge": "Norte Goiano", "micro_ibge": "Chapada dos Veadeiros", "geocodigo": 5200605.0, "area_ha": 23.329027 }, "geometry": { "type": "Polygon", "coordinates": [ [ [ -47.410026423862341, -14.226349660015623 ], [ -47.410026423862341, -14.22715814377133 ], [ -47.409756929277108, -14.22715814377133 ], [ -47.409756929277108, -14.227697132941802 ], [ -47.408948445521396, -14.227697132941802 ], [ -47.408948445521396, -14.229044605867982 ], [ -47.409217940106636, -14.229044605867982 ], [ -47.409217940106636, -14.230122584208925 ], [ -47.409756929277108, -14.230122584208925 ], [ -47.409756929277108, -14.230931067964633 ], [ -47.413799348055647, -14.230931067964633 ], [ -47.413799348055647, -14.232009046305576 ], [ -47.414877326396585, -14.232009046305576 ], [ -47.414877326396585, -14.23173955172034 ], [ -47.415146820981825, -14.23173955172034 ], [ -47.415146820981825, -14.230392078794161 ], [ -47.414338337226113, -14.230392078794161 ], [ -47.414338337226113, -14.228775111282745 ], [ -47.41406884264088, -14.228775111282745 ], [ -47.41406884264088, -14.228505616697509 ], [ -47.413529853470408, -14.228505616697509 ], [ -47.413529853470408, -14.228236122112273 ], [ -47.412990864299935, -14.228236122112273 ], [ -47.412990864299935, -14.227966627527039 ], [ -47.412721369714703, -14.227966627527039 ], [ -47.412721369714703, -14.227697132941802 ], [ -47.41218238054423, -14.227697132941802 ], [ -47.41218238054423, -14.227427638356566 ], [ -47.411912885958991, -14.227427638356566 ], [ -47.411912885958991, -14.22715814377133 ], [ -47.411643391373758, -14.22715814377133 ], [ -47.411643391373758, -14.226888649186094 ], [ -47.411373896788518, -14.226888649186094 ], [ -47.411373896788518, -14.226619154600858 ], [ -47.411104402203286, -14.226619154600858 ], [ -47.411104402203286, -14.226349660015623 ], [ -47.410026423862341, -14.226349660015623 ] ] ] } },
{ "type": "Feature", "properties": { "nome_area_": null, "tipo_area_": null, "esferaadmi": null, "nomeunidad": null, "grupo": null, "ano": "2025", "mes_ano": "7-2025", "nm_municip": "ALTO PARAISO DE GOIAS", "nome": "Alto Paraíso de Goiás", "meso_ibge": "Norte Goiano", "micro_ibge": "Chapada dos Veadeiros", "geocodigo": 5200605.0, "area_ha": 0.086685 }, "geometry": { "type": "Polygon", "coordinates": [ [ [ -47.502732561183478, -14.334955977865674 ], [ -47.502732561183478, -14.335225472450908 ], [ -47.503002055768711, -14.335225472450908 ], [ -47.503002055768711, -14.334955977865674 ], [ -47.502732561183478, -14.334955977865674 ] ] ] } },
{ "type": "Feature", "properties": { "nome_area_": null, "tipo_area_": null, "esferaadmi": null, "nomeunidad": null, "grupo": null, "ano": "2025", "mes_ano": "7-2025", "nm_municip": "ALTO PARAISO DE GOIAS", "nome": "Alto Paraíso de Goiás", "meso_ibge": "Norte Goiano", "micro_ibge": "Chapada dos Veadeiros", "geocodigo": 5200605.0, "area_ha": 0.260055 }, "geometry": { "type": "Polygon", "coordinates": [ [ [ -47.507313969132483, -14.335494967036144 ], [ -47.507313969132483, -14.33576446162138 ], [ -47.507583463717722, -14.33576446162138 ], [ -47.507583463717722, -14.336033956206617 ], [ -47.507852958302955, -14.336033956206617 ], [ -47.507852958302955, -14.335494967036144 ], [ -47.507313969132483, -14.335494967036144 ] ] ] } },
{ "type": "Feature", "properties": { "nome_area_": null, "tipo_area_": null, "esferaadmi": null, "nomeunidad": null, "grupo": null, "ano": "2025", "mes_ano": "7-2025", "nm_municip": "ALTO PARAISO DE GOIAS", "nome": "Alto Paraíso de Goiás", "meso_ibge": "Norte Goiano", "micro_ibge": "Chapada dos Veadeiros", "geocodigo": 5200605.0, "area_ha": 4.247252 }, "geometry": { "type": "Polygon", "coordinates": [ [ [ -47.672244655296829, -14.351395147565061 ], [ -47.672244655296829, -14.352203631320767 ], [ -47.671705666126357, -14.352203631320767 ], [ -47.671705666126357, -14.35328160966171 ], [ -47.671975160711597, -14.35328160966171 ], [ -47.671975160711597, -14.353551104246947 ], [ -47.673861622808246, -14.353551104246947 ], [ -47.673861622808246, -14.352473125906004 ], [ -47.673322633637774, -14.352473125906004 ], [ -47.673322633637774, -14.351395147565061 ], [ -47.672244655296829, -14.351395147565061 ] ] ] } },
{ "type": "Feature", "properties": { "nome_area_": null, "tipo_area_": null, "esferaadmi": null, "nomeunidad": null, "grupo": null, "ano": "2025", "mes_ano": "7-2025", "nm_municip": "ALTO PARAISO DE GOIAS", "nome": "Alto Paraíso de Goiás", "meso_ibge": "Norte Goiano", "micro_ibge": "Chapada dos Veadeiros", "geocodigo": 5200605.0, "area_ha": 0.474506 }, "geometry": { "type": "MultiPolygon", "coordinates": [ [ [ [ -47.566602777884377, -14.355707060928834 ], [ -47.56687227246961, -14.355707060928834 ], [ -47.56687227246961, -14.356515544684541 ], [ -47.567141767054849, -14.356515544684541 ], [ -47.567141767054849, -14.357054533855013 ], [ -47.567510607265255, -14.357054533855013 ], [ -47.566602777884377, -14.355072764928678 ], [ -47.566602777884377, -14.355707060928834 ] ] ], [ [ [ -47.567680756225315, -14.357593523025486 ], [ -47.567757513046459, -14.357593523025486 ], [ -47.567680756225315, -14.357425964796777 ], [ -47.567680756225315, -14.357593523025486 ] ] ] ] } },
{ "type": "Feature", "properties": { "nome_area_": null, "tipo_area_": null, "esferaadmi": null, "nomeunidad": null, "grupo": null, "ano": "2025", "mes_ano": "7-2025", "nm_municip": "ALTO PARAISO DE GOIAS", "nome": "Alto Paraíso de Goiás", "meso_ibge": "Norte Goiano", "micro_ibge": "Chapada dos Veadeiros", "geocodigo": 5200605.0, "area_ha": 43.334692 }, "geometry": { "type": "Polygon", "coordinates": [ [ [ -47.762794835936077, -14.372954714383928 ], [ -47.762794835936077, -14.373224208969164 ], [ -47.762255846765605, -14.373224208969164 ], [ -47.762255846765605, -14.3734937035544 ], [ -47.761986352180372, -14.3734937035544 ], [ -47.761986352180372, -14.374841176480579 ], [ -47.76117786842466, -14.374841176480579 ], [ -47.76117786842466, -14.377536122332938 ], [ -47.763064330521317, -14.377536122332938 ], [ -47.763064330521317, -14.37807511150341 ], [ -47.76333382510655, -14.37807511150341 ], [ -47.76333382510655, -14.378344606088646 ], [ -47.764950792617967, -14.378344606088646 ], [ -47.764950792617967, -14.379422584429589 ], [ -47.765220287203199, -14.379422584429589 ], [ -47.765220287203199, -14.380231068185296 ], [ -47.765759276373672, -14.380231068185296 ], [ -47.765759276373672, -14.381848035696713 ], [ -47.767376243885089, -14.381848035696713 ], [ -47.767376243885089, -14.378614100673882 ], [ -47.768993211396506, -14.378614100673882 ], [ -47.768993211396506, -14.378344606088646 ], [ -47.769801695152211, -14.378344606088646 ], [ -47.769801695152211, -14.376727638577231 ], [ -47.766567760129377, -14.376727638577231 ], [ -47.766567760129377, -14.373763198139637 ], [ -47.764142308862255, -14.373763198139637 ], [ -47.764142308862255, -14.372954714383928 ], [ -47.762794835936077, -14.372954714383928 ] ] ] } },
{ "type": "Feature", "properties": { "nome_area_": null, "tipo_area_": null, "esferaadmi": null, "nomeunidad": null, "grupo": null, "ano": "2025", "mes_ano": "7-2025", "nm_municip": "ALTO PARAISO DE GOIAS", "nome": "Alto Paraíso de Goiás", "meso_ibge": "Norte Goiano", "micro_ibge": "Chapada dos Veadeiros", "geocodigo": 5200605.0, "area_ha": 1.386605 }, "geometry": { "type": "Polygon", "coordinates": [ [ [ -47.744199709554806, -14.39370579744709 ], [ -47.744199709554806, -14.394783775788033 ], [ -47.745277687895751, -14.394783775788033 ], [ -47.745277687895751, -14.39370579744709 ], [ -47.744199709554806, -14.39370579744709 ] ] ] } },
{ "type": "Feature", "properties": { "nome_area_": null, "tipo_area_": null, "esferaadmi": null, "nomeunidad": null, "grupo": null, "ano": "2025", "mes_ano": "7-2025", "nm_municip": "ALTO PARAISO DE GOIAS", "nome": "Alto Paraíso de Goiás", "meso_ibge": "Norte Goiano", "micro_ibge": "Chapada dos Veadeiros", "geocodigo": 5200605.0, "area_ha": 286.463955 }, "geometry": { "type": "Polygon", "coordinates": [ [ [ -47.740696279946739, -14.383734497793363 ], [ -47.7404267853615, -14.383734497793363 ], [ -47.7404267853615, -14.385081970719542 ], [ -47.740696279946739, -14.385081970719542 ], [ -47.740696279946739, -14.388046411157136 ], [ -47.7404267853615, -14.388046411157136 ], [ -47.7404267853615, -14.390202367839024 ], [ -47.740157290776267, -14.390202367839024 ], [ -47.740157290776267, -14.39047186242426 ], [ -47.739887796191027, -14.39047186242426 ], [ -47.739887796191027, -14.394514281202797 ], [ -47.741504763702444, -14.394514281202797 ], [ -47.741504763702444, -14.393436302861854 ], [ -47.741774258287684, -14.393436302861854 ], [ -47.741774258287684, -14.393166808276618 ], [ -47.742852236628622, -14.393166808276618 ], [ -47.742852236628622, -14.391549840765203 ], [ -47.744469204140039, -14.391549840765203 ], [ -47.744469204140039, -14.389932873253787 ], [ -47.745008193310511, -14.389932873253787 ], [ -47.745008193310511, -14.389663378668551 ], [ -47.747433644577633, -14.389663378668551 ], [ -47.747433644577633, -14.390202367839024 ], [ -47.74878111750381, -14.390202367839024 ], [ -47.74878111750381, -14.389663378668551 ], [ -47.752284547111877, -14.389663378668551 ], [ -47.752284547111877, -14.390202367839024 ], [ -47.752554041697117, -14.390202367839024 ], [ -47.752554041697117, -14.393166808276618 ], [ -47.750398085015227, -14.393166808276618 ], [ -47.750398085015227, -14.392358324520909 ], [ -47.74905061208905, -14.392358324520909 ], [ -47.74905061208905, -14.393436302861854 ], [ -47.749859095844755, -14.393436302861854 ], [ -47.749859095844755, -14.394514281202797 ], [ -47.751206568770939, -14.394514281202797 ], [ -47.751206568770939, -14.396939732469921 ], [ -47.752284547111877, -14.396939732469921 ], [ -47.752284547111877, -14.396131248714212 ], [ -47.753093030867589, -14.396131248714212 ], [ -47.753093030867589, -14.39559225954374 ], [ -47.753632020038062, -14.39559225954374 ], [ -47.753632020038062, -14.395053270373269 ], [ -47.753901514623294, -14.395053270373269 ], [ -47.753901514623294, -14.393436302861854 ], [ -47.754171009208534, -14.393436302861854 ], [ -47.754171009208534, -14.392358324520909 ], [ -47.756326965890416, -14.392358324520909 ], [ -47.756326965890416, -14.392627819106146 ], [ -47.756596460475656, -14.392627819106146 ], [ -47.756596460475656, -14.392897313691382 ], [ -47.756865955060888, -14.392897313691382 ], [ -47.756865955060888, -14.393166808276618 ], [ -47.757674438816593, -14.393166808276618 ], [ -47.757674438816593, -14.393436302861854 ], [ -47.757943933401833, -14.393436302861854 ], [ -47.757943933401833, -14.394783775788033 ], [ -47.758213427987066, -14.394783775788033 ], [ -47.758213427987066, -14.395322764958504 ], [ -47.758482922572306, -14.395322764958504 ], [ -47.758482922572306, -14.395861754128976 ], [ -47.759830395498483, -14.395861754128976 ], [ -47.759830395498483, -14.396131248714212 ], [ -47.7614473630099, -14.396131248714212 ], [ -47.7614473630099, -14.39559225954374 ], [ -47.761716857595133, -14.39559225954374 ], [ -47.761716857595133, -14.394514281202797 ], [ -47.7614473630099, -14.394514281202797 ], [ -47.7614473630099, -14.393975292032325 ], [ -47.76117786842466, -14.393975292032325 ], [ -47.76117786842466, -14.393166808276618 ], [ -47.760638879254188, -14.393166808276618 ], [ -47.760638879254188, -14.392088829935675 ], [ -47.759830395498483, -14.392088829935675 ], [ -47.759830395498483, -14.391819335350439 ], [ -47.75956090091325, -14.391819335350439 ], [ -47.75956090091325, -14.389393884083315 ], [ -47.7614473630099, -14.389393884083315 ], [ -47.7614473630099, -14.389124389498081 ], [ -47.761716857595133, -14.389124389498081 ], [ -47.761716857595133, -14.387776916571902 ], [ -47.762794835936077, -14.387776916571902 ], [ -47.762794835936077, -14.386159949060486 ], [ -47.76333382510655, -14.386159949060486 ], [ -47.76333382510655, -14.385081970719542 ], [ -47.762525341350845, -14.385081970719542 ], [ -47.762525341350845, -14.384273486963835 ], [ -47.762255846765605, -14.384273486963835 ], [ -47.762255846765605, -14.384003992378599 ], [ -47.761716857595133, -14.384003992378599 ], [ -47.761716857595133, -14.383195508622892 ], [ -47.760908373839428, -14.383195508622892 ], [ -47.760908373839428, -14.382926014037656 ], [ -47.760638879254188, -14.382926014037656 ], [ -47.760638879254188, -14.382117530281947 ], [ -47.760369384668955, -14.382117530281947 ], [ -47.760369384668955, -14.381309046526241 ], [ -47.758482922572306, -14.381309046526241 ], [ -47.758482922572306, -14.381848035696713 ], [ -47.756326965890416, -14.381848035696713 ], [ -47.756326965890416, -14.381309046526241 ], [ -47.754440503793766, -14.381309046526241 ], [ -47.754440503793766, -14.381578541111477 ], [ -47.753093030867589, -14.381578541111477 ], [ -47.753093030867589, -14.381848035696713 ], [ -47.749320106674283, -14.381848035696713 ], [ -47.749320106674283, -14.381309046526241 ], [ -47.74905061208905, -14.381309046526241 ], [ -47.74905061208905, -14.379692079014825 ], [ -47.746894655407161, -14.379692079014825 ], [ -47.746894655407161, -14.379422584429589 ], [ -47.745547182480983, -14.379412680751882 ], [ -47.74524452, -14.37977799 ], [ -47.74526498, -14.38011043 ], [ -47.74478448, -14.38071853 ], [ -47.74455626, -14.38077056 ], [ -47.74451673, -14.38124722 ], [ -47.74402814, -14.3815816 ], [ -47.74382642, -14.38160332 ], [ -47.74326162, -14.3819681 ], [ -47.740969, -14.382257 ], [ -47.740696279946739, -14.382792018610321 ], [ -47.740696279946739, -14.383734497793363 ] ] ] } },
{ "type": "Feature", "properties": { "nome_area_": null, "tipo_area_": null, "esferaadmi": null, "nomeunidad": null, "grupo": null, "ano": "2025", "mes_ano": "7-2025", "nm_municip": "ALTO PARAISO DE GOIAS", "nome": "Alto Paraíso de Goiás", "meso_ibge": "Norte Goiano", "micro_ibge": "Chapada dos Veadeiros", "geocodigo": 5200605.0, "area_ha": 0.519951 }, "geometry": { "type": "Polygon", "coordinates": [ [ [ -47.777078048953577, -14.405294064612232 ], [ -47.777078048953577, -14.406102548367938 ], [ -47.777617038124049, -14.406102548367938 ], [ -47.777617038124049, -14.405294064612232 ], [ -47.777078048953577, -14.405294064612232 ] ] ] } },
{ "type": "Feature", "properties": { "nome_area_": null, "tipo_area_": null, "esferaadmi": null, "nomeunidad": null, "grupo": null, "ano": "2025", "mes_ano": "7-2025", "nm_municip": "ALTO PARAISO DE GOIAS", "nome": "Alto Paraíso de Goiás", "meso_ibge": "Norte Goiano", "micro_ibge": "Chapada dos Veadeiros", "geocodigo": 5200605.0, "area_ha": 0.173317 }, "geometry": { "type": "Polygon", "coordinates": [ [ [ -47.778695016464994, -14.405833053782704 ], [ -47.778695016464994, -14.406372042953175 ], [ -47.778964511050226, -14.406372042953175 ], [ -47.778964511050226, -14.405833053782704 ], [ -47.778695016464994, -14.405833053782704 ] ] ] } },
{ "type": "Feature", "properties": { "nome_area_": null, "tipo_area_": null, "esferaadmi": null, "nomeunidad": null, "grupo": null, "ano": "2025", "mes_ano": "7-2025", "nm_municip": "ALTO PARAISO DE GOIAS", "nome": "Alto Paraíso de Goiás", "meso_ibge": "Norte Goiano", "micro_ibge": "Chapada dos Veadeiros", "geocodigo": 5200605.0, "area_ha": 0.693263 }, "geometry": { "type": "Polygon", "coordinates": [ [ [ -47.775730576027399, -14.406911032123647 ], [ -47.775730576027399, -14.407719515879354 ], [ -47.776269565197872, -14.407719515879354 ], [ -47.776269565197872, -14.407180526708883 ], [ -47.776808554368344, -14.407180526708883 ], [ -47.776808554368344, -14.406911032123647 ], [ -47.775730576027399, -14.406911032123647 ] ] ] } },
{ "type": "Feature", "properties": { "nome_area_": null, "tipo_area_": null, "esferaadmi": null, "nomeunidad": null, "grupo": null, "ano": "2025", "mes_ano": "8-2025", "nm_municip": "ALTO PARAISO DE GOIAS", "nome": "Alto Paraíso de Goiás", "meso_ibge": "Norte Goiano", "micro_ibge": "Chapada dos Veadeiros", "geocodigo": 5200605.0, "area_ha": 148.888034 }, "geometry": { "type": "Polygon", "coordinates": [ [ [ -47.532646460144655, -14.07624117603925 ], [ -47.532646460144655, -14.075247504669676 ], [ -47.53257121438952, -14.075163197698307 ], [ -47.531568481803717, -14.075163197698307 ], [ -47.531568481803717, -14.077319154380195 ], [ -47.531029492633238, -14.077319154380195 ], [ -47.531029492633238, -14.077588648965429 ], [ -47.530759998048005, -14.077588648965429 ], [ -47.530759998048005, -14.077858143550666 ], [ -47.530490503462772, -14.077858143550666 ], [ -47.530490503462772, -14.078127638135902 ], [ -47.530221008877533, -14.078127638135902 ], [ -47.530221008877533, -14.078397132721138 ], [ -47.5299515142923, -14.078397132721138 ], [ -47.5299515142923, -14.078666627306374 ], [ -47.52968201970706, -14.078666627306374 ], [ -47.52968201970706, -14.079475111062081 ], [ -47.529412525121828, -14.079475111062081 ], [ -47.529412525121828, -14.079744605647317 ], [ -47.529143030536588, -14.079744605647317 ], [ -47.529143030536588, -14.081361573158732 ], [ -47.529412525121828, -14.081361573158732 ], [ -47.529412525121828, -14.083787024425854 ], [ -47.528873535951355, -14.083787024425854 ], [ -47.528873535951355, -14.08405651901109 ], [ -47.528604041366115, -14.08405651901109 ], [ -47.528604041366115, -14.084326013596327 ], [ -47.528334546780883, -14.084326013596327 ], [ -47.528334546780883, -14.085942981107742 ], [ -47.529143030536588, -14.085942981107742 ], [ -47.529143030536588, -14.086481970278214 ], [ -47.529412525121828, -14.086481970278214 ], [ -47.529412525121828, -14.086751464863449 ], [ -47.531029492633238, -14.086751464863449 ], [ -47.531029492633238, -14.087020959448685 ], [ -47.531298987218477, -14.087020959448685 ], [ -47.531298987218477, -14.087290454033921 ], [ -47.531568481803717, -14.087290454033921 ], [ -47.531568481803717, -14.087559948619157 ], [ -47.53183797638895, -14.087559948619157 ], [ -47.53183797638895, -14.087829443204393 ], [ -47.532376965559422, -14.087829443204393 ], [ -47.532376965559422, -14.088098937789628 ], [ -47.532915954729894, -14.088098937789628 ], [ -47.532915954729894, -14.088368432374864 ], [ -47.533185449315127, -14.088368432374864 ], [ -47.533185449315127, -14.0886379269601 ], [ -47.534263427656072, -14.0886379269601 ], [ -47.534263427656072, -14.088098937789628 ], [ -47.534532922241311, -14.088098937789628 ], [ -47.534532922241311, -14.087559948619157 ], [ -47.534802416826544, -14.087559948619157 ], [ -47.534802416826544, -14.087290454033921 ], [ -47.536958373508426, -14.087290454033921 ], [ -47.536958373508426, -14.087829443204393 ], [ -47.537227868093666, -14.087829443204393 ], [ -47.537227868093666, -14.088368432374864 ], [ -47.537497362678906, -14.088368432374864 ], [ -47.537497362678906, -14.0886379269601 ], [ -47.537766857264138, -14.0886379269601 ], [ -47.537766857264138, -14.088907421545336 ], [ -47.538575341019843, -14.088907421545336 ], [ -47.538575341019843, -14.089446410715809 ], [ -47.539114330190316, -14.089446410715809 ], [ -47.539114330190316, -14.089715905301043 ], [ -47.539383824775555, -14.089715905301043 ], [ -47.539383824775555, -14.090793883641988 ], [ -47.539653319360788, -14.090793883641988 ], [ -47.539653319360788, -14.091332872812458 ], [ -47.539922813946021, -14.091332872812458 ], [ -47.539922813946021, -14.091602367397694 ], [ -47.54019230853126, -14.091602367397694 ], [ -47.54019230853126, -14.092141356568167 ], [ -47.540731297701733, -14.092141356568167 ], [ -47.540731297701733, -14.092410851153403 ], [ -47.542887254383622, -14.092410851153403 ], [ -47.542887254383622, -14.092680345738637 ], [ -47.544773716480272, -14.092680345738637 ], [ -47.544773716480272, -14.091871861982931 ], [ -47.545582200235977, -14.091871861982931 ], [ -47.545582200235977, -14.090947354521496 ], [ -47.544262329957085, -14.089446410715809 ], [ -47.54396523272456, -14.089446410715809 ], [ -47.54396523272456, -14.089176916130572 ], [ -47.543695738139327, -14.089176916130572 ], [ -47.543695738139327, -14.088842290060864 ], [ -47.543426243554094, -14.0886379269601 ], [ -47.54332733, -14.08844948 ], [ -47.54285769215015, -14.088098937789628 ], [ -47.542617759798382, -14.088098937789628 ], [ -47.542617759798382, -14.087919849973437 ], [ -47.542507214761606, -14.087829443204393 ], [ -47.54234826521315, -14.087829443204393 ], [ -47.54234826521315, -14.087655871721839 ], [ -47.541498921253151, -14.086751464863449 ], [ -47.541270286872205, -14.086751464863449 ], [ -47.541270286872205, -14.086515379418643 ], [ -47.54023361, -14.08533287 ], [ -47.540139168056278, -14.084865002766797 ], [ -47.539383824775555, -14.084865002766797 ], [ -47.539383824775555, -14.082481374821487 ], [ -47.53932953, -14.08240509 ], [ -47.53886604, -14.08219719 ], [ -47.5375309, -14.08114624 ], [ -47.53722382, -14.08049011 ], [ -47.537084656749265, -14.080283594817789 ], [ -47.536958373508426, -14.080283594817789 ], [ -47.536958373508426, -14.08009619328503 ], [ -47.53601074, -14.07860947 ], [ -47.53434563, -14.07733727 ], [ -47.533432526964553, -14.07624117603925 ], [ -47.532646460144655, -14.07624117603925 ] ] ] } },
{ "type": "Feature", "properties": { "nome_area_": null, "tipo_area_": null, "esferaadmi": null, "nomeunidad": null, "grupo": null, "ano": "2025", "mes_ano": "8-2025", "nm_municip": "ALTO PARAISO DE GOIAS", "nome": "Alto Paraíso de Goiás", "meso_ibge": "Norte Goiano", "micro_ibge": "Chapada dos Veadeiros", "geocodigo": 5200605.0, "area_ha": 40.518871 }, "geometry": { "type": "Polygon", "coordinates": [ [ [ -47.556361983645409, -14.120438288017931 ], [ -47.553936532378287, -14.120438288017931 ], [ -47.553936532378287, -14.120707782603168 ], [ -47.552319564866877, -14.120707782603168 ], [ -47.552319564866877, -14.121246771773638 ], [ -47.552050070281638, -14.121246771773638 ], [ -47.552050070281638, -14.122594244699819 ], [ -47.552319564866877, -14.122594244699819 ], [ -47.552319564866877, -14.122863739285053 ], [ -47.55258905945211, -14.122863739285053 ], [ -47.55258905945211, -14.123402728455526 ], [ -47.553128048622582, -14.123402728455526 ], [ -47.553128048622582, -14.123941717625998 ], [ -47.553667037793055, -14.123941717625998 ], [ -47.553667037793055, -14.124480706796469 ], [ -47.553936532378287, -14.124480706796469 ], [ -47.553936532378287, -14.124750201381705 ], [ -47.55447552154876, -14.124750201381705 ], [ -47.55447552154876, -14.125019695966941 ], [ -47.554745016134, -14.125019695966941 ], [ -47.554745016134, -14.125558685137413 ], [ -47.557978951156826, -14.125558685137413 ], [ -47.557978951156826, -14.125828179722648 ], [ -47.558787434912531, -14.125828179722648 ], [ -47.558787434912531, -14.12636716889312 ], [ -47.559865413253476, -14.12636716889312 ], [ -47.559865413253476, -14.126097674307884 ], [ -47.560134907838716, -14.126097674307884 ], [ -47.560134907838716, -14.125828179722648 ], [ -47.560673897009188, -14.125828179722648 ], [ -47.560673897009188, -14.125558685137413 ], [ -47.561212886179661, -14.125558685137413 ], [ -47.561212886179661, -14.125289190552177 ], [ -47.562021369935366, -14.125289190552177 ], [ -47.562021369935366, -14.123941717625998 ], [ -47.561751875350126, -14.123941717625998 ], [ -47.561751875350126, -14.123672223040762 ], [ -47.561482380764893, -14.123672223040762 ], [ -47.561482380764893, -14.12289063301902 ], [ -47.561000753878055, -14.122594244699819 ], [ -47.560404402423949, -14.122594244699819 ], [ -47.560404402423949, -14.122324750114583 ], [ -47.560134907838716, -14.122324750114583 ], [ -47.560134907838716, -14.122055255529347 ], [ -47.557709456571594, -14.122055255529347 ], [ -47.557709456571594, -14.120168793432695 ], [ -47.557439961986354, -14.120168793432695 ], [ -47.557439961986354, -14.119899298847459 ], [ -47.556361983645409, -14.119899298847459 ], [ -47.556361983645409, -14.120438288017931 ] ], [ [ -47.556092489060177, -14.124750201381705 ], [ -47.556092489060177, -14.122324750114583 ], [ -47.558248445742066, -14.122324750114583 ], [ -47.558248445742066, -14.124750201381705 ], [ -47.556092489060177, -14.124750201381705 ] ] ] } },
{ "type": "Feature", "properties": { "nome_area_": null, "tipo_area_": null, "esferaadmi": null, "nomeunidad": null, "grupo": null, "ano": "2025", "mes_ano": "8-2025", "nm_municip": "ALTO PARAISO DE GOIAS", "nome": "Alto Paraíso de Goiás", "meso_ibge": "Norte Goiano", "micro_ibge": "Chapada dos Veadeiros", "geocodigo": 5200605.0, "area_ha": 1.735047 }, "geometry": { "type": "Polygon", "coordinates": [ [ [ -47.616459276153009, -14.155203089513357 ], [ -47.616459276153009, -14.1562810678543 ], [ -47.617806749079186, -14.1562810678543 ], [ -47.617806749079186, -14.155203089513357 ], [ -47.616459276153009, -14.155203089513357 ] ] ] } },
{ "type": "Feature", "properties": { "nome_area_": null, "tipo_area_": null, "esferaadmi": null, "nomeunidad": null, "grupo": null, "ano": "2025", "mes_ano": "8-2025", "nm_municip": "ALTO PARAISO DE GOIAS", "nome": "Alto Paraíso de Goiás", "meso_ibge": "Norte Goiano", "micro_ibge": "Chapada dos Veadeiros", "geocodigo": 5200605.0, "area_ha": 134.904151 }, "geometry": { "type": "Polygon", "coordinates": [ [ [ -47.653649528915558, -14.1419978548368 ], [ -47.653649528915558, -14.142536844007271 ], [ -47.653110539745086, -14.142536844007271 ], [ -47.653110539745086, -14.142806338592507 ], [ -47.652841045159846, -14.142806338592507 ], [ -47.652841045159846, -14.143075833177743 ], [ -47.652302055989374, -14.143075833177743 ], [ -47.652302055989374, -14.143345327762979 ], [ -47.652032561404141, -14.143345327762979 ], [ -47.652032561404141, -14.143614822348216 ], [ -47.651493572233669, -14.143614822348216 ], [ -47.651493572233669, -14.14388431693345 ], [ -47.651224077648436, -14.14388431693345 ], [ -47.651224077648436, -14.144423306103922 ], [ -47.650954583063196, -14.144423306103922 ], [ -47.650954583063196, -14.144692800689159 ], [ -47.650146099307491, -14.144692800689159 ], [ -47.650146099307491, -14.144962295274395 ], [ -47.649876604722252, -14.144962295274395 ], [ -47.649876604722252, -14.145231789859629 ], [ -47.649607110137019, -14.145231789859629 ], [ -47.649607110137019, -14.145501284444865 ], [ -47.649337615551779, -14.145501284444865 ], [ -47.649337615551779, -14.146848757371044 ], [ -47.648798626381307, -14.146848757371044 ], [ -47.648798626381307, -14.147118251956281 ], [ -47.648529131796074, -14.147118251956281 ], [ -47.648529131796074, -14.148735219467696 ], [ -47.648259637210842, -14.148735219467696 ], [ -47.648259637210842, -14.149004714052932 ], [ -47.647990142625602, -14.149004714052932 ], [ -47.647990142625602, -14.150621681564347 ], [ -47.649337615551779, -14.150621681564347 ], [ -47.649337615551779, -14.150082692393875 ], [ -47.649876604722252, -14.150082692393875 ], [ -47.649876604722252, -14.149543703223404 ], [ -47.650146099307491, -14.149543703223404 ], [ -47.650146099307491, -14.149274208638168 ], [ -47.652302055989374, -14.149274208638168 ], [ -47.652302055989374, -14.150621681564347 ], [ -47.653380034330318, -14.150621681564347 ], [ -47.653380034330318, -14.151160670734818 ], [ -47.654188518086031, -14.151160670734818 ], [ -47.654188518086031, -14.151430165320054 ], [ -47.654458012671263, -14.151430165320054 ], [ -47.654458012671263, -14.15169965990529 ], [ -47.654727507256496, -14.15169965990529 ], [ -47.654727507256496, -14.151969154490526 ], [ -47.657152958523625, -14.151969154490526 ], [ -47.657152958523625, -14.154125111172414 ], [ -47.65607498018268, -14.154125111172414 ], [ -47.65607498018268, -14.155203089513357 ], [ -47.65580548559744, -14.155203089513357 ], [ -47.65580548559744, -14.155472584098593 ], [ -47.655535991012208, -14.155472584098593 ], [ -47.655535991012208, -14.155742078683829 ], [ -47.655266496426968, -14.155742078683829 ], [ -47.655266496426968, -14.157089551610008 ], [ -47.655535991012208, -14.157089551610008 ], [ -47.655535991012208, -14.157359046195243 ], [ -47.657152958523625, -14.157359046195243 ], [ -47.657152958523625, -14.156550562439536 ], [ -47.657422453108857, -14.156550562439536 ], [ -47.657422453108857, -14.1562810678543 ], [ -47.65796144227933, -14.1562810678543 ], [ -47.65796144227933, -14.155742078683829 ], [ -47.658500431449802, -14.155742078683829 ], [ -47.658500431449802, -14.155472584098593 ], [ -47.658769926035035, -14.155472584098593 ], [ -47.658769926035035, -14.155203089513357 ], [ -47.659039420620275, -14.155203089513357 ], [ -47.659039420620275, -14.154933594928121 ], [ -47.659578409790747, -14.154933594928121 ], [ -47.659578409790747, -14.153855616587178 ], [ -47.65984790437598, -14.153855616587178 ], [ -47.65984790437598, -14.152777638246235 ], [ -47.661734366472629, -14.152777638246235 ], [ -47.661734366472629, -14.151160670734818 ], [ -47.662273355643102, -14.151160670734818 ], [ -47.662273355643102, -14.149543703223404 ], [ -47.661734366472629, -14.149543703223404 ], [ -47.661734366472629, -14.14846572488246 ], [ -47.661464871887397, -14.14846572488246 ], [ -47.661464871887397, -14.14657926278581 ], [ -47.661195377302157, -14.14657926278581 ], [ -47.661195377302157, -14.146040273615338 ], [ -47.660117398961219, -14.146040273615338 ], [ -47.660117398961219, -14.144423306103922 ], [ -47.65984790437598, -14.144423306103922 ], [ -47.65984790437598, -14.14388431693345 ], [ -47.658769926035035, -14.14388431693345 ], [ -47.658769926035035, -14.143614822348216 ], [ -47.656883463938385, -14.143614822348216 ], [ -47.656883463938385, -14.142536844007271 ], [ -47.656613969353153, -14.142536844007271 ], [ -47.656613969353153, -14.142267349422035 ], [ -47.65607498018268, -14.142267349422035 ], [ -47.65607498018268, -14.1419978548368 ], [ -47.653649528915558, -14.1419978548368 ] ] ] } },
{ "type": "Feature", "properties": { "nome_area_": null, "tipo_area_": null, "esferaadmi": null, "nomeunidad": null, "grupo": null, "ano": "2025", "mes_ano": "8-2025", "nm_municip": "ALTO PARAISO DE GOIAS", "nome": "Alto Paraíso de Goiás", "meso_ibge": "Norte Goiano", "micro_ibge": "Chapada dos Veadeiros", "geocodigo": 5200605.0, "area_ha": 0.086726 }, "geometry": { "type": "Polygon", "coordinates": [ [ [ -47.41218238054423, -14.227427638356566 ], [ -47.41218238054423, -14.227697132941802 ], [ -47.412451875129463, -14.227697132941802 ], [ -47.412451875129463, -14.227427638356566 ], [ -47.41218238054423, -14.227427638356566 ] ] ] } },
{ "type": "Feature", "properties": { "nome_area_": null, "tipo_area_": null, "esferaadmi": null, "nomeunidad": null, "grupo": null, "ano": "2025", "mes_ano": "8-2025", "nm_municip": "ALTO PARAISO DE GOIAS", "nome": "Alto Paraíso de Goiás", "meso_ibge": "Norte Goiano", "micro_ibge": "Chapada dos Veadeiros", "geocodigo": 5200605.0, "area_ha": 9.019522 }, "geometry": { "type": "Polygon", "coordinates": [ [ [ -47.407870467180459, -14.223115724992793 ], [ -47.407870467180459, -14.224463197918972 ], [ -47.407600972595219, -14.224463197918972 ], [ -47.407600972595219, -14.226619154600858 ], [ -47.408139961765691, -14.226619154600858 ], [ -47.408139961765691, -14.228236122112273 ], [ -47.408678950936164, -14.228236122112273 ], [ -47.408678950936164, -14.228505616697509 ], [ -47.408948445521396, -14.228505616697509 ], [ -47.408948445521396, -14.227697132941802 ], [ -47.409756929277108, -14.227697132941802 ], [ -47.409756929277108, -14.22715814377133 ], [ -47.410026423862341, -14.22715814377133 ], [ -47.410026423862341, -14.225810670845151 ], [ -47.409487434691869, -14.225810670845151 ], [ -47.409487434691869, -14.225541176259915 ], [ -47.409217940106636, -14.225541176259915 ], [ -47.409217940106636, -14.225271681674679 ], [ -47.408948445521396, -14.225271681674679 ], [ -47.408948445521396, -14.223654714163263 ], [ -47.408409456350924, -14.223654714163263 ], [ -47.408409456350924, -14.223115724992793 ], [ -47.407870467180459, -14.223115724992793 ] ] ] } },
{ "type": "Feature", "properties": { "nome_area_": null, "tipo_area_": null, "esferaadmi": null, "nomeunidad": null, "grupo": null, "ano": "2025", "mes_ano": "8-2025", "nm_municip": "ALTO PARAISO DE GOIAS", "nome": "Alto Paraíso de Goiás", "meso_ibge": "Norte Goiano", "micro_ibge": "Chapada dos Veadeiros", "geocodigo": 5200605.0, "area_ha": 0.086687 }, "geometry": { "type": "Polygon", "coordinates": [ [ [ -47.5089309366439, -14.330374569916664 ], [ -47.5089309366439, -14.3306440645019 ], [ -47.509200431229139, -14.3306440645019 ], [ -47.509200431229139, -14.330374569916664 ], [ -47.5089309366439, -14.330374569916664 ] ] ] } },
{ "type": "Feature", "properties": { "nome_area_": null, "tipo_area_": null, "esferaadmi": null, "nomeunidad": null, "grupo": null, "ano": "2025", "mes_ano": "8-2025", "nm_municip": "ALTO PARAISO DE GOIAS", "nome": "Alto Paraíso de Goiás", "meso_ibge": "Norte Goiano", "micro_ibge": "Chapada dos Veadeiros", "geocodigo": 5200605.0, "area_ha": 0.097852 }, "geometry": { "type": "MultiPolygon", "coordinates": [ [ [ [ -47.594091225578431, -14.363252909315438 ], [ -47.594091225578431, -14.362851847386647 ], [ -47.59395096, -14.36295368 ], [ -47.594002905054822, -14.363252909315438 ], [ -47.594091225578431, -14.363252909315438 ] ] ], [ [ [ -47.594630214748904, -14.362713920144966 ], [ -47.594630214748904, -14.362549726415683 ], [ -47.5945503, -14.36251856 ], [ -47.594281208371754, -14.362713920144966 ], [ -47.594630214748904, -14.362713920144966 ] ] ] ] } },
{ "type": "Feature", "properties": { "nome_area_": null, "tipo_area_": null, "esferaadmi": null, "nomeunidad": null, "grupo": null, "ano": "2025", "mes_ano": "8-2025", "nm_municip": "ALTO PARAISO DE GOIAS", "nome": "Alto Paraíso de Goiás", "meso_ibge": "Norte Goiano", "micro_ibge": "Chapada dos Veadeiros", "geocodigo": 5200605.0, "area_ha": 0.520015 }, "geometry": { "type": "Polygon", "coordinates": [ [ [ -47.769801695152211, -14.376727638577231 ], [ -47.769801695152211, -14.378344606088646 ], [ -47.770071189737443, -14.378344606088646 ], [ -47.770071189737443, -14.376727638577231 ], [ -47.769801695152211, -14.376727638577231 ] ] ] } },
{ "type": "Feature", "properties": { "nome_area_": null, "tipo_area_": null, "esferaadmi": null, "nomeunidad": null, "grupo": null, "ano": "2025", "mes_ano": "8-2025", "nm_municip": "ALTO PARAISO DE GOIAS", "nome": "Alto Paraíso de Goiás", "meso_ibge": "Norte Goiano", "micro_ibge": "Chapada dos Veadeiros", "geocodigo": 5200605.0, "area_ha": 0.346675 }, "geometry": { "type": "Polygon", "coordinates": [ [ [ -47.763872814277022, -14.378344606088646 ], [ -47.763872814277022, -14.378614100673882 ], [ -47.764950792617967, -14.378614100673882 ], [ -47.764950792617967, -14.378344606088646 ], [ -47.763872814277022, -14.378344606088646 ] ] ] } },
{ "type": "Feature", "properties": { "nome_area_": null, "tipo_area_": null, "esferaadmi": null, "nomeunidad": null, "grupo": null, "ano": "2025", "mes_ano": "8-2025", "nm_municip": "ALTO PARAISO DE GOIAS", "nome": "Alto Paraíso de Goiás", "meso_ibge": "Norte Goiano", "micro_ibge": "Chapada dos Veadeiros", "geocodigo": 5200605.0, "area_ha": 0.086668 }, "geometry": { "type": "Polygon", "coordinates": [ [ [ -47.746894655407161, -14.379422584429589 ], [ -47.746894655407161, -14.379692079014825 ], [ -47.7471641499924, -14.379692079014825 ], [ -47.7471641499924, -14.379422584429589 ], [ -47.746894655407161, -14.379422584429589 ] ] ] } },
{ "type": "Feature", "properties": { "nome_area_": null, "tipo_area_": null, "esferaadmi": null, "nomeunidad": null, "grupo": null, "ano": "2025", "mes_ano": "8-2025", "nm_municip": "ALTO PARAISO DE GOIAS", "nome": "Alto Paraíso de Goiás", "meso_ibge": "Norte Goiano", "micro_ibge": "Chapada dos Veadeiros", "geocodigo": 5200605.0, "area_ha": 0.260005 }, "geometry": { "type": "Polygon", "coordinates": [ [ [ -47.764950792617967, -14.379422584429589 ], [ -47.764950792617967, -14.380231068185296 ], [ -47.765220287203199, -14.380231068185296 ], [ -47.765220287203199, -14.379422584429589 ], [ -47.764950792617967, -14.379422584429589 ] ] ] } },
{ "type": "Feature", "properties": { "nome_area_": null, "tipo_area_": null, "esferaadmi": null, "nomeunidad": null, "grupo": null, "ano": "2025", "mes_ano": "8-2025", "nm_municip": "ALTO PARAISO DE GOIAS", "nome": "Alto Paraíso de Goiás", "meso_ibge": "Norte Goiano", "micro_ibge": "Chapada dos Veadeiros", "geocodigo": 5200605.0, "area_ha": 0.086667 }, "geometry": { "type": "Polygon", "coordinates": [ [ [ -47.761716857595133, -14.383734497793363 ], [ -47.761716857595133, -14.384003992378599 ], [ -47.761986352180372, -14.384003992378599 ], [ -47.761986352180372, -14.383734497793363 ], [ -47.761716857595133, -14.383734497793363 ] ] ] } },
{ "type": "Feature", "properties": { "nome_area_": null, "tipo_area_": null, "esferaadmi": null, "nomeunidad": null, "grupo": null, "ano": "2025", "mes_ano": "8-2025", "nm_municip": "ALTO PARAISO DE GOIAS", "nome": "Alto Paraíso de Goiás", "meso_ibge": "Norte Goiano", "micro_ibge": "Chapada dos Veadeiros", "geocodigo": 5200605.0, "area_ha": 0.259996 }, "geometry": { "type": "Polygon", "coordinates": [ [ [ -47.7404267853615, -14.387237927401429 ], [ -47.7404267853615, -14.388046411157136 ], [ -47.740696279946739, -14.388046411157136 ], [ -47.740696279946739, -14.387237927401429 ], [ -47.7404267853615, -14.387237927401429 ] ] ] } },
{ "type": "Feature", "properties": { "nome_area_": null, "tipo_area_": null, "esferaadmi": null, "nomeunidad": null, "grupo": null, "ano": "2025", "mes_ano": "8-2025", "nm_municip": "ALTO PARAISO DE GOIAS", "nome": "Alto Paraíso de Goiás", "meso_ibge": "Norte Goiano", "micro_ibge": "Chapada dos Veadeiros", "geocodigo": 5200605.0, "area_ha": 0.433323 }, "geometry": { "type": "Polygon", "coordinates": [ [ [ -47.740157290776267, -14.388854894912845 ], [ -47.740157290776267, -14.390202367839024 ], [ -47.7404267853615, -14.390202367839024 ], [ -47.7404267853615, -14.388854894912845 ], [ -47.740157290776267, -14.388854894912845 ] ] ] } },
{ "type": "Feature", "properties": { "nome_area_": null, "tipo_area_": null, "esferaadmi": null, "nomeunidad": null, "grupo": null, "ano": "2025", "mes_ano": "8-2025", "nm_municip": "ALTO PARAISO DE GOIAS", "nome": "Alto Paraíso de Goiás", "meso_ibge": "Norte Goiano", "micro_ibge": "Chapada dos Veadeiros", "geocodigo": 5200605.0, "area_ha": 0.086664 }, "geometry": { "type": "Polygon", "coordinates": [ [ [ -47.75956090091325, -14.391549840765203 ], [ -47.75956090091325, -14.391819335350439 ], [ -47.759830395498483, -14.391819335350439 ], [ -47.759830395498483, -14.391549840765203 ], [ -47.75956090091325, -14.391549840765203 ] ] ] } },
{ "type": "Feature", "properties": { "nome_area_": null, "tipo_area_": null, "esferaadmi": null, "nomeunidad": null, "grupo": null, "ano": "2025", "mes_ano": "8-2025", "nm_municip": "ALTO PARAISO DE GOIAS", "nome": "Alto Paraíso de Goiás", "meso_ibge": "Norte Goiano", "micro_ibge": "Chapada dos Veadeiros", "geocodigo": 5200605.0, "area_ha": 0.086664 }, "geometry": { "type": "Polygon", "coordinates": [ [ [ -47.759830395498483, -14.391819335350439 ], [ -47.759830395498483, -14.392088829935675 ], [ -47.760099890083723, -14.392088829935675 ], [ -47.760099890083723, -14.391819335350439 ], [ -47.759830395498483, -14.391819335350439 ] ] ] } },
{ "type": "Feature", "properties": { "nome_area_": null, "tipo_area_": null, "esferaadmi": null, "nomeunidad": null, "grupo": null, "ano": "2025", "mes_ano": "8-2025", "nm_municip": "ALTO PARAISO DE GOIAS", "nome": "Alto Paraíso de Goiás", "meso_ibge": "Norte Goiano", "micro_ibge": "Chapada dos Veadeiros", "geocodigo": 5200605.0, "area_ha": 0.693308 }, "geometry": { "type": "Polygon", "coordinates": [ [ [ -47.754171009208534, -14.392358324520909 ], [ -47.754171009208534, -14.392627819106146 ], [ -47.756326965890416, -14.392627819106146 ], [ -47.756326965890416, -14.392358324520909 ], [ -47.754171009208534, -14.392358324520909 ] ] ] } },
{ "type": "Feature", "properties": { "nome_area_": null, "tipo_area_": null, "esferaadmi": null, "nomeunidad": null, "grupo": null, "ano": "2025", "mes_ano": "8-2025", "nm_municip": "ALTO PARAISO DE GOIAS", "nome": "Alto Paraíso de Goiás", "meso_ibge": "Norte Goiano", "micro_ibge": "Chapada dos Veadeiros", "geocodigo": 5200605.0, "area_ha": 0.086663 }, "geometry": { "type": "Polygon", "coordinates": [ [ [ -47.741774258287684, -14.393166808276618 ], [ -47.741774258287684, -14.393436302861854 ], [ -47.742043752872917, -14.393436302861854 ], [ -47.742043752872917, -14.393166808276618 ], [ -47.741774258287684, -14.393166808276618 ] ] ] } },
{ "type": "Feature", "properties": { "nome_area_": null, "tipo_area_": null, "esferaadmi": null, "nomeunidad": null, "grupo": null, "ano": "2025", "mes_ano": "8-2025", "nm_municip": "ALTO PARAISO DE GOIAS", "nome": "Alto Paraíso de Goiás", "meso_ibge": "Norte Goiano", "micro_ibge": "Chapada dos Veadeiros", "geocodigo": 5200605.0, "area_ha": 0.173326 }, "geometry": { "type": "Polygon", "coordinates": [ [ [ -47.741504763702444, -14.393436302861854 ], [ -47.741504763702444, -14.393975292032325 ], [ -47.741774258287684, -14.393975292032325 ], [ -47.741774258287684, -14.393436302861854 ], [ -47.741504763702444, -14.393436302861854 ] ] ] } },
{ "type": "Feature", "properties": { "nome_area_": null, "tipo_area_": null, "esferaadmi": null, "nomeunidad": null, "grupo": null, "ano": "2025", "mes_ano": "8-2025", "nm_municip": "ALTO PARAISO DE GOIAS", "nome": "Alto Paraíso de Goiás", "meso_ibge": "Norte Goiano", "micro_ibge": "Chapada dos Veadeiros", "geocodigo": 5200605.0, "area_ha": 0.519974 }, "geometry": { "type": "Polygon", "coordinates": [ [ [ -47.761716857595133, -14.395053270373269 ], [ -47.761716857595133, -14.39559225954374 ], [ -47.7614473630099, -14.39559225954374 ], [ -47.7614473630099, -14.396131248714212 ], [ -47.761986352180372, -14.396131248714212 ], [ -47.761986352180372, -14.395053270373269 ], [ -47.761716857595133, -14.395053270373269 ] ] ] } },
{ "type": "Feature", "properties": { "nome_area_": null, "tipo_area_": null, "esferaadmi": null, "nomeunidad": null, "grupo": null, "ano": "2025", "mes_ano": "8-2025", "nm_municip": "ALTO PARAISO DE GOIAS", "nome": "Alto Paraíso de Goiás", "meso_ibge": "Norte Goiano", "micro_ibge": "Chapada dos Veadeiros", "geocodigo": 5200605.0, "area_ha": 2.946516 }, "geometry": { "type": "Polygon", "coordinates": [ [ [ -47.753901514623294, -14.393436302861854 ], [ -47.753901514623294, -14.395053270373269 ], [ -47.753632020038062, -14.395053270373269 ], [ -47.753632020038062, -14.39559225954374 ], [ -47.753093030867589, -14.39559225954374 ], [ -47.753093030867589, -14.396131248714212 ], [ -47.753632020038062, -14.396131248714212 ], [ -47.753632020038062, -14.397209227055155 ], [ -47.754709998378999, -14.397209227055155 ], [ -47.754709998378999, -14.396131248714212 ], [ -47.754171009208534, -14.396131248714212 ], [ -47.754171009208534, -14.393436302861854 ], [ -47.753901514623294, -14.393436302861854 ] ] ] } },
{ "type": "Feature", "properties": { "nome_area_": null, "tipo_area_": null, "esferaadmi": null, "nomeunidad": null, "grupo": null, "ano": "2025", "mes_ano": "9-2025", "nm_municip": "ALTO PARAISO DE GOIAS", "nome": "Alto Paraíso de Goiás", "meso_ibge": "Norte Goiano", "micro_ibge": "Chapada dos Veadeiros", "geocodigo": 5200605.0, "area_ha": 44.778704 }, "geometry": { "type": "Polygon", "coordinates": [ [ [ -47.464464330079984, -14.076780165209723 ], [ -47.464464330079984, -14.077049659794959 ], [ -47.464194835494752, -14.077049659794959 ], [ -47.464194835494752, -14.077319154380195 ], [ -47.462308373398095, -14.077319154380195 ], [ -47.462308373398095, -14.077858143550666 ], [ -47.462038878812862, -14.077858143550666 ], [ -47.462038878812862, -14.078936121891608 ], [ -47.45961342754574, -14.078936121891608 ], [ -47.45961342754574, -14.079205616476845 ], [ -47.457457470863851, -14.079205616476845 ], [ -47.457457470863851, -14.080283594817789 ], [ -47.457726965449091, -14.080283594817789 ], [ -47.457726965449091, -14.080553089403024 ], [ -47.457996460034323, -14.080553089403024 ], [ -47.457996460034323, -14.081092078573496 ], [ -47.459882922130973, -14.081092078573496 ], [ -47.459882922130973, -14.081631067743968 ], [ -47.460421911301445, -14.081631067743968 ], [ -47.460421911301445, -14.081900562329203 ], [ -47.460960900471918, -14.081900562329203 ], [ -47.460960900471918, -14.082170056914439 ], [ -47.461769384227622, -14.082170056914439 ], [ -47.461769384227622, -14.082709046084911 ], [ -47.462038878812862, -14.082709046084911 ], [ -47.462038878812862, -14.082978540670148 ], [ -47.46338635173904, -14.082978540670148 ], [ -47.46338635173904, -14.083517529840618 ], [ -47.464464330079984, -14.083517529840618 ], [ -47.464464330079984, -14.083248035255384 ], [ -47.464733824665217, -14.083248035255384 ], [ -47.464733824665217, -14.082978540670148 ], [ -47.465272813835696, -14.082978540670148 ], [ -47.465272813835696, -14.081900562329203 ], [ -47.466350792176634, -14.081900562329203 ], [ -47.466350792176634, -14.08082258398826 ], [ -47.466620286761874, -14.08082258398826 ], [ -47.466620286761874, -14.080283594817789 ], [ -47.467428770517579, -14.080283594817789 ], [ -47.467428770517579, -14.078936121891608 ], [ -47.467159275932346, -14.078936121891608 ], [ -47.467159275932346, -14.078397132721138 ], [ -47.466889781347106, -14.078397132721138 ], [ -47.466889781347106, -14.077858143550666 ], [ -47.465811803006162, -14.077858143550666 ], [ -47.465811803006162, -14.077049659794959 ], [ -47.465542308420929, -14.077049659794959 ], [ -47.465542308420929, -14.076780165209723 ], [ -47.464464330079984, -14.076780165209723 ] ] ] } },
{ "type": "Feature", "properties": { "nome_area_": null, "tipo_area_": null, "esferaadmi": null, "nomeunidad": null, "grupo": null, "ano": "2025", "mes_ano": "9-2025", "nm_municip": "ALTO PARAISO DE GOIAS", "nome": "Alto Paraíso de Goiás", "meso_ibge": "Norte Goiano", "micro_ibge": "Chapada dos Veadeiros", "geocodigo": 5200605.0, "area_ha": 0.086776 }, "geometry": { "type": "Polygon", "coordinates": [ [ [ -47.539922813946021, -14.091602367397694 ], [ -47.539922813946021, -14.091871861982931 ], [ -47.54019230853126, -14.091871861982931 ], [ -47.54019230853126, -14.091602367397694 ], [ -47.539922813946021, -14.091602367397694 ] ] ] } },
{ "type": "Feature", "properties": { "nome_area_": null, "tipo_area_": null, "esferaadmi": null, "nomeunidad": null, "grupo": null, "ano": "2025", "mes_ano": "9-2025", "nm_municip": "ALTO PARAISO DE GOIAS", "nome": "Alto Paraíso de Goiás", "meso_ibge": "Norte Goiano", "micro_ibge": "Chapada dos Veadeiros", "geocodigo": 5200605.0, "area_ha": 0.086764 }, "geometry": { "type": "Polygon", "coordinates": [ [ [ -47.553397543207815, -14.123941717625998 ], [ -47.553397543207815, -14.124211212211232 ], [ -47.553667037793055, -14.124211212211232 ], [ -47.553667037793055, -14.123941717625998 ], [ -47.553397543207815, -14.123941717625998 ] ] ] } },
{ "type": "Feature", "properties": { "nome_area_": null, "tipo_area_": null, "esferaadmi": null, "nomeunidad": null, "grupo": null, "ano": "2025", "mes_ano": "9-2025", "nm_municip": "ALTO PARAISO DE GOIAS", "nome": "Alto Paraíso de Goiás", "meso_ibge": "Norte Goiano", "micro_ibge": "Chapada dos Veadeiros", "geocodigo": 5200605.0, "area_ha": 0.694112 }, "geometry": { "type": "Polygon", "coordinates": [ [ [ -47.556092489060177, -14.124480706796469 ], [ -47.556092489060177, -14.124750201381705 ], [ -47.558248445742066, -14.124750201381705 ], [ -47.558248445742066, -14.124480706796469 ], [ -47.556092489060177, -14.124480706796469 ] ] ] } },
{ "type": "Feature", "properties": { "nome_area_": null, "tipo_area_": null, "esferaadmi": null, "nomeunidad": null, "grupo": null, "ano": "2025", "mes_ano": "9-2025", "nm_municip": "ALTO PARAISO DE GOIAS", "nome": "Alto Paraíso de Goiás", "meso_ibge": "Norte Goiano", "micro_ibge": "Chapada dos Veadeiros", "geocodigo": 5200605.0, "area_ha": 0.867635 }, "geometry": { "type": "Polygon", "coordinates": [ [ [ -47.555284005304472, -14.125558685137413 ], [ -47.555284005304472, -14.125828179722648 ], [ -47.557978951156826, -14.125828179722648 ], [ -47.557978951156826, -14.125558685137413 ], [ -47.555284005304472, -14.125558685137413 ] ] ] } },
{ "type": "Feature", "properties": { "nome_area_": null, "tipo_area_": null, "esferaadmi": null, "nomeunidad": null, "grupo": null, "ano": "2025", "mes_ano": "9-2025", "nm_municip": "ALTO PARAISO DE GOIAS", "nome": "Alto Paraíso de Goiás", "meso_ibge": "Norte Goiano", "micro_ibge": "Chapada dos Veadeiros", "geocodigo": 5200605.0, "area_ha": 0.173527 }, "geometry": { "type": "Polygon", "coordinates": [ [ [ -47.558248445742066, -14.125828179722648 ], [ -47.558248445742066, -14.126097674307884 ], [ -47.558787434912531, -14.126097674307884 ], [ -47.558787434912531, -14.125828179722648 ], [ -47.558248445742066, -14.125828179722648 ] ] ] } },
{ "type": "Feature", "properties": { "nome_area_": null, "tipo_area_": null, "esferaadmi": null, "nomeunidad": null, "grupo": null, "ano": "2025", "mes_ano": "9-2025", "nm_municip": "ALTO PARAISO DE GOIAS", "nome": "Alto Paraíso de Goiás", "meso_ibge": "Norte Goiano", "micro_ibge": "Chapada dos Veadeiros", "geocodigo": 5200605.0, "area_ha": 0.086756 }, "geometry": { "type": "Polygon", "coordinates": [ [ [ -47.649876604722252, -14.144692800689159 ], [ -47.649876604722252, -14.144962295274395 ], [ -47.650146099307491, -14.144962295274395 ], [ -47.650146099307491, -14.144692800689159 ], [ -47.649876604722252, -14.144692800689159 ] ] ] } },
{ "type": "Feature", "properties": { "nome_area_": null, "tipo_area_": null, "esferaadmi": null, "nomeunidad": null, "grupo": null, "ano": "2025", "mes_ano": "9-2025", "nm_municip": "ALTO PARAISO DE GOIAS", "nome": "Alto Paraíso de Goiás", "meso_ibge": "Norte Goiano", "micro_ibge": "Chapada dos Veadeiros", "geocodigo": 5200605.0, "area_ha": 0.086756 }, "geometry": { "type": "Polygon", "coordinates": [ [ [ -47.649068120966547, -14.14657926278581 ], [ -47.649068120966547, -14.146848757371044 ], [ -47.649337615551779, -14.146848757371044 ], [ -47.649337615551779, -14.14657926278581 ], [ -47.649068120966547, -14.14657926278581 ] ] ] } },
{ "type": "Feature", "properties": { "nome_area_": null, "tipo_area_": null, "esferaadmi": null, "nomeunidad": null, "grupo": null, "ano": "2025", "mes_ano": "9-2025", "nm_municip": "ALTO PARAISO DE GOIAS", "nome": "Alto Paraíso de Goiás", "meso_ibge": "Norte Goiano", "micro_ibge": "Chapada dos Veadeiros", "geocodigo": 5200605.0, "area_ha": 0.086755 }, "geometry": { "type": "Polygon", "coordinates": [ [ [ -47.661734366472629, -14.149274208638168 ], [ -47.661734366472629, -14.149543703223404 ], [ -47.662003861057869, -14.149543703223404 ], [ -47.662003861057869, -14.149274208638168 ], [ -47.661734366472629, -14.149274208638168 ] ] ] } },
{ "type": "Feature", "properties": { "nome_area_": null, "tipo_area_": null, "esferaadmi": null, "nomeunidad": null, "grupo": null, "ano": "2025", "mes_ano": "9-2025", "nm_municip": "ALTO PARAISO DE GOIAS", "nome": "Alto Paraíso de Goiás", "meso_ibge": "Norte Goiano", "micro_ibge": "Chapada dos Veadeiros", "geocodigo": 5200605.0, "area_ha": 193.187529 }, "geometry": { "type": "Polygon", "coordinates": [ [ [ -47.663890323154519, -14.160323486632837 ], [ -47.663890323154519, -14.161401464973782 ], [ -47.664159817739758, -14.161401464973782 ], [ -47.664159817739758, -14.16409641082614 ], [ -47.663890323154519, -14.16409641082614 ], [ -47.663890323154519, -14.164635399996612 ], [ -47.663620828569279, -14.164635399996612 ], [ -47.663620828569279, -14.164904894581847 ], [ -47.663351333984046, -14.164904894581847 ], [ -47.663351333984046, -14.166252367508026 ], [ -47.662003861057869, -14.166252367508026 ], [ -47.662003861057869, -14.167599840434207 ], [ -47.664159817739758, -14.167599840434207 ], [ -47.664159817739758, -14.167869335019443 ], [ -47.664429312324991, -14.167869335019443 ], [ -47.664429312324991, -14.16867781877515 ], [ -47.666585269006873, -14.16867781877515 ], [ -47.666585269006873, -14.168947313360386 ], [ -47.66820223651829, -14.168947313360386 ], [ -47.66820223651829, -14.171372764627508 ], [ -47.670088698614947, -14.171372764627508 ], [ -47.670088698614947, -14.171642259212744 ], [ -47.670627687785412, -14.171642259212744 ], [ -47.670627687785412, -14.17191175379798 ], [ -47.671975160711597, -14.17191175379798 ], [ -47.671975160711597, -14.173528721309395 ], [ -47.672244655296829, -14.173528721309395 ], [ -47.672244655296829, -14.174067710479866 ], [ -47.672514149882062, -14.174067710479866 ], [ -47.672514149882062, -14.174337205065102 ], [ -47.672783644467302, -14.174337205065102 ], [ -47.672783644467302, -14.174606699650338 ], [ -47.677904041586785, -14.174606699650338 ], [ -47.677904041586785, -14.174067710479866 ], [ -47.678173536172018, -14.174067710479866 ], [ -47.678173536172018, -14.173528721309395 ], [ -47.679251514512963, -14.173528721309395 ], [ -47.679251514512963, -14.173259226724159 ], [ -47.68059898743914, -14.173259226724159 ], [ -47.68059898743914, -14.172989732138923 ], [ -47.68086848202438, -14.172989732138923 ], [ -47.68086848202438, -14.172720237553687 ], [ -47.682215954950557, -14.172720237553687 ], [ -47.682215954950557, -14.172450742968451 ], [ -47.68248544953579, -14.172450742968451 ], [ -47.68248544953579, -14.17191175379798 ], [ -47.682754944121029, -14.17191175379798 ], [ -47.682754944121029, -14.171642259212744 ], [ -47.683024438706262, -14.171642259212744 ], [ -47.683024438706262, -14.170564280871801 ], [ -47.683293933291502, -14.170564280871801 ], [ -47.683293933291502, -14.169216807945622 ], [ -47.682754944121029, -14.169216807945622 ], [ -47.682754944121029, -14.16867781877515 ], [ -47.68248544953579, -14.16867781877515 ], [ -47.68248544953579, -14.168408324189913 ], [ -47.681946460365324, -14.168408324189913 ], [ -47.681946460365324, -14.167869335019443 ], [ -47.68059898743914, -14.167869335019443 ], [ -47.68059898743914, -14.167599840434207 ], [ -47.679790503683435, -14.167599840434207 ], [ -47.679790503683435, -14.167330345848971 ], [ -47.679251514512963, -14.167330345848971 ], [ -47.679251514512963, -14.167060851263734 ], [ -47.67898201992773, -14.167060851263734 ], [ -47.67898201992773, -14.166791356678498 ], [ -47.67871252534249, -14.166791356678498 ], [ -47.67871252534249, -14.166521862093262 ], [ -47.677365052416313, -14.166521862093262 ], [ -47.677365052416313, -14.166252367508026 ], [ -47.676826063245841, -14.166252367508026 ], [ -47.676826063245841, -14.165982872922791 ], [ -47.676556568660601, -14.165982872922791 ], [ -47.676556568660601, -14.165713378337555 ], [ -47.674939601149191, -14.165713378337555 ], [ -47.674939601149191, -14.165174389167083 ], [ -47.673592128223007, -14.165174389167083 ], [ -47.673592128223007, -14.164635399996612 ], [ -47.673322633637774, -14.164635399996612 ], [ -47.673322633637774, -14.162748937899961 ], [ -47.673053139052541, -14.162748937899961 ], [ -47.673053139052541, -14.162209948729489 ], [ -47.672783644467302, -14.162209948729489 ], [ -47.672783644467302, -14.161940454144252 ], [ -47.672244655296829, -14.161940454144252 ], [ -47.672244655296829, -14.161670959559018 ], [ -47.671705666126357, -14.161670959559018 ], [ -47.671705666126357, -14.161401464973782 ], [ -47.670627687785412, -14.161401464973782 ], [ -47.670627687785412, -14.161131970388546 ], [ -47.669010720274002, -14.161131970388546 ], [ -47.669010720274002, -14.160862475803309 ], [ -47.666585269006873, -14.160862475803309 ], [ -47.666585269006873, -14.160592981218073 ], [ -47.664968301495463, -14.160592981218073 ], [ -47.664968301495463, -14.160323486632837 ], [ -47.663890323154519, -14.160323486632837 ] ] ] } },
{ "type": "Feature", "properties": { "nome_area_": null, "tipo_area_": null, "esferaadmi": null, "nomeunidad": null, "grupo": null, "ano": "2025", "mes_ano": "9-2025", "nm_municip": "ALTO PARAISO DE GOIAS", "nome": "Alto Paraíso de Goiás", "meso_ibge": "Norte Goiano", "micro_ibge": "Chapada dos Veadeiros", "geocodigo": 5200605.0, "area_ha": 1.734822 }, "geometry": { "type": "Polygon", "coordinates": [ [ [ -47.630203500000036, -14.185386483059773 ], [ -47.630203500000036, -14.186464461400716 ], [ -47.631550972926213, -14.186464461400716 ], [ -47.631550972926213, -14.185386483059773 ], [ -47.630203500000036, -14.185386483059773 ] ] ] } },
{ "type": "Feature", "properties": { "nome_area_": null, "tipo_area_": null, "esferaadmi": null, "nomeunidad": null, "grupo": null, "ano": "2025", "mes_ano": "9-2025", "nm_municip": "ALTO PARAISO DE GOIAS", "nome": "Alto Paraíso de Goiás", "meso_ibge": "Norte Goiano", "micro_ibge": "Chapada dos Veadeiros", "geocodigo": 5200605.0, "area_ha": 1.73478 }, "geometry": { "type": "Polygon", "coordinates": [ [ [ -47.640713788824236, -14.191045869349725 ], [ -47.640713788824236, -14.192123847690668 ], [ -47.642061261750413, -14.192123847690668 ], [ -47.642061261750413, -14.191045869349725 ], [ -47.640713788824236, -14.191045869349725 ] ] ] } },
{ "type": "Feature", "properties": { "nome_area_": null, "tipo_area_": null, "esferaadmi": null, "nomeunidad": null, "grupo": null, "ano": "2025", "mes_ano": "9-2025", "nm_municip": "ALTO PARAISO DE GOIAS", "nome": "Alto Paraíso de Goiás", "meso_ibge": "Norte Goiano", "micro_ibge": "Chapada dos Veadeiros", "geocodigo": 5200605.0, "area_ha": 1.387803 }, "geometry": { "type": "Polygon", "coordinates": [ [ [ -47.665507290665936, -14.194549298957792 ], [ -47.665507290665936, -14.195627277298735 ], [ -47.666585269006873, -14.195627277298735 ], [ -47.666585269006873, -14.194549298957792 ], [ -47.665507290665936, -14.194549298957792 ] ] ] } },
{ "type": "Feature", "properties": { "nome_area_": null, "tipo_area_": null, "esferaadmi": null, "nomeunidad": null, "grupo": null, "ano": "2025", "mes_ano": "9-2025", "nm_municip": "ALTO PARAISO DE GOIAS", "nome": "Alto Paraíso de Goiás", "meso_ibge": "Norte Goiano", "micro_ibge": "Chapada dos Veadeiros", "geocodigo": 5200605.0, "area_ha": 1441.653359 }, "geometry": { "type": "Polygon", "coordinates": [ [ [ -47.768184727640794, -14.311240454364917 ], [ -47.767915233055561, -14.311240454364917 ], [ -47.767915233055561, -14.311509948950153 ], [ -47.767376243885089, -14.311509948950153 ], [ -47.767376243885089, -14.312048938120626 ], [ -47.767106749299849, -14.312048938120626 ], [ -47.767106749299849, -14.312857421876332 ], [ -47.766837254714616, -14.312857421876332 ], [ -47.766837254714616, -14.313126916461568 ], [ -47.766298265544144, -14.313126916461568 ], [ -47.766298265544144, -14.314743883972984 ], [ -47.765759276373672, -14.314743883972984 ], [ -47.765759276373672, -14.315821862313927 ], [ -47.766028770958911, -14.315821862313927 ], [ -47.766028770958911, -14.316091356899163 ], [ -47.767376243885089, -14.316091356899163 ], [ -47.767376243885089, -14.31824731358105 ], [ -47.766567760129377, -14.31824731358105 ], [ -47.766567760129377, -14.318786302751521 ], [ -47.763064330521317, -14.318786302751521 ], [ -47.763064330521317, -14.318516808166287 ], [ -47.761986352180372, -14.318516808166287 ], [ -47.761986352180372, -14.317708324410578 ], [ -47.760908373839428, -14.317708324410578 ], [ -47.760908373839428, -14.318786302751521 ], [ -47.760638879254188, -14.318786302751521 ], [ -47.760638879254188, -14.319055797336757 ], [ -47.758482922572306, -14.319055797336757 ], [ -47.758482922572306, -14.318786302751521 ], [ -47.758213427987066, -14.318786302751521 ], [ -47.758213427987066, -14.318516808166287 ], [ -47.756865955060888, -14.318516808166287 ], [ -47.756865955060888, -14.317977818995814 ], [ -47.756326965890416, -14.317977818995814 ], [ -47.756326965890416, -14.316630346069635 ], [ -47.755787976719944, -14.316630346069635 ], [ -47.755787976719944, -14.316091356899163 ], [ -47.755518482134711, -14.316091356899163 ], [ -47.755518482134711, -14.315821862313927 ], [ -47.754979492964239, -14.315821862313927 ], [ -47.754979492964239, -14.315552367728692 ], [ -47.754709998378999, -14.315552367728692 ], [ -47.754709998378999, -14.315282873143456 ], [ -47.754171009208534, -14.315282873143456 ], [ -47.754171009208534, -14.31501337855822 ], [ -47.752823536282349, -14.31501337855822 ], [ -47.752823536282349, -14.315282873143456 ], [ -47.752284547111877, -14.315282873143456 ], [ -47.752284547111877, -14.315552367728692 ], [ -47.74878111750381, -14.315552367728692 ], [ -47.74878111750381, -14.315821862313927 ], [ -47.748511622918578, -14.315821862313927 ], [ -47.748511622918578, -14.316091356899163 ], [ -47.747972633748105, -14.316091356899163 ], [ -47.747972633748105, -14.316360851484399 ], [ -47.747703139162873, -14.316360851484399 ], [ -47.747703139162873, -14.316630346069635 ], [ -47.747433644577633, -14.316630346069635 ], [ -47.747433644577633, -14.316899840654871 ], [ -47.7471641499924, -14.316899840654871 ], [ -47.7471641499924, -14.317708324410578 ], [ -47.746625160821928, -14.317708324410578 ], [ -47.746625160821928, -14.319864281092466 ], [ -47.74532688, -14.31989971 ], [ -47.745277687895751, -14.321211754018645 ], [ -47.744738698725278, -14.321211754018645 ], [ -47.744738698725278, -14.321750743189115 ], [ -47.744354528717913, -14.321750743189115 ], [ -47.744199709554806, -14.321874140209053 ], [ -47.744199709554806, -14.323906699871003 ], [ -47.743391225799094, -14.323906699871003 ], [ -47.743391225799094, -14.324984678211946 ], [ -47.742582742043389, -14.324984678211946 ], [ -47.742582742043389, -14.326871140308597 ], [ -47.745277687895751, -14.326871140308597 ], [ -47.745277687895751, -14.327140634893833 ], [ -47.745547182480983, -14.327140634893833 ], [ -47.745547182480983, -14.328488107820013 ], [ -47.746355666236688, -14.328488107820013 ], [ -47.746355666236688, -14.328757602405249 ], [ -47.746625160821928, -14.328757602405249 ], [ -47.746625160821928, -14.329027096990483 ], [ -47.748511622918578, -14.329027096990483 ], [ -47.748511622918578, -14.329296591575719 ], [ -47.749859095844755, -14.329296591575719 ], [ -47.749859095844755, -14.329566086160956 ], [ -47.750398085015227, -14.329566086160956 ], [ -47.750398085015227, -14.329835580746192 ], [ -47.7509370741857, -14.329835580746192 ], [ -47.7509370741857, -14.331452548257607 ], [ -47.751745557941405, -14.331452548257607 ], [ -47.751745557941405, -14.333069515769022 ], [ -47.752015052526644, -14.333069515769022 ], [ -47.752015052526644, -14.333339010354258 ], [ -47.752823536282349, -14.333339010354258 ], [ -47.752823536282349, -14.333608504939495 ], [ -47.753093030867589, -14.333608504939495 ], [ -47.753093030867589, -14.333877999524729 ], [ -47.754709998378999, -14.333877999524729 ], [ -47.754709998378999, -14.334416988695201 ], [ -47.754979492964239, -14.334416988695201 ], [ -47.754979492964239, -14.334686483280437 ], [ -47.755248987549471, -14.334686483280437 ], [ -47.755248987549471, -14.33576446162138 ], [ -47.755518482134711, -14.33576446162138 ], [ -47.755518482134711, -14.336033956206617 ], [ -47.755787976719944, -14.336033956206617 ], [ -47.755787976719944, -14.336303450791853 ], [ -47.756057471305184, -14.336303450791853 ], [ -47.756057471305184, -14.336572945377089 ], [ -47.756596460475656, -14.336572945377089 ], [ -47.756596460475656, -14.337381429132796 ], [ -47.757404944231361, -14.337381429132796 ], [ -47.757404944231361, -14.337650923718032 ], [ -47.757674438816593, -14.337650923718032 ], [ -47.757674438816593, -14.337920418303268 ], [ -47.757943933401833, -14.337920418303268 ], [ -47.757943933401833, -14.338189912888502 ], [ -47.758213427987066, -14.338189912888502 ], [ -47.758213427987066, -14.338459407473739 ], [ -47.760638879254188, -14.338459407473739 ], [ -47.760638879254188, -14.34034586957039 ], [ -47.762255846765605, -14.34034586957039 ], [ -47.762255846765605, -14.341962837081805 ], [ -47.764411803447494, -14.341962837081805 ], [ -47.764411803447494, -14.342771320837512 ], [ -47.765220287203199, -14.342771320837512 ], [ -47.765220287203199, -14.343040815422748 ], [ -47.766298265544144, -14.343040815422748 ], [ -47.766298265544144, -14.342771320837512 ], [ -47.766837254714616, -14.342771320837512 ], [ -47.766837254714616, -14.341154353326097 ], [ -47.767645738470321, -14.341154353326097 ], [ -47.767645738470321, -14.340884858740862 ], [ -47.767915233055561, -14.340884858740862 ], [ -47.767915233055561, -14.340615364155626 ], [ -47.771149168078388, -14.340615364155626 ], [ -47.771149168078388, -14.339806880399918 ], [ -47.773305124760277, -14.339806880399918 ], [ -47.773305124760277, -14.343040815422748 ], [ -47.773035630175038, -14.343040815422748 ], [ -47.773035630175038, -14.343579804593221 ], [ -47.772766135589805, -14.343579804593221 ], [ -47.772766135589805, -14.344388288348927 ], [ -47.772496641004565, -14.344388288348927 ], [ -47.772496641004565, -14.346544245030815 ], [ -47.771418662663628, -14.346544245030815 ], [ -47.771418662663628, -14.347891717956994 ], [ -47.771149168078388, -14.347891717956994 ], [ -47.771149168078388, -14.34816121254223 ], [ -47.770879673493155, -14.34816121254223 ], [ -47.770879673493155, -14.348430707127466 ], [ -47.770610178907916, -14.348430707127466 ], [ -47.770610178907916, -14.349239190883173 ], [ -47.770340684322683, -14.349239190883173 ], [ -47.770340684322683, -14.349508685468409 ], [ -47.770071189737443, -14.349508685468409 ], [ -47.770071189737443, -14.350586663809352 ], [ -47.769801695152211, -14.350586663809352 ], [ -47.769801695152211, -14.350856158394588 ], [ -47.769532200566971, -14.350856158394588 ], [ -47.769532200566971, -14.351934136735531 ], [ -47.769262705981738, -14.351934136735531 ], [ -47.769262705981738, -14.352203631320767 ], [ -47.768993211396506, -14.352203631320767 ], [ -47.768993211396506, -14.353551104246947 ], [ -47.765759276373672, -14.353551104246947 ], [ -47.765759276373672, -14.35328160966171 ], [ -47.765489781788439, -14.35328160966171 ], [ -47.765489781788439, -14.353012115076476 ], [ -47.763872814277022, -14.353012115076476 ], [ -47.763872814277022, -14.35328160966171 ], [ -47.763603319691782, -14.35328160966171 ], [ -47.763603319691782, -14.353551104246947 ], [ -47.76333382510655, -14.353551104246947 ], [ -47.76333382510655, -14.354359588002655 ], [ -47.763064330521317, -14.354359588002655 ], [ -47.763064330521317, -14.355707060928834 ], [ -47.76333382510655, -14.355707060928834 ], [ -47.76333382510655, -14.358132512195956 ], [ -47.763872814277022, -14.358132512195956 ], [ -47.763872814277022, -14.358402006781192 ], [ -47.764411803447494, -14.358402006781192 ], [ -47.764411803447494, -14.359479985122135 ], [ -47.765489781788439, -14.359479985122135 ], [ -47.765489781788439, -14.358132512195956 ], [ -47.768184727640794, -14.358132512195956 ], [ -47.768184727640794, -14.358402006781192 ], [ -47.769532200566971, -14.358402006781192 ], [ -47.769532200566971, -14.357054533855013 ], [ -47.772496641004565, -14.357054533855013 ], [ -47.772496641004565, -14.35786301761072 ], [ -47.77384411393075, -14.35786301761072 ], [ -47.77384411393075, -14.357593523025486 ], [ -47.774652597686455, -14.357593523025486 ], [ -47.774652597686455, -14.356515544684541 ], [ -47.775730576027399, -14.356515544684541 ], [ -47.775730576027399, -14.356246050099305 ], [ -47.776269565197872, -14.356246050099305 ], [ -47.776269565197872, -14.355707060928834 ], [ -47.776808554368344, -14.355707060928834 ], [ -47.776808554368344, -14.355437566343598 ], [ -47.777078048953577, -14.355437566343598 ], [ -47.777078048953577, -14.355168071758362 ], [ -47.777617038124049, -14.355168071758362 ], [ -47.777617038124049, -14.354898577173126 ], [ -47.778156027294521, -14.354898577173126 ], [ -47.778156027294521, -14.354629082587891 ], [ -47.778695016464994, -14.354629082587891 ], [ -47.778695016464994, -14.354090093417419 ], [ -47.779234005635466, -14.354090093417419 ], [ -47.779234005635466, -14.353551104246947 ], [ -47.780311983976411, -14.353551104246947 ], [ -47.780311983976411, -14.35274262049124 ], [ -47.781389962317348, -14.35274262049124 ], [ -47.781389962317348, -14.351125652979825 ], [ -47.781928951487821, -14.351125652979825 ], [ -47.781928951487821, -14.350317169224116 ], [ -47.78219844607306, -14.350317169224116 ], [ -47.78219844607306, -14.350047674638882 ], [ -47.782467940658293, -14.350047674638882 ], [ -47.782467940658293, -14.349778180053645 ], [ -47.782737435243533, -14.349778180053645 ], [ -47.782737435243533, -14.349508685468409 ], [ -47.785432381095887, -14.349508685468409 ], [ -47.785432381095887, -14.35328160966171 ], [ -47.784893391925415, -14.35328160966171 ], [ -47.784893391925415, -14.353551104246947 ], [ -47.784623897340182, -14.353551104246947 ], [ -47.784623897340182, -14.355707060928834 ], [ -47.783545918999238, -14.355707060928834 ], [ -47.783545918999238, -14.35597655551407 ], [ -47.783276424414005, -14.35597655551407 ], [ -47.783276424414005, -14.356246050099305 ], [ -47.783006929828765, -14.356246050099305 ], [ -47.783006929828765, -14.356515544684541 ], [ -47.782737435243533, -14.356515544684541 ], [ -47.782737435243533, -14.356785039269777 ], [ -47.782467940658293, -14.356785039269777 ], [ -47.782467940658293, -14.357054533855013 ], [ -47.78219844607306, -14.357054533855013 ], [ -47.78219844607306, -14.358671501366429 ], [ -47.783545918999238, -14.358671501366429 ], [ -47.783545918999238, -14.358402006781192 ], [ -47.783815413584477, -14.358402006781192 ], [ -47.783815413584477, -14.358132512195956 ], [ -47.78408490816971, -14.358132512195956 ], [ -47.78408490816971, -14.35786301761072 ], [ -47.784354402754943, -14.35786301761072 ], [ -47.784354402754943, -14.357593523025486 ], [ -47.784623897340182, -14.357593523025486 ], [ -47.784623897340182, -14.357054533855013 ], [ -47.784893391925415, -14.357054533855013 ], [ -47.784893391925415, -14.355437566343598 ], [ -47.78597137026636, -14.355437566343598 ], [ -47.78597137026636, -14.355168071758362 ], [ -47.786240864851599, -14.355168071758362 ], [ -47.786240864851599, -14.354898577173126 ], [ -47.786510359436832, -14.354898577173126 ], [ -47.786510359436832, -14.353820598832183 ], [ -47.789474799874426, -14.353820598832183 ], [ -47.789474799874426, -14.35328160966171 ], [ -47.789744294459666, -14.35328160966171 ], [ -47.789744294459666, -14.351125652979825 ], [ -47.790283283630131, -14.351125652979825 ], [ -47.790283283630131, -14.350856158394588 ], [ -47.790552778215371, -14.350856158394588 ], [ -47.790552778215371, -14.349778180053645 ], [ -47.789474799874426, -14.349778180053645 ], [ -47.789474799874426, -14.349508685468409 ], [ -47.789205305289194, -14.349508685468409 ], [ -47.789205305289194, -14.346813739616051 ], [ -47.78597137026636, -14.346813739616051 ], [ -47.78597137026636, -14.346544245030815 ], [ -47.785701875681127, -14.346544245030815 ], [ -47.785701875681127, -14.345735761275106 ], [ -47.785162886510655, -14.345735761275106 ], [ -47.785162886510655, -14.343040815422748 ], [ -47.78597137026636, -14.343040815422748 ], [ -47.78597137026636, -14.340615364155626 ], [ -47.786510359436832, -14.340615364155626 ], [ -47.786510359436832, -14.340076374985154 ], [ -47.788396821533482, -14.340076374985154 ], [ -47.788396821533482, -14.339267891229447 ], [ -47.788666316118722, -14.339267891229447 ], [ -47.788666316118722, -14.338189912888502 ], [ -47.789744294459666, -14.338189912888502 ], [ -47.789744294459666, -14.336303450791853 ], [ -47.791900251141548, -14.336303450791853 ], [ -47.791900251141548, -14.334955977865674 ], [ -47.792708734897261, -14.334955977865674 ], [ -47.792708734897261, -14.334416988695201 ], [ -47.794864691579143, -14.334416988695201 ], [ -47.794864691579143, -14.336572945377089 ], [ -47.795134186164383, -14.336572945377089 ], [ -47.795134186164383, -14.338728902058975 ], [ -47.7967511536758, -14.338728902058975 ], [ -47.7967511536758, -14.33253052659855 ], [ -47.797829132016737, -14.33253052659855 ], [ -47.797829132016737, -14.332261032013314 ], [ -47.798098626601977, -14.332261032013314 ], [ -47.798098626601977, -14.331183053672371 ], [ -47.79621216450532, -14.331183053672371 ], [ -47.79621216450532, -14.329027096990483 ], [ -47.795942669920088, -14.329027096990483 ], [ -47.795942669920088, -14.326871140308597 ], [ -47.792708734897261, -14.326871140308597 ], [ -47.792708734897261, -14.327140634893833 ], [ -47.790552778215371, -14.327140634893833 ], [ -47.790552778215371, -14.32471518362671 ], [ -47.791091767385844, -14.32471518362671 ], [ -47.791091767385844, -14.324176194456239 ], [ -47.791361261971076, -14.324176194456239 ], [ -47.791361261971076, -14.323906699871003 ], [ -47.792708734897261, -14.323906699871003 ], [ -47.792708734897261, -14.323098216115294 ], [ -47.795403680749615, -14.323098216115294 ], [ -47.795403680749615, -14.32282872153006 ], [ -47.795673175334855, -14.32282872153006 ], [ -47.795673175334855, -14.321750743189115 ], [ -47.792708734897261, -14.321750743189115 ], [ -47.792708734897261, -14.31959478650723 ], [ -47.79459519699391, -14.31959478650723 ], [ -47.79459519699391, -14.319325291921993 ], [ -47.797020648261032, -14.319325291921993 ], [ -47.797020648261032, -14.320942259433409 ], [ -47.798098626601977, -14.320942259433409 ], [ -47.798098626601977, -14.321481248603881 ], [ -47.799176604942915, -14.321481248603881 ], [ -47.799176604942915, -14.321211754018645 ], [ -47.800524077869099, -14.321211754018645 ], [ -47.800524077869099, -14.320942259433409 ], [ -47.801332561624804, -14.320942259433409 ], [ -47.801332561624804, -14.319864281092466 ], [ -47.801063067039571, -14.319864281092466 ], [ -47.801063067039571, -14.318786302751521 ], [ -47.797559637431505, -14.318786302751521 ], [ -47.797559637431505, -14.317438829825342 ], [ -47.793786713238205, -14.317438829825342 ], [ -47.793786713238205, -14.317169335240106 ], [ -47.793517218652966, -14.317169335240106 ], [ -47.793517218652966, -14.316899840654871 ], [ -47.792978229482493, -14.316899840654871 ], [ -47.792978229482493, -14.316630346069635 ], [ -47.792708734897261, -14.316630346069635 ], [ -47.792708734897261, -14.316360851484399 ], [ -47.791630756556316, -14.316360851484399 ], [ -47.791630756556316, -14.318516808166287 ], [ -47.788127326948249, -14.318516808166287 ], [ -47.788127326948249, -14.317977818995814 ], [ -47.787049348607304, -14.317977818995814 ], [ -47.787049348607304, -14.31824731358105 ], [ -47.786510359436832, -14.31824731358105 ], [ -47.786510359436832, -14.318516808166287 ], [ -47.78597137026636, -14.318516808166287 ], [ -47.78597137026636, -14.318786302751521 ], [ -47.785432381095887, -14.318786302751521 ], [ -47.785432381095887, -14.320672764848172 ], [ -47.785162886510655, -14.320672764848172 ], [ -47.785162886510655, -14.321481248603881 ], [ -47.784354402754943, -14.321481248603881 ], [ -47.784354402754943, -14.322020237774352 ], [ -47.783545918999238, -14.322020237774352 ], [ -47.783545918999238, -14.322289732359588 ], [ -47.783276424414005, -14.322289732359588 ], [ -47.783276424414005, -14.322559226944824 ], [ -47.783006929828765, -14.322559226944824 ], [ -47.783006929828765, -14.32282872153006 ], [ -47.776269565197872, -14.32282872153006 ], [ -47.776269565197872, -14.323637205285767 ], [ -47.775730576027399, -14.323637205285767 ], [ -47.775730576027399, -14.326601645723361 ], [ -47.77546108144216, -14.326601645723361 ], [ -47.77546108144216, -14.326871140308597 ], [ -47.775191586856927, -14.326871140308597 ], [ -47.775191586856927, -14.32741012947907 ], [ -47.770610178907916, -14.32741012947907 ], [ -47.770610178907916, -14.327140634893833 ], [ -47.769262705981738, -14.327140634893833 ], [ -47.769262705981738, -14.326871140308597 ], [ -47.768723716811266, -14.326871140308597 ], [ -47.768723716811266, -14.326601645723361 ], [ -47.766298265544144, -14.326601645723361 ], [ -47.766298265544144, -14.326062656552889 ], [ -47.764950792617967, -14.326062656552889 ], [ -47.764950792617967, -14.325523667382418 ], [ -47.763064330521317, -14.325523667382418 ], [ -47.763064330521317, -14.323367710700531 ], [ -47.764411803447494, -14.323367710700531 ], [ -47.764411803447494, -14.323098216115294 ], [ -47.764950792617967, -14.323098216115294 ], [ -47.764950792617967, -14.32282872153006 ], [ -47.766298265544144, -14.32282872153006 ], [ -47.766298265544144, -14.322559226944824 ], [ -47.767376243885089, -14.322559226944824 ], [ -47.767376243885089, -14.322289732359588 ], [ -47.768723716811266, -14.322289732359588 ], [ -47.768723716811266, -14.322020237774352 ], [ -47.7719576518341, -14.322020237774352 ], [ -47.7719576518341, -14.322289732359588 ], [ -47.772496641004565, -14.322289732359588 ], [ -47.772496641004565, -14.322559226944824 ], [ -47.774113608515982, -14.322559226944824 ], [ -47.774113608515982, -14.320942259433409 ], [ -47.774383103101222, -14.320942259433409 ], [ -47.774383103101222, -14.31824731358105 ], [ -47.774652597686455, -14.31824731358105 ], [ -47.774652597686455, -14.317169335240106 ], [ -47.774113608515982, -14.317169335240106 ], [ -47.774113608515982, -14.316899840654871 ], [ -47.77384411393075, -14.316899840654871 ], [ -47.77384411393075, -14.316630346069635 ], [ -47.77357461934551, -14.316630346069635 ], [ -47.77357461934551, -14.315821862313927 ], [ -47.773305124760277, -14.315821862313927 ], [ -47.773305124760277, -14.315282873143456 ], [ -47.773035630175038, -14.315282873143456 ], [ -47.773035630175038, -14.31501337855822 ], [ -47.772766135589805, -14.31501337855822 ], [ -47.772766135589805, -14.314743883972984 ], [ -47.772227146419333, -14.314743883972984 ], [ -47.772227146419333, -14.314474389387748 ], [ -47.77168815724886, -14.314474389387748 ], [ -47.77168815724886, -14.314204894802511 ], [ -47.771149168078388, -14.314204894802511 ], [ -47.771149168078388, -14.313665905632041 ], [ -47.770879673493155, -14.313665905632041 ], [ -47.770879673493155, -14.313126916461568 ], [ -47.770340684322683, -14.313126916461568 ], [ -47.770340684322683, -14.312857421876332 ], [ -47.770071189737443, -14.312857421876332 ], [ -47.770071189737443, -14.312587927291096 ], [ -47.769532200566971, -14.312587927291096 ], [ -47.769532200566971, -14.312318432705862 ], [ -47.769262705981738, -14.312318432705862 ], [ -47.769262705981738, -14.310970959779681 ], [ -47.768184727640794, -14.310970959779681 ], [ -47.768184727640794, -14.311240454364917 ] ], [ [ -47.763603319691782, -14.338459407473739 ], [ -47.763603319691782, -14.334955977865674 ], [ -47.765759276373672, -14.334955977865674 ], [ -47.765759276373672, -14.338459407473739 ], [ -47.763603319691782, -14.338459407473739 ] ], [ [ -47.77384411393075, -14.347083234201286 ], [ -47.77384411393075, -14.3449272775194 ], [ -47.776000070612632, -14.3449272775194 ], [ -47.776000070612632, -14.347083234201286 ], [ -47.77384411393075, -14.347083234201286 ] ] ] } },
{ "type": "Feature", "properties": { "nome_area_": null, "tipo_area_": null, "esferaadmi": null, "nomeunidad": null, "grupo": null, "ano": "2025", "mes_ano": "9-2025", "nm_municip": "ALTO PARAISO DE GOIAS", "nome": "Alto Paraíso de Goiás", "meso_ibge": "Norte Goiano", "micro_ibge": "Chapada dos Veadeiros", "geocodigo": 5200605.0, "area_ha": 2.42692 }, "geometry": { "type": "Polygon", "coordinates": [ [ [ -47.779503500220699, -14.359479985122135 ], [ -47.779503500220699, -14.36055796346308 ], [ -47.780042489391171, -14.36055796346308 ], [ -47.780042489391171, -14.360827458048314 ], [ -47.781120467732116, -14.360827458048314 ], [ -47.781120467732116, -14.359479985122135 ], [ -47.779503500220699, -14.359479985122135 ] ] ] } },
{ "type": "Feature", "properties": { "nome_area_": null, "tipo_area_": null, "esferaadmi": null, "nomeunidad": null, "grupo": null, "ano": "2025", "mes_ano": "9-2025", "nm_municip": "ALTO PARAISO DE GOIAS", "nome": "Alto Paraíso de Goiás", "meso_ibge": "Norte Goiano", "micro_ibge": "Chapada dos Veadeiros", "geocodigo": 5200605.0, "area_ha": 32.237251 }, "geometry": { "type": "Polygon", "coordinates": [ [ [ -47.578191045049515, -14.402060129589401 ], [ -47.578191045049515, -14.402329624174637 ], [ -47.577921550464282, -14.402329624174637 ], [ -47.577921550464282, -14.40286861334511 ], [ -47.576304582952865, -14.40286861334511 ], [ -47.576304582952865, -14.404755075441759 ], [ -47.576035088367632, -14.404755075441759 ], [ -47.576035088367632, -14.406102548367938 ], [ -47.576574077538098, -14.406102548367938 ], [ -47.576574077538098, -14.406372042953175 ], [ -47.583850431339471, -14.406372042953175 ], [ -47.583850431339471, -14.403946591686053 ], [ -47.583311442168998, -14.403946591686053 ], [ -47.583311442168998, -14.403677097100816 ], [ -47.582772452998526, -14.403677097100816 ], [ -47.582772452998526, -14.40340760251558 ], [ -47.581963969242821, -14.40340760251558 ], [ -47.581963969242821, -14.403138107930344 ], [ -47.581424980072349, -14.403138107930344 ], [ -47.581424980072349, -14.40286861334511 ], [ -47.581155485487109, -14.40286861334511 ], [ -47.581155485487109, -14.402599118759873 ], [ -47.580616496316637, -14.402599118759873 ], [ -47.580616496316637, -14.402329624174637 ], [ -47.579269023390459, -14.402329624174637 ], [ -47.579269023390459, -14.402060129589401 ], [ -47.578191045049515, -14.402060129589401 ] ] ] } },
{ "type": "Feature", "properties": { "nome_area_": null, "tipo_area_": null, "esferaadmi": null, "nomeunidad": null, "grupo": null, "ano": "2025", "mes_ano": "9-2025", "nm_municip": "ALTO PARAISO DE GOIAS", "nome": "Alto Paraíso de Goiás", "meso_ibge": "Norte Goiano", "micro_ibge": "Chapada dos Veadeiros", "geocodigo": 5200605.0, "area_ha": 5.892725 }, "geometry": { "type": "Polygon", "coordinates": [ [ [ -47.561212886179661, -14.406641537538411 ], [ -47.561212886179661, -14.408258505049826 ], [ -47.562021369935366, -14.408258505049826 ], [ -47.562021369935366, -14.408527999635062 ], [ -47.562290864520598, -14.408527999635062 ], [ -47.562290864520598, -14.408797494220298 ], [ -47.564446821202488, -14.408797494220298 ], [ -47.564446821202488, -14.407450021294117 ], [ -47.56309934827631, -14.407450021294117 ], [ -47.56309934827631, -14.407180526708883 ], [ -47.562290864520598, -14.407180526708883 ], [ -47.562290864520598, -14.406641537538411 ], [ -47.561212886179661, -14.406641537538411 ] ] ] } },
{ "type": "Feature", "properties": { "nome_area_": null, "tipo_area_": null, "esferaadmi": null, "nomeunidad": null, "grupo": null, "ano": "2025", "mes_ano": "9-2025", "nm_municip": "ALTO PARAISO DE GOIAS", "nome": "Alto Paraíso de Goiás", "meso_ibge": "Norte Goiano", "micro_ibge": "Chapada dos Veadeiros", "geocodigo": 5200605.0, "area_ha": 963.896493 }, "geometry": { "type": "Polygon", "coordinates": [ [ [ -47.55112330766439, -14.439789371522421 ], [ -47.551241586525933, -14.439789371522421 ], [ -47.551313672498289, -14.440757834445352 ], [ -47.55156894199996, -14.441674168999953 ], [ -47.551844191999976, -14.442066952999937 ], [ -47.551890060999938, -14.44252825999996 ], [ -47.551812878756699, -14.442753811960015 ], [ -47.552319564866877, -14.442753811960015 ], [ -47.552319564866877, -14.442484317374779 ], [ -47.552858554037343, -14.442484317374779 ], [ -47.552858554037343, -14.442214822789545 ], [ -47.553667037793055, -14.442214822789545 ], [ -47.553667037793055, -14.441945328204309 ], [ -47.557439961986354, -14.441945328204309 ], [ -47.557439961986354, -14.444640274056667 ], [ -47.557170467401122, -14.444640274056667 ], [ -47.557170467401122, -14.444909768641903 ], [ -47.555822994474937, -14.444909768641903 ], [ -47.555822994474937, -14.445179263227139 ], [ -47.555553499889704, -14.445179263227139 ], [ -47.555553499889704, -14.446796230738553 ], [ -47.555014510719232, -14.446796230738553 ], [ -47.555014510719232, -14.447065725323789 ], [ -47.554745016134, -14.447065725323789 ], [ -47.554745016134, -14.447335219909025 ], [ -47.55447552154876, -14.447335219909025 ], [ -47.55447552154876, -14.450299660346619 ], [ -47.555553499889704, -14.450299660346619 ], [ -47.555553499889704, -14.449760671176147 ], [ -47.556092489060177, -14.449760671176147 ], [ -47.556092489060177, -14.449491176590911 ], [ -47.556361983645409, -14.449491176590911 ], [ -47.556361983645409, -14.449221682005676 ], [ -47.556900972815882, -14.449221682005676 ], [ -47.556900972815882, -14.447604714494261 ], [ -47.560404402423949, -14.447604714494261 ], [ -47.560404402423949, -14.447874209079497 ], [ -47.561212886179661, -14.447874209079497 ], [ -47.561212886179661, -14.448143703664734 ], [ -47.562290864520598, -14.448143703664734 ], [ -47.562290864520598, -14.447604714494261 ], [ -47.562560359105838, -14.447604714494261 ], [ -47.562560359105838, -14.447335219909025 ], [ -47.565794294128665, -14.447335219909025 ], [ -47.565794294128665, -14.446257241568082 ], [ -47.566063788713905, -14.446257241568082 ], [ -47.566063788713905, -14.445179263227139 ], [ -47.56687227246961, -14.445179263227139 ], [ -47.56687227246961, -14.444909768641903 ], [ -47.569028229151499, -14.444909768641903 ], [ -47.569028229151499, -14.445179263227139 ], [ -47.569297723736732, -14.445179263227139 ], [ -47.569297723736732, -14.445448757812374 ], [ -47.569567218321971, -14.445448757812374 ], [ -47.569567218321971, -14.446796230738553 ], [ -47.569836712907204, -14.446796230738553 ], [ -47.569836712907204, -14.447604714494261 ], [ -47.571184185833381, -14.447604714494261 ], [ -47.571184185833381, -14.447335219909025 ], [ -47.571723175003854, -14.447335219909025 ], [ -47.571723175003854, -14.447065725323789 ], [ -47.572262164174326, -14.447065725323789 ], [ -47.572262164174326, -14.446796230738553 ], [ -47.572531658759566, -14.446796230738553 ], [ -47.572531658759566, -14.446526736153317 ], [ -47.573609637100503, -14.446526736153317 ], [ -47.573609637100503, -14.446257241568082 ], [ -47.574148626270976, -14.446257241568082 ], [ -47.574148626270976, -14.445987746982846 ], [ -47.574418120856215, -14.445987746982846 ], [ -47.574418120856215, -14.445448757812374 ], [ -47.57711306670857, -14.445448757812374 ], [ -47.57711306670857, -14.443831790300958 ], [ -47.578999528805227, -14.443831790300958 ], [ -47.578999528805227, -14.442484317374779 ], [ -47.580885990901876, -14.442484317374779 ], [ -47.580885990901876, -14.441406339033836 ], [ -47.580616496316637, -14.441406339033836 ], [ -47.580616496316637, -14.440597855278128 ], [ -47.580347001731404, -14.440597855278128 ], [ -47.580347001731404, -14.437363920255297 ], [ -47.579269023390459, -14.437363920255297 ], [ -47.579269023390459, -14.439519876937185 ], [ -47.578191045049515, -14.439519876937185 ], [ -47.578191045049515, -14.439789371522421 ], [ -47.57738256129381, -14.439789371522421 ], [ -47.57738256129381, -14.440597855278128 ], [ -47.57522660461192, -14.440597855278128 ], [ -47.57522660461192, -14.440328360692893 ], [ -47.574687615441448, -14.440328360692893 ], [ -47.574687615441448, -14.440058866107657 ], [ -47.572801153344798, -14.440058866107657 ], [ -47.572801153344798, -14.43790290942577 ], [ -47.573879131685743, -14.43790290942577 ], [ -47.573879131685743, -14.437363920255297 ], [ -47.574148626270976, -14.437363920255297 ], [ -47.574148626270976, -14.436285941914354 ], [ -47.573879131685743, -14.436285941914354 ], [ -47.573879131685743, -14.435477458158648 ], [ -47.573609637100503, -14.435477458158648 ], [ -47.573609637100503, -14.435207963573411 ], [ -47.572262164174326, -14.435207963573411 ], [ -47.572262164174326, -14.433052006891526 ], [ -47.57549609919716, -14.433052006891526 ], [ -47.57549609919716, -14.43332150147676 ], [ -47.576304582952865, -14.43332150147676 ], [ -47.576304582952865, -14.433590996061996 ], [ -47.576574077538098, -14.433590996061996 ], [ -47.576574077538098, -14.436824931084827 ], [ -47.576843572123337, -14.436824931084827 ], [ -47.576843572123337, -14.437094425670063 ], [ -47.578191045049515, -14.437094425670063 ], [ -47.578191045049515, -14.43601644732912 ], [ -47.577921550464282, -14.43601644732912 ], [ -47.577921550464282, -14.431165544794874 ], [ -47.580077507146164, -14.431165544794874 ], [ -47.580077507146164, -14.429818071868695 ], [ -47.577921550464282, -14.429818071868695 ], [ -47.577921550464282, -14.428470598942514 ], [ -47.576574077538098, -14.428470598942514 ], [ -47.576574077538098, -14.42820110435728 ], [ -47.574687615441448, -14.42820110435728 ], [ -47.574687615441448, -14.427931609772044 ], [ -47.573070647930038, -14.427931609772044 ], [ -47.573070647930038, -14.425775653090156 ], [ -47.57522660461192, -14.425775653090156 ], [ -47.57522660461192, -14.42550615850492 ], [ -47.580347001731404, -14.42550615850492 ], [ -47.580347001731404, -14.426584136845864 ], [ -47.582233463828054, -14.426584136845864 ], [ -47.582233463828054, -14.427123126016337 ], [ -47.583580936754231, -14.427123126016337 ], [ -47.583580936754231, -14.427392620601571 ], [ -47.584928409680415, -14.427392620601571 ], [ -47.584928409680415, -14.42820110435728 ], [ -47.58762335553277, -14.42820110435728 ], [ -47.58762335553277, -14.429009588112987 ], [ -47.588701333873715, -14.429009588112987 ], [ -47.588701333873715, -14.42820110435728 ], [ -47.58950981762942, -14.42820110435728 ], [ -47.58950981762942, -14.426853631431101 ], [ -47.592204763481782, -14.426853631431101 ], [ -47.592204763481782, -14.427392620601571 ], [ -47.593552236407959, -14.427392620601571 ], [ -47.593552236407959, -14.427123126016337 ], [ -47.593821730993199, -14.427123126016337 ], [ -47.593821730993199, -14.426853631431101 ], [ -47.594899709334136, -14.426853631431101 ], [ -47.594899709334136, -14.426584136845864 ], [ -47.595169203919376, -14.426584136845864 ], [ -47.595169203919376, -14.42550615850492 ], [ -47.594899709334136, -14.42550615850492 ], [ -47.594899709334136, -14.423350201823034 ], [ -47.598403138942203, -14.423350201823034 ], [ -47.598403138942203, -14.424428180163977 ], [ -47.598942128112675, -14.424428180163977 ], [ -47.598942128112675, -14.426584136845864 ], [ -47.599211622697915, -14.426584136845864 ], [ -47.599211622697915, -14.426853631431101 ], [ -47.599750611868387, -14.426853631431101 ], [ -47.599750611868387, -14.427123126016337 ], [ -47.605409998158336, -14.427123126016337 ], [ -47.605409998158336, -14.426853631431101 ], [ -47.605679492743576, -14.426853631431101 ], [ -47.605679492743576, -14.425775653090156 ], [ -47.605409998158336, -14.425775653090156 ], [ -47.605409998158336, -14.42550615850492 ], [ -47.605140503573104, -14.42550615850492 ], [ -47.605140503573104, -14.424967169334449 ], [ -47.604871008987864, -14.424967169334449 ], [ -47.604871008987864, -14.424697674749213 ], [ -47.604332019817392, -14.424697674749213 ], [ -47.604332019817392, -14.424428180163977 ], [ -47.603793030646926, -14.424428180163977 ], [ -47.603793030646926, -14.424158685578742 ], [ -47.602715052305982, -14.424158685578742 ], [ -47.602715052305982, -14.423889190993506 ], [ -47.60190656855027, -14.423889190993506 ], [ -47.60190656855027, -14.42361969640827 ], [ -47.601367579379797, -14.42361969640827 ], [ -47.601367579379797, -14.423080707237798 ], [ -47.601098084794565, -14.423080707237798 ], [ -47.601098084794565, -14.420924750555912 ], [ -47.602715052305982, -14.420924750555912 ], [ -47.602715052305982, -14.42038576138544 ], [ -47.603523536061687, -14.42038576138544 ], [ -47.603523536061687, -14.419307783044495 ], [ -47.602715052305982, -14.419307783044495 ], [ -47.602715052305982, -14.418768793874024 ], [ -47.601367579379797, -14.418768793874024 ], [ -47.601367579379797, -14.41903828845926 ], [ -47.601098084794565, -14.41903828845926 ], [ -47.601098084794565, -14.419307783044495 ], [ -47.600828590209332, -14.419307783044495 ], [ -47.600828590209332, -14.419846772214967 ], [ -47.599750611868387, -14.419846772214967 ], [ -47.599750611868387, -14.420116266800203 ], [ -47.599481117283148, -14.420116266800203 ], [ -47.599481117283148, -14.42038576138544 ], [ -47.599211622697915, -14.42038576138544 ], [ -47.599211622697915, -14.420655255970676 ], [ -47.597864149771738, -14.420655255970676 ], [ -47.597864149771738, -14.420924750555912 ], [ -47.595708193089848, -14.420924750555912 ], [ -47.595708193089848, -14.420655255970676 ], [ -47.594899709334136, -14.420655255970676 ], [ -47.594899709334136, -14.418499299288788 ], [ -47.597325160601258, -14.418499299288788 ], [ -47.597325160601258, -14.417690815533081 ], [ -47.597594655186498, -14.417690815533081 ], [ -47.597594655186498, -14.417421320947845 ], [ -47.59813364435697, -14.417421320947845 ], [ -47.59813364435697, -14.416882331777373 ], [ -47.598672633527443, -14.416882331777373 ], [ -47.598672633527443, -14.416612837192137 ], [ -47.599750611868387, -14.416612837192137 ], [ -47.599750611868387, -14.416343342606901 ], [ -47.60002010645362, -14.416343342606901 ], [ -47.60002010645362, -14.414995869680723 ], [ -47.598672633527443, -14.414995869680723 ], [ -47.598672633527443, -14.414187385925015 ], [ -47.597594655186498, -14.414187385925015 ], [ -47.597594655186498, -14.414995869680723 ], [ -47.597325160601258, -14.414995869680723 ], [ -47.597325160601258, -14.415265364265958 ], [ -47.597055666016026, -14.415265364265958 ], [ -47.597055666016026, -14.41580435343643 ], [ -47.593013247237486, -14.41580435343643 ], [ -47.593013247237486, -14.415534858851194 ], [ -47.592743752652254, -14.415534858851194 ], [ -47.592743752652254, -14.415265364265958 ], [ -47.590857290555604, -14.415265364265958 ], [ -47.590857290555604, -14.414995869680723 ], [ -47.588162344703242, -14.414995869680723 ], [ -47.588162344703242, -14.413917891339779 ], [ -47.587084366362298, -14.413917891339779 ], [ -47.587084366362298, -14.414187385925015 ], [ -47.586275882606593, -14.414187385925015 ], [ -47.586275882606593, -14.414456880510251 ], [ -47.583311442168998, -14.414456880510251 ], [ -47.583311442168998, -14.414187385925015 ], [ -47.582772452998526, -14.414187385925015 ], [ -47.582772452998526, -14.413917891339779 ], [ -47.580616496316637, -14.413917891339779 ], [ -47.580616496316637, -14.413648396754542 ], [ -47.580347001731404, -14.413648396754542 ], [ -47.580347001731404, -14.412839912998836 ], [ -47.580077507146164, -14.412839912998836 ], [ -47.580077507146164, -14.412570418413599 ], [ -47.579808012560932, -14.412570418413599 ], [ -47.579808012560932, -14.412300923828363 ], [ -47.577652055879042, -14.412300923828363 ], [ -47.577652055879042, -14.410953450902184 ], [ -47.576304582952865, -14.410953450902184 ], [ -47.576304582952865, -14.41122294548742 ], [ -47.57522660461192, -14.41122294548742 ], [ -47.57522660461192, -14.411492440072657 ], [ -47.574418120856215, -14.411492440072657 ], [ -47.574418120856215, -14.411761934657893 ], [ -47.574148626270976, -14.411761934657893 ], [ -47.574148626270976, -14.413648396754542 ], [ -47.574418120856215, -14.413648396754542 ], [ -47.574418120856215, -14.413917891339779 ], [ -47.574957110026688, -14.413917891339779 ], [ -47.574957110026688, -14.414187385925015 ], [ -47.57522660461192, -14.414187385925015 ], [ -47.57522660461192, -14.414456880510251 ], [ -47.576304582952865, -14.414456880510251 ], [ -47.576304582952865, -14.414726375095487 ], [ -47.576574077538098, -14.414726375095487 ], [ -47.576574077538098, -14.414995869680723 ], [ -47.576843572123337, -14.414995869680723 ], [ -47.576843572123337, -14.415534858851194 ], [ -47.578460539634754, -14.415534858851194 ], [ -47.578460539634754, -14.41580435343643 ], [ -47.578730034219987, -14.41580435343643 ], [ -47.578730034219987, -14.416343342606901 ], [ -47.578999528805227, -14.416343342606901 ], [ -47.578999528805227, -14.416612837192137 ], [ -47.579269023390459, -14.416612837192137 ], [ -47.579269023390459, -14.418768793874024 ], [ -47.578730034219987, -14.418768793874024 ], [ -47.578730034219987, -14.41903828845926 ], [ -47.578191045049515, -14.41903828845926 ], [ -47.578191045049515, -14.419307783044495 ], [ -47.57711306670857, -14.419307783044495 ], [ -47.57711306670857, -14.420924750555912 ], [ -47.574687615441448, -14.420924750555912 ], [ -47.574687615441448, -14.420116266800203 ], [ -47.574148626270976, -14.420116266800203 ], [ -47.574148626270976, -14.419846772214967 ], [ -47.573609637100503, -14.419846772214967 ], [ -47.573609637100503, -14.419577277629731 ], [ -47.573340142515271, -14.419577277629731 ], [ -47.573340142515271, -14.419307783044495 ], [ -47.573070647930038, -14.419307783044495 ], [ -47.573070647930038, -14.41903828845926 ], [ -47.571723175003854, -14.41903828845926 ], [ -47.571723175003854, -14.418768793874024 ], [ -47.570914691248149, -14.418768793874024 ], [ -47.570914691248149, -14.418499299288788 ], [ -47.568758734566259, -14.418499299288788 ], [ -47.568758734566259, -14.418229804703552 ], [ -47.567411261640082, -14.418229804703552 ], [ -47.567411261640082, -14.419846772214967 ], [ -47.567680756225315, -14.419846772214967 ], [ -47.567680756225315, -14.422002728896855 ], [ -47.56498581037296, -14.422002728896855 ], [ -47.56498581037296, -14.423889190993506 ], [ -47.563368842861543, -14.423889190993506 ], [ -47.563368842861543, -14.426045147675392 ], [ -47.561482380764893, -14.426045147675392 ], [ -47.561482380764893, -14.426314642260628 ], [ -47.561212886179661, -14.426314642260628 ], [ -47.561212886179661, -14.426584136845864 ], [ -47.557978951156826, -14.426584136845864 ], [ -47.557978951156826, -14.426314642260628 ], [ -47.556092489060177, -14.426314642260628 ], [ -47.556092489060177, -14.425775653090156 ], [ -47.555014510719232, -14.425775653090156 ], [ -47.555014510719232, -14.426314642260628 ], [ -47.554745016134, -14.426314642260628 ], [ -47.554745016134, -14.430626555624402 ], [ -47.55447552154876, -14.430626555624402 ], [ -47.55447552154876, -14.431974028550581 ], [ -47.555284005304472, -14.431974028550581 ], [ -47.555284005304472, -14.433052006891526 ], [ -47.555553499889704, -14.433052006891526 ], [ -47.555553499889704, -14.43332150147676 ], [ -47.557170467401122, -14.43332150147676 ], [ -47.557170467401122, -14.43655543649959 ], [ -47.555553499889704, -14.43655543649959 ], [ -47.555553499889704, -14.436824931084827 ], [ -47.555284005304472, -14.436824931084827 ], [ -47.555284005304472, -14.437633414840533 ], [ -47.554206026963527, -14.437633414840533 ], [ -47.554206026963527, -14.43790290942577 ], [ -47.551241586525933, -14.43790290942577 ], [ -47.551241586525933, -14.438172404011006 ], [ -47.550972091940693, -14.438172404011006 ], [ -47.550972091940693, -14.439516765291222 ], [ -47.55112330766439, -14.439789371522421 ] ], [ [ -47.566063788713905, -14.440328360692893 ], [ -47.566063788713905, -14.438172404011006 ], [ -47.566333283299137, -14.438172404011006 ], [ -47.566333283299137, -14.436824931084827 ], [ -47.568758734566259, -14.436824931084827 ], [ -47.568758734566259, -14.440328360692893 ], [ -47.566063788713905, -14.440328360692893 ] ] ] } },
{ "type": "Feature", "properties": { "nome_area_": null, "tipo_area_": null, "esferaadmi": null, "nomeunidad": null, "grupo": null, "ano": "2025", "mes_ano": "9-2025", "nm_municip": "SAO JOAO D'ALIANCA", "nome": "São João d'Aliança", "meso_ibge": "Norte Goiano", "micro_ibge": "Chapada dos Veadeiros", "geocodigo": 5220009.0, "area_ha": 0.077912 }, "geometry": { "type": "Polygon", "coordinates": [ [ [ -47.551241586525933, -14.440277131198487 ], [ -47.551313672498289, -14.440757834445352 ], [ -47.55134196, -14.44046741 ], [ -47.551241586525933, -14.440277131198487 ] ] ] } }
]
}
