{"type": "FeatureCollection", "features": [{"type": "Feature", "geometry": {"type": "MultiPolygon", "coordinates": [[[[-47.88919859267726, -14.24221785704426, 0.0], [-47.88932734001638, -14.24195824736804, 0.0], [-47.889249315255285, -14.24190060767963, 0.0], [-47.88916037829676, -14.24216600585748, 0.0], [-47.88919859267726, -14.24221785704426, 0.0]]], [[[-47.88775526367271, -14.24162333631918, 0.0], [-47.88778442130053, -14.24178415508652, 0.0], [-47.88784032783856, -14.24167791002123, 0.0], [-47.88886616244955, -14.24174975712238, 0.0], [-47.88896576781472, -14.24168829900906, 0.0], [-47.88775526367271, -14.24162333631918, 0.0]]]]}, "properties": {"numero_processo": "20252736", "tipo_licenca": "LICENÇA AMBIENTAL ORDINÁRIA", "feicao": "ÁREA REQUERIDA PARA CONVERSÃO - Atividade: A1.1.1", "descricao_atividade": "A1.1.1 - Conversão do uso do solo (asv) em áreas de vegetação nativa), mesmo que seja campestre, para empreendimentos lineares, de geração de energia hidráulica, abastecimento público de água ou tratamento de esgoto e similares que possuem licen", "data_criacao": "2025-06-02", "data_emissao": "2025-10-20", "data_validade": "2030-10-20"}}, {"type": "Feature", "geometry": {"type": "MultiPolygon", "coordinates": [[[[-47.63998663759294, -14.33325568143854, 0.0], [-47.64012774961368, -14.3335098703434, 0.0], [-47.64019320753794, -14.33350877039317, 0.0], [-47.64005968113374, -14.33320203975682, 0.0], [-47.63998663759294, -14.33325568143854, 0.0]]]]}, "properties": {"numero_processo": "20251603", "tipo_licenca": "LICENÇA AMBIENTAL ORDINÁRIA", "feicao": "ÁREA REQUERIDA PARA CONVERSÃO - Atividade: A1.1.1", "descricao_atividade": "A1.1.1 - Conversão do uso do solo (asv) em áreas de vegetação nativa), mesmo que seja campestre, para empreendimentos lineares, de geração de energia hidráulica, abastecimento público de água ou tratamento de esgoto e similares que possuem licen", "data_criacao": "2025-04-07", "data_emissao": "2025-09-08", "data_validade": "2030-09-08"}}, {"type": "Feature", "geometry": {"type": "MultiPolygon", "coordinates": [[[[-47.49869921761293, -14.16841824619296, 0.0], [-47.49890960638061, -14.16858957766351, 0.0], [-47.4990266702994, -14.16858835744785, 0.0], [-47.49881752143878, -14.16839692175154, 0.0], [-47.49869921761293, -14.16841824619296, 0.0]]], [[[-47.50635557635307, -14.17531349661203, 0.0], [-47.50685539706448, -14.17566456839174, 0.0], [-47.50692194902135, -14.17566387216749, 0.0], [-47.50642873875966, -14.17525355611384, 0.0], [-47.50635557635307, -14.17531349661203, 0.0]]], [[[-47.50730355759818, -14.17586910122843, 0.0], [-47.50714461955911, -14.17575703757392, 0.0], [-47.507106596830845, -14.17574655712793, 0.0], [-47.50725212905165, -14.17588128173247, 0.0], [-47.50730355759818, -14.17586910122843, 0.0]]], [[[-47.50760007309199, -14.17618722814959, 0.0], [-47.50776599308558, -14.17630253106316, 0.0], [-47.50789385354165, -14.17628047717845, 0.0], [-47.50773562537645, -14.17617051982985, 0.0], [-47.50760007309199, -14.17618722814959, 0.0]]]]}, "properties": {"numero_processo": "20252740", "tipo_licenca": "LICENÇA AMBIENTAL ORDINÁRIA", "feicao": "ÁREA REQUERIDA PARA CONVERSÃO - Atividade: A1.1.1", "descricao_atividade": "A1.1.1 - Conversão do uso do solo (asv) em áreas de vegetação nativa), mesmo que seja campestre, para empreendimentos lineares, de geração de energia hidráulica, abastecimento público de água ou tratamento de esgoto e similares que possuem licen", "data_criacao": "2025-06-03", "data_emissao": "2025-10-14", "data_validade": "2030-10-14"}}, {"type": "Feature", "geometry": {"type": "MultiPolygon", "coordinates": [[[[-47.66679341484821, -14.18067917597259, 0.0], [-47.6670333936009, -14.18099919832937, 0.0], [-47.66703013029742, -14.18090022278802, 0.0], [-47.6668058415019, -14.18068060291015, 0.0], [-47.66694862066387, -14.18049037410229, 0.0], [-47.66679341484821, -14.18067917597259, 0.0]]], [[[-47.66696561453186, -14.18123304073764, 0.0], [-47.66703088438931, -14.18103347996148, 0.0], [-47.66675125306903, -14.18067677732223, 0.0], [-47.66709143136507, -14.18028087107688, 0.0], [-47.66705023317959, -14.18023895061128, 0.0], [-47.66669934244026, -14.18067799397591, 0.0], [-47.66694464428768, -14.1809436603435, 0.0], [-47.66696561453186, -14.18123304073764, 0.0]]]]}, "properties": {"numero_processo": "20243539", "tipo_licenca": "LICENÇA AMBIENTAL ORDINÁRIA", "feicao": "ÁREA REQUERIDA PARA CONVERSÃO - Atividade: A1.1.1", "descricao_atividade": "A1.1.1 - Conversão do uso do solo (asv) em áreas de vegetação nativa), mesmo que seja campestre, para empreendimentos lineares, de geração de energia hidráulica, abastecimento público de água ou tratamento de esgoto e similares que possuem licen", "data_criacao": "2024-08-08", "data_emissao": "2025-06-23", "data_validade": "2030-06-23"}}, {"type": "Feature", "geometry": {"type": "MultiPolygon", "coordinates": [[[[-47.882705085049835, -14.2346137088871, 0.0], [-47.88156378309488, -14.23420383259331, 0.0], [-47.88149295826205, -14.23426724278419, 0.0], [-47.88270879173944, -14.23467425452703, 0.0], [-47.882705085049835, -14.2346137088871, 0.0]]]]}, "properties": {"numero_processo": "20243534", "tipo_licenca": "LICENÇA AMBIENTAL ORDINÁRIA", "feicao": "ÁREA REQUERIDA PARA CONVERSÃO - Atividade: A1.1.1", "descricao_atividade": "A1.1.1 - Conversão do uso do solo (asv) em áreas de vegetação nativa), mesmo que seja campestre, para empreendimentos lineares, de geração de energia hidráulica, abastecimento público de água ou tratamento de esgoto e similares que possuem licen", "data_criacao": "2024-08-08", "data_emissao": "2025-06-23", "data_validade": "2030-06-23"}}, {"type": "Feature", "geometry": {"type": "MultiPolygon", "coordinates": [[[[-47.90011128871954, -14.22754054308481, 0.0], [-47.90018241181821, -14.22718390465989, 0.0], [-47.90018021238533, -14.22718335877122, 0.0], [-47.90012702451576, -14.22722084366169, 0.0], [-47.90011128871954, -14.22754054308481, 0.0]]]]}, "properties": {"numero_processo": "20252775", "tipo_licenca": "LICENÇA AMBIENTAL ORDINÁRIA", "feicao": "ÁREA REQUERIDA PARA CONVERSÃO - Atividade: A1.1.1", "descricao_atividade": "A1.1.1 - Conversão do uso do solo (asv) em áreas de vegetação nativa), mesmo que seja campestre, para empreendimentos lineares, de geração de energia hidráulica, abastecimento público de água ou tratamento de esgoto e similares que possuem licen", "data_criacao": "2025-06-03", "data_emissao": "2025-10-20", "data_validade": "2030-10-20"}}, {"type": "Feature", "geometry": {"type": "MultiPolygon", "coordinates": [[[[-47.62099954729847, -14.20040377476984, 0.0], [-47.62103643167461, -14.20032428896048, 0.0], [-47.62012232132275, -14.19977982632297, 0.0], [-47.62013141454356, -14.1998453612698, 0.0], [-47.62099954729847, -14.20040377476984, 0.0]]]]}, "properties": {"numero_processo": "20251839", "tipo_licenca": "LICENÇA AMBIENTAL ORDINÁRIA", "feicao": "ÁREA REQUERIDA PARA CONVERSÃO - Atividade: A1.1.1", "descricao_atividade": "A1.1.1 - Conversão do uso do solo (asv) em áreas de vegetação nativa), mesmo que seja campestre, para empreendimentos lineares, de geração de energia hidráulica, abastecimento público de água ou tratamento de esgoto e similares que possuem licen", "data_criacao": "2025-04-14", "data_emissao": "2025-09-08", "data_validade": "2030-09-08"}}, {"type": "Feature", "geometry": {"type": "MultiPolygon", "coordinates": [[[[-47.5918589450818, -14.1577816918835, 0.0], [-47.5937367419572, -14.1576654944126, 0.0], [-47.5918395247553, -14.157737544874, 0.0], [-47.5918589450818, -14.1577816918835, 0.0]]], [[[-47.5958095758799, -14.15764454843, 0.0], [-47.5946444744251, -14.1576226216996, 0.0], [-47.5938471857007, -14.1576485825675, 0.0], [-47.5958095758799, -14.15764454843, 0.0]]], [[[-47.5982722354226, -14.1576031275929, 0.0], [-47.5983984312555, -14.1576350535561, 0.0], [-47.5983773759686, -14.1576169976553, 0.0], [-47.5982722354226, -14.1576031275929, 0.0]]], [[[-47.597984620487, -14.157614219661, 0.0], [-47.598154986336, -14.1575927822669, 0.0], [-47.5979095852928, -14.1575781830719, 0.0], [-47.597984620487, -14.157614219661, 0.0]]], [[[-47.5924137483526, -14.1574651611792, 0.0], [-47.5935247625039, -14.15742741923, 0.0], [-47.592624882834, -14.1574109961455, 0.0], [-47.5924137483526, -14.1574651611792, 0.0]]], [[[-47.5944775238872, -14.1574017553043, 0.0], [-47.5971557998509, -14.1573095807309, 0.0], [-47.59840610222751, -14.1573761351327, 0.0], [-47.59850326496849, -14.1572962455396, 0.0], [-47.5968883590688, -14.1572678634085, 0.0], [-47.5947137548573, -14.1573414368469, 0.0], [-47.5944775238872, -14.1574017553043, 0.0]]], [[[-47.5917817518653, -14.1574521396771, 0.0], [-47.5916360968736, -14.157460207327, 0.0], [-47.5917948371525, -14.1574966531961, 0.0], [-47.5917817518653, -14.1574521396771, 0.0]]], [[[-47.5919313792705, -14.1574889999514, 0.0], [-47.5921723114128, -14.1574302097735, 0.0], [-47.5919118898339, -14.1574448554478, 0.0], [-47.5919313792705, -14.1574889999514, 0.0]]], [[[-47.5397586244509, -14.1541818440379, 0.0], [-47.539692997364, -14.15411691769, 0.0], [-47.5396857341528, -14.1541268603405, 0.0], [-47.5397586244509, -14.1541818440379, 0.0]]], [[[-47.539389385476, -14.1540369858302, 0.0], [-47.5389960265766, -14.1539494190044, 0.0], [-47.53899024947071, -14.1539574562631, 0.0], [-47.539389385476, -14.1540369858302, 0.0]]], [[[-47.5375374474034, -14.1538406843265, 0.0], [-47.5345592241891, -14.1541092734655, 0.0], [-47.534530829469, -14.1541576679412, 0.0], [-47.5375374474034, -14.1538406843265, 0.0]]], [[[-47.5327823757664, -14.1539896783425, 0.0], [-47.532281064708, -14.1538760733376, 0.0], [-47.5328052151718, -14.1540419830501, 0.0], [-47.5327823757664, -14.1539896783425, 0.0]]], [[[-47.538307621669, -14.1538579295588, 0.0], [-47.538361051455, -14.1539076267521, 0.0], [-47.5383857843207, -14.1538645813941, 0.0], [-47.538307621669, -14.1538579295588, 0.0]]], [[[-47.5339373428045, -14.153896341513, 0.0], [-47.5339985974831, -14.1538504182909, 0.0], [-47.5339043085521, -14.1538523088411, 0.0], [-47.5339373428045, -14.153896341513, 0.0]]], [[[-47.5381422269919, -14.1538908214644, 0.0], [-47.5378600048478, -14.1538371130053, 0.0], [-47.5378603378794, -14.1538698334148, 0.0], [-47.5381422269919, -14.1538908214644, 0.0]]], [[[-47.5376170964591, -14.153838829515, 0.0], [-47.5377130745203, -14.1538581503658, 0.0], [-47.5377335997084, -14.1538372564548, 0.0], [-47.5376170964591, -14.153838829515, 0.0]]], [[[-47.5346038095076, -14.1538562031909, 0.0], [-47.5346085669797, -14.1538132956995, 0.0], [-47.5345522673319, -14.1538471163746, 0.0], [-47.5346038095076, -14.1538562031909, 0.0]]], [[[-47.534743988604, -14.1538016902385, 0.0], [-47.5368949279431, -14.1536418598597, 0.0], [-47.5369178523815, -14.1536063156083, 0.0], [-47.534743988604, -14.1538016902385, 0.0]]], [[[-47.5321632540207, -14.1535186926246, 0.0], [-47.5327592018118, -14.1537273095917, 0.0], [-47.5328393267145, -14.1537205499659, 0.0], [-47.5321632540207, -14.1535186926246, 0.0]]], [[[-47.537294043326, -14.1535920363095, 0.0], [-47.5372300759901, -14.1536083825032, 0.0], [-47.5373583037008, -14.1535887910142, 0.0], [-47.537294043326, -14.1535920363095, 0.0]]], [[[-47.532068472424, -14.1534849554333, 0.0], [-47.531827374391, -14.1533168824385, 0.0], [-47.5318050326066, -14.1533564420467, 0.0], [-47.532068472424, -14.1534849554333, 0.0]]], [[[-47.531707187372, -14.1532522230247, 0.0], [-47.531250962615, -14.15295358635, 0.0], [-47.53115427244249, -14.1528311287803, 0.0], [-47.531222343972, -14.1529890918752, 0.0], [-47.531707187372, -14.1532522230247, 0.0]]]]}, "properties": {"numero_processo": "2026193", "tipo_licenca": "REGISTRO ELETRÔNICO (INTEGRAÇÃO)", "feicao": "ÁREA REQUERIDA PARA CONVERSÃO - Atividade: A1.1.1", "descricao_atividade": "A1.1.1 - Conversão do uso do solo (asv) em áreas de vegetação nativa), mesmo que seja campestre, para empreendimentos lineares, de geração de energia hidráulica, abastecimento público de água ou tratamento de esgoto e similares que possuem licen", "data_criacao": "2025-12-09", "data_emissao": "2026-02-23", "data_validade": "2031-02-23"}}, {"type": "Feature", "geometry": {"type": "MultiPolygon", "coordinates": [[[[-47.52048332405148, -14.09925346588509, 0.0], [-47.52055438524724, -14.09931002839986, 0.0], [-47.52063290391256, -14.09911072557795, 0.0], [-47.52068696521607, -14.09843605715897, 0.0], [-47.52048332405148, -14.09925346588509, 0.0]]]]}, "properties": {"numero_processo": "20251111", "tipo_licenca": "LICENÇA AMBIENTAL ORDINÁRIA", "feicao": "ÁREA REQUERIDA PARA CONVERSÃO - Atividade: A1.1.1", "descricao_atividade": "A1.1.1 - Conversão do uso do solo (asv) em áreas de vegetação nativa), mesmo que seja campestre, para empreendimentos lineares, de geração de energia hidráulica, abastecimento público de água ou tratamento de esgoto e similares que possuem licen", "data_criacao": "2025-02-26", "data_emissao": "2025-09-08", "data_validade": "2030-09-08"}}, {"type": "Feature", "geometry": {"type": "MultiPolygon", "coordinates": [[[[-47.7747074930598, -14.1635514657259, 0.0], [-47.773547148556, -14.1629487020812, 0.0], [-47.7730562026253, -14.1638119960987, 0.0], [-47.7736623616517, -14.1645220975526, 0.0], [-47.7738850867101, -14.1649537271106, 0.0], [-47.7747074930598, -14.1635514657259, 0.0]]]]}, "properties": {"numero_processo": "20253844", "tipo_licenca": "REGISTRO ELETRÔNICO", "feicao": "ÁREA REQUERIDA PARA CONVERSÃO - Atividade: A1.1.2", "descricao_atividade": "Y1.9 - Agricultura de sequeiro; agricultura irrigada; integração lavoura/pecuária extensiva e semiextensiva/floresta | A1.1.2 - Conversão do uso do solo em imóvel rural (supressão de vegetação nativa para empreendimentos agrossilvipastoris)", "data_criacao": "2025-09-04", "data_emissao": "2025-10-17", "data_validade": "2030-10-17"}}, {"type": "Feature", "geometry": {"type": "MultiPolygon", "coordinates": [[[[-47.80725436764448, -14.19171390501274, 0.0], [-47.80733371800388, -14.19140193998848, 0.0], [-47.80729525992398, -14.19135192249679, 0.0], [-47.80720786354386, -14.19166329453073, 0.0], [-47.80725436764448, -14.19171390501274, 0.0]]], [[[-47.86768656683081, -14.26419739590981, 0.0], [-47.86668714644728, -14.26410403901128, 0.0], [-47.86547237639565, -14.26457199787751, 0.0], [-47.8647522222854, -14.26476157817024, 0.0], [-47.86464526988959, -14.2650151027977, 0.0], [-47.863889067866, -14.26507341067093, 0.0], [-47.86403610357405, -14.26454147747082, 0.0], [-47.86427963541395, -14.26434197483363, 0.0], [-47.86423520264985, -14.26426900821482, 0.0], [-47.86395594163719, -14.26449295954793, 0.0], [-47.86380106911145, -14.2651303737264, 0.0], [-47.86469556875088, -14.26510002188086, 0.0], [-47.86480439570118, -14.26484117121574, 0.0], [-47.86550488954976, -14.26465676039197, 0.0], [-47.86670113445328, -14.2641943005928, 0.0], [-47.86772999938045, -14.26428344994816, 0.0], [-47.86831256710174, -14.26360961900882, 0.0], [-47.86824341604747, -14.26331976912763, 0.0], [-47.86843118521714, -14.26284502439439, 0.0], [-47.8687947485983, -14.26253468002852, 0.0], [-47.87062729535018, -14.26147128775639, 0.0], [-47.87075311130802, -14.2598633035868, 0.0], [-47.87066621329064, -14.25875236209961, 0.0], [-47.871141778048525, -14.25775010242529, 0.0], [-47.8719973497175, -14.25724371967474, 0.0], [-47.87193670731978, -14.25717358184521, 0.0], [-47.8710697939053, -14.25769027978969, 0.0], [-47.87057487492732, -14.25873041419027, 0.0], [-47.87066049414705, -14.25986369862701, 0.0], [-47.87055718058021, -14.26140817946347, 0.0], [-47.86874437675993, -14.26245874946769, 0.0], [-47.86836160751835, -14.26278440173069, 0.0], [-47.86814899705548, -14.26331021313906, 0.0], [-47.86822101525546, -14.26357674190931, 0.0], [-47.86768656683081, -14.26419739590981, 0.0]]], [[[-47.87341427727129, -14.25702252135604, 0.0], [-47.87289306460501, -14.25733147317245, 0.0], [-47.87306187285067, -14.25738549830618, 0.0], [-47.8735448810214, -14.25704091139263, 0.0], [-47.87366218481088, -14.25705282789938, 0.0], [-47.87341427727129, -14.25702252135604, 0.0]]], [[[-47.87198488892221, -14.25714646954599, 0.0], [-47.87204521410484, -14.2572167854976, 0.0], [-47.87227653929249, -14.25708661294831, 0.0], [-47.87282546700404, -14.25730462646379, 0.0], [-47.87294460079353, -14.25725443066609, 0.0], [-47.87228049725613, -14.25699189708785, 0.0], [-47.87198488892221, -14.25714646954599, 0.0]]], [[[-47.87353666155114, -14.25694927774329, 0.0], [-47.87343451731522, -14.25700799452722, 0.0], [-47.87361714773842, -14.25696548931819, 0.0], [-47.87389912616668, -14.25707689722092, 0.0], [-47.87401949070399, -14.25699832642823, 0.0], [-47.87353666155114, -14.25694927774329, 0.0]]], [[[-47.8747729183512, -14.25678606445158, 0.0], [-47.87493986630663, -14.25674276751539, 0.0], [-47.87515466420192, -14.25654314907677, 0.0], [-47.8747729183512, -14.25678606445158, 0.0]]], [[[-47.8792821851332, -14.2455293931105, 0.0], [-47.87955948787291, -14.24498514512017, 0.0], [-47.87975676787069, -14.24464568450299, 0.0], [-47.8793808980508, -14.2452424524624, 0.0], [-47.8792821851332, -14.2455293931105, 0.0]]], [[[-47.87883909652879, -14.24651196351713, 0.0], [-47.87889881729836, -14.24675436557315, 0.0], [-47.87886742507986, -14.24638523443431, 0.0], [-47.87890038273419, -14.24675732804545, 0.0], [-47.87928350943952, -14.24750728619673, 0.0], [-47.87876343456426, -14.24815342127612, 0.0], [-47.8791347347567, -14.24906717126083, 0.0], [-47.87860523565224, -14.24955458776524, 0.0], [-47.87747249597063, -14.24915499352819, 0.0], [-47.87710608647942, -14.24968053101554, 0.0], [-47.8777253790665, -14.25075752548517, 0.0], [-47.87795249952849, -14.2514555363064, 0.0], [-47.87794750027196, -14.25201410735908, 0.0], [-47.87845255397434, -14.25205536605074, 0.0], [-47.8785176786917, -14.2531632842003, 0.0], [-47.87915026493908, -14.25369630936895, 0.0], [-47.87965486430058, -14.25437624650246, 0.0], [-47.8795679491294, -14.25519724446635, 0.0], [-47.878872924741565, -14.2556555816915, 0.0], [-47.87813656278566, -14.25562971414545, 0.0], [-47.87606973190032, -14.25609925568686, 0.0], [-47.87530748729637, -14.25644595292954, 0.0], [-47.87505627383182, -14.25670549106161, 0.0], [-47.8748419967641, -14.2568083226717, 0.0], [-47.87398761977146, -14.25708588695726, 0.0], [-47.87476878393961, -14.25689526469311, 0.0], [-47.87535367630042, -14.25652434571669, 0.0], [-47.87610047677429, -14.25618477825231, 0.0], [-47.87815046699803, -14.25571946420829, 0.0], [-47.87890268692541, -14.25574349725238, 0.0], [-47.87965547917032, -14.2552377644742, 0.0], [-47.87974603664306, -14.25434776816848, 0.0], [-47.87921966190208, -14.25363607053896, 0.0], [-47.87860255111385, -14.25311845284264, 0.0], [-47.8785401689243, -14.25199602383092, 0.0], [-47.87803453892274, -14.25194779435595, 0.0], [-47.8780444357491, -14.2514406143078, 0.0], [-47.87781099530761, -14.25072232240348, 0.0], [-47.87720590042255, -14.24968350018184, 0.0], [-47.8775074057675, -14.24925094798046, 0.0], [-47.87863088590126, -14.24965037285376, 0.0], [-47.87923152165033, -14.24909942536793, 0.0], [-47.8788612172368, -14.24816939295784, 0.0], [-47.87938365429831, -14.24752036523052, 0.0], [-47.87892883117421, -14.24661407037416, 0.0], [-47.87894100050691, -14.24618418089104, 0.0], [-47.8791472605351, -14.2457916807948, 0.0], [-47.87886034258046, -14.24618754791866, 0.0], [-47.87914826034055, -14.24574254974548, 0.0], [-47.87947278505293, -14.24499378391218, 0.0], [-47.87982048817028, -14.2444819171826, 0.0], [-47.87998230263717, -14.24406082980734, 0.0], [-47.87947713314566, -14.24494385468929, 0.0], [-47.87885381478414, -14.24615209955476, 0.0], [-47.87883909652879, -14.24651196351713, 0.0]]], [[[-47.87981715606224, -14.24454148903044, 0.0], [-47.88005436637038, -14.24411798211511, 0.0], [-47.88045656234824, -14.24371584788679, 0.0], [-47.88004510361763, -14.2440589967725, 0.0], [-47.87981715606224, -14.24454148903044, 0.0]]], [[[-47.88007960838564, -14.24396341484143, 0.0], [-47.88037366370633, -14.24373358919505, 0.0], [-47.88050163007748, -14.24351396615412, 0.0], [-47.88042913387894, -14.24361394288964, 0.0], [-47.88007960838564, -14.24396341484143, 0.0]]], [[[-47.8805020214021, -14.24366976378211, 0.0], [-47.88098750636336, -14.24299988083323, 0.0], [-47.88098700607618, -14.24291962212813, 0.0], [-47.88068037626391, -14.24334875462199, 0.0], [-47.8805020214021, -14.24366976378211, 0.0]]], [[[-47.88070729682893, -14.24326248471778, 0.0], [-47.88087738975148, -14.24303607941949, 0.0], [-47.88097626348856, -14.24282649591816, 0.0], [-47.88086928317141, -14.24219602470325, 0.0], [-47.88089915688738, -14.24296575129033, 0.0], [-47.88070729682893, -14.24326248471778, 0.0]]], [[[-47.88091136712869, -14.2418718825207, 0.0], [-47.88094544208634, -14.24174941115524, 0.0], [-47.88095298144619, -14.24160594270665, 0.0], [-47.88093180248172, -14.24171472613434, 0.0], [-47.88091136712869, -14.2418718825207, 0.0]]], [[[-47.88094333745863, -14.24234445607654, 0.0], [-47.88102323648068, -14.24172907068242, 0.0], [-47.88109631153991, -14.24135400561671, 0.0], [-47.88089396515677, -14.24200591272466, 0.0], [-47.88094333745863, -14.24234445607654, 0.0]]], [[[-47.88113089521326, -14.24117649794049, 0.0], [-47.88114467888581, -14.24108896691324, 0.0], [-47.88108126132528, -14.24087436727397, 0.0], [-47.88108473194028, -14.24092953255512, 0.0], [-47.88113089521326, -14.24117649794049, 0.0]]], [[[-47.88098864580299, -14.24142289005832, 0.0], [-47.881099964636675, -14.24117960536799, 0.0], [-47.88105868397034, -14.24087924608717, 0.0], [-47.88059860732663, -14.23990259429059, 0.0], [-47.88063231082301, -14.23863030343825, 0.0], [-47.88052927245348, -14.23991086447488, 0.0], [-47.88090130234412, -14.24059251314216, 0.0], [-47.88105164556396, -14.24109953305673, 0.0], [-47.88098864580299, -14.24142289005832, 0.0]]], [[[-47.88063633723306, -14.23861464984428, 0.0], [-47.88122615492009, -14.237883324087, 0.0], [-47.88124936156759, -14.23775710579553, 0.0], [-47.88069615519769, -14.23839981208762, 0.0], [-47.88063633723306, -14.23861464984428, 0.0]]], [[[-47.88147194551484, -14.23731789154951, 0.0], [-47.88132496482852, -14.23758938728823, 0.0], [-47.88141346805583, -14.23761742149533, 0.0], [-47.88150953667277, -14.23740430274711, 0.0], [-47.882452457263796, -14.23728863049533, 0.0], [-47.882644847607, -14.23735605469742, 0.0], [-47.88245710461765, -14.23719732713308, 0.0], [-47.88147194551484, -14.23731789154951, 0.0]]], [[[-47.88496202944287, -14.23716990296457, 0.0], [-47.88541800661126, -14.23685248651456, 0.0], [-47.88537146688464, -14.23677393355277, 0.0], [-47.88489970905378, -14.23710233804626, 0.0], [-47.88496202944287, -14.23716990296457, 0.0]]], [[[-47.88545626614125, -14.23682585282484, 0.0], [-47.88549950381505, -14.23679575309303, 0.0], [-47.88607182386497, -14.23664054936092, 0.0], [-47.88603537307797, -14.23655669849718, 0.0], [-47.88546684934553, -14.23671087265782, 0.0], [-47.88545626614125, -14.23682585282484, 0.0]]], [[[-47.88620986393919, -14.236603187647, 0.0], [-47.88677947195762, -14.23644917484644, 0.0], [-47.88694082004044, -14.23643461844787, 0.0], [-47.886746643566845, -14.23636433560098, 0.0], [-47.88632338090638, -14.23647877899311, 0.0], [-47.88620986393919, -14.236603187647, 0.0]]], [[[-47.63766971880473, -14.12192955612376, 0.0], [-47.63720117052089, -14.1218069304838, 0.0], [-47.63717115544962, -14.12184408167613, 0.0], [-47.63721379176831, -14.12184795551713, 0.0], [-47.63766971880473, -14.12192955612376, 0.0]]], [[[-47.63718596787172, -14.12178054892048, 0.0], [-47.63726356758165, -14.1217650320858, 0.0], [-47.63719519538043, -14.12175554620955, 0.0], [-47.63718596787172, -14.12178054892048, 0.0]]], [[[-47.63029248595734, -14.12122851462734, 0.0], [-47.63031027341631, -14.1211713442325, 0.0], [-47.62984984663524, -14.12113212521883, 0.0], [-47.63029248595734, -14.12122851462734, 0.0]]], [[[-47.62221472722608, -14.12089679246436, 0.0], [-47.62373071692531, -14.12062476292562, 0.0], [-47.62434889876145, -14.12078856977964, 0.0], [-47.62634635113105, -14.12094990112274, 0.0], [-47.62639520231198, -14.12086282409383, 0.0], [-47.624361212073715, -14.1206989531955, 0.0], [-47.62372984177794, -14.12053269129048, 0.0], [-47.62227882086584, -14.12081846769029, 0.0], [-47.62021005803014, -14.12026698108681, 0.0], [-47.621577972287405, -14.12075403896535, 0.0], [-47.62221472722608, -14.12089679246436, 0.0]]], [[[-47.50969712400301, -14.15085313919749, 0.0], [-47.50979119104197, -14.15082797375199, 0.0], [-47.50981635356542, -14.15025591194096, 0.0], [-47.50972343602848, -14.15026778597456, 0.0], [-47.50969712400301, -14.15085313919749, 0.0]]], [[[-47.50972434202098, -14.1502330987351, 0.0], [-47.5098172298003, -14.1502223100215, 0.0], [-47.50981115228439, -14.15018441729572, 0.0], [-47.50974774342659, -14.1501685459231, 0.0], [-47.50972434202098, -14.1502330987351, 0.0]]], [[[-47.63856764056237, -14.33415665028292, 0.0], [-47.63863801561417, -14.33409763618044, 0.0], [-47.63854017271336, -14.33397160831652, 0.0], [-47.63846622592938, -14.33402602082037, 0.0], [-47.63856764056237, -14.33415665028292, 0.0]]], [[[-47.84785594579656, -14.19727925971347, 0.0], [-47.84794530762495, -14.19730148311721, 0.0], [-47.84804893358698, -14.19692646466687, 0.0], [-47.84795660352938, -14.19691420995845, 0.0], [-47.84785594579656, -14.19727925971347, 0.0]]], [[[-47.8498063338087, -14.19648596510304, 0.0], [-47.85058895192276, -14.19673605777223, 0.0], [-47.85132789841114, -14.19710334167348, 0.0], [-47.85199570993115, -14.19757073357021, 0.0], [-47.85367886927608, -14.19897683770092, 0.0], [-47.85382568270695, -14.19889534806473, 0.0], [-47.8538751141192, -14.19877914531447, 0.0], [-47.85370673883451, -14.19888136753334, 0.0], [-47.85205380566167, -14.19750035696713, 0.0], [-47.85137468123121, -14.19702527747936, 0.0], [-47.85062161748585, -14.19665146741117, 0.0], [-47.84983109699682, -14.19639884424222, 0.0], [-47.84910430206229, -14.19639448110285, 0.0], [-47.8498063338087, -14.19648596510304, 0.0]]], [[[-47.84888960076958, -14.19637100749981, 0.0], [-47.84916839133898, -14.19634964653414, 0.0], [-47.84969120776869, -14.19637984708584, 0.0], [-47.84899185682061, -14.19628905602593, 0.0], [-47.84888960076958, -14.19637100749981, 0.0]]], [[[-47.84808169468587, -14.19643563208191, 0.0], [-47.84819396094429, -14.19637161481854, 0.0], [-47.84884617220127, -14.19637795714506, 0.0], [-47.84886894515697, -14.19628786140926, 0.0], [-47.848149496328, -14.1962817360105, 0.0], [-47.84808169468587, -14.19643563208191, 0.0]]], [[[-47.89138419207162, -14.23992492150203, 0.0], [-47.89149913516755, -14.23989794733664, 0.0], [-47.89151110868453, -14.23983516606126, 0.0], [-47.89135439618337, -14.23984267385708, 0.0], [-47.89138419207162, -14.23992492150203, 0.0]]], [[[-47.57999750833324, -14.31288277744335, 0.0], [-47.58018582234622, -14.31306933574719, 0.0], [-47.57984256736918, -14.31234590043742, 0.0], [-47.57975038889332, -14.31236695180826, 0.0], [-47.57999750833324, -14.31288277744335, 0.0]]], [[[-47.85325078489958, -14.19556563345862, 0.0], [-47.85333976412642, -14.19555425886928, 0.0], [-47.85333973635072, -14.19549447870687, 0.0], [-47.853274462833, -14.19548969068856, 0.0], [-47.85325078489958, -14.19556563345862, 0.0]]]]}, "properties": {"numero_processo": "20253708", "tipo_licenca": "Licença Ambiental por Adesão e Compromisso", "feicao": "ÁREA REQUERIDA PARA CONVERSÃO - Atividade: A1.1.4", "descricao_atividade": "A1.1.4 - Conversão do uso do solo (asv) em áreas de vegetação nativa, mesmo que seja campestre, para empreendimentos lineares, de distribuição de energia até 34,5 kv. | Y1.13 - Registro de corte de árvores isoladas para implantação de empreendi", "data_criacao": "2025-07-30", "data_emissao": "2025-10-14", "data_validade": "2030-10-14"}}, {"type": "Feature", "geometry": {"type": "MultiPolygon", "coordinates": [[[[-47.88993404988815, -14.22108765138435, 0.0], [-47.89026674757386, -14.2209023329616, 0.0], [-47.89026519570432, -14.22080024630684, 0.0], [-47.88987160347166, -14.22105397934716, 0.0], [-47.88993404988815, -14.22108765138435, 0.0]]], [[[-47.89066480465542, -14.22069052220957, 0.0], [-47.8910149177693, -14.22050116049657, 0.0], [-47.89145648601075, -14.21960179008588, 0.0], [-47.89093988550014, -14.22044498406772, 0.0], [-47.8904696467468, -14.22069139169295, 0.0], [-47.89066480465542, -14.22069052220957, 0.0]]]]}, "properties": {"numero_processo": "20251222", "tipo_licenca": "LICENÇA AMBIENTAL ORDINÁRIA", "feicao": "ÁREA REQUERIDA PARA CONVERSÃO - Atividade: A1.1.1", "descricao_atividade": "A1.1.1 - Conversão do uso do solo (asv) em áreas de vegetação nativa), mesmo que seja campestre, para empreendimentos lineares, de geração de energia hidráulica, abastecimento público de água ou tratamento de esgoto e similares que possuem licen", "data_criacao": "2025-03-01", "data_emissao": "2025-08-01", "data_validade": "2030-08-01"}}, {"type": "Feature", "geometry": {"type": "MultiPolygon", "coordinates": [[[[-47.57704454248925, -14.14604389176327, 0.0], [-47.57687504192009, -14.14589713670221, 0.0], [-47.57480099938886, -14.145874754018, 0.0], [-47.57439801586131, -14.14566661572306, 0.0], [-47.57424387731763, -14.14523138551635, 0.0], [-47.57423966681804, -14.1440434361896, 0.0], [-47.57415539911887, -14.14402126616892, 0.0], [-47.57415172729906, -14.14524404814154, 0.0], [-47.57433309768192, -14.14573471038159, 0.0], [-47.57478298954663, -14.14596421538084, 0.0], [-47.57685343734249, -14.14598774438047, 0.0], [-47.57701053054763, -14.1461212591158, 0.0], [-47.57704454248925, -14.14604389176327, 0.0]]]]}, "properties": {"numero_processo": "20251601", "tipo_licenca": "LICENÇA AMBIENTAL ORDINÁRIA", "feicao": "ÁREA REQUERIDA PARA CONVERSÃO - Atividade: A1.1.1", "descricao_atividade": "A1.1.1 - Conversão do uso do solo (asv) em áreas de vegetação nativa), mesmo que seja campestre, para empreendimentos lineares, de geração de energia hidráulica, abastecimento público de água ou tratamento de esgoto e similares que possuem licen", "data_criacao": "2025-04-07", "data_emissao": "2025-09-08", "data_validade": "2030-09-08"}}, {"type": "Feature", "geometry": {"type": "MultiPolygon", "coordinates": [[[[-47.86690853814, -14.20182583367453, 0.0], [-47.86695126644097, -14.20176471705951, 0.0], [-47.86677104861727, -14.20146721867113, 0.0], [-47.86664524007356, -14.20143738792256, 0.0], [-47.86690853814, -14.20182583367453, 0.0]]], [[[-47.86619447726216, -14.20065161403656, 0.0], [-47.86627228479691, -14.20064758140237, 0.0], [-47.86621283044602, -14.20054987728691, 0.0], [-47.86619363085389, -14.2005843840418, 0.0], [-47.86619447726216, -14.20065161403656, 0.0]]], [[[-47.86616277776262, -14.20064453853936, 0.0], [-47.86615976750879, -14.2005698543244, 0.0], [-47.86604184832193, -14.20044580919315, 0.0], [-47.86616277776262, -14.20064453853936, 0.0]]], [[[-47.86617791027196, -14.20055171435709, 0.0], [-47.86613082352265, -14.20041511128101, 0.0], [-47.86606929509939, -14.20043651904485, 0.0], [-47.86617791027196, -14.20055171435709, 0.0]]], [[[-47.86602230053038, -14.20041368529225, 0.0], [-47.86610761669024, -14.20037697431245, 0.0], [-47.86465221981942, -14.1979852106924, 0.0], [-47.86460382817858, -14.19808260200071, 0.0], [-47.86602230053038, -14.20041368529225, 0.0]]], [[[-47.86457352845916, -14.19803280743973, 0.0], [-47.864618511575244, -14.19792981455135, 0.0], [-47.86454521674887, -14.19780936167555, 0.0], [-47.86449533752659, -14.19790430831428, 0.0], [-47.86457352845916, -14.19803280743973, 0.0]]], [[[-47.86578314679501, -14.19433816577151, 0.0], [-47.86583145560776, -14.19423303731404, 0.0], [-47.86726292289258, -14.19332344453056, 0.0], [-47.86730705244162, -14.19318762523996, 0.0], [-47.86576425946126, -14.19416850766185, 0.0], [-47.86578314679501, -14.19433816577151, 0.0]]], [[[-47.86538035169155, -14.19500374732879, 0.0], [-47.86439660410549, -14.19771032522134, 0.0], [-47.86447609369205, -14.19787268292916, 0.0], [-47.86548338199808, -14.19499050474711, 0.0], [-47.86576063772818, -14.19438714942439, 0.0], [-47.86570109145541, -14.19429596783885, 0.0], [-47.86541556329394, -14.19491732502791, 0.0], [-47.86211009502275, -14.19261814220401, 0.0], [-47.86206977484105, -14.19270101156403, 0.0], [-47.86538035169155, -14.19500374732879, 0.0]]], [[[-47.87279283316893, -14.19679673410753, 0.0], [-47.87289129133283, -14.1968114123677, 0.0], [-47.87183669015339, -14.19234394304019, 0.0], [-47.871789678669, -14.19244317731434, 0.0], [-47.87199495173891, -14.19341679006314, 0.0], [-47.87279283316893, -14.19679673410753, 0.0]]], [[[-47.86734913998045, -14.19316088144852, 0.0], [-47.86729829999388, -14.19330096478753, 0.0], [-47.87070911209273, -14.19113358432271, 0.0], [-47.87148802041509, -14.19126927676531, 0.0], [-47.87158147981357, -14.19126278985281, 0.0], [-47.87156800544438, -14.1912075386843, 0.0], [-47.87068267039749, -14.19104385999252, 0.0], [-47.86734913998045, -14.19316088144852, 0.0]]], [[[-47.357576133544235, -14.06327920902024, 0.0], [-47.357603073358725, -14.06322081923933, 0.0], [-47.35766383640068, -14.06327409631207, 0.0], [-47.35760382395319, -14.06335270145964, 0.0], [-47.35830365694351, -14.06507838052885, 0.0], [-47.35833082666447, -14.06502049417771, 0.0], [-47.35713885244935, -14.06185690742441, 0.0], [-47.35700703947083, -14.0617687903156, 0.0], [-47.357576133544235, -14.06327920902024, 0.0]]], [[[-47.58425860268206, -14.36839625443857, 0.0], [-47.58390018107285, -14.36821917283965, 0.0], [-47.58382172517206, -14.36828167982583, 0.0], [-47.58425455751443, -14.36848979629477, 0.0], [-47.58507581185744, -14.36816228025451, 0.0], [-47.58425860268206, -14.36839625443857, 0.0]]], [[[-47.58709700320262, -14.3677076414803, 0.0], [-47.5876495303484, -14.3676201700757, 0.0], [-47.58764139864305, -14.36752994390961, 0.0], [-47.58709269795673, -14.36761680952525, 0.0], [-47.58709700320262, -14.3677076414803, 0.0]]], [[[-47.50631425580217, -14.15441497738134, 0.0], [-47.50596663682119, -14.15284064945794, 0.0], [-47.50591264056132, -14.15280470861314, 0.0], [-47.50618805707697, -14.15440369524087, 0.0], [-47.50631425580217, -14.15441497738134, 0.0]]], [[[-47.6176159992985, -14.19367181028908, 0.0], [-47.61768095380807, -14.19359799834633, 0.0], [-47.6174923729813, -14.19354590326517, 0.0], [-47.6173957710488, -14.19359845028011, 0.0], [-47.6176159992985, -14.19367181028908, 0.0]]], [[[-47.61817812310374, -14.19369029703362, 0.0], [-47.61852542133336, -14.19380438490387, 0.0], [-47.61858338298872, -14.19372811380972, 0.0], [-47.61817812310374, -14.19369029703362, 0.0]]], [[[-47.82974649498264, -14.19583827790625, 0.0], [-47.82970818015851, -14.19578799495931, 0.0], [-47.82907889222948, -14.19568650319903, 0.0], [-47.8294453475196, -14.19578545025759, 0.0], [-47.82974649498264, -14.19583827790625, 0.0]]], [[[-47.82829877178709, -14.19521311472262, 0.0], [-47.82812846342079, -14.19495083960696, 0.0], [-47.8282163385834, -14.19512702716172, 0.0], [-47.82829877178709, -14.19521311472262, 0.0]]], [[[-47.82868498893254, -14.19581284992236, 0.0], [-47.82907439643322, -14.19577745598786, 0.0], [-47.82971785060381, -14.19587442671662, 0.0], [-47.82905253481465, -14.19571362303338, 0.0], [-47.828751180244325, -14.19574777456023, 0.0], [-47.82846038336731, -14.19552753187196, 0.0], [-47.82824087099364, -14.19520894450972, 0.0], [-47.82800674411641, -14.19477187214637, 0.0], [-47.82774437005681, -14.19465931163321, 0.0], [-47.82795082532792, -14.19484575300956, 0.0], [-47.82844651282187, -14.19560850661605, 0.0], [-47.82868498893254, -14.19581284992236, 0.0]]], [[[-47.81711342679497, -14.19488857184858, 0.0], [-47.81656746407229, -14.19463082110918, 0.0], [-47.81659556416211, -14.19443056171837, 0.0], [-47.81649153865888, -14.1945060257839, 0.0], [-47.81649213865925, -14.19464221864521, 0.0], [-47.81684461403945, -14.19481969219806, 0.0], [-47.81706881739519, -14.19492459244985, 0.0], [-47.81732597914414, -14.19492156489992, 0.0], [-47.81737198115157, -14.19487800748557, 0.0], [-47.81740655291107, -14.19430644613415, 0.0], [-47.81751557847992, -14.19401122118845, 0.0], [-47.81767372747954, -14.19387660677587, 0.0], [-47.81747112638443, -14.19399917927385, 0.0], [-47.81736041077684, -14.1943012957898, 0.0], [-47.81734061271777, -14.19486905277405, 0.0], [-47.81711342679497, -14.19488857184858, 0.0]]], [[[-47.82774499887887, -14.19475819038079, 0.0], [-47.82563139133305, -14.19305458341307, 0.0], [-47.82503845780857, -14.19264672215248, 0.0], [-47.82488777358324, -14.19250511556434, 0.0], [-47.8248241880427, -14.19246423562542, 0.0], [-47.82497552530072, -14.19264541773077, 0.0], [-47.82677775842198, -14.19409604043704, 0.0], [-47.82774499887887, -14.19475819038079, 0.0]]], [[[-47.82501518817165, -14.1925497824586, 0.0], [-47.82489639889383, -14.19240482845922, 0.0], [-47.82463568874917, -14.19223495993372, 0.0], [-47.8247191951824, -14.19234269020794, 0.0], [-47.82501518817165, -14.1925497824586, 0.0]]], [[[-47.82456033930714, -14.19219866361143, 0.0], [-47.8243419179564, -14.19209396013574, 0.0], [-47.82428422563985, -14.1920961956564, 0.0], [-47.82440132156314, -14.19216551635146, 0.0], [-47.82456033930714, -14.19219866361143, 0.0]]], [[[-47.82215706138986, -14.19209533281684, 0.0], [-47.82023252326219, -14.19244813125234, 0.0], [-47.81940820862339, -14.19240554074749, 0.0], [-47.81869996544022, -14.1931674270204, 0.0], [-47.81872636294083, -14.19365941156808, 0.0], [-47.81867389563058, -14.19370769077344, 0.0], [-47.81804778510566, -14.19375057034366, 0.0], [-47.81774469109416, -14.19383529746004, 0.0], [-47.81865922279282, -14.19372436038735, 0.0], [-47.81862858477218, -14.19377114309671, 0.0], [-47.81806164543298, -14.19379927153439, 0.0], [-47.817739422254355, -14.19388909731669, 0.0], [-47.81754750608624, -14.19401801458465, 0.0], [-47.81743842144829, -14.19430846069967, 0.0], [-47.81740671272491, -14.19491344507043, 0.0], [-47.81709375229789, -14.19496014541755, 0.0], [-47.81696744770909, -14.1949199886533, 0.0], [-47.81710464475562, -14.19497965953456, 0.0], [-47.81742667600145, -14.19493256378261, 0.0], [-47.81745017265933, -14.19432989633791, 0.0], [-47.81754858784352, -14.19405429316917, 0.0], [-47.81779360993816, -14.1939118884436, 0.0], [-47.81870247271555, -14.19379571973141, 0.0], [-47.81880448188105, -14.19371176923057, 0.0], [-47.81878808483298, -14.19320686162812, 0.0], [-47.81945067037557, -14.19249277251605, 0.0], [-47.82023877975016, -14.19253820393313, 0.0], [-47.822140505371635, -14.1921870394138, 0.0], [-47.82264670284667, -14.19247142671855, 0.0], [-47.82345995707853, -14.19222800628675, 0.0], [-47.82431921955246, -14.19218323789405, 0.0], [-47.82443926784435, -14.19224109438112, 0.0], [-47.8243165784991, -14.1921315672213, 0.0], [-47.82348717627742, -14.19215753214602, 0.0], [-47.8226522425411, -14.19237755446407, 0.0], [-47.82215706138986, -14.19209533281684, 0.0]], [[-47.82253810055087, -14.19232938460345, 0.0], [-47.82241831662715, -14.19231655117831, 0.0], [-47.82242313280612, -14.19226974749226, 0.0], [-47.82253810055087, -14.19232938460345, 0.0]]], [[[-47.65838619236273, -14.17934162755464, 0.0], [-47.65840556687026, -14.17967135178488, 0.0], [-47.65899467188916, -14.17778147618278, 0.0], [-47.65887961633553, -14.1778359761819, 0.0], [-47.65838619236273, -14.17934162755464, 0.0]]], [[[-47.62177780237536, -14.20372914800122, 0.0], [-47.621801552265715, -14.20358885883276, 0.0], [-47.62176001175783, -14.20356649087184, 0.0], [-47.62177780237536, -14.20372914800122, 0.0]]], [[[-47.62174684918099, -14.20254504858384, 0.0], [-47.62176487973461, -14.20204077121526, 0.0], [-47.62170886586558, -14.20199802378893, 0.0], [-47.62174684918099, -14.20254504858384, 0.0]]], [[[-47.45265079436727, -14.09258736133357, 0.0], [-47.45258450285479, -14.09248216775135, 0.0], [-47.45253773755313, -14.09243221061488, 0.0], [-47.45259463216684, -14.09259914532206, 0.0], [-47.45265079436727, -14.09258736133357, 0.0]]], [[[-47.45260548044268, -14.09263094284685, 0.0], [-47.4530748571179, -14.09397842943127, 0.0], [-47.45313445875994, -14.09400482111699, 0.0], [-47.45269625544774, -14.09261107298577, 0.0], [-47.45260548044268, -14.09263094284685, 0.0]]], [[[-47.67429611342006, -14.19381605547803, 0.0], [-47.67411063442506, -14.19393252277741, 0.0], [-47.67431998066296, -14.19385899470763, 0.0], [-47.67429611342006, -14.19381605547803, 0.0]]], [[[-47.60052481035801, -14.36271205895464, 0.0], [-47.60046562687272, -14.36270028487673, 0.0], [-47.60045156891657, -14.36283433064591, 0.0], [-47.60049767447932, -14.3628496270642, 0.0], [-47.60052481035801, -14.36271205895464, 0.0]]], [[[-47.60079264489654, -14.36480215640166, 0.0], [-47.60064203860151, -14.36368907222531, 0.0], [-47.60053483493258, -14.36354840779512, 0.0], [-47.60030529067088, -14.36354398281939, 0.0], [-47.60047699425309, -14.3628736101998, 0.0], [-47.60026966020552, -14.36356968815061, 0.0], [-47.60050384346362, -14.3635762449234, 0.0], [-47.60058916645752, -14.36366659726251, 0.0], [-47.60079264489654, -14.36480215640166, 0.0]]], [[[-47.60025412534436, -14.36357594474334, 0.0], [-47.60039160976124, -14.36304799819121, 0.0], [-47.60038704099891, -14.36293215079035, 0.0], [-47.60020923596435, -14.36354386621746, 0.0], [-47.60025412534436, -14.36357594474334, 0.0]]], [[[-47.60028853006639, -14.36366783474648, 0.0], [-47.60049790790525, -14.36364020116404, 0.0], [-47.60056989211832, -14.36383289461592, 0.0], [-47.60053589781803, -14.36364892447766, 0.0], [-47.6004356026332, -14.36361351030553, 0.0], [-47.60037321704918, -14.36361723851817, 0.0], [-47.60028853006639, -14.36366783474648, 0.0]]], [[[-47.60073694686378, -14.36483956600079, 0.0], [-47.60070365611658, -14.36475404935058, 0.0], [-47.600626238593115, -14.3648854349021, 0.0], [-47.60073694686378, -14.36483956600079, 0.0]]], [[[-47.60059550475573, -14.36493133852992, 0.0], [-47.60062716335819, -14.36504081381836, 0.0], [-47.60073728873466, -14.3648848357235, 0.0], [-47.60059550475573, -14.36493133852992, 0.0]]], [[[-47.50933062412109, -14.17649481003323, 0.0], [-47.50946749191848, -14.17640484218518, 0.0], [-47.50881722056553, -14.17640036796218, 0.0], [-47.50895424112898, -14.17649288815272, 0.0], [-47.50933062412109, -14.17649481003323, 0.0]]], [[[-47.50436313259095, -14.17324405015814, 0.0], [-47.50445459213582, -14.17321291213346, 0.0], [-47.50391290802153, -14.17250680576373, 0.0], [-47.50385727205517, -14.17258446577351, 0.0], [-47.50436313259095, -14.17324405015814, 0.0]]], [[[-47.50124332805213, -14.17013032372062, 0.0], [-47.50129510742084, -14.17004712251563, 0.0], [-47.50094316765337, -14.16959018390319, 0.0], [-47.50066356379045, -14.16945707366383, 0.0], [-47.50057493235195, -14.16951583598211, 0.0], [-47.50088081698608, -14.16965866633135, 0.0], [-47.50124332805213, -14.17013032372062, 0.0]]], [[[-47.82808140106891, -14.17781581306587, 0.0], [-47.8275635789218, -14.17795524724406, 0.0], [-47.82767729888712, -14.17801017975752, 0.0], [-47.82832588040937, -14.17779800251737, 0.0], [-47.82916973875917, -14.17775195117494, 0.0], [-47.82898293144548, -14.17768777315789, 0.0], [-47.82808140106891, -14.17781581306587, 0.0]]], [[[-47.82916278731488, -14.17766100027864, 0.0], [-47.82930852427313, -14.17772249775008, 0.0], [-47.8298953148988, -14.17759060625601, 0.0], [-47.82983997132687, -14.17751728656478, 0.0], [-47.82916278731488, -14.17766100027864, 0.0]]], [[[-47.66652120044334, -14.15462718270464, 0.0], [-47.66645859632837, -14.15461264666864, 0.0], [-47.666442376343475, -14.15467452485883, 0.0], [-47.66644306681729, -14.15467560354354, 0.0], [-47.66652120044334, -14.15462718270464, 0.0]]], [[[-47.66699959031445, -14.15550153390159, 0.0], [-47.66707808035639, -14.15545369563687, 0.0], [-47.66653970146529, -14.15465463867618, 0.0], [-47.66646032790369, -14.1547012548948, 0.0], [-47.66699959031445, -14.15550153390159, 0.0]]], [[[-47.88568999994159, -14.24241427884503, 0.0], [-47.88663034485518, -14.24194248874451, 0.0], [-47.88672989645734, -14.2416465460684, 0.0], [-47.8866216422124, -14.24168354435465, 0.0], [-47.88656157031489, -14.24187675522351, 0.0], [-47.88566629125826, -14.24233030171753, 0.0], [-47.88568999994159, -14.24241427884503, 0.0]]], [[[-47.44188784525501, -14.09733387439198, 0.0], [-47.44194489050892, -14.0973292611781, 0.0], [-47.44197124516423, -14.09730668049226, 0.0], [-47.44191927703411, -14.0972835835455, 0.0], [-47.44188784525501, -14.09733387439198, 0.0]]], [[[-47.44141967043935, -14.09729121090371, 0.0], [-47.44145575874467, -14.09735078218042, 0.0], [-47.44152309677661, -14.09728715273693, 0.0], [-47.44183460782028, -14.09733607594089, 0.0], [-47.44186569372398, -14.09724436787649, 0.0], [-47.44141967043935, -14.09729121090371, 0.0]]], [[[-47.44200175868735, -14.09726642764234, 0.0], [-47.4423700881243, -14.09678053456968, 0.0], [-47.4421120133756, -14.09704087852293, 0.0], [-47.44200175868735, -14.09726642764234, 0.0]]], [[[-47.44161226512268, -14.09586553293747, 0.0], [-47.441616900604, -14.09575603565567, 0.0], [-47.44140164717607, -14.09559861765168, 0.0], [-47.4412472850828, -14.09559861765169, 0.0], [-47.44161226512268, -14.09586553293747, 0.0]]], [[[-47.44119527888857, -14.09556058475479, 0.0], [-47.44132867481625, -14.09554525188966, 0.0], [-47.44113809667444, -14.0955187665584, 0.0], [-47.44119527888857, -14.09556058475479, 0.0]]], [[[-47.44058776368638, -14.09514346332284, 0.0], [-47.44076477524305, -14.09513286382183, 0.0], [-47.44046070030516, -14.09498936202463, 0.0], [-47.44023635737666, -14.09497723996, 0.0], [-47.44058776368638, -14.09514346332284, 0.0]]], [[[-47.43922303995517, -14.09431147815032, 0.0], [-47.43908504720902, -14.0943057225054, 0.0], [-47.4398501127981, -14.0948226920498, 0.0], [-47.43985977003474, -14.09471955129174, 0.0], [-47.43922303995517, -14.09431147815032, 0.0]]], [[[-47.46996387574626, -14.08190864927379, 0.0], [-47.47002949339844, -14.08182138442069, 0.0], [-47.46982824141299, -14.08165397297394, 0.0], [-47.46975474612675, -14.08129417013257, 0.0], [-47.46931324721039, -14.08103795781197, 0.0], [-47.46931399104096, -14.08110715836453, 0.0], [-47.46967753990469, -14.08135019853698, 0.0], [-47.46974455700342, -14.08169758447848, 0.0], [-47.46996387574626, -14.08190864927379, 0.0]]], [[[-47.65862018366629, -14.17968508844819, 0.0], [-47.65875185516472, -14.1792938138347, 0.0], [-47.65871434795818, -14.17923877231689, 0.0], [-47.65857463087612, -14.17962945003111, 0.0], [-47.65862018366629, -14.17968508844819, 0.0]]], [[[-47.541613254677245, -14.09591314312357, 0.0], [-47.54322090191022, -14.094975399939, 0.0], [-47.54318937693159, -14.09482940088173, 0.0], [-47.54157021544935, -14.09583290256883, 0.0], [-47.541613254677245, -14.09591314312357, 0.0]]], [[[-47.5021040526878, -14.14820065671734, 0.0], [-47.50167133262585, -14.14796250965276, 0.0], [-47.50142543336551, -14.14795891620003, 0.0], [-47.50145505136528, -14.14804937611451, 0.0], [-47.50164344394027, -14.14805015056906, 0.0], [-47.50205817508348, -14.1482791217639, 0.0], [-47.50225716401751, -14.14812076405895, 0.0], [-47.50233460815977, -14.14780532982275, 0.0], [-47.5021040526878, -14.14820065671734, 0.0]]], [[[-47.503374496677, -14.14516767605367, 0.0], [-47.50373737480199, -14.14420517606744, 0.0], [-47.50403247302486, -14.1432167410825, 0.0], [-47.50387006609946, -14.14370318303297, 0.0], [-47.503374496677, -14.14516767605367, 0.0]]], [[[-47.50331195624845, -14.14546566514292, 0.0], [-47.50337797655753, -14.14544549636336, 0.0], [-47.50419367916749, -14.14302255799954, 0.0], [-47.504139166161, -14.14303757707703, 0.0], [-47.50331195624845, -14.14546566514292, 0.0]]], [[[-47.62857955615257, -14.16748420755803, 0.0], [-47.62863564937098, -14.1675830565422, 0.0], [-47.6283593908663, -14.16667088466982, 0.0], [-47.62857955615257, -14.16748420755803, 0.0]]], [[[-47.62833215408577, -14.16668627666753, 0.0], [-47.62877908659789, -14.1683467589062, 0.0], [-47.62897210414059, -14.16908949820031, 0.0], [-47.62885064962881, -14.1685625174404, 0.0], [-47.62833215408577, -14.16668627666753, 0.0]]], [[[-47.62899793814907, -14.16904013995543, 0.0], [-47.62864433850554, -14.16761726523623, 0.0], [-47.62862654888729, -14.16760845569012, 0.0], [-47.62868556253391, -14.16788314846976, 0.0], [-47.62899793814907, -14.16904013995543, 0.0]]], [[[-47.62894072386953, -14.16910934107809, 0.0], [-47.62872935262961, -14.16823974964506, 0.0], [-47.62856820078349, -14.16769300792904, 0.0], [-47.62890512460382, -14.16901945022387, 0.0], [-47.62885032934054, -14.16916822254784, 0.0], [-47.62894072386953, -14.16910934107809, 0.0]]], [[[-47.83673749618168, -14.17679975760926, 0.0], [-47.83681401571586, -14.17676214180681, 0.0], [-47.83679630929105, -14.17670066143108, 0.0], [-47.83669990689749, -14.17671684007046, 0.0], [-47.83673749618168, -14.17679975760926, 0.0]]], [[[-47.83660801923162, -14.17678024549939, 0.0], [-47.83667196933909, -14.17678114257797, 0.0], [-47.83665846731884, -14.1767306087716, 0.0], [-47.83660801923162, -14.17678024549939, 0.0]]], [[[-47.67783533832434, -14.31490349143469, 0.0], [-47.67818017047625, -14.31476365722198, 0.0], [-47.67860454081977, -14.31472962068016, 0.0], [-47.67889333724414, -14.3146158280774, 0.0], [-47.67815818878454, -14.3146753413496, 0.0], [-47.67772495674322, -14.31485042868537, 0.0], [-47.67783533832434, -14.31490349143469, 0.0]]], [[[-47.6789437545622, -14.3147024135617, 0.0], [-47.6806578488881, -14.31446223818453, 0.0], [-47.68220766556936, -14.31415410469933, 0.0], [-47.68220128512701, -14.31408617653566, 0.0], [-47.67930717186069, -14.31458263533324, 0.0], [-47.6789437545622, -14.3147024135617, 0.0]]], [[[-47.67700701770177, -14.31453830729175, 0.0], [-47.67762463582309, -14.31497018984505, 0.0], [-47.67774007600185, -14.31494212151411, 0.0], [-47.67704769016473, -14.31445628018951, 0.0], [-47.67623683184127, -14.31426541921412, 0.0], [-47.67472086961969, -14.31400296966901, 0.0], [-47.67313333287136, -14.31390785259416, 0.0], [-47.67317579949365, -14.31400088410065, 0.0], [-47.67470758325682, -14.31409240464608, 0.0], [-47.67621658272481, -14.3143535694623, 0.0], [-47.67700701770177, -14.31453830729175, 0.0]]], [[[-47.68223846639228, -14.31414950040299, 0.0], [-47.68516133922702, -14.31372645234148, 0.0], [-47.685434871681196, -14.31367720857872, 0.0], [-47.68547279915089, -14.31357853080445, 0.0], [-47.68223481003719, -14.31405866989847, 0.0], [-47.68223846639228, -14.31414950040299, 0.0]]], [[[-47.70282316227838, -14.3132035441314, 0.0], [-47.7038321119153, -14.31330499062466, 0.0], [-47.70359272682963, -14.31321411732353, 0.0], [-47.70282316227838, -14.3132035441314, 0.0]]], [[[-47.68565119264562, -14.3136382643097, 0.0], [-47.68648823389253, -14.31341202048651, 0.0], [-47.68647264782282, -14.31332226104669, 0.0], [-47.68563527995046, -14.31354927911955, 0.0], [-47.68565119264562, -14.3136382643097, 0.0]]], [[[-47.66827541445663, -14.31358026700324, 0.0], [-47.66829409421862, -14.3134915697511, 0.0], [-47.66726064048347, -14.3133574671583, 0.0], [-47.66723624715571, -14.31344542215125, 0.0], [-47.66827541445663, -14.31358026700324, 0.0]]], [[[-47.68652637779498, -14.31340080037068, 0.0], [-47.68768625654063, -14.31315368313913, 0.0], [-47.6881879117175, -14.31302250887057, 0.0], [-47.68813979689647, -14.31294157796897, 0.0], [-47.68653961081363, -14.31330271578378, 0.0], [-47.68652637779498, -14.31340080037068, 0.0]]], [[[-47.68861275900342, -14.31291136927962, 0.0], [-47.6896816771905, -14.3126374630075, 0.0], [-47.68967958176719, -14.31257621746812, 0.0], [-47.68854753818442, -14.31285097608862, 0.0], [-47.68861275900342, -14.31291136927962, 0.0]]], [[[-47.66595257565247, -14.31321011909361, 0.0], [-47.66592133728593, -14.31311054512276, 0.0], [-47.66459567750655, -14.31281746311021, 0.0], [-47.66460385519289, -14.31291175344103, 0.0], [-47.66595257565247, -14.31321011909361, 0.0]]], [[[-47.69630468379173, -14.31244091119694, 0.0], [-47.6960830069109, -14.31236212991915, 0.0], [-47.6952909245867, -14.31229677917557, 0.0], [-47.69556931171841, -14.31232122464679, 0.0], [-47.69630468379173, -14.31244091119694, 0.0]]], [[[-47.6943989182544, -14.31221844887468, 0.0], [-47.6949616887382, -14.31221998588397, 0.0], [-47.69439810041147, -14.31214990100352, 0.0], [-47.6943989182544, -14.31221844887468, 0.0]]], [[[-47.69384944824054, -14.31217548241405, 0.0], [-47.69385473333364, -14.31213120869699, 0.0], [-47.6935483550403, -14.31216007152125, 0.0], [-47.69384944824054, -14.31217548241405, 0.0]]], [[[-47.69434369036031, -14.31221359899975, 0.0], [-47.69433524898365, -14.31214105411519, 0.0], [-47.6938859880167, -14.31212129433898, 0.0], [-47.69388932200854, -14.3121775232493, 0.0], [-47.69434369036031, -14.31221359899975, 0.0]]], [[[-47.69187385295758, -14.31209248381145, 0.0], [-47.69010981060785, -14.31247956993552, 0.0], [-47.69003569094097, -14.31255398125264, 0.0], [-47.69222808888342, -14.31206097724877, 0.0], [-47.69353271136954, -14.31213271603379, 0.0], [-47.692600440657, -14.31201924081605, 0.0], [-47.69187385295758, -14.31209248381145, 0.0]]], [[[-47.66050430785882, -14.31176568936317, 0.0], [-47.66132408814078, -14.31200695808786, 0.0], [-47.6613741725575, -14.31192975637959, 0.0], [-47.66136998769704, -14.31202080513752, 0.0], [-47.66325756253958, -14.312590794039, 0.0], [-47.66283923171409, -14.31237524138194, 0.0], [-47.66058578433598, -14.31168967406403, 0.0], [-47.66050430785882, -14.31176568936317, 0.0]]], [[[-47.65958501671754, -14.31153207601409, 0.0], [-47.65964160206126, -14.31145348808116, 0.0], [-47.65922061001891, -14.3113417182122, 0.0], [-47.65916905740337, -14.3111685016516, 0.0], [-47.65909858050389, -14.31125578551858, 0.0], [-47.65916067496294, -14.31141800725772, 0.0], [-47.65958501671754, -14.31153207601409, 0.0]]], [[[-47.65892303039985, -14.31070997657109, 0.0], [-47.65902169046905, -14.31070166518947, 0.0], [-47.65882943978048, -14.31031113331687, 0.0], [-47.65926321267859, -14.3098986882627, 0.0], [-47.65918018782445, -14.30985147107781, 0.0], [-47.65872959057345, -14.31028648154512, 0.0], [-47.65892303039985, -14.31070997657109, 0.0]]], [[[-47.65987187992096, -14.30935027826174, 0.0], [-47.66038126395782, -14.30895228766983, 0.0], [-47.66035491210508, -14.3088645132637, 0.0], [-47.659777079605036, -14.30931155090221, 0.0], [-47.65987187992096, -14.30935027826174, 0.0]]], [[[-47.60744646478813, -14.15526832111802, 0.0], [-47.60747187816551, -14.15523937549049, 0.0], [-47.6074262269857, -14.15524565507968, 0.0], [-47.60744646478813, -14.15526832111802, 0.0]]], [[[-47.607461102199515, -14.15518448507364, 0.0], [-47.60742303003317, -14.15523097586447, 0.0], [-47.607789559780365, -14.15517377929408, 0.0], [-47.60752309191271, -14.15526601346078, 0.0], [-47.60787789916154, -14.15516981377998, 0.0], [-47.607461102199515, -14.15518448507364, 0.0]]], [[[-47.66015105399219, -14.15972708519401, 0.0], [-47.66020753866108, -14.15808684111573, 0.0], [-47.6601607308135, -14.15804219396651, 0.0], [-47.66009586319053, -14.15883452498772, 0.0], [-47.66015105399219, -14.15972708519401, 0.0]]], [[[-47.89159971170221, -14.22194095762482, 0.0], [-47.8918412306056, -14.22189996671747, 0.0], [-47.8916701248562, -14.22187420424326, 0.0], [-47.89102197409126, -14.22040814550997, 0.0], [-47.89089719105814, -14.22045859609914, 0.0], [-47.89159971170221, -14.22194095762482, 0.0]]], [[[-47.890906286739, -14.22041111448492, 0.0], [-47.89104691513931, -14.22037148834606, 0.0], [-47.8914271867252, -14.21981258179901, 0.0], [-47.89137310025509, -14.21982621936131, 0.0], [-47.890906286739, -14.22041111448492, 0.0]]], [[[-47.89136494656583, -14.21980146592252, 0.0], [-47.89144471688655, -14.21978681666694, 0.0], [-47.89145026407727, -14.21970514201497, 0.0], [-47.89138512669084, -14.21971149642848, 0.0], [-47.89136494656583, -14.21980146592252, 0.0]]], [[[-47.89063282140643, -14.21992160199662, 0.0], [-47.89071315485555, -14.21987623264214, 0.0], [-47.89050597680754, -14.21945947929798, 0.0], [-47.89037682902499, -14.21940664773661, 0.0], [-47.89063282140643, -14.21992160199662, 0.0]]], [[[-47.89001897312261, -14.21853678356805, 0.0], [-47.88915781525803, -14.21724486804029, 0.0], [-47.88880550657584, -14.21683203250211, 0.0], [-47.88871113183589, -14.21686259337682, 0.0], [-47.88988750370022, -14.21849938472332, 0.0], [-47.89001897312261, -14.21853678356805, 0.0]]], [[[-47.88751051814715, -14.21657045674239, 0.0], [-47.88769064479055, -14.21641770056693, 0.0], [-47.88762677906682, -14.2163523218575, 0.0], [-47.88746857375526, -14.21650146951682, 0.0], [-47.88751051814715, -14.21657045674239, 0.0]]], [[[-47.887768991557635, -14.21622076132486, 0.0], [-47.88783317600576, -14.21628584513403, 0.0], [-47.88801928656277, -14.21611367419559, 0.0], [-47.88868912564945, -14.21683680622745, 0.0], [-47.88878418367384, -14.21680704623718, 0.0], [-47.88804410726382, -14.21601004972049, 0.0], [-47.887768991557635, -14.21622076132486, 0.0]]], [[[-47.66029354578479, -14.14449157179747, 0.0], [-47.66032813438616, -14.14441698998973, 0.0], [-47.65980756529104, -14.14394398498313, 0.0], [-47.65980260123028, -14.14400767166459, 0.0], [-47.66029354578479, -14.14449157179747, 0.0]]], [[[-47.89201360437732, -14.22292052393412, 0.0], [-47.89201238776578, -14.22298704663677, 0.0], [-47.89247714990382, -14.22276033367993, 0.0], [-47.89241717262098, -14.22273418277667, 0.0], [-47.89201360437732, -14.22292052393412, 0.0]]], [[[-47.89249747822441, -14.22501741275101, 0.0], [-47.89213268736603, -14.2242234969838, 0.0], [-47.89240424516616, -14.22497916587189, 0.0], [-47.89232916044434, -14.22505699716386, 0.0], [-47.89237541803334, -14.22510943673578, 0.0], [-47.89249747822441, -14.22501741275101, 0.0]]], [[[-47.5468098963941, -14.2712887232007, 0.0], [-47.5472825894112, -14.2709944765434, 0.0], [-47.5475154793408, -14.2707895703382, 0.0], [-47.5475047208985, -14.2706774384915, 0.0], [-47.5468098963941, -14.2712887232007, 0.0]]], [[[-47.5522658595185, -14.2675112939445, 0.0], [-47.5523820096542, -14.2673741449437, 0.0], [-47.5517008973381, -14.2676368211614, 0.0], [-47.5517058979958, -14.2677320317626, 0.0], [-47.5522658595185, -14.2675112939445, 0.0]]], [[[-47.5535151045695, -14.2664606795832, 0.0], [-47.5515707075062, -14.2624499503438, 0.0], [-47.55076299223429, -14.2607838489789, 0.0], [-47.5506864177083, -14.2608372191032, 0.0], [-47.5534245034219, -14.2664851264889, 0.0], [-47.5533373357102, -14.2668544652172, 0.0], [-47.5534229609953, -14.2668943710734, 0.0], [-47.5535151045695, -14.2664606795832, 0.0]]], [[[-47.5507387505714, -14.2607338452738, 0.0], [-47.5488857058464, -14.2566274204761, 0.0], [-47.54882057665059, -14.2567092940548, 0.0], [-47.5506642280003, -14.2607914479226, 0.0], [-47.5507387505714, -14.2607338452738, 0.0]]], [[[-47.5487290139603, -14.2564973897069, 0.0], [-47.54878397609621, -14.2563919867003, 0.0], [-47.5482987646561, -14.2553081852413, 0.0], [-47.54823216860879, -14.255347537451, 0.0], [-47.5487290139603, -14.2564973897069, 0.0]]], [[[-47.5472318212115, -14.2472574040498, 0.0], [-47.5471665262677, -14.2468868594458, 0.0], [-47.547111973739, -14.2476202559156, 0.0], [-47.5472318212115, -14.2472574040498, 0.0]]], [[[-47.550235922242, -14.23946319213, 0.0], [-47.55158148955161, -14.2385158715767, 0.0], [-47.5526464981164, -14.2382037972725, 0.0], [-47.55167053397859, -14.238390305076, 0.0], [-47.550084534278, -14.2395184428919, 0.0], [-47.54829398987109, -14.2409609911266, 0.0], [-47.5476366637682, -14.2416064199245, 0.0], [-47.5472232324186, -14.2421626189346, 0.0], [-47.5483247854145, -14.2410334063651, 0.0], [-47.550235922242, -14.23946319213, 0.0]]], [[[-47.5515450309418, -14.2384325845391, 0.0], [-47.5514748024176, -14.2384787964676, 0.0], [-47.5516122353088, -14.2384099447361, 0.0], [-47.5515450309418, -14.2384325845391, 0.0]]], [[[-47.5530419025582, -14.2380427901296, 0.0], [-47.5522519411868, -14.2381944406164, 0.0], [-47.55288238384411, -14.2381474767757, 0.0], [-47.5530419025582, -14.2380427901296, 0.0]]], [[[-47.5534237136976, -14.2379074744815, 0.0], [-47.553372612106, -14.2378659934492, 0.0], [-47.5531958922875, -14.2379841432947, 0.0], [-47.5532528621346, -14.2380197494029, 0.0], [-47.5534237136976, -14.2379074744815, 0.0]]], [[[-47.5540415922602, -14.237494184027, 0.0], [-47.5542584801053, -14.2373452867177, 0.0], [-47.5542304471163, -14.2372540728424, 0.0], [-47.5539534420535, -14.2374442421784, 0.0], [-47.5540415922602, -14.237494184027, 0.0]]], [[[-47.55459510004721, -14.2371012674292, 0.0], [-47.55477596160011, -14.2369900265964, 0.0], [-47.5547145927659, -14.2369216974851, 0.0], [-47.55460830126029, -14.2369946686607, 0.0], [-47.55459510004721, -14.2371012674292, 0.0]]], [[[-47.5551466437221, -14.2366250861431, 0.0], [-47.55526665485999, -14.2366531570681, 0.0], [-47.5554265363552, -14.2365433956176, 0.0], [-47.55533145760331, -14.2364982078373, 0.0], [-47.5551466437221, -14.2366250861431, 0.0]]], [[[-47.55603647939009, -14.2361246590279, 0.0], [-47.556587796813, -14.2356357066583, 0.0], [-47.5558600003209, -14.2361353530433, 0.0], [-47.55603647939009, -14.2361246590279, 0.0]]], [[[-47.5566741163486, -14.2356869100736, 0.0], [-47.55665633215221, -14.2356057425289, 0.0], [-47.55626724290249, -14.2359662358297, 0.0], [-47.5566741163486, -14.2356869100736, 0.0]]], [[[-47.5405579037381, -14.2746555999187, 0.0], [-47.5402326865392, -14.2745181873426, 0.0], [-47.5398652475067, -14.2745530693665, 0.0], [-47.5405579037381, -14.2746555999187, 0.0]]], [[[-47.5464768462288, -14.2512851840601, 0.0], [-47.5477145926945, -14.2541497083261, 0.0], [-47.5477669551214, -14.2541374904265, 0.0], [-47.5465540692861, -14.2512313075085, 0.0], [-47.5464768462288, -14.2512851840601, 0.0]]], [[[-47.5465425392635, -14.251204623547, 0.0], [-47.5464104498046, -14.2511315224067, 0.0], [-47.5464636649006, -14.2512546784311, 0.0], [-47.5465425392635, -14.251204623547, 0.0]]], [[[-47.54603844690931, -14.2500661783441, 0.0], [-47.5458856320162, -14.2499503515549, 0.0], [-47.5463960879575, -14.2510982846958, 0.0], [-47.5464999647084, -14.2511060931425, 0.0], [-47.54603844690931, -14.2500661783441, 0.0]]], [[[-47.5460076295287, -14.2499972412879, 0.0], [-47.54576615044179, -14.2494570637274, 0.0], [-47.5458290009865, -14.2498236704451, 0.0], [-47.5460076295287, -14.2499972412879, 0.0]]], [[[-47.5457324510943, -14.2492375418545, 0.0], [-47.54564271782661, -14.249406815377, 0.0], [-47.5457508949895, -14.2496489507829, 0.0], [-47.5457324510943, -14.2492375418545, 0.0]]], [[[-47.54575793012881, -14.249365593829, 0.0], [-47.5461179771119, -14.2488216559814, 0.0], [-47.54579319221699, -14.2491798834209, 0.0], [-47.54575793012881, -14.249365593829, 0.0]]], [[[-47.5461203355186, -14.2486707150756, 0.0], [-47.5459191722077, -14.2489554547332, 0.0], [-47.5461641002882, -14.248751975794, 0.0], [-47.54696508210741, -14.2484980615209, 0.0], [-47.5472216535806, -14.2473940969887, 0.0], [-47.54689138274921, -14.2484337034321, 0.0], [-47.5461203355186, -14.2486707150756, 0.0]]], [[[-47.5435934331179, -14.2462293290105, 0.0], [-47.54259629985751, -14.2464250827201, 0.0], [-47.5423524901981, -14.246737870846, 0.0], [-47.5420203484576, -14.2475356494439, 0.0], [-47.5423537616128, -14.2467593369698, 0.0], [-47.54240156276791, -14.2467337392296, 0.0], [-47.54224757977959, -14.2471247403702, 0.0], [-47.5418995043049, -14.2478262606205, 0.0], [-47.5416434132864, -14.2480828790657, 0.0], [-47.5410470125726, -14.2489767109001, 0.0], [-47.5409195091528, -14.2489674722367, 0.0], [-47.5405812055863, -14.2484734921442, 0.0], [-47.5407094512495, -14.248683363139, 0.0], [-47.5405710028512, -14.2485084423123, 0.0], [-47.54053045150631, -14.2485452776964, 0.0], [-47.5408579285988, -14.2490402573297, 0.0], [-47.541106685203, -14.2490523855303, 0.0], [-47.5417185354241, -14.2481359018166, 0.0], [-47.5419760005752, -14.2478786252186, 0.0], [-47.5424334292148, -14.2467825963188, 0.0], [-47.54265817935691, -14.2464948719963, 0.0], [-47.5436401739087, -14.246309035345, 0.0], [-47.54485832715229, -14.2451963600535, 0.0], [-47.5453237550478, -14.2448731178146, 0.0], [-47.5445657656, -14.245371884956, 0.0], [-47.5442915401237, -14.2456989252038, 0.0], [-47.5435934331179, -14.2462293290105, 0.0]]], [[[-47.54702879166231, -14.2460032179804, 0.0], [-47.54717118511451, -14.2468242265679, 0.0], [-47.5472544914154, -14.2469526273488, 0.0], [-47.54713505153719, -14.2460685756184, 0.0], [-47.54702879166231, -14.2460032179804, 0.0]]], [[[-47.5438913585982, -14.2459717835866, 0.0], [-47.5442006638848, -14.2457242748031, 0.0], [-47.5444136231758, -14.2454985322325, 0.0], [-47.5441976552646, -14.2457070006867, 0.0], [-47.5438913585982, -14.2459717835866, 0.0]]], [[[-47.5447406884351, -14.2452366441968, 0.0], [-47.545289450631, -14.2447860492359, 0.0], [-47.54463386655251, -14.2452859362452, 0.0], [-47.5447406884351, -14.2452366441968, 0.0]]], [[[-47.5458843768418, -14.2444905539213, 0.0], [-47.5470218372636, -14.2454590289929, 0.0], [-47.5469888212419, -14.2453160101181, 0.0], [-47.54594573064279, -14.2444228865137, 0.0], [-47.5461375920319, -14.2440544013666, 0.0], [-47.5459667082969, -14.2438965952245, 0.0], [-47.5460480808495, -14.244026820603, 0.0], [-47.5458526924298, -14.2444020793522, 0.0], [-47.5453461207283, -14.2448128510519, 0.0], [-47.5458843768418, -14.2444905539213, 0.0]]], [[[-47.6195067816785, -14.1579346586677, 0.0], [-47.6195459460813, -14.1579632459955, 0.0], [-47.6194455757239, -14.1578633683218, 0.0], [-47.6195067816785, -14.1579346586677, 0.0]]], [[[-47.6190350050504, -14.1574141231824, 0.0], [-47.6195127504761, -14.1578009520676, 0.0], [-47.6191204692453, -14.1573658008895, 0.0], [-47.6193171300462, -14.1570006099753, 0.0], [-47.61904199075531, -14.1573177335745, 0.0], [-47.61789175375699, -14.1567961823069, 0.0], [-47.6190350050504, -14.1574141231824, 0.0]]], [[[-47.6176329638169, -14.1560468618331, 0.0], [-47.6175568352709, -14.1559960754363, 0.0], [-47.617287665367, -14.1564217344729, 0.0], [-47.61755938925791, -14.1565901645379, 0.0], [-47.6173816383829, -14.1564451006459, 0.0], [-47.6176329638169, -14.1560468618331, 0.0]]]]}, "properties": {"numero_processo": "20267", "tipo_licenca": "Licença Ambiental por Adesão e Compromisso", "feicao": "ÁREA REQUERIDA PARA CONVERSÃO - Atividade: A1.1.4", "descricao_atividade": "A1.1.4 - Conversão do uso do solo (asv) em áreas de vegetação nativa, mesmo que seja campestre, para empreendimentos lineares, de distribuição de energia até 34,5 kv. | Y1.13 - Registro de corte de árvores isoladas para implantação de empreendi", "data_criacao": "2025-12-19", "data_emissao": "2026-03-16", "data_validade": "2031-03-16"}}, {"type": "Feature", "geometry": {"type": "MultiPolygon", "coordinates": [[[[-47.61794500541907, -14.16159284819105, 0.0], [-47.61792585780002, -14.1615007690145, 0.0], [-47.61791297844044, -14.16150338387651, 0.0], [-47.61788597893909, -14.1615615698568, 0.0], [-47.61794500541907, -14.16159284819105, 0.0]]]]}, "properties": {"numero_processo": "20252778", "tipo_licenca": "LICENÇA AMBIENTAL ORDINÁRIA", "feicao": "ÁREA REQUERIDA PARA CONVERSÃO - Atividade: A1.1.1", "descricao_atividade": "A1.1.1 - Conversão do uso do solo (asv) em áreas de vegetação nativa), mesmo que seja campestre, para empreendimentos lineares, de geração de energia hidráulica, abastecimento público de água ou tratamento de esgoto e similares que possuem licen", "data_criacao": "2025-06-03", "data_emissao": "2025-10-20", "data_validade": "2030-10-20"}}, {"type": "Feature", "geometry": {"type": "MultiPolygon", "coordinates": [[[[-47.8884838362773, -14.2467375328486, 0.0], [-47.888451354513, -14.2468228676954, 0.0], [-47.8888673186495, -14.247107525986, 0.0], [-47.8889393031233, -14.247037702908, 0.0], [-47.8884838362773, -14.2467375328486, 0.0]]], [[[-47.888577138517, -14.2465665261418, 0.0], [-47.8885244218398, -14.2466552884996, 0.0], [-47.889029042191, -14.2469878525353, 0.0], [-47.8891346519735, -14.2469344955028, 0.0], [-47.888577138517, -14.2465665261418, 0.0]]], [[[-47.8887275060279, -14.2464072733112, 0.0], [-47.8886382031181, -14.2464977873637, 0.0], [-47.8892386252774, -14.2468819652006, 0.0], [-47.8893010442976, -14.2467849585054, 0.0], [-47.8887275060279, -14.2464072733112, 0.0]]], [[[-47.888885833384, -14.2462422443482, 0.0], [-47.8887917442618, -14.24634061064, 0.0], [-47.8893502907782, -14.2467084234697, 0.0], [-47.8894197801219, -14.246600428469, 0.0], [-47.888885833384, -14.2462422443482, 0.0]]], [[[-47.8890823043082, -14.2460985998644, 0.0], [-47.88896240363749, -14.246184003246, 0.0], [-47.8894690425263, -14.2465238685622, 0.0], [-47.8895394232397, -14.246414488086, 0.0], [-47.8890823043082, -14.2460985998644, 0.0]]], [[[-47.8893250443542, -14.2459380520491, 0.0], [-47.8891714688654, -14.2460495385708, 0.0], [-47.8895887192184, -14.2463378758759, 0.0], [-47.8896841479562, -14.2461917412505, 0.0], [-47.8893250443542, -14.2459380520491, 0.0]]]]}, "properties": {"numero_processo": "20252445", "tipo_licenca": "REGISTRO ELETRÔNICO", "feicao": "ÁREA REQUERIDA PARA CONVERSÃO - Atividade: A1.1.3", "descricao_atividade": "A1.1.3 - Conversão do uso do solo (asv) em áreas rurais de vegetação nativa, mesmo que seja campestre, para a implantação de empreendimentos que possuem licença de instalação ou equivalente, declaração de inexigibilidade, protocolo de licença", "data_criacao": "2026-01-05", "data_emissao": "2026-03-06", "data_validade": "2031-03-06"}}, {"type": "Feature", "geometry": {"type": "MultiPolygon", "coordinates": [[[[-47.61877996454749, -14.1594994434458, 0.0], [-47.6183652247948, -14.159363409569, 0.0], [-47.6185745749992, -14.1589443803054, 0.0], [-47.617710602191, -14.1584974688631, 0.0], [-47.6174097297104, -14.1589826596201, 0.0], [-47.6180927236066, -14.1597549593658, 0.0], [-47.6182525441936, -14.1596100752077, 0.0], [-47.6186330889183, -14.1598121181109, 0.0], [-47.6186666645406, -14.1596891534649, 0.0], [-47.6187939194843, -14.159663449004, 0.0], [-47.61877996454749, -14.1594994434458, 0.0]]]]}, "properties": {"numero_processo": "2025841", "tipo_licenca": "REGISTRO ELETRÔNICO", "feicao": "ÁREA REQUERIDA PARA CONVERSÃO - Atividade: A1.1.3", "descricao_atividade": "A1.1.3 - Conversão do uso do solo (asv) em áreas rurais de vegetação nativa, mesmo que seja campestre, para a implantação de empreendimentos que possuem licença de instalação ou equivalente, declaração de inexigibilidade, protocolo de licença", "data_criacao": "2025-02-23", "data_emissao": "2025-11-07", "data_validade": "2030-11-07"}}, {"type": "Feature", "geometry": {"type": "MultiPolygon", "coordinates": [[[[-47.5014813036154, -14.1915154584976, 0.0], [-47.5014926889968, -14.1914419230197, 0.0], [-47.501440747881, -14.1914908796644, 0.0], [-47.5014813036154, -14.1915154584976, 0.0]]], [[[-47.5014029560771, -14.1915265272507, 0.0], [-47.5014067559612, -14.191576495219, 0.0], [-47.5014114993691, -14.1915337244037, 0.0], [-47.5014029560771, -14.1915265272507, 0.0]]], [[[-47.5013118681165, -14.1916130840134, 0.0], [-47.5013123804773, -14.1916695354765, 0.0], [-47.50133497985411, -14.1916387841575, 0.0], [-47.5013118681165, -14.1916130840134, 0.0]]], [[[-47.4998376125686, -14.1930217805013, 0.0], [-47.5005739022247, -14.1923934669278, 0.0], [-47.5011144755862, -14.1918688677376, 0.0], [-47.4998376125686, -14.1930217805013, 0.0]]], [[[-47.4979261454867, -14.1948943791967, 0.0], [-47.49808502796989, -14.1946769789225, 0.0], [-47.4978789543104, -14.194886600856, 0.0], [-47.4979261454867, -14.1948943791967, 0.0]]], [[[-47.49758326566229, -14.1951629928729, 0.0], [-47.49764850877789, -14.1951640287113, 0.0], [-47.4976239418942, -14.1951243468978, 0.0], [-47.49758326566229, -14.1951629928729, 0.0]]], [[[-47.4978914915812, -14.1949283188485, 0.0], [-47.4978565102918, -14.1949315907886, 0.0], [-47.4978609175687, -14.1949583975467, 0.0], [-47.4978914915812, -14.1949283188485, 0.0]]], [[[-47.4978087230094, -14.1950097463942, 0.0], [-47.4977854039219, -14.1950076038282, 0.0], [-47.4977813701365, -14.1950365157654, 0.0], [-47.4978087230094, -14.1950097463942, 0.0]]], [[[-47.5019045301427, -14.1911166990701, 0.0], [-47.5019022125224, -14.1910749374999, 0.0], [-47.5018866536996, -14.1910822203098, 0.0], [-47.5019045301427, -14.1911166990701, 0.0]]], [[[-47.5021107022712, -14.1908825472992, 0.0], [-47.5021643014127, -14.1908694625065, 0.0], [-47.5021511238805, -14.190860764207, 0.0], [-47.5021107022712, -14.1908825472992, 0.0]]], [[[-47.502884935342, -14.1901200758743, 0.0], [-47.5028444549757, -14.1901974408741, 0.0], [-47.5029241212719, -14.1901416807365, 0.0], [-47.502884935342, -14.1901200758743, 0.0]]], [[[-47.5029939993163, -14.1900800731421, 0.0], [-47.5029845540557, -14.1900434004519, 0.0], [-47.502968098105, -14.1900639159276, 0.0], [-47.5029939993163, -14.1900800731421, 0.0]]], [[[-47.5030042490945, -14.1900330228279, 0.0], [-47.5031328253766, -14.1899485071796, 0.0], [-47.5031143348658, -14.1899029602725, 0.0], [-47.5030042490945, -14.1900330228279, 0.0]]], [[[-47.5034699294854, -14.1896212852319, 0.0], [-47.5035732095723, -14.1894690120638, 0.0], [-47.5034214641502, -14.1896129892249, 0.0], [-47.5034699294854, -14.1896212852319, 0.0]]], [[[-47.5033542538951, -14.1896758010316, 0.0], [-47.5033736176958, -14.1896802710673, 0.0], [-47.5033975846079, -14.1896353060211, 0.0], [-47.5033542538951, -14.1896758010316, 0.0]]], [[[-47.5031286537138, -14.1898892865788, 0.0], [-47.5032293492622, -14.18983435524, 0.0], [-47.5032303585615, -14.1897921641109, 0.0], [-47.5031286537138, -14.1898892865788, 0.0]]], [[[-47.504179313062, -14.1893758485277, 0.0], [-47.5042013796455, -14.1893526348446, 0.0], [-47.5041754764946, -14.1893427585484, 0.0], [-47.504179313062, -14.1893758485277, 0.0]]], [[[-47.5035037678802, -14.1898754879916, 0.0], [-47.5035362680201, -14.1898708156915, 0.0], [-47.5035463836409, -14.1898353016928, 0.0], [-47.5035037678802, -14.1898754879916, 0.0]]], [[[-47.5005147666648, -14.1927931455712, 0.0], [-47.5007725718732, -14.1925460659357, 0.0], [-47.5007569074749, -14.1924972177079, 0.0], [-47.5005047173802, -14.1927386544389, 0.0], [-47.5005147666648, -14.1927931455712, 0.0]]], [[[-47.4985995849616, -14.194588341857, 0.0], [-47.498615248514, -14.1945098530391, 0.0], [-47.4985571804333, -14.1945656981335, 0.0], [-47.4985995849616, -14.194588341857, 0.0]]], [[[-47.5026651115955, -14.1903909426695, 0.0], [-47.502733469519, -14.1903262196712, 0.0], [-47.5026236740619, -14.1903672558549, 0.0], [-47.5026651115955, -14.1903909426695, 0.0]]], [[[-47.5025776321014, -14.1904739719333, 0.0], [-47.502517313021, -14.1904682060894, 0.0], [-47.5024956034318, -14.1905165096453, 0.0], [-47.5025172664015, -14.1905312666791, 0.0], [-47.5025776321014, -14.1904739719333, 0.0]]]]}, "properties": {"numero_processo": "2026197", "tipo_licenca": "REGISTRO ELETRÔNICO (INTEGRAÇÃO)", "feicao": "ÁREA REQUERIDA PARA CONVERSÃO - Atividade: A1.1.1", "descricao_atividade": "A1.1.1 - Conversão do uso do solo (asv) em áreas de vegetação nativa), mesmo que seja campestre, para empreendimentos lineares, de geração de energia hidráulica, abastecimento público de água ou tratamento de esgoto e similares que possuem licen", "data_criacao": "2026-01-19", "data_emissao": "2026-03-02", "data_validade": "2031-03-02"}}, {"type": "Feature", "geometry": {"type": "MultiPolygon", "coordinates": [[[[-47.61900053664898, -14.20089904970221, 0.0], [-47.61897423256738, -14.20081288167523, 0.0], [-47.61869899854391, -14.20095851439821, 0.0], [-47.61875361353182, -14.2009942046636, 0.0], [-47.61900053664898, -14.20089904970221, 0.0]]]]}, "properties": {"numero_processo": "20251191", "tipo_licenca": "LICENÇA AMBIENTAL ORDINÁRIA", "feicao": "ÁREA REQUERIDA PARA CONVERSÃO - Atividade: A1.1.1", "descricao_atividade": "A1.1.1 - Conversão do uso do solo (asv) em áreas de vegetação nativa), mesmo que seja campestre, para empreendimentos lineares, de geração de energia hidráulica, abastecimento público de água ou tratamento de esgoto e similares que possuem licen", "data_criacao": "2025-02-25", "data_emissao": "2025-09-08", "data_validade": "2030-09-08"}}, {"type": "Feature", "geometry": {"type": "MultiPolygon", "coordinates": [[[[-47.87414738281891, -14.22859207388984, 0.0], [-47.874181264685795, -14.22850909139839, 0.0], [-47.87348790261147, -14.2282390448914, 0.0], [-47.87393753489488, -14.22851094048686, 0.0], [-47.87414738281891, -14.22859207388984, 0.0]]], [[[-47.87336610993037, -14.22828893741465, 0.0], [-47.87379524748621, -14.22845566089508, 0.0], [-47.87327194452294, -14.22818482177432, 0.0], [-47.87336610993037, -14.22828893741465, 0.0]]], [[[-47.8725069797821, -14.22778327011787, 0.0], [-47.87256784387204, -14.22784939509584, 0.0], [-47.87280267345614, -14.22770378383254, 0.0], [-47.87274075000571, -14.22763516824784, 0.0], [-47.8725069797821, -14.22778327011787, 0.0]]], [[[-47.87324390788221, -14.22815110318032, 0.0], [-47.87341158484542, -14.22820939474256, 0.0], [-47.87289136153809, -14.22758392710311, 0.0], [-47.872391899785285, -14.22725248969875, 0.0], [-47.8723968132253, -14.22736486557074, 0.0], [-47.87284839488444, -14.22767543320828, 0.0], [-47.87324390788221, -14.22815110318032, 0.0]]], [[[-47.87229074222065, -14.22729467063461, 0.0], [-47.8723681306237, -14.22734588420679, 0.0], [-47.87220483002031, -14.22647206043525, 0.0], [-47.87210627342655, -14.22635031116043, 0.0], [-47.87205309633737, -14.22618893276867, 0.0], [-47.87229074222065, -14.22729467063461, 0.0]]], [[[-47.87197870459235, -14.22582173726931, 0.0], [-47.87219305309304, -14.22641393086411, 0.0], [-47.87206678907178, -14.22579070316988, 0.0], [-47.87197870459235, -14.22582173726931, 0.0]]], [[[-47.87195665479226, -14.22571289974432, 0.0], [-47.87197456540351, -14.22580130629939, 0.0], [-47.87206311871516, -14.22577258654569, 0.0], [-47.8734791402009, -14.22501335821731, 0.0], [-47.87361911245904, -14.2247283046878, 0.0], [-47.87354437293089, -14.22472397081688, 0.0], [-47.87342404711872, -14.22493944939966, 0.0], [-47.87195665479226, -14.22571289974432, 0.0]]]]}, "properties": {"numero_processo": "20243532", "tipo_licenca": "LICENÇA AMBIENTAL ORDINÁRIA", "feicao": "ÁREA REQUERIDA PARA CONVERSÃO - Atividade: A1.1.1", "descricao_atividade": "A1.1.1 - Conversão do uso do solo (asv) em áreas de vegetação nativa), mesmo que seja campestre, para empreendimentos lineares, de geração de energia hidráulica, abastecimento público de água ou tratamento de esgoto e similares que possuem licen", "data_criacao": "2024-08-08", "data_emissao": "2025-03-06", "data_validade": "2030-03-06"}}, {"type": "Feature", "geometry": {"type": "MultiPolygon", "coordinates": [[[[-47.265803311278, -14.1026572468404, 0.0], [-47.2661647092246, -14.1020100455791, 0.0], [-47.265937734615, -14.1021664573784, 0.0], [-47.265803311278, -14.1026572468404, 0.0]]]]}, "properties": {"numero_processo": "20221446", "tipo_licenca": "LICENÇA AMBIENTAL ORDINÁRIA", "feicao": "ÁREA REQUERIDA (CONVERSÃO/CAI) - Atividade: A1.1", "descricao_atividade": "A1.1 - CONVERSÃO DO USO DO SOLO (ASV), EM ÁREAS DE VEGETAÇÃO NATIVA MESMO QUE CAMPESTRE, PARA EMPREENDIMENTOS LINEARES, DE GERAÇÃO DE ENERGIA ELÉTRICA, ABASTECIMENTO PÚBLICO DE ÁGUA OU TRATAMENTO DE ESGOTO, QUE POSSUEM LICENÇA DE INSTALAÇÃO O", "data_criacao": "2022-06-24", "data_emissao": "2022-11-09", "data_validade": "2027-11-09"}}, {"type": "Feature", "geometry": {"type": "MultiPolygon", "coordinates": [[[[-47.68727139308174, -14.13058458710111, 0.0], [-47.68720859015942, -14.13050322224963, 0.0], [-47.68718448849938, -14.13051259761678, 0.0], [-47.68718329029516, -14.13062024748507, 0.0], [-47.68727139308174, -14.13058458710111, 0.0]]]]}, "properties": {"numero_processo": "20211326", "tipo_licenca": "LICENÇA AMBIENTAL ORDINÁRIA", "feicao": "ÁREA TOTAL DE SUPRESSÃO", "descricao_atividade": "A1.1 - CONVERSÃO DO USO DO SOLO (ASV), EM ÁREAS DE VEGETAÇÃO NATIVA MESMO QUE CAMPESTRE, PARA EMPREENDIMENTOS LINEARES QUE POSSUEM LICENÇA DE INSTALAÇÃO OU EQUIVALENTE, DECLARAÇÃO DE INEXIGIBILIDADE OU PROTOCOLO DE LICENÇA SEMAD.", "data_criacao": "2021-11-24", "data_emissao": "2021-11-26", "data_validade": "2026-11-26"}}, {"type": "Feature", "geometry": {"type": "MultiPolygon", "coordinates": [[[[-47.67351283623014, -14.31280927528862, 0.0], [-47.6734202433797, -14.31280533513926, 0.0], [-47.67340067434618, -14.31371105876676, 0.0], [-47.67345389230689, -14.31367382341781, 0.0], [-47.67351283623014, -14.31280927528862, 0.0]]]]}, "properties": {"numero_processo": "2025172", "tipo_licenca": "LICENÇA AMBIENTAL ORDINÁRIA", "feicao": "ÁREA REQUERIDA PARA CONVERSÃO - Atividade: A1.1.1", "descricao_atividade": "A1.1.1 - Conversão do uso do solo (asv) em áreas de vegetação nativa), mesmo que seja campestre, para empreendimentos lineares, de geração de energia hidráulica, abastecimento público de água ou tratamento de esgoto e similares que possuem licen", "data_criacao": "2025-09-11", "data_emissao": "2025-10-20", "data_validade": "2030-10-20"}}, {"type": "Feature", "geometry": {"type": "MultiPolygon", "coordinates": [[[[-47.60361394385152, -14.36501333934453, 0.0], [-47.603667791202405, -14.36496979561043, 0.0], [-47.60367507139552, -14.36429316008622, 0.0], [-47.60358351088912, -14.36432525398187, 0.0], [-47.60361394385152, -14.36501333934453, 0.0]]], [[[-47.6035821145875, -14.36428642987612, 0.0], [-47.60366680844907, -14.36426568619274, 0.0], [-47.6036708626239, -14.36417609539916, 0.0], [-47.60351621925383, -14.36359581209146, 0.0], [-47.6035821145875, -14.36428642987612, 0.0]]]]}, "properties": {"numero_processo": "20252742", "tipo_licenca": "LICENÇA AMBIENTAL ORDINÁRIA", "feicao": "ÁREA REQUERIDA PARA CONVERSÃO - Atividade: A1.1.1", "descricao_atividade": "A1.1.1 - Conversão do uso do solo (asv) em áreas de vegetação nativa), mesmo que seja campestre, para empreendimentos lineares, de geração de energia hidráulica, abastecimento público de água ou tratamento de esgoto e similares que possuem licen", "data_criacao": "2025-06-03", "data_emissao": "2025-10-20", "data_validade": "2030-10-20"}}, {"type": "Feature", "geometry": {"type": "MultiPolygon", "coordinates": [[[[-47.86378122923921, -14.20462665628409, 0.0], [-47.86378369739583, -14.20452059861151, 0.0], [-47.86368958056232, -14.20452059861155, 0.0], [-47.86358581081431, -14.20479637356294, 0.0], [-47.86378122923921, -14.20462665628409, 0.0]]], [[[-47.863579476317, -14.20344137274881, 0.0], [-47.86391471560261, -14.20221967695258, 0.0], [-47.86374671197512, -14.20128666358869, 0.0], [-47.86365271808949, -14.20128666358869, 0.0], [-47.86382122223258, -14.20221427926145, 0.0], [-47.86348578626411, -14.20343926866268, 0.0], [-47.86363856432251, -14.20425110402626, 0.0], [-47.86373268104111, -14.20425110402626, 0.0], [-47.863579476317, -14.20344137274881, 0.0]]], [[[-47.86368479955038, -14.20016947938896, 0.0], [-47.86457620559123, -14.19806383979804, 0.0], [-47.86469063020788, -14.19797077408828, 0.0], [-47.86466728922351, -14.19791177559435, 0.0], [-47.86449663076439, -14.19801543995806, 0.0], [-47.86389272552873, -14.19943444999146, 0.0], [-47.86359444907566, -14.20014719417865, 0.0], [-47.86358581081431, -14.20047817983297, 0.0], [-47.86367061098909, -14.20047817983299, 0.0], [-47.86368479955038, -14.20016947938896, 0.0]]]]}, "properties": {"numero_processo": "20251732", "tipo_licenca": "LICENÇA AMBIENTAL ORDINÁRIA", "feicao": "ÁREA REQUERIDA PARA CONVERSÃO - Atividade: A1.1.1", "descricao_atividade": "A1.1.1 - Conversão do uso do solo (asv) em áreas de vegetação nativa), mesmo que seja campestre, para empreendimentos lineares, de geração de energia hidráulica, abastecimento público de água ou tratamento de esgoto e similares que possuem licen", "data_criacao": "2025-04-10", "data_emissao": "2025-09-09", "data_validade": "2030-09-09"}}, {"type": "Feature", "geometry": {"type": "MultiPolygon", "coordinates": [[[[-47.5225557424572, -14.0936634017922, 0.0], [-47.5225794502348, -14.0935766581396, 0.0], [-47.5221361713205, -14.0935071786971, 0.0], [-47.5221361713205, -14.0935985646222, 0.0], [-47.5225557424572, -14.0936634017922, 0.0]]], [[[-47.5205887448302, -14.0942600542813, 0.0], [-47.5203853649008, -14.0943663985598, 0.0], [-47.5203689825253, -14.0944009732348, 0.0], [-47.5205887448302, -14.0942600542813, 0.0]]]]}, "properties": {"numero_processo": "20251734", "tipo_licenca": "LICENÇA AMBIENTAL ORDINÁRIA", "feicao": "ÁREA REQUERIDA PARA CONVERSÃO - Atividade: A1.1.1", "descricao_atividade": "A1.1.1 - Conversão do uso do solo (asv) em áreas de vegetação nativa), mesmo que seja campestre, para empreendimentos lineares, de geração de energia hidráulica, abastecimento público de água ou tratamento de esgoto e similares que possuem licen", "data_criacao": "2025-04-10", "data_emissao": "2025-09-08", "data_validade": "2030-09-08"}}, {"type": "Feature", "geometry": {"type": "MultiPolygon", "coordinates": [[[[-47.53196570748739, -14.14257241789147, 0.0], [-47.53210771009034, -14.14254481286449, 0.0], [-47.53248293397932, -14.1421582594774, 0.0], [-47.53220687263146, -14.14228288216492, 0.0], [-47.53196570748739, -14.14257241789147, 0.0]]]]}, "properties": {"numero_processo": "20251112", "tipo_licenca": "LICENÇA AMBIENTAL ORDINÁRIA", "feicao": "ÁREA REQUERIDA PARA CONVERSÃO - Atividade: A1.1.1", "descricao_atividade": "A1.1.1 - Conversão do uso do solo (asv) em áreas de vegetação nativa), mesmo que seja campestre, para empreendimentos lineares, de geração de energia hidráulica, abastecimento público de água ou tratamento de esgoto e similares que possuem licen", "data_criacao": "2025-02-26", "data_emissao": "2025-09-09", "data_validade": "2030-09-09"}}, {"type": "Feature", "geometry": {"type": "MultiPolygon", "coordinates": [[[[-47.63503816691817, -14.13556789517515, 0.0], [-47.63513820510572, -14.13573905991641, 0.0], [-47.63647268685576, -14.13679745306525, 0.0], [-47.63515587484267, -14.13558918236234, 0.0], [-47.63503816691817, -14.13556789517515, 0.0]]], [[[-47.63484929145108, -14.13523343133416, 0.0], [-47.63512330199411, -14.13553150170265, 0.0], [-47.63491265317288, -14.13516686110087, 0.0], [-47.63445803646367, -14.13483687519047, 0.0], [-47.63413734584054, -14.13476565767339, 0.0], [-47.63414460237792, -14.13483252763414, 0.0], [-47.63441565174701, -14.1349179067876, 0.0], [-47.63484929145108, -14.13523343133416, 0.0]]]]}, "properties": {"numero_processo": "20243460", "tipo_licenca": "LICENÇA AMBIENTAL ORDINÁRIA", "feicao": "ÁREA REQUERIDA PARA CONVERSÃO - Atividade: A1.1.1", "descricao_atividade": "A1.1.1 - Conversão do uso do solo (asv) em áreas de vegetação nativa), mesmo que seja campestre, para empreendimentos lineares, de geração de energia hidráulica, abastecimento público de água ou tratamento de esgoto e similares que possuem licen", "data_criacao": "2025-06-06", "data_emissao": "2025-09-08", "data_validade": "2030-09-08"}}, {"type": "Feature", "geometry": {"type": "MultiPolygon", "coordinates": [[[[-47.8902895788528, -14.2451791357551, 0.0], [-47.8903514854109, -14.245074031099, 0.0], [-47.8901830577296, -14.2448370510331, 0.0], [-47.8900949452503, -14.2449711575629, 0.0], [-47.8902895788528, -14.2451791357551, 0.0]]], [[[-47.8902211029043, -14.2452935030663, 0.0], [-47.8900190301, -14.2450775756343, 0.0], [-47.8899997518544, -14.2452414041843, 0.0], [-47.890164852332, -14.2453874963751, 0.0], [-47.8902211029043, -14.2452935030663, 0.0]]], [[[-47.890098060853, -14.2454991031804, 0.0], [-47.8899403660282, -14.2453595640409, 0.0], [-47.8898588350654, -14.2454303800003, 0.0], [-47.8900485753116, -14.245581792151, 0.0], [-47.890098060853, -14.2454991031804, 0.0]]], [[[-47.8899822577507, -14.2456922264884, 0.0], [-47.8897696411133, -14.2455225590369, 0.0], [-47.8897030629215, -14.2455909912443, 0.0], [-47.8899358806914, -14.2457675989815, 0.0], [-47.8899822577507, -14.2456922264884, 0.0]]], [[[-47.8898686898003, -14.2458767982509, 0.0], [-47.8895675083352, -14.2456483320249, 0.0], [-47.8894920191154, -14.2457069255647, 0.0], [-47.8898236097497, -14.2459500627167, 0.0], [-47.8898686898003, -14.2458767982509, 0.0]]], [[[-47.8897565427468, -14.2460590604715, 0.0], [-47.8894179103868, -14.2458107600183, 0.0], [-47.8893201263219, -14.2459344895349, 0.0], [-47.8896777621971, -14.2461870950335, 0.0], [-47.8897565427468, -14.2460590604715, 0.0]]]]}, "properties": {"numero_processo": "20241394", "tipo_licenca": "REGISTRO ELETRÔNICO", "feicao": "ÁREA REQUERIDA PARA CONVERSÃO - Atividade: A1.1.3", "descricao_atividade": "A1.1.3 - Conversão do uso do solo (asv) em áreas rurais de vegetação nativa, mesmo que seja campestre, para a implantação de empreendimentos que possuem licença de instalação ou equivalente, declaração de inexigibilidade, ou protocolo de licen", "data_criacao": "2024-04-18", "data_emissao": "2024-08-30", "data_validade": "2029-08-30"}}, {"type": "Feature", "geometry": {"type": "MultiPolygon", "coordinates": [[[[-47.84789647229612, -14.1973765211446, 0.0], [-47.84794195482189, -14.1973548167586, 0.0], [-47.84812784283755, -14.19693509959995, 0.0], [-47.84802826955647, -14.19692295727513, 0.0], [-47.84789692195556, -14.19714643634244, 0.0], [-47.84789647229612, -14.1973765211446, 0.0]]], [[[-47.84804884168464, -14.19688795515139, 0.0], [-47.8481492626721, -14.19689865532304, 0.0], [-47.84819194017702, -14.19682604264643, 0.0], [-47.84808145866328, -14.19683245948529, 0.0], [-47.84804884168464, -14.19688795515139, 0.0]]], [[[-47.84817146010302, -14.19673246095617, 0.0], [-47.84813318182748, -14.19674445609161, 0.0], [-47.848188738370276, -14.19674300897228, 0.0], [-47.84817146010302, -14.19673246095617, 0.0]]], [[[-47.84819898240548, -14.19668075455557, 0.0], [-47.848281870897, -14.19667303190958, 0.0], [-47.84838369767143, -14.19649978064401, 0.0], [-47.84885403319738, -14.19641418430834, 0.0], [-47.84887856268728, -14.19631797768991, 0.0], [-47.84833070065268, -14.1964203203581, 0.0], [-47.84819898240548, -14.19668075455557, 0.0]]], [[[-47.85009265716715, -14.19611778400577, 0.0], [-47.84979401128567, -14.19627930287855, 0.0], [-47.84891319119707, -14.1963117828663, 0.0], [-47.84888986520886, -14.19640777420798, 0.0], [-47.84970832964652, -14.19636953873998, 0.0], [-47.85009265716715, -14.19611778400577, 0.0]]], [[[-47.85369307368769, -14.19604244835197, 0.0], [-47.85373801487125, -14.19602280114391, 0.0], [-47.85373811545843, -14.19597341364103, 0.0], [-47.85369307368769, -14.19604244835197, 0.0]]], [[[-47.85038691285921, -14.19595863896684, 0.0], [-47.85021714730972, -14.19605045491171, 0.0], [-47.85035480128274, -14.19601822506417, 0.0], [-47.85038691285921, -14.19595863896684, 0.0]]], [[[-47.85357953122659, -14.19586638409522, 0.0], [-47.85351820367194, -14.19593506696613, 0.0], [-47.85368566292065, -14.19598569184721, 0.0], [-47.85371020717336, -14.19595071439904, 0.0], [-47.85357953122659, -14.19586638409522, 0.0]]], [[[-47.85326178138408, -14.19576954955653, 0.0], [-47.85350508145991, -14.1959265967547, 0.0], [-47.85357039186431, -14.19586048610143, 0.0], [-47.85329722308174, -14.19568419909444, 0.0], [-47.85326178138408, -14.19576954955653, 0.0]]], [[[-47.85298362768565, -14.19557347612926, 0.0], [-47.85318972295681, -14.19572303663231, 0.0], [-47.85329272702739, -14.1956271167453, 0.0], [-47.85325812033597, -14.19558573618841, 0.0], [-47.85298362768565, -14.19557347612926, 0.0]]], [[[-47.85332213721474, -14.19548211689357, 0.0], [-47.85322340251361, -14.19556503778455, 0.0], [-47.85334825463458, -14.1955386070615, 0.0], [-47.85332213721474, -14.19548211689357, 0.0]]], [[[-47.85222568822418, -14.19538235984794, 0.0], [-47.85285381698693, -14.19554251274587, 0.0], [-47.85305208530212, -14.19554554350879, 0.0], [-47.8522537146501, -14.19529608802945, 0.0], [-47.85222568822418, -14.19538235984794, 0.0]]], [[[-47.85087441428195, -14.19530281753768, 0.0], [-47.85076906411113, -14.19546735406284, 0.0], [-47.85091841101522, -14.19535195161862, 0.0], [-47.85108487113861, -14.19535087405684, 0.0], [-47.85087441428195, -14.19530281753768, 0.0]]], [[[-47.8515446561324, -14.19553293916229, 0.0], [-47.85103638618671, -14.19538400185894, 0.0], [-47.85096518304577, -14.19537051199651, 0.0], [-47.85089441358868, -14.19539166767638, 0.0], [-47.85037694785608, -14.19602632521317, 0.0], [-47.84980096571076, -14.19636961984114, 0.0], [-47.85055213955968, -14.19597180611564, 0.0], [-47.85093170321755, -14.19538381061826, 0.0], [-47.85153298099907, -14.19563524144536, 0.0], [-47.85174290722579, -14.19522905313047, 0.0], [-47.8515446561324, -14.19553293916229, 0.0]]], [[[-47.85168388823931, -14.19513613386961, 0.0], [-47.85152378303303, -14.19548823176644, 0.0], [-47.85163367833412, -14.19525620434438, 0.0], [-47.85174555860254, -14.1951927386954, 0.0], [-47.85220385251937, -14.19537709331623, 0.0], [-47.85223331931643, -14.19529116889856, 0.0], [-47.85168388823931, -14.19513613386961, 0.0]]]]}, "properties": {"numero_processo": "20252971", "tipo_licenca": "LICENÇA AMBIENTAL ORDINÁRIA", "feicao": "ÁREA REQUERIDA PARA CONVERSÃO - Atividade: A1.1.1", "descricao_atividade": "A1.1.1 - Conversão do uso do solo (asv) em áreas de vegetação nativa), mesmo que seja campestre, para empreendimentos lineares, de geração de energia hidráulica, abastecimento público de água ou tratamento de esgoto e similares que possuem licen", "data_criacao": "2025-06-03", "data_emissao": "2025-09-08", "data_validade": "2030-09-08"}}, {"type": "Feature", "geometry": {"type": "MultiPolygon", "coordinates": [[[[-47.63521099820175, -14.13527501756491, 0.0], [-47.63522727460687, -14.13518396348124, 0.0], [-47.63409769048172, -14.13478458488608, 0.0], [-47.63411929182021, -14.13484426880038, 0.0], [-47.63521099820175, -14.13527501756491, 0.0]]]]}, "properties": {"numero_processo": "20252296", "tipo_licenca": "LICENÇA AMBIENTAL ORDINÁRIA", "feicao": "ÁREA REQUERIDA PARA CONVERSÃO - Atividade: A1.1.1", "descricao_atividade": "A1.1.1 - Conversão do uso do solo (asv) em áreas de vegetação nativa), mesmo que seja campestre, para empreendimentos lineares, de geração de energia hidráulica, abastecimento público de água ou tratamento de esgoto e similares que possuem licen", "data_criacao": "2025-04-29", "data_emissao": "2025-09-09", "data_validade": "2030-09-09"}}, {"type": "Feature", "geometry": {"type": "MultiPolygon", "coordinates": [[[[-47.7662693186928, -14.37240556929036, 0.0], [-47.76555495339807, -14.37288723515256, 0.0], [-47.76559356324604, -14.37292783413452, 0.0], [-47.76630178019075, -14.37249246521592, 0.0], [-47.76877970104906, -14.37324697143515, 0.0], [-47.76877753321195, -14.37314924043601, 0.0], [-47.76836323834184, -14.3729929529441, 0.0], [-47.7662693186928, -14.37240556929036, 0.0]]], [[[-47.76303488709249, -14.37028655935137, 0.0], [-47.76533098798375, -14.37305212307324, 0.0], [-47.76553181642548, -14.37296579217808, 0.0], [-47.7654703445478, -14.37289672987796, 0.0], [-47.76537120865109, -14.37295767227345, 0.0], [-47.76312502231553, -14.37025542248868, 0.0], [-47.76328632110237, -14.36905502543563, 0.0], [-47.76318684775381, -14.36903829438681, 0.0], [-47.76303488709249, -14.37028655935137, 0.0]]], [[[-47.76193664069798, -14.36572425984949, 0.0], [-47.76214439833743, -14.36625740257119, 0.0], [-47.76223839653085, -14.36624409790049, 0.0], [-47.76203306319674, -14.36571730954577, 0.0], [-47.76193664069798, -14.36572425984949, 0.0]]]]}, "properties": {"numero_processo": "20252575", "tipo_licenca": "LICENÇA AMBIENTAL ORDINÁRIA", "feicao": "ÁREA REQUERIDA PARA CONVERSÃO - Atividade: A1.1.1", "descricao_atividade": "A1.1.1 - Conversão do uso do solo (asv) em áreas de vegetação nativa), mesmo que seja campestre, para empreendimentos lineares, de geração de energia hidráulica, abastecimento público de água ou tratamento de esgoto e similares que possuem licen", "data_criacao": "2025-05-14", "data_emissao": "2025-09-09", "data_validade": "2030-09-09"}}, {"type": "Feature", "geometry": {"type": "MultiPolygon", "coordinates": [[[[-47.8884904439862, -14.2410361745595, 0.0], [-47.8880513734626, -14.2412757622761, 0.0], [-47.8880947972065, -14.2413818524236, 0.0], [-47.8883402828906, -14.2413871182093, 0.0], [-47.8886583441579, -14.2410885644976, 0.0], [-47.8884904439862, -14.2410361745595, 0.0]]]]}, "properties": {"numero_processo": "2024683", "tipo_licenca": "REGISTRO ELETRÔNICO", "feicao": "ÁREA REQUERIDA PARA CONVERSÃO - Atividade: A1.1.3", "descricao_atividade": "A1.1.3 - Conversão do uso do solo (asv) em áreas rurais de vegetação nativa, mesmo que seja campestre, para a implantação de empreendimentos que possuem licença de instalação ou equivalente, declaração de inexigibilidade, ou protocolo de licen", "data_criacao": "2024-02-14", "data_emissao": "2024-06-21", "data_validade": "2029-06-21"}}, {"type": "Feature", "geometry": {"type": "MultiPolygon", "coordinates": [[[[-47.65508469884943, -14.17903675645872, 0.0], [-47.65604966048352, -14.17636793663659, 0.0], [-47.6560202463884, -14.17631042183021, 0.0], [-47.65528117169777, -14.17829763801218, 0.0], [-47.65504831376658, -14.17897788523971, 0.0], [-47.65508469884943, -14.17903675645872, 0.0]]]]}, "properties": {"numero_processo": "20241075", "tipo_licenca": "REGISTRO ELETRÔNICO", "feicao": "ÁREA REQUERIDA PARA CONVERSÃO - Atividade: A1.1.1", "descricao_atividade": "Y1.7 - Registro de construção de linhas de transmissão ou distribuição de energia elétrica com capacidade de até 34,5 kv. | A1.1.1 - Conversão do uso do solo (asv) em áreas de vegetação nativa), mesmo que seja campestre, para empreendimentos l", "data_criacao": "2024-03-07", "data_emissao": "2024-05-17", "data_validade": "2029-05-17"}}, {"type": "Feature", "geometry": {"type": "MultiPolygon", "coordinates": [[[[-47.57526807890454, -14.30987091975027, 0.0], [-47.57552462309819, -14.31002700378867, 0.0], [-47.57559130585492, -14.30996110185069, 0.0], [-47.57531826515398, -14.3097949800516, 0.0], [-47.57526807890454, -14.30987091975027, 0.0]]]]}, "properties": {"numero_processo": "20241074", "tipo_licenca": "REGISTRO ELETRÔNICO", "feicao": "ÁREA REQUERIDA PARA CONVERSÃO - Atividade: A1.1.1", "descricao_atividade": "Y1.7 - Registro de construção de linhas de transmissão ou distribuição de energia elétrica com capacidade de até 34,5 kv. | A1.1.1 - Conversão do uso do solo (asv) em áreas de vegetação nativa), mesmo que seja campestre, para empreendimentos l", "data_criacao": "2024-02-29", "data_emissao": "2024-05-17", "data_validade": "2029-05-17"}}, {"type": "Feature", "geometry": {"type": "MultiPolygon", "coordinates": [[[[-47.1994635633794, -14.082226690731405, 0.0], [-47.196075237098, -14.08791910556406, 0.0], [-47.19756612307564, -14.088384351562752, 0.0], [-47.1988545217011, -14.089294730082795, 0.0], [-47.2015014285944, -14.09135743946559, 0.0], [-47.2016506149994, -14.091684518567206, 0.0], [-47.20134927113575, -14.09333208467413, 0.0], [-47.20768734903677, -14.093307614499661, 0.0], [-47.2084613350498, -14.0922573397354, 0.0], [-47.2085497978147, -14.092343709360197, 0.0], [-47.208055139524, -14.093040289964105, 0.0], [-47.2080143596007, -14.09328737156641, 0.0], [-47.2100260112357, -14.093128036249903, 0.0], [-47.2102365545703, -14.093340275376706, 0.0], [-47.2105932956848, -14.093402599627002, 0.0], [-47.21182914775461, -14.093929440181606, 0.0], [-47.2136815356387, -14.094402120904103, 0.0], [-47.21399894255761, -14.093837485185496, 0.0], [-47.2147897077719, -14.093390501020096, 0.0], [-47.2146108738339, -14.090565929562096, 0.0], [-47.213779516776, -14.0834279125098, 0.0], [-47.2024602562247, -14.083326126560404, 0.0], [-47.1994635633794, -14.082226690731405, 0.0]]], [[[-47.2085035485981, -14.099499724183705, 0.0], [-47.2120940996985, -14.099303179581504, 0.0], [-47.2150590105713, -14.098679374076006, 0.0], [-47.21492038838029, -14.095471294634, 0.0], [-47.2142737495233, -14.094901681324101, 0.0], [-47.2142269641104, -14.096479542308408, 0.0], [-47.2140132189887, -14.097083165871, 0.0], [-47.2133930829274, -14.098086988186093, 0.0], [-47.2124115066174, -14.098595206200798, 0.0], [-47.210659347036, -14.099136449212894, 0.0], [-47.2102887331769, -14.099130945046703, 0.0], [-47.2093860499161, -14.099327260308709, 0.0], [-47.20911726313211, -14.099304326282692, 0.0], [-47.2085035485981, -14.099499724183705, 0.0]]], [[[-47.2068657814639, -14.097436767470182, 0.0], [-47.204932463287165, -14.096837213436643, 0.0], [-47.20369889543569, -14.096794131220793, 0.0], [-47.203631981449675, -14.097674257000053, 0.0], [-47.206272514439824, -14.098214040531614, 0.0], [-47.206714055585735, -14.09824197812338, 0.0], [-47.2068657814639, -14.097436767470182, 0.0]]], [[[-47.20366998908244, -14.096798126920879, 0.0], [-47.202776762159715, -14.09659521289088, 0.0], [-47.20237531874074, -14.09664792291296, 0.0], [-47.202246346585774, -14.096866581908953, 0.0], [-47.20185684239806, -14.096797649068353, 0.0], [-47.201939675996286, -14.097462124768242, 0.0], [-47.20350616940988, -14.09771005542034, 0.0], [-47.20366998908244, -14.096798126920879, 0.0]]], [[[-47.214307570041576, -14.094667244378916, 0.0], [-47.2143724646282, -14.094721583624803, 0.0], [-47.214900415206, -14.095156691204492, 0.0], [-47.21484934929111, -14.094181032231894, 0.0], [-47.21447427134912, -14.09436162531508, 0.0], [-47.214307570041576, -14.094667244378916, 0.0]]], [[[-47.2071187961177, -14.099152812757193, 0.0], [-47.2071365650041, -14.099549514436296, 0.0], [-47.2073586820235, -14.099305014303605, 0.0], [-47.2077898417111, -14.099036686200106, 0.0], [-47.2090191055012, -14.098675704631903, 0.0], [-47.2098772967517, -14.098587637972292, 0.0], [-47.2102222245017, -14.098477554647806, 0.0], [-47.21048642448051, -14.098495901868603, 0.0], [-47.2121615257348, -14.097971171355203, 0.0], [-47.2129421426425, -14.097576419433805, 0.0], [-47.21335862455349, -14.096821431299997, 0.0], [-47.2135145759298, -14.096300370230695, 0.0], [-47.2136063120336, -14.0945573842597, 0.0], [-47.2125680184222, -14.0943741444958, 0.0], [-47.2098178613295, -14.093368609351296, 0.0], [-47.2083582784059, -14.093492482542201, 0.0], [-47.208193126693075, -14.094095608510495, 0.0], [-47.20811061566504, -14.094979643649303, 0.0], [-47.20737033293701, -14.096561780996382, 0.0], [-47.20717219739685, -14.097573260525653, 0.0], [-47.20713525961049, -14.09813450029496, 0.0], [-47.20786457578716, -14.098394189181512, 0.0], [-47.20759965420282, -14.099013519143966, 0.0], [-47.2071187961177, -14.099152812757193, 0.0]]]]}, "properties": {"numero_processo": "20232529", "tipo_licenca": "LICENÇA AMBIENTAL ORDINÁRIA", "feicao": "ÁREA REQUERIDA PARA CONVERSÃO - Atividade: A1.1", "descricao_atividade": "Y1.2 - Pecuária extensiva e semiextensiva | A1.1 - Conversão do uso do solo em imóvel rural (supressão de vegetação nativa para empreendimentos agrossilvipastoris)", "data_criacao": "2023-08-27", "data_emissao": "2024-02-09", "data_validade": "2029-02-09"}}, {"type": "Feature", "geometry": {"type": "MultiPolygon", "coordinates": [[[[-47.67631010758, -14.3139390826932, 0.0], [-47.6762217439239, -14.3139148060416, 0.0], [-47.6762195442562, -14.3141456348588, 0.0], [-47.6762811090759, -14.3141222303234, 0.0], [-47.67631010758, -14.3139390826932, 0.0]]]]}, "properties": {"numero_processo": "20244032", "tipo_licenca": "LICENÇA AMBIENTAL ORDINÁRIA", "feicao": "ÁREA REQUERIDA PARA CONVERSÃO - Atividade: A1.1.1", "descricao_atividade": "A1.1.1 - Conversão do uso do solo (asv) em áreas de vegetação nativa), mesmo que seja campestre, para empreendimentos lineares, de geração de energia hidráulica, abastecimento público de água ou tratamento de esgoto e similares que possuem licen", "data_criacao": "2025-04-04", "data_emissao": "2025-07-22", "data_validade": "2030-07-22"}}, {"type": "Feature", "geometry": {"type": "MultiPolygon", "coordinates": [[[[-47.55169853714323, -14.26750343993917, 0.0], [-47.55212722987837, -14.26752910010511, 0.0], [-47.55227284970427, -14.26741531135826, 0.0], [-47.55169853714323, -14.26750343993917, 0.0]]], [[[-47.56542984585715, -14.26536973352679, 0.0], [-47.56637970487559, -14.26624353268408, 0.0], [-47.56850423274378, -14.26554135079407, 0.0], [-47.56850593819896, -14.26544533693016, 0.0], [-47.56639087378306, -14.26614678438177, 0.0], [-47.56549209106097, -14.2653027878187, 0.0], [-47.56542984585715, -14.26536973352679, 0.0]]], [[[-47.5637549395285, -14.26380569114434, 0.0], [-47.56538490970052, -14.26532753638281, 0.0], [-47.56545188651075, -14.26526503404303, 0.0], [-47.56381410001954, -14.26373584829391, 0.0], [-47.5637549395285, -14.26380569114434, 0.0]]], [[[-47.57132877284661, -14.26428727154332, 0.0], [-47.57138227377937, -14.26438653331116, 0.0], [-47.57195698916843, -14.26321558700231, 0.0], [-47.57188507253701, -14.26315295360037, 0.0], [-47.57132877284661, -14.26428727154332, 0.0]]], [[[-47.56214790944622, -14.26222364393929, 0.0], [-47.561463746866, -14.26283486229269, 0.0], [-47.56217177443266, -14.26231896771032, 0.0], [-47.56328660061791, -14.26336588563023, 0.0], [-47.56340362368277, -14.26335038129669, 0.0], [-47.56214790944622, -14.26222364393929, 0.0]]], [[[-47.57230011044008, -14.26225517193969, 0.0], [-47.57236306950242, -14.26234232014717, 0.0], [-47.57281351608134, -14.26132879680937, 0.0], [-47.57272590840864, -14.26129879213096, 0.0], [-47.57230011044008, -14.26225517193969, 0.0]]], [[[-47.57287419519572, -14.26096494744553, 0.0], [-47.57295920975914, -14.26100078787447, 0.0], [-47.57326459510518, -14.26083420214267, 0.0], [-47.57332402769125, -14.26071440992796, 0.0], [-47.57292752040819, -14.26086677844038, 0.0], [-47.57287419519572, -14.26096494744553, 0.0]]], [[[-47.5781210901296, -14.25883453023626, 0.0], [-47.57398686209689, -14.26045419522084, 0.0], [-47.5741776804929, -14.26047507264794, 0.0], [-47.57825651440434, -14.25887887797501, 0.0], [-47.5781210901296, -14.25883453023626, 0.0]]], [[[-47.57858682956929, -14.25865233921019, 0.0], [-47.57819532632567, -14.25880548966416, 0.0], [-47.57834652620846, -14.2588436656138, 0.0], [-47.57859246647571, -14.25874745553145, 0.0], [-47.57951350139134, -14.25964676179234, 0.0], [-47.57960764442095, -14.25961092064786, 0.0], [-47.57858682956929, -14.25865233921019, 0.0]]]]}, "properties": {"numero_processo": "20241069", "tipo_licenca": "REGISTRO ELETRÔNICO", "feicao": "ÁREA REQUERIDA PARA CONVERSÃO - Atividade: A1.1.1", "descricao_atividade": "Y1.7 - Registro de construção de linhas de transmissão ou distribuição de energia elétrica com capacidade de até 34,5 kv. | A1.1.1 - Conversão do uso do solo (asv) em áreas de vegetação nativa), mesmo que seja campestre, para empreendimentos l", "data_criacao": "2024-02-22", "data_emissao": "2024-10-29", "data_validade": "2029-10-29"}}, {"type": "Feature", "geometry": {"type": "MultiPolygon", "coordinates": [[[[-47.8895885955637, -14.240919938882, 0.0], [-47.8893673851882, -14.2409958585541, 0.0], [-47.889223379556, -14.2412112733616, 0.0], [-47.8890828290591, -14.2411342352232, 0.0], [-47.888995793605, -14.2412365606895, 0.0], [-47.8893139458464, -14.2413494306614, 0.0], [-47.8895885955637, -14.240919938882, 0.0]]]]}, "properties": {"numero_processo": "2024685", "tipo_licenca": "REGISTRO ELETRÔNICO", "feicao": "ÁREA REQUERIDA PARA CONVERSÃO - Atividade: A1.1.3", "descricao_atividade": "A1.1.3 - Conversão do uso do solo (asv) em áreas rurais de vegetação nativa, mesmo que seja campestre, para a implantação de empreendimentos que possuem licença de instalação ou equivalente, declaração de inexigibilidade, ou protocolo de licen", "data_criacao": "2024-02-14", "data_emissao": "2024-04-15", "data_validade": "2029-04-15"}}, {"type": "Feature", "geometry": {"type": "MultiPolygon", "coordinates": [[[[-47.43939105127112, -14.10121030571614, 0.0], [-47.43945672318788, -14.10113037165001, 0.0], [-47.43897674215934, -14.10111839793074, 0.0], [-47.43896342980076, -14.10120868925896, 0.0], [-47.43939105127112, -14.10121030571614, 0.0]]]]}, "properties": {"numero_processo": "2025167", "tipo_licenca": "LICENÇA AMBIENTAL ORDINÁRIA", "feicao": "ÁREA REQUERIDA PARA CONVERSÃO - Atividade: A1.1.1", "descricao_atividade": "A1.1.1 - Conversão do uso do solo (asv) em áreas de vegetação nativa), mesmo que seja campestre, para empreendimentos lineares, de geração de energia hidráulica, abastecimento público de água ou tratamento de esgoto e similares que possuem licen", "data_criacao": "2024-12-11", "data_emissao": "2025-10-28", "data_validade": "2030-10-28"}}, {"type": "Feature", "geometry": {"type": "MultiPolygon", "coordinates": [[[[-47.51612495162407, -14.00114383545141, 0.0], [-47.51635436172766, -14.00089922859812, 0.0], [-47.51652416591494, -14.00071817570011, 0.0], [-47.51642657470475, -14.0006884721706, 0.0], [-47.51603667246047, -14.00110420272415, 0.0], [-47.51612495162407, -14.00114383545141, 0.0]]], [[[-47.89143820811817, -14.24007814618748, 0.0], [-47.89153689429772, -14.24003387530104, 0.0], [-47.89148832953322, -14.23995669300524, 0.0], [-47.89139464708175, -14.2400162346579, 0.0], [-47.89143820811817, -14.24007814618748, 0.0]]], [[[-47.89158251941774, -14.24000756180367, 0.0], [-47.89159058271894, -14.23995967009529, 0.0], [-47.89154832535952, -14.23993233291741, 0.0], [-47.89158251941774, -14.24000756180367, 0.0]]], [[[-47.45227190415689, -14.06322986247821, 0.0], [-47.45231659596466, -14.06317328111662, 0.0], [-47.45213258707813, -14.06260965676157, 0.0], [-47.45216871176549, -14.06297777021104, 0.0], [-47.45227190415689, -14.06322986247821, 0.0]]], [[[-47.88643156354778, -14.21459943923906, 0.0], [-47.88653632139599, -14.21446156012192, 0.0], [-47.88651495864472, -14.21443723428908, 0.0], [-47.88644907303102, -14.21446242714428, 0.0], [-47.88641710801759, -14.21467221762552, 0.0], [-47.88642460844351, -14.21470392198921, 0.0], [-47.88643156354778, -14.21459943923906, 0.0]]], [[[-47.88687730773153, -14.21504241765243, 0.0], [-47.88698750273273, -14.21500962521754, 0.0], [-47.88651264101295, -14.21465883565783, 0.0], [-47.8865090046669, -14.21452490307026, 0.0], [-47.8864482478569, -14.21472453041935, 0.0], [-47.88687730773153, -14.21504241765243, 0.0]]], [[[-47.88694311261674, -14.21506831981332, 0.0], [-47.887940376507885, -14.2159586195176, 0.0], [-47.88857434477947, -14.21559007473127, 0.0], [-47.88858505822373, -14.21550086888304, 0.0], [-47.88847644504449, -14.2153927156403, 0.0], [-47.88848619289411, -14.21555104839311, 0.0], [-47.88795955985763, -14.21585871917296, 0.0], [-47.88727225898987, -14.21521527853006, 0.0], [-47.88702625549774, -14.21503760379643, 0.0], [-47.88694311261674, -14.21506831981332, 0.0]]], [[[-47.6283292622313, -14.16674157722795, 0.0], [-47.6286019204432, -14.16765138388847, 0.0], [-47.62835380428119, -14.16672892895095, 0.0], [-47.6283292622313, -14.16674157722795, 0.0]]], [[[-47.62862417352471, -14.16756281181252, 0.0], [-47.62840666783826, -14.16676182558408, 0.0], [-47.62837336454125, -14.1667297848286, 0.0], [-47.62861877892776, -14.16758440356519, 0.0], [-47.62896260732334, -14.16769406237816, 0.0], [-47.62862417352471, -14.16756281181252, 0.0]]], [[[-47.62852796392862, -14.16752612471838, 0.0], [-47.62831639142011, -14.16676616807383, 0.0], [-47.62852106272756, -14.16753577942956, 0.0], [-47.62852796392862, -14.16752612471838, 0.0]]], [[[-47.62899289517088, -14.16780301064002, 0.0], [-47.62905583157178, -14.16776599195377, 0.0], [-47.62862309405502, -14.16761877373388, 0.0], [-47.62863407184444, -14.16766385279085, 0.0], [-47.62899289517088, -14.16780301064002, 0.0]]]]}, "properties": {"numero_processo": "20254008", "tipo_licenca": "Licença Ambiental por Adesão e Compromisso", "feicao": "ÁREA REQUERIDA PARA CONVERSÃO - Atividade: A1.1.4", "descricao_atividade": "A1.1.4 - Conversão do uso do solo (asv) em áreas de vegetação nativa, mesmo que seja campestre, para empreendimentos lineares, de distribuição de energia até 34,5 kv. | Y1.13 - Registro de corte de árvores isoladas para implantação de empreendi", "data_criacao": "2025-09-09", "data_emissao": "2025-10-28", "data_validade": "2030-10-28"}}, {"type": "Feature", "geometry": {"type": "MultiPolygon", "coordinates": [[[[-47.265803311278, -14.1026572468404, 0.0], [-47.2661647092246, -14.1020100455791, 0.0], [-47.265937734615, -14.1021664573784, 0.0], [-47.265803311278, -14.1026572468404, 0.0]]]]}, "properties": {"numero_processo": "20221446", "tipo_licenca": "LICENÇA AMBIENTAL ORDINÁRIA", "feicao": "ÁREA REQUERIDA (CONVERSÃO/CAI)", "descricao_atividade": "A1.1 - CONVERSÃO DO USO DO SOLO (ASV), EM ÁREAS DE VEGETAÇÃO NATIVA MESMO QUE CAMPESTRE, PARA EMPREENDIMENTOS LINEARES, DE GERAÇÃO DE ENERGIA ELÉTRICA, ABASTECIMENTO PÚBLICO DE ÁGUA OU TRATAMENTO DE ESGOTO, QUE POSSUEM LICENÇA DE INSTALAÇÃO O", "data_criacao": "2022-06-24", "data_emissao": "2022-11-09", "data_validade": "2027-11-09"}}, {"type": "Feature", "geometry": {"type": "MultiPolygon", "coordinates": [[[[-47.59908756816478, -14.3629049188906, 0.0], [-47.59922964333243, -14.36288147187502, 0.0], [-47.59919187101131, -14.36262311317258, 0.0], [-47.59865912582477, -14.36272554723707, 0.0], [-47.5987108555907, -14.36314636213955, 0.0], [-47.59901955910826, -14.36311779007216, 0.0], [-47.59889081548411, -14.36279775906436, 0.0], [-47.59906773135461, -14.36277904676381, 0.0], [-47.59908756816478, -14.3629049188906, 0.0]]]]}, "properties": {"numero_processo": "20222652", "tipo_licenca": "REGISTRO ELETRÔNICO", "feicao": "ÁREA REQUERIDA PARA CONVERSÃO - Atividade: A1.1", "descricao_atividade": "A1.1 - Conversão do uso do solo (asv), em áreas rurais de vegetação nativa mesmo que campestre, para empreendimentos que possuem licença de instalação ou equivalente, declaração de inexigibilidade, ou protocolo de licença semad, exceto empreend", "data_criacao": "2022-12-16", "data_emissao": "2023-03-22", "data_validade": "2028-03-22"}}, {"type": "Feature", "geometry": {"type": "MultiPolygon", "coordinates": [[[[-47.88461518937624, -14.24221936275759, 0.0], [-47.88552493757342, -14.24154745128506, 0.0], [-47.88550571250559, -14.24134612087952, 0.0], [-47.88543020120422, -14.24136318213301, 0.0], [-47.88544379232097, -14.24149167506774, 0.0], [-47.88459215272568, -14.24214083896795, 0.0], [-47.88461518937624, -14.24221936275759, 0.0]]]]}, "properties": {"numero_processo": "20251311", "tipo_licenca": "LICENÇA AMBIENTAL ORDINÁRIA", "feicao": "ÁREA REQUERIDA PARA CONVERSÃO - Atividade: A1.1.1", "descricao_atividade": "A1.1.1 - Conversão do uso do solo (asv) em áreas de vegetação nativa), mesmo que seja campestre, para empreendimentos lineares, de geração de energia hidráulica, abastecimento público de água ou tratamento de esgoto e similares que possuem licen", "data_criacao": "2025-02-26", "data_emissao": "2025-09-08", "data_validade": "2030-09-08"}}, {"type": "Feature", "geometry": {"type": "MultiPolygon", "coordinates": [[[[-47.49299210984869, -14.13471447472339, 0.0], [-47.49306074614267, -14.13465376653301, 0.0], [-47.49281676142728, -14.13446305467808, 0.0], [-47.49280458318276, -14.13452581802686, 0.0], [-47.49299210984869, -14.13471447472339, 0.0]]], [[[-47.49301171809081, -14.13473329358898, 0.0], [-47.4930681975334, -14.13473243769013, 0.0], [-47.493080109875, -14.13467590550294, 0.0], [-47.49301171809081, -14.13473329358898, 0.0]]]]}, "properties": {"numero_processo": "20251309", "tipo_licenca": "LICENÇA AMBIENTAL ORDINÁRIA", "feicao": "ÁREA REQUERIDA PARA CONVERSÃO - Atividade: A1.1.1", "descricao_atividade": "A1.1.1 - Conversão do uso do solo (asv) em áreas de vegetação nativa), mesmo que seja campestre, para empreendimentos lineares, de geração de energia hidráulica, abastecimento público de água ou tratamento de esgoto e similares que possuem licen", "data_criacao": "2025-02-26", "data_emissao": "2025-09-08", "data_validade": "2030-09-08"}}, {"type": "Feature", "geometry": {"type": "MultiPolygon", "coordinates": [[[[-47.66063625006637, -14.16255512115845, 0.0], [-47.66068433859206, -14.16262214810668, 0.0], [-47.66085813927457, -14.16265173266072, 0.0], [-47.6608412561753, -14.16255716850719, 0.0], [-47.66063625006637, -14.16255512115845, 0.0]]], [[[-47.66086949597178, -14.16256197539377, 0.0], [-47.66174722615247, -14.16360409856644, 0.0], [-47.66180741546292, -14.1635826941636, 0.0], [-47.66096376863269, -14.16258852578387, 0.0], [-47.66086949597178, -14.16256197539377, 0.0]]]]}, "properties": {"numero_processo": "20251096", "tipo_licenca": "LICENÇA AMBIENTAL ORDINÁRIA", "feicao": "ÁREA REQUERIDA PARA CONVERSÃO - Atividade: A1.1.1", "descricao_atividade": "A1.1.1 - Conversão do uso do solo (asv) em áreas de vegetação nativa), mesmo que seja campestre, para empreendimentos lineares, de geração de energia hidráulica, abastecimento público de água ou tratamento de esgoto e similares que possuem licen", "data_criacao": "2025-02-26", "data_emissao": "2025-09-08", "data_validade": "2030-09-08"}}, {"type": "Feature", "geometry": {"type": "MultiPolygon", "coordinates": [[[[-47.46911085970695, -14.06238749791848, 0.0], [-47.46931806664017, -14.06236491388825, 0.0], [-47.46934961428038, -14.06230894740845, 0.0], [-47.46930921888682, -14.06227660839101, 0.0], [-47.46925742073385, -14.06234424056751, 0.0], [-47.46911085970695, -14.06238749791848, 0.0]]], [[[-47.46927578298488, -14.06227920422849, 0.0], [-47.468556780378, -14.06236963818232, 0.0], [-47.46865859184896, -14.06243528458139, 0.0], [-47.4690828786504, -14.0623904544242, 0.0], [-47.46927578298488, -14.06227920422849, 0.0]]], [[[-47.46854585443669, -14.06234237717059, 0.0], [-47.46860507385482, -14.06229714883989, 0.0], [-47.468561995645445, -14.06230588581092, 0.0], [-47.46854585443669, -14.06234237717059, 0.0]]]]}, "properties": {"numero_processo": "20251130", "tipo_licenca": "LICENÇA AMBIENTAL ORDINÁRIA", "feicao": "ÁREA REQUERIDA PARA CONVERSÃO - Atividade: A1.1.1", "descricao_atividade": "A1.1.1 - Conversão do uso do solo (asv) em áreas de vegetação nativa), mesmo que seja campestre, para empreendimentos lineares, de geração de energia hidráulica, abastecimento público de água ou tratamento de esgoto e similares que possuem licen", "data_criacao": "2025-02-27", "data_emissao": "2025-09-08", "data_validade": "2030-09-08"}}, {"type": "Feature", "geometry": {"type": "MultiPolygon", "coordinates": [[[[-47.60380271957188, -14.36134032128293, 0.0], [-47.60385580013785, -14.3612875168141, 0.0], [-47.60370006206733, -14.36046868181907, 0.0], [-47.60361179984207, -14.36050012494475, 0.0], [-47.60380271957188, -14.36134032128293, 0.0]]], [[[-47.60352821577298, -14.36005959554581, 0.0], [-47.60355272857228, -14.36018879034879, 0.0], [-47.60355401942272, -14.36000640994548, 0.0], [-47.60352821577298, -14.36005959554581, 0.0]]]]}, "properties": {"numero_processo": "20251940", "tipo_licenca": "LICENÇA AMBIENTAL ORDINÁRIA", "feicao": "ÁREA REQUERIDA PARA CONVERSÃO - Atividade: A1.1.1", "descricao_atividade": "A1.1.1 - Conversão do uso do solo (asv) em áreas de vegetação nativa), mesmo que seja campestre, para empreendimentos lineares, de geração de energia hidráulica, abastecimento público de água ou tratamento de esgoto e similares que possuem licen", "data_criacao": "2025-04-24", "data_emissao": "2025-09-08", "data_validade": "2030-09-08"}}, {"type": "Feature", "geometry": {"type": "MultiPolygon", "coordinates": [[[[-47.195040510858156, -13.861522723166315, 0.0], [-47.19537079992445, -13.86138245586837, 0.0], [-47.195017784262845, -13.86024415110037, 0.0], [-47.19499530067154, -13.85982280194542, 0.0], [-47.19490140022148, -13.85979854086733, 0.0], [-47.19492643107152, -13.86026012392764, 0.0], [-47.19526745684217, -13.86135964103945, 0.0], [-47.19503878079162, -13.861430273936913, 0.0], [-47.195040510858156, -13.861522723166315, 0.0]]]]}, "properties": {"numero_processo": "20251753", "tipo_licenca": "LICENÇA AMBIENTAL ORDINÁRIA", "feicao": "ÁREA REQUERIDA PARA CONVERSÃO - Atividade: A1.1.1", "descricao_atividade": "A1.1.1 - Conversão do uso do solo (asv) em áreas de vegetação nativa), mesmo que seja campestre, para empreendimentos lineares, de geração de energia hidráulica, abastecimento público de água ou tratamento de esgoto e similares que possuem licen", "data_criacao": "2025-04-15", "data_emissao": "2025-09-09", "data_validade": "2030-09-09"}}, {"type": "Feature", "geometry": {"type": "MultiPolygon", "coordinates": [[[[-47.86739337674641, -14.21862153345067, 0.0], [-47.86747013054325, -14.21867860481871, 0.0], [-47.86749558043013, -14.21857279167168, 0.0], [-47.86743700761459, -14.21855096182237, 0.0], [-47.86739337674641, -14.21862153345067, 0.0]]], [[[-47.86728359361631, -14.2189018436149, 0.0], [-47.8673561245523, -14.21896969749298, 0.0], [-47.8674523026352, -14.21872412503946, 0.0], [-47.86737145811021, -14.21867749852764, 0.0], [-47.86728359361631, -14.2189018436149, 0.0]]], [[[-47.86719804729281, -14.21999026402435, 0.0], [-47.8669895732104, -14.22016060418545, 0.0], [-47.86707095018195, -14.22020440329674, 0.0], [-47.86733024297046, -14.21982029575489, 0.0], [-47.86735180874149, -14.21898071708577, 0.0], [-47.86730039298153, -14.21894816365841, 0.0], [-47.86728399102427, -14.21983738768628, 0.0], [-47.86719804729281, -14.21999026402435, 0.0]]], [[[-47.86708325817257, -14.22002483597168, 0.0], [-47.86725123432861, -14.21982798438266, 0.0], [-47.86724920922765, -14.21898963744295, 0.0], [-47.86723773329663, -14.21980097031262, 0.0], [-47.86708325817257, -14.22002483597168, 0.0]]], [[[-47.86705279252031, -14.220230717371, 0.0], [-47.86696864718223, -14.22019093015524, 0.0], [-47.86683333406344, -14.22038702553043, 0.0], [-47.86658330587722, -14.22037384589627, 0.0], [-47.86654496060746, -14.22043450882118, 0.0], [-47.86687761144838, -14.22047400401759, 0.0], [-47.86705279252031, -14.220230717371, 0.0]]]]}, "properties": {"numero_processo": "20251109", "tipo_licenca": "LICENÇA AMBIENTAL ORDINÁRIA", "feicao": "ÁREA REQUERIDA PARA CONVERSÃO - Atividade: A1.1.1", "descricao_atividade": "A1.1.1 - Conversão do uso do solo (asv) em áreas de vegetação nativa), mesmo que seja campestre, para empreendimentos lineares, de geração de energia hidráulica, abastecimento público de água ou tratamento de esgoto e similares que possuem licen", "data_criacao": "2025-02-26", "data_emissao": "2025-08-18", "data_validade": "2030-08-18"}}, {"type": "Feature", "geometry": {"type": "MultiPolygon", "coordinates": [[[[-47.58624848009743, -14.1898434592945, 0.0], [-47.58629114555088, -14.18976948305375, 0.0], [-47.5860482171965, -14.18961297325583, 0.0], [-47.58604323342325, -14.18967666227396, 0.0], [-47.58624848009743, -14.1898434592945, 0.0]]]]}, "properties": {"numero_processo": "20251853", "tipo_licenca": "LICENÇA AMBIENTAL ORDINÁRIA", "feicao": "ÁREA REQUERIDA PARA CONVERSÃO - Atividade: A1.1.1", "descricao_atividade": "A1.1.1 - Conversão do uso do solo (asv) em áreas de vegetação nativa), mesmo que seja campestre, para empreendimentos lineares, de geração de energia hidráulica, abastecimento público de água ou tratamento de esgoto e similares que possuem licen", "data_criacao": "2025-04-14", "data_emissao": "2025-09-08", "data_validade": "2030-09-08"}}, {"type": "Feature", "geometry": {"type": "MultiPolygon", "coordinates": [[[[-47.81543821360857, -14.19417231043652, 0.0], [-47.81583180992678, -14.19397415047114, 0.0], [-47.81578594108047, -14.19389564412396, 0.0], [-47.81534044867066, -14.19412469133004, 0.0], [-47.81543821360857, -14.19417231043652, 0.0]]], [[[-47.81583476922167, -14.19387053908791, 0.0], [-47.81588329949283, -14.19394767734453, 0.0], [-47.8158973020326, -14.19394047741317, 0.0], [-47.81583908195169, -14.19386832242484, 0.0], [-47.81583476922167, -14.19387053908791, 0.0]]]]}, "properties": {"numero_processo": "20253314", "tipo_licenca": "LICENÇA AMBIENTAL ORDINÁRIA", "feicao": "ÁREA REQUERIDA PARA CONVERSÃO - Atividade: A1.1.1", "descricao_atividade": "A1.1.1 - Conversão do uso do solo (asv) em áreas de vegetação nativa), mesmo que seja campestre, para empreendimentos lineares, de geração de energia hidráulica, abastecimento público de água ou tratamento de esgoto e similares que possuem licen", "data_criacao": "2025-06-17", "data_emissao": "2025-08-18", "data_validade": "2030-08-18"}}, {"type": "Feature", "geometry": {"type": "MultiPolygon", "coordinates": [[[[-47.8941467978866, -14.2265509293453, 0.0], [-47.89423757593914, -14.22660245275502, 0.0], [-47.89422413562949, -14.2254218253047, 0.0], [-47.89417843520926, -14.22546584472806, 0.0], [-47.8941467978866, -14.2265509293453, 0.0]]]]}, "properties": {"numero_processo": "20252774", "tipo_licenca": "LICENÇA AMBIENTAL ORDINÁRIA", "feicao": "ÁREA REQUERIDA PARA CONVERSÃO - Atividade: A1.1.1", "descricao_atividade": "A1.1.1 - Conversão do uso do solo (asv) em áreas de vegetação nativa), mesmo que seja campestre, para empreendimentos lineares, de geração de energia hidráulica, abastecimento público de água ou tratamento de esgoto e similares que possuem licen", "data_criacao": "2025-06-02", "data_emissao": "2025-10-20", "data_validade": "2030-10-20"}}, {"type": "Feature", "geometry": {"type": "MultiPolygon", "coordinates": [[[[-47.61920064044082, -14.15974070400141, 0.0], [-47.61929314250634, -14.15978976753908, 0.0], [-47.61935050623831, -14.15978846542165, 0.0], [-47.61920064044082, -14.15974070400141, 0.0]]], [[[-47.61888457020154, -14.15973499919275, 0.0], [-47.6195742996808, -14.15995426235264, 0.0], [-47.61962667763854, -14.15992088244022, 0.0], [-47.61904238224153, -14.15971028540118, 0.0], [-47.61888457020154, -14.15973499919275, 0.0]]], [[[-47.61878842168234, -14.15970435667451, 0.0], [-47.61885693061021, -14.15972619021836, 0.0], [-47.61890077751387, -14.15969959381408, 0.0], [-47.61878842168234, -14.15970435667451, 0.0]]], [[[-47.61834597392379, -14.1595633493079, 0.0], [-47.61871809249013, -14.15968194315642, 0.0], [-47.61898948275325, -14.15967340871349, 0.0], [-47.6183673954384, -14.15947554280286, 0.0], [-47.61834597392379, -14.1595633493079, 0.0]]]]}, "properties": {"numero_processo": "20244741", "tipo_licenca": "LICENÇA AMBIENTAL ORDINÁRIA", "feicao": "ÁREA REQUERIDA PARA CONVERSÃO - Atividade: A1.1.1", "descricao_atividade": "A1.1.1 - Conversão do uso do solo (asv) em áreas de vegetação nativa), mesmo que seja campestre, para empreendimentos lineares, de geração de energia hidráulica, abastecimento público de água ou tratamento de esgoto e similares que possuem licen", "data_criacao": "2024-11-07", "data_emissao": "2025-06-23", "data_validade": "2030-06-23"}}]}